crash_date,traffic_control_device,weather_condition,lighting_condition,first_crash_type,trafficway_type,alignment,roadway_surface_cond,road_defect,crash_type,intersection_related_i,damage,prim_contributory_cause,num_units,most_severe_injury,injuries_total,injuries_fatal,injuries_incapacitating,injuries_non_incapacitating,injuries_reported_not_evident,injuries_no_indication,crash_hour,crash_day_of_week,crash_month,parsed_datetime,date,time
03/17/2024 11:46:00 PM,7.0,3,6,5,5,3,3,1,3,1,4,UNABLE TO DETERMINE,2,4,2.0,0.0,0.0,2.0,0.0,1.0,23,1,3,03/17/2024,2024-03-17,23:46:00
05/02/2024 03:10:00 PM,7.0,5,2,6,5,3,4,3,2,1,4,UNABLE TO DETERMINE,2,2,0.0,0.0,0.0,0.0,0.0,3.0,15,5,5,05/02/2024,2024-05-02,15:10:00
07/16/2024 12:01:00 AM,3.0,5,6,6,6,3,4,3,3,0,4,NOT APPLICABLE,2,2,0.0,0.0,0.0,0.0,0.0,2.0,0,3,7,07/16/2024,2024-07-16,00:01:00
06/12/2024 06:00:00 PM,3.0,3,2,4,6,3,3,3,2,0,3,UNABLE TO DETERMINE,2,2,0.0,0.0,0.0,0.0,0.0,2.0,18,4,6,06/12/2024,2024-06-12,18:00:00
05/25/2024 01:59:00 AM,3.0,3,5,6,5,3,3,1,3,1,4,UNABLE TO DETERMINE,2,2,0.0,0.0,0.0,0.0,0.0,3.0,1,7,5,05/25/2024,2024-05-25,01:59:00
04/19/2024 06:16:00 PM,1.0,3,2,4,5,3,3,3,2,1,4,NOT APPLICABLE,2,2,0.0,0.0,0.0,0.0,0.0,2.0,18,6,4,04/19/2024,2024-04-19,18:16:00
03/25/2024 12:48:00 AM,5.0,3,4,6,5,3,3,3,3,1,4,IMPROPER TURNING/NO SIGNAL,2,2,0.0,0.0,0.0,0.0,0.0,4.0,0,2,3,03/25/2024,2024-03-25,00:48:00
03/24/2024 11:45:00 AM,1.0,3,2,3,5,3,3,3,2,1,2,IMPROPER LANE USAGE,2,2,0.0,0.0,0.0,0.0,0.0,3.0,11,1,3,03/24/2024,2024-03-24,11:45:00
01/17/2024 04:30:00 PM,7.0,3,2,6,5,3,3,3,2,1,4,UNABLE TO DETERMINE,2,2,0.0,0.0,0.0,0.0,0.0,3.0,16,4,1,01/17/2024,2024-01-17,16:30:00
06/01/2024 09:32:00 PM,5.0,5,6,6,6,3,4,1,2,1,4,NOT APPLICABLE,2,2,0.0,0.0,0.0,0.0,0.0,4.0,21,7,6,06/01/2024,2024-06-01,21:32:00
08/23/2024 10:26:00 AM,5.0,3,2,5,5,3,3,3,2,1,4,NOT APPLICABLE,2,2,0.0,0.0,0.0,0.0,0.0,2.0,10,6,8,08/23/2024,2024-08-23,10:26:00
05/19/2024 11:51:00 AM,5.0,3,2,14,5,3,3,3,2,1,2,FAILING TO YIELD RIGHT-OF-WAY,2,2,0.0,0.0,0.0,0.0,0.0,2.0,11,1,5,05/19/2024,2024-05-19,11:51:00
01/15/2024 05:15:00 PM,5.0,3,5,6,5,3,5,3,3,1,4,DRIVING SKILLS/KNOWLEDGE/EXPERIENCE,2,3,1.0,0.0,0.0,0.0,1.0,1.0,17,2,1,01/15/2024,2024-01-15,17:15:00
01/10/2024 09:00:00 AM,5.0,3,2,6,5,3,4,3,2,1,4,IMPROPER OVERTAKING/PASSING,2,2,0.0,0.0,0.0,0.0,0.0,2.0,9,4,1,01/10/2024,2024-01-10,09:00:00
02/28/2024 05:07:00 PM,3.0,3,2,5,5,3,3,3,2,1,4,"VISION OBSCURED (SIGNS, TREE LIMBS, BUILDINGS, ETC.)",2,2,0.0,0.0,0.0,0.0,0.0,2.0,17,4,2,02/28/2024,2024-02-28,17:07:00
05/03/2024 11:30:00 PM,5.0,3,5,5,5,3,3,3,3,1,4,DRIVING ON WRONG SIDE/WRONG WAY,2,4,2.0,0.0,0.0,2.0,0.0,3.0,23,6,5,05/03/2024,2024-05-03,23:30:00
01/21/2024 04:45:00 PM,5.0,3,2,4,4,3,1,1,2,1,4,UNABLE TO DETERMINE,2,2,0.0,0.0,0.0,0.0,0.0,2.0,16,1,1,01/21/2024,2024-01-21,16:45:00
02/23/2024 06:04:00 PM,7.0,3,6,5,5,3,3,3,3,1,4,FAILING TO REDUCE SPEED TO AVOID CRASH,2,2,0.0,0.0,0.0,0.0,0.0,2.0,18,6,2,02/23/2024,2024-02-23,18:04:00
07/26/2024 01:36:00 PM,1.0,3,2,5,6,3,3,1,3,1,4,NOT APPLICABLE,2,3,1.0,0.0,0.0,0.0,1.0,1.0,13,6,7,07/26/2024,2024-07-26,13:36:00
04/16/2024 03:20:00 PM,7.0,3,2,6,5,3,3,1,3,1,4,FAILING TO YIELD RIGHT-OF-WAY,2,4,1.0,0.0,0.0,1.0,0.0,2.0,15,3,4,04/16/2024,2024-04-16,15:20:00
03/06/2024 07:56:00 PM,5.0,3,5,5,5,3,3,3,3,1,4,DISREGARDING TRAFFIC SIGNALS,2,2,0.0,0.0,0.0,0.0,0.0,3.0,19,4,3,03/06/2024,2024-03-06,19:56:00
02/02/2024 02:48:00 PM,5.0,3,2,6,5,3,3,3,2,1,2,IMPROPER LANE USAGE,2,2,0.0,0.0,0.0,0.0,0.0,3.0,14,6,2,02/02/2024,2024-02-02,14:48:00
04/11/2024 04:05:00 AM,3.0,5,5,13,4,3,4,3,3,0,3,WEATHER,2,5,1.0,0.0,1.0,0.0,0.0,2.0,4,5,4,04/11/2024,2024-04-11,04:05:00
03/30/2024 03:45:00 PM,3.0,3,2,6,5,3,3,1,2,1,4,FAILING TO YIELD RIGHT-OF-WAY,2,2,0.0,0.0,0.0,0.0,0.0,2.0,15,7,3,03/30/2024,2024-03-30,15:45:00
05/28/2024 03:30:00 PM,7.0,5,2,5,6,3,4,3,2,1,4,FAILING TO YIELD RIGHT-OF-WAY,2,2,0.0,0.0,0.0,0.0,0.0,3.0,15,3,5,05/28/2024,2024-05-28,15:30:00
04/15/2024 02:00:00 PM,5.0,3,2,4,7,3,1,1,3,1,4,UNABLE TO DETERMINE,2,4,1.0,0.0,0.0,1.0,0.0,1.0,14,2,4,04/15/2024,2024-04-15,14:00:00
03/07/2024 12:00:00 PM,3.0,3,2,5,4,3,3,3,2,1,4,FAILING TO YIELD RIGHT-OF-WAY,2,2,0.0,0.0,0.0,0.0,0.0,2.0,12,5,3,03/07/2024,2024-03-07,12:00:00
08/23/2024 02:00:00 PM,7.0,3,2,3,6,3,3,1,3,0,2,UNABLE TO DETERMINE,2,4,1.0,0.0,0.0,1.0,0.0,1.0,14,6,8,08/23/2024,2024-08-23,14:00:00
08/07/2024 09:15:00 PM,1.0,3,5,3,18,3,3,1,2,1,4,FAILING TO REDUCE SPEED TO AVOID CRASH,2,2,0.0,0.0,0.0,0.0,0.0,2.0,21,4,8,08/07/2024,2024-08-07,21:15:00
02/05/2024 03:20:00 PM,7.0,3,2,4,4,3,3,3,2,1,4,FOLLOWING TOO CLOSELY,2,2,0.0,0.0,0.0,0.0,0.0,2.0,15,2,2,02/05/2024,2024-02-05,15:20:00
05/25/2024 12:02:00 AM,5.0,3,5,5,5,3,1,1,2,1,4,DISREGARDING TRAFFIC SIGNALS,2,2,0.0,0.0,0.0,0.0,0.0,3.0,0,7,5,05/25/2024,2024-05-25,00:02:00
05/15/2024 08:25:00 AM,5.0,3,2,5,7,3,3,3,3,1,4,DISREGARDING TRAFFIC SIGNALS,2,5,1.0,0.0,1.0,0.0,0.0,1.0,8,4,5,05/15/2024,2024-05-15,08:25:00
07/16/2024 03:48:00 PM,5.0,3,2,6,5,3,3,3,3,1,4,UNABLE TO DETERMINE,2,2,0.0,0.0,0.0,0.0,0.0,3.0,15,3,7,07/16/2024,2024-07-16,15:48:00
07/27/2024 12:40:00 PM,5.0,3,5,4,6,3,3,3,2,1,4,FOLLOWING TOO CLOSELY,2,2,0.0,0.0,0.0,0.0,0.0,2.0,12,7,7,07/27/2024,2024-07-27,12:40:00
07/25/2024 06:40:00 AM,7.0,3,2,5,7,3,3,7,2,1,4,UNABLE TO DETERMINE,2,2,0.0,0.0,0.0,0.0,0.0,3.0,6,5,7,07/25/2024,2024-07-25,06:40:00
05/17/2024 06:30:00 PM,5.0,3,2,6,6,3,1,1,2,1,4,UNABLE TO DETERMINE,2,2,0.0,0.0,0.0,0.0,0.0,2.0,18,6,5,05/17/2024,2024-05-17,18:30:00
01/11/2024 08:00:00 AM,5.0,3,2,4,4,3,3,3,2,1,3,FOLLOWING TOO CLOSELY,2,2,0.0,0.0,0.0,0.0,0.0,2.0,8,5,1,01/11/2024,2024-01-11,08:00:00
05/17/2024 07:07:00 PM,5.0,3,4,4,4,3,3,3,2,1,2,FOLLOWING TOO CLOSELY,2,2,0.0,0.0,0.0,0.0,0.0,2.0,19,6,5,05/17/2024,2024-05-17,19:07:00
04/06/2024 10:30:00 PM,5.0,3,5,10,5,3,3,3,2,1,4,IMPROPER OVERTAKING/PASSING,2,2,0.0,0.0,0.0,0.0,0.0,2.0,22,7,4,04/06/2024,2024-04-06,22:30:00
08/05/2024 12:24:00 PM,5.0,3,2,4,4,3,3,1,2,1,4,UNABLE TO DETERMINE,2,2,0.0,0.0,0.0,0.0,0.0,2.0,12,2,8,08/05/2024,2024-08-05,12:24:00
02/18/2024 12:19:00 AM,5.0,3,5,4,6,3,3,3,2,1,4,UNABLE TO DETERMINE,2,2,0.0,0.0,0.0,0.0,0.0,3.0,0,1,2,02/18/2024,2024-02-18,00:19:00
05/04/2024 10:18:00 PM,5.0,3,6,5,6,3,3,3,2,1,4,FAILING TO YIELD RIGHT-OF-WAY,2,2,0.0,0.0,0.0,0.0,0.0,2.0,22,7,5,05/04/2024,2024-05-04,22:18:00
03/14/2024 07:58:00 AM,7.0,5,2,3,4,3,4,3,2,1,4,UNABLE TO DETERMINE,2,2,0.0,0.0,0.0,0.0,0.0,5.0,7,5,3,03/14/2024,2024-03-14,07:58:00
01/31/2024 03:44:00 PM,7.0,3,2,11,5,3,3,3,3,1,3,NOT APPLICABLE,2,2,0.0,0.0,0.0,0.0,0.0,2.0,15,4,1,01/31/2024,2024-01-31,15:44:00
06/16/2024 06:31:00 PM,7.0,3,2,6,5,3,3,1,3,1,4,FAILING TO YIELD RIGHT-OF-WAY,2,2,0.0,0.0,0.0,0.0,0.0,2.0,18,1,6,06/16/2024,2024-06-16,18:31:00
01/26/2024 06:16:00 PM,5.0,5,6,13,5,3,4,3,3,1,2,FAILING TO YIELD RIGHT-OF-WAY,2,4,1.0,0.0,0.0,1.0,0.0,1.0,18,6,1,01/26/2024,2024-01-26,18:16:00
01/31/2024 02:30:00 PM,5.0,3,2,6,5,3,3,3,3,1,4,FAILING TO REDUCE SPEED TO AVOID CRASH,2,2,0.0,0.0,0.0,0.0,0.0,2.0,14,4,1,01/31/2024,2024-01-31,14:30:00
07/14/2024 07:30:00 AM,3.0,3,2,3,6,3,3,3,2,0,2,DRIVING SKILLS/KNOWLEDGE/EXPERIENCE,2,2,0.0,0.0,0.0,0.0,0.0,2.0,7,1,7,07/14/2024,2024-07-14,07:30:00
07/19/2024 11:54:00 PM,3.0,3,5,6,6,3,3,1,3,1,4,UNABLE TO DETERMINE,2,2,0.0,0.0,0.0,0.0,0.0,3.0,23,6,7,07/19/2024,2024-07-19,23:54:00
04/05/2024 04:20:00 PM,3.0,3,2,6,5,3,3,3,2,1,3,UNABLE TO DETERMINE,2,2,0.0,0.0,0.0,0.0,0.0,2.0,16,6,4,04/05/2024,2024-04-05,16:20:00
03/10/2024 04:45:00 PM,5.0,3,2,4,6,3,3,3,2,1,3,FOLLOWING TOO CLOSELY,2,2,0.0,0.0,0.0,0.0,0.0,2.0,16,1,3,03/10/2024,2024-03-10,16:45:00
01/18/2024 08:35:00 AM,7.0,6,2,5,6,3,5,3,2,1,4,UNABLE TO DETERMINE,2,2,0.0,0.0,0.0,0.0,0.0,2.0,8,5,1,01/18/2024,2024-01-18,08:35:00
03/29/2024 04:40:00 PM,7.0,3,2,5,5,3,3,3,3,1,4,FAILING TO YIELD RIGHT-OF-WAY,2,3,2.0,0.0,0.0,0.0,2.0,4.0,16,6,3,03/29/2024,2024-03-29,16:40:00
08/03/2024 07:40:00 PM,5.0,3,4,6,5,3,3,1,3,1,4,IMPROPER TURNING/NO SIGNAL,2,4,1.0,0.0,0.0,1.0,0.0,1.0,19,7,8,08/03/2024,2024-08-03,19:40:00
06/15/2024 01:00:00 AM,3.0,3,4,3,6,3,3,3,2,0,2,IMPROPER LANE USAGE,2,2,0.0,0.0,0.0,0.0,0.0,2.0,1,7,6,06/15/2024,2024-06-15,01:00:00
08/12/2024 10:10:00 PM,5.0,3,5,6,10,3,3,3,2,1,4,IMPROPER OVERTAKING/PASSING,2,2,0.0,0.0,0.0,0.0,0.0,2.0,22,2,8,08/12/2024,2024-08-12,22:10:00
02/09/2024 07:25:00 PM,3.0,3,5,5,6,3,3,3,3,1,4,FAILING TO YIELD RIGHT-OF-WAY,2,4,1.0,0.0,0.0,1.0,0.0,1.0,19,6,2,02/09/2024,2024-02-09,19:25:00
07/15/2024 01:53:00 PM,3.0,3,2,6,6,3,3,1,3,1,4,FAILING TO YIELD RIGHT-OF-WAY,2,2,0.0,0.0,0.0,0.0,0.0,2.0,13,2,7,07/15/2024,2024-07-15,13:53:00
08/06/2024 01:55:00 PM,5.0,3,2,4,4,3,3,3,2,1,4,UNABLE TO DETERMINE,2,2,0.0,0.0,0.0,0.0,0.0,2.0,13,3,8,08/06/2024,2024-08-06,13:55:00
06/07/2024 01:30:00 PM,7.0,3,2,5,4,3,3,3,2,1,4,FAILING TO YIELD RIGHT-OF-WAY,2,2,0.0,0.0,0.0,0.0,0.0,2.0,13,6,6,06/07/2024,2024-06-07,13:30:00
01/28/2024 07:55:00 PM,5.0,3,5,4,2,3,1,1,2,1,4,UNABLE TO DETERMINE,2,2,0.0,0.0,0.0,0.0,0.0,3.0,19,1,1,01/28/2024,2024-01-28,19:55:00
01/14/2024 09:15:00 PM,7.0,3,5,5,3,3,4,1,2,1,4,UNABLE TO DETERMINE,2,2,0.0,0.0,0.0,0.0,0.0,2.0,21,1,1,01/14/2024,2024-01-14,21:15:00
01/15/2024 03:00:00 PM,5.0,3,2,5,5,3,2,3,3,1,4,DISREGARDING TRAFFIC SIGNALS,2,4,1.0,0.0,0.0,1.0,0.0,2.0,15,2,1,01/15/2024,2024-01-15,15:00:00
04/11/2024 04:01:00 PM,5.0,3,2,6,10,3,3,3,3,0,4,IMPROPER LANE USAGE,2,2,0.0,0.0,0.0,0.0,0.0,4.0,16,5,4,04/11/2024,2024-04-11,16:01:00
05/22/2024 05:15:00 PM,5.0,3,2,6,5,3,3,3,3,1,4,IMPROPER TURNING/NO SIGNAL,2,2,0.0,0.0,0.0,0.0,0.0,2.0,17,4,5,05/22/2024,2024-05-22,17:15:00
06/10/2024 10:00:00 AM,7.0,3,2,5,5,3,3,3,3,1,4,DISREGARDING STOP SIGN,2,2,0.0,0.0,0.0,0.0,0.0,3.0,10,2,6,06/10/2024,2024-06-10,10:00:00
03/05/2024 08:00:00 PM,5.0,3,6,4,5,3,1,1,2,0,4,"DISTRACTION - OTHER ELECTRONIC DEVICE (NAVIGATION DEVICE, DVD PLAYER, ETC.)",2,2,0.0,0.0,0.0,0.0,0.0,7.0,20,3,3,03/05/2024,2024-03-05,20:00:00
04/25/2024 07:41:00 PM,3.0,3,4,6,15,3,1,1,3,0,4,FAILING TO YIELD RIGHT-OF-WAY,2,4,1.0,0.0,0.0,1.0,0.0,1.0,19,5,4,04/25/2024,2024-04-25,19:41:00
04/05/2024 03:20:00 PM,5.0,3,2,3,5,3,3,3,2,1,4,FAILING TO YIELD RIGHT-OF-WAY,2,2,0.0,0.0,0.0,0.0,0.0,2.0,15,6,4,04/05/2024,2024-04-05,15:20:00
07/23/2024 12:30:00 PM,5.0,3,2,6,5,3,3,3,2,1,3,FAILING TO REDUCE SPEED TO AVOID CRASH,2,2,0.0,0.0,0.0,0.0,0.0,2.0,12,3,7,07/23/2024,2024-07-23,12:30:00
01/19/2024 07:30:00 AM,1.0,3,2,4,5,3,1,1,2,1,4,WEATHER,2,2,0.0,0.0,0.0,0.0,0.0,2.0,7,6,1,01/19/2024,2024-01-19,07:30:00
07/11/2024 01:00:00 PM,5.0,3,2,14,5,3,3,1,3,1,4,UNABLE TO DETERMINE,2,4,1.0,0.0,0.0,1.0,0.0,1.0,13,5,7,07/11/2024,2024-07-11,13:00:00
08/20/2024 03:17:00 PM,5.0,3,2,5,4,3,3,3,2,0,3,DISREGARDING TRAFFIC SIGNALS,2,2,0.0,0.0,0.0,0.0,0.0,2.0,15,3,8,08/20/2024,2024-08-20,15:17:00
06/07/2024 03:28:00 PM,3.0,3,2,4,3,3,3,3,3,1,4,FOLLOWING TOO CLOSELY,2,3,1.0,0.0,0.0,0.0,1.0,4.0,15,6,6,06/07/2024,2024-06-07,15:28:00
02/03/2024 12:00:00 PM,3.0,3,2,6,7,3,1,3,2,1,4,UNABLE TO DETERMINE,2,2,0.0,0.0,0.0,0.0,0.0,4.0,12,7,2,02/03/2024,2024-02-03,12:00:00
04/28/2024 03:35:00 PM,5.0,3,2,6,5,3,3,3,2,1,3,IMPROPER TURNING/NO SIGNAL,2,2,0.0,0.0,0.0,0.0,0.0,2.0,15,1,4,04/28/2024,2024-04-28,15:35:00
06/25/2024 08:40:00 AM,5.0,5,6,6,7,3,4,3,2,1,4,IMPROPER TURNING/NO SIGNAL,2,2,0.0,0.0,0.0,0.0,0.0,2.0,8,3,6,06/25/2024,2024-06-25,08:40:00
05/12/2024 01:05:00 PM,7.0,3,2,6,7,3,3,3,2,1,4,UNABLE TO DETERMINE,2,2,0.0,0.0,0.0,0.0,0.0,2.0,13,1,5,05/12/2024,2024-05-12,13:05:00
02/27/2024 06:30:00 PM,1.0,3,2,4,6,3,3,1,3,1,4,FOLLOWING TOO CLOSELY,2,4,1.0,0.0,0.0,1.0,0.0,1.0,18,3,2,02/27/2024,2024-02-27,18:30:00
05/21/2024 11:15:00 AM,3.0,3,2,11,6,3,3,3,2,1,4,DRIVING SKILLS/KNOWLEDGE/EXPERIENCE,2,2,0.0,0.0,0.0,0.0,0.0,1.0,11,3,5,05/21/2024,2024-05-21,11:15:00
05/15/2024 03:44:00 PM,5.0,3,2,6,5,3,3,3,2,1,4,UNABLE TO DETERMINE,2,2,0.0,0.0,0.0,0.0,0.0,2.0,15,4,5,05/15/2024,2024-05-15,15:44:00
01/20/2024 11:40:00 PM,5.0,3,5,4,5,3,1,1,2,1,4,UNABLE TO DETERMINE,2,2,0.0,0.0,0.0,0.0,0.0,3.0,23,7,1,01/20/2024,2024-01-20,23:40:00
06/05/2024 09:20:00 AM,5.0,4,2,5,5,3,3,3,3,1,4,DISREGARDING TRAFFIC SIGNALS,2,3,1.0,0.0,0.0,0.0,1.0,1.0,9,4,6,06/05/2024,2024-06-05,09:20:00
02/22/2024 08:55:00 AM,5.0,3,2,6,6,3,3,3,2,1,4,NOT APPLICABLE,2,2,0.0,0.0,0.0,0.0,0.0,2.0,8,5,2,02/22/2024,2024-02-22,08:55:00
05/27/2024 04:41:00 AM,3.0,3,6,12,6,3,3,3,3,1,4,UNABLE TO DETERMINE,2,2,0.0,0.0,0.0,0.0,0.0,1.0,4,2,5,05/27/2024,2024-05-27,04:41:00
02/09/2024 09:45:00 PM,5.0,3,5,4,5,3,3,3,2,1,4,FOLLOWING TOO CLOSELY,2,2,0.0,0.0,0.0,0.0,0.0,2.0,21,6,2,02/09/2024,2024-02-09,21:45:00
04/18/2024 05:19:00 PM,3.0,3,2,6,6,3,3,3,3,1,4,IMPROPER OVERTAKING/PASSING,2,2,0.0,0.0,0.0,0.0,0.0,3.0,17,5,4,04/18/2024,2024-04-18,17:19:00
01/11/2024 05:00:00 AM,7.0,3,2,5,5,3,1,1,2,1,3,UNABLE TO DETERMINE,2,2,0.0,0.0,0.0,0.0,0.0,2.0,5,5,1,01/11/2024,2024-01-11,05:00:00
07/29/2024 09:35:00 AM,7.0,5,2,4,6,3,4,3,2,1,3,FOLLOWING TOO CLOSELY,2,2,0.0,0.0,0.0,0.0,0.0,3.0,9,2,7,07/29/2024,2024-07-29,09:35:00
07/03/2024 02:00:00 PM,5.0,3,2,5,5,3,3,3,3,1,4,IMPROPER TURNING/NO SIGNAL,2,2,0.0,0.0,0.0,0.0,0.0,2.0,14,4,7,07/03/2024,2024-07-03,14:00:00
05/21/2024 11:58:00 AM,5.0,3,2,14,5,3,3,3,2,1,3,DISREGARDING TRAFFIC SIGNALS,2,2,0.0,0.0,0.0,0.0,0.0,3.0,11,3,5,05/21/2024,2024-05-21,11:58:00
05/05/2024 03:03:00 PM,5.0,3,2,5,5,3,3,3,2,1,4,EQUIPMENT - VEHICLE CONDITION,2,2,0.0,0.0,0.0,0.0,0.0,2.0,15,1,5,05/05/2024,2024-05-05,15:03:00
06/03/2024 10:30:00 AM,3.0,3,5,6,4,3,3,3,2,1,4,FAILING TO YIELD RIGHT-OF-WAY,2,2,0.0,0.0,0.0,0.0,0.0,2.0,10,2,6,06/03/2024,2024-06-03,10:30:00
04/19/2024 02:28:00 PM,5.0,3,2,4,4,3,3,3,2,1,2,UNABLE TO DETERMINE,2,2,0.0,0.0,0.0,0.0,0.0,2.0,14,6,4,04/19/2024,2024-04-19,14:28:00
04/17/2024 08:20:00 AM,5.0,3,2,6,5,3,3,3,3,1,4,IMPROPER TURNING/NO SIGNAL,2,2,0.0,0.0,0.0,0.0,0.0,2.0,8,4,4,04/17/2024,2024-04-17,08:20:00
05/13/2024 06:15:00 AM,5.0,3,2,6,5,3,3,3,2,1,3,IMPROPER LANE USAGE,2,2,0.0,0.0,0.0,0.0,0.0,2.0,6,2,5,05/13/2024,2024-05-13,06:15:00
06/07/2024 09:40:00 PM,5.0,3,5,2,5,3,3,3,3,1,2,DISREGARDING TRAFFIC SIGNALS,2,4,1.0,0.0,0.0,1.0,0.0,1.0,21,6,6,06/07/2024,2024-06-07,21:40:00
06/16/2024 01:20:00 PM,5.0,3,2,4,4,7,3,3,2,1,4,FAILING TO REDUCE SPEED TO AVOID CRASH,2,2,0.0,0.0,0.0,0.0,0.0,2.0,13,1,6,06/16/2024,2024-06-16,13:20:00
01/08/2024 02:43:00 PM,5.0,3,2,6,5,3,3,1,3,1,4,FAILING TO YIELD RIGHT-OF-WAY,2,2,0.0,0.0,0.0,0.0,0.0,2.0,14,2,1,01/08/2024,2024-01-08,14:43:00
03/08/2024 01:30:00 PM,5.0,3,2,6,4,3,3,3,2,0,4,FAILING TO YIELD RIGHT-OF-WAY,2,2,0.0,0.0,0.0,0.0,0.0,2.0,13,6,3,03/08/2024,2024-03-08,13:30:00
07/01/2024 02:45:00 PM,5.0,3,2,3,6,3,3,3,2,1,2,IMPROPER OVERTAKING/PASSING,2,2,0.0,0.0,0.0,0.0,0.0,2.0,14,2,7,07/01/2024,2024-07-01,14:45:00
05/27/2024 10:10:00 PM,5.0,3,2,6,5,3,1,1,2,1,4,UNABLE TO DETERMINE,2,2,0.0,0.0,0.0,0.0,0.0,3.0,22,2,5,05/27/2024,2024-05-27,22:10:00
06/27/2024 12:20:00 PM,7.0,3,2,5,5,3,3,3,2,1,2,DISREGARDING TRAFFIC SIGNALS,2,2,0.0,0.0,0.0,0.0,0.0,2.0,12,5,6,06/27/2024,2024-06-27,12:20:00
06/24/2024 10:38:00 PM,5.0,4,5,6,7,6,3,3,3,1,4,IMPROPER OVERTAKING/PASSING,2,5,1.0,0.0,1.0,0.0,0.0,1.0,22,2,6,06/24/2024,2024-06-24,22:38:00
01/08/2024 08:45:00 PM,3.0,3,5,11,10,3,3,1,3,1,4,DRIVING SKILLS/KNOWLEDGE/EXPERIENCE,2,2,0.0,0.0,0.0,0.0,0.0,1.0,20,2,1,01/08/2024,2024-01-08,20:45:00
07/04/2024 02:55:00 PM,5.0,3,2,5,5,3,1,1,2,1,4,FAILING TO YIELD RIGHT-OF-WAY,2,2,0.0,0.0,0.0,0.0,0.0,2.0,14,5,7,07/04/2024,2024-07-04,14:55:00
03/22/2024 02:40:00 PM,5.0,6,2,6,5,3,4,1,2,1,4,UNABLE TO DETERMINE,2,2,0.0,0.0,0.0,0.0,0.0,2.0,14,6,3,03/22/2024,2024-03-22,14:40:00
08/02/2024 11:00:00 AM,3.0,3,2,11,6,3,3,3,2,1,4,UNABLE TO DETERMINE,2,2,0.0,0.0,0.0,0.0,0.0,1.0,11,6,8,08/02/2024,2024-08-02,11:00:00
07/10/2024 02:40:00 PM,5.0,3,2,6,6,3,3,3,3,1,4,FAILING TO YIELD RIGHT-OF-WAY,2,5,2.0,0.0,2.0,0.0,0.0,0.0,14,4,7,07/10/2024,2024-07-10,14:40:00
07/20/2024 01:42:00 PM,7.0,3,2,7,6,3,3,3,3,0,4,UNABLE TO DETERMINE,2,2,0.0,0.0,0.0,0.0,0.0,2.0,13,7,7,07/20/2024,2024-07-20,13:42:00
07/20/2024 09:40:00 PM,5.0,3,2,4,5,3,1,1,3,1,3,UNABLE TO DETERMINE,2,4,1.0,0.0,0.0,1.0,0.0,1.0,21,7,7,07/20/2024,2024-07-20,21:40:00
04/29/2024 07:45:00 AM,5.0,5,2,6,5,3,4,3,2,1,4,FAILING TO YIELD RIGHT-OF-WAY,2,2,0.0,0.0,0.0,0.0,0.0,2.0,7,2,4,04/29/2024,2024-04-29,07:45:00
06/14/2024 10:40:00 AM,5.0,3,2,4,5,3,3,3,2,1,4,UNABLE TO DETERMINE,2,2,0.0,0.0,0.0,0.0,0.0,2.0,10,6,6,06/14/2024,2024-06-14,10:40:00
05/12/2024 09:08:00 AM,5.0,3,2,6,5,3,3,1,3,1,4,DISREGARDING TRAFFIC SIGNALS,2,4,1.0,0.0,0.0,1.0,0.0,1.0,9,1,5,05/12/2024,2024-05-12,09:08:00
08/02/2024 03:00:00 PM,5.0,3,2,4,4,3,3,3,2,1,3,FAILING TO REDUCE SPEED TO AVOID CRASH,2,2,0.0,0.0,0.0,0.0,0.0,3.0,15,6,8,08/02/2024,2024-08-02,15:00:00
03/23/2024 02:40:00 AM,3.0,6,6,6,6,3,4,3,3,1,4,FAILING TO YIELD RIGHT-OF-WAY,2,5,1.0,0.0,1.0,0.0,0.0,1.0,2,7,3,03/23/2024,2024-03-23,02:40:00
01/05/2024 07:00:00 PM,7.0,3,5,5,6,3,1,1,2,1,4,UNABLE TO DETERMINE,2,2,0.0,0.0,0.0,0.0,0.0,2.0,19,6,1,01/05/2024,2024-01-05,19:00:00
07/25/2024 05:45:00 PM,5.0,3,2,3,5,3,3,3,3,1,4,IMPROPER OVERTAKING/PASSING,2,3,1.0,0.0,0.0,0.0,1.0,1.0,17,5,7,07/25/2024,2024-07-25,17:45:00
07/20/2024 01:16:00 AM,5.0,3,5,9,4,3,3,3,3,1,4,FAILING TO REDUCE SPEED TO AVOID CRASH,2,2,0.0,0.0,0.0,0.0,0.0,2.0,1,7,7,07/20/2024,2024-07-20,01:16:00
07/14/2024 11:15:00 PM,3.0,5,5,8,4,3,4,3,2,1,2,IMPROPER BACKING,2,2,0.0,0.0,0.0,0.0,0.0,4.0,23,1,7,07/14/2024,2024-07-14,23:15:00
02/27/2024 08:08:00 PM,7.0,5,5,6,5,3,4,1,3,1,4,DISREGARDING STOP SIGN,2,2,0.0,0.0,0.0,0.0,0.0,2.0,20,3,2,02/27/2024,2024-02-27,20:08:00
02/22/2024 11:10:00 AM,5.0,4,2,4,4,3,3,3,3,1,4,FOLLOWING TOO CLOSELY,2,3,1.0,0.0,0.0,0.0,1.0,1.0,11,5,2,02/22/2024,2024-02-22,11:10:00