crash_date,traffic_control_device,weather_condition,lighting_condition,first_crash_type,trafficway_type,alignment,roadway_surface_cond,road_defect,crash_type,intersection_related_i,damage,prim_contributory_cause,num_units,most_severe_injury,injuries_total,injuries_fatal,injuries_incapacitating,injuries_non_incapacitating,injuries_reported_not_evident,injuries_no_indication,crash_hour,crash_day_of_week,crash_month,parsed_datetime,date,time
05/25/2024 09:30:00 PM,5.0,3,2,4,7,3,1,1,2,1,4,UNABLE TO DETERMINE,2,2,0.0,0.0,0.0,0.0,0.0,2.0,21,7,5,05/25/2024,2024-05-25,21:30:00
05/29/2024 04:30:00 PM,3.0,3,2,6,4,3,3,1,2,1,4,IMPROPER TURNING/NO SIGNAL,2,2,0.0,0.0,0.0,0.0,0.0,3.0,16,4,5,05/29/2024,2024-05-29,16:30:00
03/29/2024 02:30:00 PM,5.0,3,2,5,6,3,3,3,3,1,4,UNABLE TO DETERMINE,2,4,2.0,0.0,0.0,2.0,0.0,1.0,14,6,3,03/29/2024,2024-03-29,14:30:00
06/27/2024 10:45:00 PM,5.0,3,5,6,5,3,3,3,3,1,4,FAILING TO YIELD RIGHT-OF-WAY,2,2,0.0,0.0,0.0,0.0,0.0,4.0,22,5,6,06/27/2024,2024-06-27,22:45:00
06/25/2024 07:50:00 AM,7.0,5,2,5,5,3,4,1,2,1,4,UNABLE TO DETERMINE,2,2,0.0,0.0,0.0,0.0,0.0,2.0,7,3,6,06/25/2024,2024-06-25,07:50:00
01/07/2024 11:45:00 AM,5.0,3,2,5,6,3,4,3,3,1,2,DISREGARDING TRAFFIC SIGNALS,2,4,1.0,0.0,0.0,1.0,0.0,1.0,11,1,1,01/07/2024,2024-01-07,11:45:00
02/13/2024 07:40:00 PM,3.0,3,5,6,6,3,3,3,2,0,3,IMPROPER TURNING/NO SIGNAL,2,2,0.0,0.0,0.0,0.0,0.0,2.0,19,3,2,02/13/2024,2024-02-13,19:40:00
06/10/2024 08:38:00 PM,3.0,3,4,14,16,3,3,3,3,1,4,FAILING TO YIELD RIGHT-OF-WAY,2,4,1.0,0.0,0.0,1.0,0.0,1.0,20,2,6,06/10/2024,2024-06-10,20:38:00
03/21/2024 09:00:00 PM,3.0,3,2,6,4,3,3,3,2,1,4,IMPROPER TURNING/NO SIGNAL,2,2,0.0,0.0,0.0,0.0,0.0,3.0,21,5,3,03/21/2024,2024-03-21,21:00:00
08/01/2024 01:15:00 PM,5.0,3,2,6,5,3,3,3,3,1,4,FAILING TO YIELD RIGHT-OF-WAY,2,2,0.0,0.0,0.0,0.0,0.0,2.0,13,5,8,08/01/2024,2024-08-01,13:15:00
02/05/2024 09:40:00 AM,5.0,3,2,3,5,3,3,3,2,1,4,IMPROPER OVERTAKING/PASSING,2,2,0.0,0.0,0.0,0.0,0.0,3.0,9,2,2,02/05/2024,2024-02-05,09:40:00
05/14/2024 01:30:00 PM,3.0,3,2,4,4,3,3,3,2,1,3,FOLLOWING TOO CLOSELY,2,2,0.0,0.0,0.0,0.0,0.0,2.0,13,3,5,05/14/2024,2024-05-14,13:30:00
06/28/2024 06:00:00 PM,3.0,5,2,11,6,3,4,3,3,1,4,"OPERATING VEHICLE IN ERRATIC, RECKLESS, CARELESS, NEGLIGENT OR AGGRESSIVE MANNER",2,2,0.0,0.0,0.0,0.0,0.0,1.0,18,6,6,06/28/2024,2024-06-28,18:00:00
04/01/2024 08:20:00 PM,5.0,5,5,6,6,3,4,3,3,1,4,FAILING TO YIELD RIGHT-OF-WAY,2,2,0.0,0.0,0.0,0.0,0.0,2.0,20,2,4,04/01/2024,2024-04-01,20:20:00
06/24/2024 05:00:00 PM,7.0,3,2,14,6,3,3,1,3,1,4,UNABLE TO DETERMINE,2,4,1.0,0.0,0.0,1.0,0.0,1.0,17,2,6,06/24/2024,2024-06-24,17:00:00
03/27/2024 02:15:00 PM,5.0,3,2,6,12,3,3,3,2,1,2,FAILING TO YIELD RIGHT-OF-WAY,2,2,0.0,0.0,0.0,0.0,0.0,4.0,14,4,3,03/27/2024,2024-03-27,14:15:00
04/13/2024 05:40:00 PM,3.0,3,2,6,5,3,3,3,2,1,3,FOLLOWING TOO CLOSELY,2,2,0.0,0.0,0.0,0.0,0.0,4.0,17,7,4,04/13/2024,2024-04-13,17:40:00
01/15/2024 01:35:00 PM,5.0,3,2,3,6,3,3,3,3,1,2,UNABLE TO DETERMINE,2,4,1.0,0.0,0.0,1.0,0.0,1.0,13,2,1,01/15/2024,2024-01-15,13:35:00
07/13/2024 01:55:00 PM,7.0,3,2,5,5,3,3,3,3,1,3,FAILING TO YIELD RIGHT-OF-WAY,2,4,2.0,0.0,0.0,2.0,0.0,1.0,13,7,7,07/13/2024,2024-07-13,13:55:00
02/26/2024 10:10:00 AM,7.0,3,2,14,6,3,3,3,3,1,2,UNABLE TO DETERMINE,2,3,1.0,0.0,0.0,0.0,1.0,1.0,10,2,2,02/26/2024,2024-02-26,10:10:00
01/24/2024 08:25:00 AM,5.0,5,2,6,6,3,4,3,2,1,2,IMPROPER TURNING/NO SIGNAL,2,2,0.0,0.0,0.0,0.0,0.0,2.0,8,4,1,01/24/2024,2024-01-24,08:25:00
01/07/2024 07:25:00 PM,5.0,4,5,6,5,3,3,3,3,1,4,IMPROPER TURNING/NO SIGNAL,2,2,0.0,0.0,0.0,0.0,0.0,6.0,19,1,1,01/07/2024,2024-01-07,19:25:00
01/30/2024 09:10:00 AM,5.0,3,2,13,4,3,3,3,3,1,2,IMPROPER LANE USAGE,2,4,1.0,0.0,0.0,1.0,0.0,1.0,9,3,1,01/30/2024,2024-01-30,09:10:00
08/26/2024 06:44:00 PM,5.0,3,2,6,5,3,3,3,3,1,4,UNABLE TO DETERMINE,2,3,1.0,0.0,0.0,0.0,1.0,1.0,18,2,8,08/26/2024,2024-08-26,18:44:00
06/24/2024 03:00:00 PM,1.0,3,2,4,6,6,1,1,2,1,4,UNABLE TO DETERMINE,2,2,0.0,0.0,0.0,0.0,0.0,2.0,15,2,6,06/24/2024,2024-06-24,15:00:00
06/09/2024 07:15:00 PM,3.0,3,4,13,16,3,3,3,3,1,2,FAILING TO YIELD RIGHT-OF-WAY,2,4,1.0,0.0,0.0,1.0,0.0,1.0,19,1,6,06/09/2024,2024-06-09,19:15:00
05/26/2024 09:56:00 PM,7.0,5,6,5,5,3,4,3,3,1,4,DISREGARDING STOP SIGN,2,2,0.0,0.0,0.0,0.0,0.0,3.0,21,1,5,05/26/2024,2024-05-26,21:56:00
04/04/2024 02:30:00 PM,7.0,3,2,5,5,3,3,3,2,1,4,UNABLE TO DETERMINE,2,2,0.0,0.0,0.0,0.0,0.0,2.0,14,5,4,04/04/2024,2024-04-04,14:30:00
03/27/2024 10:46:00 PM,5.0,3,5,3,9,3,3,3,2,0,2,DISREGARDING TRAFFIC SIGNALS,2,2,0.0,0.0,0.0,0.0,0.0,2.0,22,4,3,03/27/2024,2024-03-27,22:46:00
07/30/2024 02:44:00 PM,5.0,3,2,6,7,3,3,7,2,1,4,IMPROPER TURNING/NO SIGNAL,2,2,0.0,0.0,0.0,0.0,0.0,3.0,14,3,7,07/30/2024,2024-07-30,14:44:00
03/24/2024 02:59:00 AM,5.0,3,5,4,5,3,3,3,3,1,4,UNABLE TO DETERMINE,2,2,0.0,0.0,0.0,0.0,0.0,5.0,2,1,3,03/24/2024,2024-03-24,02:59:00
06/03/2024 10:55:00 AM,5.0,3,2,3,4,3,1,1,2,1,3,UNABLE TO DETERMINE,2,2,0.0,0.0,0.0,0.0,0.0,2.0,10,2,6,06/03/2024,2024-06-03,10:55:00
04/14/2024 05:30:00 AM,7.0,3,5,5,5,3,3,3,2,1,4,"OPERATING VEHICLE IN ERRATIC, RECKLESS, CARELESS, NEGLIGENT OR AGGRESSIVE MANNER",2,2,0.0,0.0,0.0,0.0,0.0,2.0,5,1,4,04/14/2024,2024-04-14,05:30:00
04/04/2024 07:41:00 PM,7.0,3,5,13,5,3,3,3,3,1,4,UNABLE TO DETERMINE,2,4,1.0,0.0,0.0,1.0,0.0,1.0,19,5,4,04/04/2024,2024-04-04,19:41:00
06/17/2024 02:24:00 PM,3.0,3,2,6,6,3,3,3,3,1,4,FAILING TO YIELD RIGHT-OF-WAY,2,3,1.0,0.0,0.0,0.0,1.0,2.0,14,2,6,06/17/2024,2024-06-17,14:24:00
05/10/2024 04:45:00 PM,7.0,3,2,5,4,3,3,3,2,1,3,UNABLE TO DETERMINE,2,2,0.0,0.0,0.0,0.0,0.0,2.0,16,6,5,05/10/2024,2024-05-10,16:45:00
01/05/2024 04:33:00 PM,7.0,3,4,5,5,3,3,3,2,1,4,FAILING TO YIELD RIGHT-OF-WAY,2,2,0.0,0.0,0.0,0.0,0.0,3.0,16,6,1,01/05/2024,2024-01-05,16:33:00
02/01/2024 09:08:00 AM,5.0,3,2,13,5,3,3,3,3,1,2,WEATHER,2,4,1.0,0.0,0.0,1.0,0.0,1.0,9,5,2,02/01/2024,2024-02-01,09:08:00
06/21/2024 10:00:00 PM,5.0,3,5,4,5,3,3,1,2,1,4,UNABLE TO DETERMINE,2,2,0.0,0.0,0.0,0.0,0.0,2.0,22,6,6,06/21/2024,2024-06-21,22:00:00
05/09/2024 12:40:00 PM,5.0,5,2,3,4,3,4,3,2,0,4,IMPROPER OVERTAKING/PASSING,2,2,0.0,0.0,0.0,0.0,0.0,2.0,12,5,5,05/09/2024,2024-05-09,12:40:00
07/24/2024 08:15:00 AM,5.0,3,2,3,6,3,3,3,2,1,4,IMPROPER LANE USAGE,2,2,0.0,0.0,0.0,0.0,0.0,2.0,8,4,7,07/24/2024,2024-07-24,08:15:00
04/13/2024 02:25:00 PM,5.0,3,2,3,5,3,3,3,2,1,3,UNABLE TO DETERMINE,2,2,0.0,0.0,0.0,0.0,0.0,2.0,14,7,4,04/13/2024,2024-04-13,14:25:00
03/21/2024 07:50:00 AM,5.0,3,2,4,5,3,3,3,2,1,3,FOLLOWING TOO CLOSELY,2,2,0.0,0.0,0.0,0.0,0.0,2.0,7,5,3,03/21/2024,2024-03-21,07:50:00
06/16/2024 10:00:00 PM,5.0,3,6,6,5,3,3,3,3,1,4,IMPROPER OVERTAKING/PASSING,2,4,1.0,0.0,0.0,1.0,0.0,1.0,22,1,6,06/16/2024,2024-06-16,22:00:00
05/08/2024 07:30:00 AM,5.0,3,2,6,7,3,3,3,2,1,3,DISTRACTION - FROM OUTSIDE VEHICLE,2,2,0.0,0.0,0.0,0.0,0.0,3.0,7,4,5,05/08/2024,2024-05-08,07:30:00
07/31/2024 07:30:00 PM,5.0,3,2,6,6,3,3,3,3,1,4,IMPROPER TURNING/NO SIGNAL,2,4,1.0,0.0,0.0,1.0,0.0,1.0,19,4,7,07/31/2024,2024-07-31,19:30:00
02/23/2024 05:00:00 PM,5.0,3,4,4,5,3,3,3,2,1,4,FOLLOWING TOO CLOSELY,2,2,0.0,0.0,0.0,0.0,0.0,2.0,17,6,2,02/23/2024,2024-02-23,17:00:00
01/24/2024 05:58:00 AM,7.0,5,4,4,4,3,4,3,3,1,3,FOLLOWING TOO CLOSELY,2,2,0.0,0.0,0.0,0.0,0.0,2.0,5,4,1,01/24/2024,2024-01-24,05:58:00
03/02/2024 12:00:00 PM,7.0,3,2,5,5,3,3,3,2,1,4,UNABLE TO DETERMINE,2,2,0.0,0.0,0.0,0.0,0.0,5.0,12,7,3,03/02/2024,2024-03-02,12:00:00
04/01/2024 01:56:00 PM,5.0,3,2,6,5,3,3,3,3,1,3,FOLLOWING TOO CLOSELY,2,4,2.0,0.0,0.0,2.0,0.0,2.0,13,2,4,04/01/2024,2024-04-01,13:56:00
05/07/2024 02:50:00 AM,5.0,3,2,4,4,3,3,1,2,1,3,UNABLE TO DETERMINE,2,2,0.0,0.0,0.0,0.0,0.0,2.0,2,3,5,05/07/2024,2024-05-07,02:50:00
02/07/2024 06:17:00 PM,5.0,3,6,4,5,3,3,3,2,1,2,UNABLE TO DETERMINE,2,2,0.0,0.0,0.0,0.0,0.0,2.0,18,4,2,02/07/2024,2024-02-07,18:17:00
03/16/2024 02:30:00 PM,1.0,3,2,4,5,3,1,1,2,1,4,UNABLE TO DETERMINE,2,2,0.0,0.0,0.0,0.0,0.0,2.0,14,7,3,03/16/2024,2024-03-16,14:30:00
07/20/2024 11:57:00 AM,5.0,3,2,5,10,3,3,3,2,1,4,DISREGARDING TRAFFIC SIGNALS,2,2,0.0,0.0,0.0,0.0,0.0,2.0,11,7,7,07/20/2024,2024-07-20,11:57:00
01/04/2024 09:15:00 AM,5.0,3,2,3,4,3,3,1,2,1,4,UNABLE TO DETERMINE,2,2,0.0,0.0,0.0,0.0,0.0,3.0,9,5,1,01/04/2024,2024-01-04,09:15:00
05/28/2024 08:07:00 AM,5.0,3,2,5,6,3,3,3,3,1,4,DISREGARDING TRAFFIC SIGNALS,2,2,0.0,0.0,0.0,0.0,0.0,2.0,8,3,5,05/28/2024,2024-05-28,08:07:00
02/26/2024 05:15:00 PM,3.0,3,2,5,5,3,3,1,2,1,4,NOT APPLICABLE,2,2,0.0,0.0,0.0,0.0,0.0,2.0,17,2,2,02/26/2024,2024-02-26,17:15:00
01/08/2024 08:00:00 AM,5.0,3,2,3,6,3,3,3,2,1,3,UNABLE TO DETERMINE,2,2,0.0,0.0,0.0,0.0,0.0,2.0,8,2,1,01/08/2024,2024-01-08,08:00:00
06/22/2024 10:00:00 AM,5.0,3,2,6,5,3,3,3,3,1,4,FAILING TO YIELD RIGHT-OF-WAY,2,2,0.0,0.0,0.0,0.0,0.0,4.0,10,7,6,06/22/2024,2024-06-22,10:00:00
07/10/2024 01:45:00 PM,4.0,3,2,3,5,3,3,3,2,1,4,IMPROPER OVERTAKING/PASSING,2,2,0.0,0.0,0.0,0.0,0.0,2.0,13,4,7,07/10/2024,2024-07-10,13:45:00
03/13/2024 06:52:00 PM,5.0,3,4,6,10,3,3,3,2,1,4,IMPROPER TURNING/NO SIGNAL,2,2,0.0,0.0,0.0,0.0,0.0,2.0,18,4,3,03/13/2024,2024-03-13,18:52:00
04/04/2024 04:40:00 PM,7.0,3,2,4,4,3,4,1,2,1,4,FOLLOWING TOO CLOSELY,2,2,0.0,0.0,0.0,0.0,0.0,2.0,16,5,4,04/04/2024,2024-04-04,16:40:00
02/18/2024 07:45:00 AM,5.0,3,2,6,5,3,3,3,3,1,4,FAILING TO YIELD RIGHT-OF-WAY,2,3,2.0,0.0,0.0,0.0,2.0,1.0,7,1,2,02/18/2024,2024-02-18,07:45:00
05/13/2024 03:12:00 PM,7.0,5,2,5,5,3,4,3,3,1,4,FAILING TO YIELD RIGHT-OF-WAY,2,2,0.0,0.0,0.0,0.0,0.0,7.0,15,2,5,05/13/2024,2024-05-13,15:12:00
03/21/2024 11:49:00 PM,3.0,3,5,5,7,3,3,3,2,1,4,UNABLE TO DETERMINE,2,2,0.0,0.0,0.0,0.0,0.0,3.0,23,5,3,03/21/2024,2024-03-21,23:49:00
01/14/2024 12:30:00 PM,5.0,6,5,5,6,3,5,3,2,1,4,UNABLE TO DETERMINE,2,2,0.0,0.0,0.0,0.0,0.0,2.0,12,1,1,01/14/2024,2024-01-14,12:30:00
08/02/2024 12:25:00 PM,7.0,3,2,14,5,3,3,3,2,1,4,UNABLE TO DETERMINE,2,2,0.0,0.0,0.0,0.0,0.0,2.0,12,6,8,08/02/2024,2024-08-02,12:25:00
01/11/2024 04:50:00 PM,3.0,3,5,6,5,3,3,1,2,1,4,IMPROPER TURNING/NO SIGNAL,2,2,0.0,0.0,0.0,0.0,0.0,2.0,16,5,1,01/11/2024,2024-01-11,16:50:00
08/07/2024 05:56:00 PM,5.0,3,2,5,5,3,3,1,2,1,4,FAILING TO YIELD RIGHT-OF-WAY,2,2,0.0,0.0,0.0,0.0,0.0,2.0,17,4,8,08/07/2024,2024-08-07,17:56:00
05/09/2024 05:00:00 PM,7.0,3,2,5,5,3,3,3,2,1,3,IMPROPER OVERTAKING/PASSING,2,2,0.0,0.0,0.0,0.0,0.0,2.0,17,5,5,05/09/2024,2024-05-09,17:00:00
07/09/2024 10:27:00 AM,5.0,3,2,5,4,3,3,3,3,1,3,DISREGARDING TRAFFIC SIGNALS,2,4,1.0,0.0,0.0,1.0,0.0,2.0,10,3,7,07/09/2024,2024-07-09,10:27:00
01/03/2024 03:06:00 PM,5.0,3,2,6,5,3,3,3,2,1,4,UNABLE TO DETERMINE,2,2,0.0,0.0,0.0,0.0,0.0,3.0,15,4,1,01/03/2024,2024-01-03,15:06:00
05/22/2024 03:15:00 PM,5.0,3,2,6,5,3,3,3,2,1,3,IMPROPER TURNING/NO SIGNAL,2,2,0.0,0.0,0.0,0.0,0.0,2.0,15,4,5,05/22/2024,2024-05-22,15:15:00
05/12/2024 10:54:00 PM,5.0,3,2,6,5,3,3,3,3,1,4,IMPROPER TURNING/NO SIGNAL,2,4,2.0,0.0,0.0,2.0,0.0,2.0,22,1,5,05/12/2024,2024-05-12,22:54:00
03/28/2024 07:49:00 AM,5.0,3,2,14,5,3,3,3,2,1,2,UNABLE TO DETERMINE,2,2,0.0,0.0,0.0,0.0,0.0,2.0,7,5,3,03/28/2024,2024-03-28,07:49:00
06/20/2024 10:07:00 PM,5.0,5,5,6,5,3,4,3,3,1,4,UNABLE TO DETERMINE,2,3,1.0,0.0,0.0,0.0,1.0,1.0,22,5,6,06/20/2024,2024-06-20,22:07:00
02/16/2024 04:15:00 PM,7.0,3,2,5,6,3,1,1,2,1,4,DRIVING SKILLS/KNOWLEDGE/EXPERIENCE,2,2,0.0,0.0,0.0,0.0,0.0,2.0,16,6,2,02/16/2024,2024-02-16,16:15:00
04/28/2024 05:51:00 PM,5.0,5,2,4,6,3,4,3,2,1,4,NOT APPLICABLE,2,2,0.0,0.0,0.0,0.0,0.0,2.0,17,1,4,04/28/2024,2024-04-28,17:51:00
07/21/2024 10:30:00 AM,5.0,3,2,4,4,6,3,3,2,1,2,FOLLOWING TOO CLOSELY,2,2,0.0,0.0,0.0,0.0,0.0,2.0,10,1,7,07/21/2024,2024-07-21,10:30:00
04/27/2024 12:56:00 PM,7.0,3,2,6,6,3,3,3,2,1,3,IMPROPER TURNING/NO SIGNAL,2,2,0.0,0.0,0.0,0.0,0.0,4.0,12,7,4,04/27/2024,2024-04-27,12:56:00
05/13/2024 04:30:00 PM,5.0,3,2,3,6,3,3,3,2,1,3,IMPROPER OVERTAKING/PASSING,2,2,0.0,0.0,0.0,0.0,0.0,2.0,16,2,5,05/13/2024,2024-05-13,16:30:00
06/15/2024 06:30:00 PM,5.0,3,2,6,4,3,3,1,3,1,4,FAILING TO YIELD RIGHT-OF-WAY,2,2,0.0,0.0,0.0,0.0,0.0,4.0,18,7,6,06/15/2024,2024-06-15,18:30:00
08/10/2024 08:55:00 PM,5.0,3,5,13,4,3,3,3,3,1,4,DISREGARDING TRAFFIC SIGNALS,2,5,1.0,0.0,1.0,0.0,0.0,2.0,20,7,8,08/10/2024,2024-08-10,20:55:00
03/07/2024 04:00:00 PM,1.0,3,2,4,1,3,1,1,2,1,3,UNABLE TO DETERMINE,2,2,0.0,0.0,0.0,0.0,0.0,2.0,16,5,3,03/07/2024,2024-03-07,16:00:00
02/22/2024 01:15:00 PM,1.0,3,2,3,6,3,1,1,2,1,4,UNABLE TO DETERMINE,2,2,0.0,0.0,0.0,0.0,0.0,2.0,13,5,2,02/22/2024,2024-02-22,13:15:00
05/12/2024 11:14:00 AM,5.0,3,2,5,6,3,3,3,3,1,4,DISREGARDING TRAFFIC SIGNALS,2,3,1.0,0.0,0.0,0.0,1.0,2.0,11,1,5,05/12/2024,2024-05-12,11:14:00
06/06/2024 10:34:00 AM,5.0,3,2,3,6,3,3,3,2,1,4,UNABLE TO DETERMINE,2,2,0.0,0.0,0.0,0.0,0.0,4.0,10,5,6,06/06/2024,2024-06-06,10:34:00
06/07/2024 01:00:00 PM,5.0,3,2,4,6,3,3,1,2,1,4,FAILING TO YIELD RIGHT-OF-WAY,2,2,0.0,0.0,0.0,0.0,0.0,2.0,13,6,6,06/07/2024,2024-06-07,13:00:00
01/26/2024 03:01:00 PM,7.0,5,2,6,5,3,4,3,2,1,3,WEATHER,2,2,0.0,0.0,0.0,0.0,0.0,8.0,15,6,1,01/26/2024,2024-01-26,15:01:00
07/27/2024 10:54:00 AM,5.0,3,2,14,14,3,3,3,3,1,3,DRIVING ON WRONG SIDE/WRONG WAY,2,4,1.0,0.0,0.0,1.0,0.0,1.0,10,7,7,07/27/2024,2024-07-27,10:54:00
04/11/2024 06:28:00 AM,5.0,3,2,5,5,3,4,3,3,1,4,DISREGARDING TRAFFIC SIGNALS,2,3,1.0,0.0,0.0,0.0,1.0,3.0,6,5,4,04/11/2024,2024-04-11,06:28:00
01/17/2024 07:55:00 AM,7.0,3,2,5,5,3,3,3,3,1,4,FAILING TO YIELD RIGHT-OF-WAY,2,2,0.0,0.0,0.0,0.0,0.0,2.0,7,4,1,01/17/2024,2024-01-17,07:55:00
01/05/2024 06:20:00 AM,5.0,3,2,5,5,3,3,3,3,1,4,DISREGARDING TRAFFIC SIGNALS,2,2,0.0,0.0,0.0,0.0,0.0,2.0,6,6,1,01/05/2024,2024-01-05,06:20:00
07/08/2024 05:15:00 PM,5.0,3,2,3,12,3,3,3,2,1,4,IMPROPER LANE USAGE,2,2,0.0,0.0,0.0,0.0,0.0,3.0,17,2,7,07/08/2024,2024-07-08,17:15:00
05/06/2024 03:45:00 PM,5.0,3,2,5,5,3,3,3,3,1,4,DISREGARDING TRAFFIC SIGNALS,2,4,1.0,0.0,0.0,1.0,0.0,1.0,15,2,5,05/06/2024,2024-05-06,15:45:00
02/27/2024 12:40:00 AM,5.0,3,5,13,5,3,3,3,3,1,4,FAILING TO REDUCE SPEED TO AVOID CRASH,2,4,1.0,0.0,0.0,1.0,0.0,1.0,0,3,2,02/27/2024,2024-02-27,00:40:00
01/24/2024 08:12:00 PM,7.0,5,6,10,6,3,4,3,2,1,3,FOLLOWING TOO CLOSELY,2,2,0.0,0.0,0.0,0.0,0.0,3.0,20,4,1,01/24/2024,2024-01-24,20:12:00
04/30/2024 01:45:00 PM,7.0,3,2,5,4,3,3,3,2,1,4,FAILING TO YIELD RIGHT-OF-WAY,2,2,0.0,0.0,0.0,0.0,0.0,2.0,13,3,4,04/30/2024,2024-04-30,13:45:00
04/08/2024 04:15:00 PM,7.0,3,2,5,2,3,1,1,2,1,3,UNABLE TO DETERMINE,2,2,0.0,0.0,0.0,0.0,0.0,2.0,16,2,4,04/08/2024,2024-04-08,16:15:00
03/10/2024 09:26:00 AM,5.0,3,2,4,6,3,3,1,2,1,4,FOLLOWING TOO CLOSELY,2,2,0.0,0.0,0.0,0.0,0.0,3.0,9,1,3,03/10/2024,2024-03-10,09:26:00
07/16/2024 06:37:00 PM,5.0,3,2,3,6,3,3,3,3,1,4,IMPROPER TURNING/NO SIGNAL,2,2,0.0,0.0,0.0,0.0,0.0,2.0,18,3,7,07/16/2024,2024-07-16,18:37:00
06/02/2024 08:28:00 AM,7.0,3,2,5,4,3,3,3,3,1,4,FAILING TO YIELD RIGHT-OF-WAY,2,4,2.0,0.0,0.0,2.0,0.0,0.0,8,1,6,06/02/2024,2024-06-02,08:28:00
07/01/2024 10:27:00 PM,7.0,3,5,5,5,3,3,3,3,1,4,FAILING TO YIELD RIGHT-OF-WAY,2,2,0.0,0.0,0.0,0.0,0.0,3.0,22,2,7,07/01/2024,2024-07-01,22:27:00
06/17/2024 11:00:00 AM,5.0,3,2,3,14,3,3,3,2,1,4,IMPROPER LANE USAGE,2,2,0.0,0.0,0.0,0.0,0.0,2.0,11,2,6,06/17/2024,2024-06-17,11:00:00
07/21/2024 03:37:00 AM,5.0,3,5,4,5,3,3,3,3,1,4,FAILING TO YIELD RIGHT-OF-WAY,2,2,0.0,0.0,0.0,0.0,0.0,3.0,3,1,7,07/21/2024,2024-07-21,03:37:00
05/26/2024 02:40:00 PM,5.0,4,2,6,5,3,4,1,3,1,4,FAILING TO YIELD RIGHT-OF-WAY,2,2,0.0,0.0,0.0,0.0,0.0,3.0,14,1,5,05/26/2024,2024-05-26,14:40:00
01/28/2024 02:36:00 AM,7.0,5,5,5,5,3,4,3,2,1,4,UNABLE TO DETERMINE,2,2,0.0,0.0,0.0,0.0,0.0,3.0,2,1,1,01/28/2024,2024-01-28,02:36:00
04/27/2024 04:46:00 PM,5.0,3,2,3,6,3,3,3,2,1,3,FOLLOWING TOO CLOSELY,2,2,0.0,0.0,0.0,0.0,0.0,3.0,16,7,4,04/27/2024,2024-04-27,16:46:00
02/05/2024 02:10:00 PM,5.0,3,2,4,5,3,3,6,2,1,4,UNABLE TO DETERMINE,2,2,0.0,0.0,0.0,0.0,0.0,2.0,14,2,2,02/05/2024,2024-02-05,14:10:00
06/08/2024 10:53:00 PM,7.0,3,5,6,7,3,3,3,3,1,4,IMPROPER TURNING/NO SIGNAL,2,2,0.0,0.0,0.0,0.0,0.0,2.0,22,7,6,06/08/2024,2024-06-08,22:53:00
04/11/2024 04:38:00 AM,7.0,5,6,4,4,3,4,3,3,1,4,FAILING TO REDUCE SPEED TO AVOID CRASH,2,5,1.0,0.0,1.0,0.0,0.0,1.0,4,5,4,04/11/2024,2024-04-11,04:38:00
07/31/2024 07:50:00 PM,7.0,3,4,3,5,3,3,3,2,1,4,DISTRACTION - FROM INSIDE VEHICLE,2,2,0.0,0.0,0.0,0.0,0.0,6.0,19,4,7,07/31/2024,2024-07-31,19:50:00
05/10/2024 10:27:00 PM,7.0,3,5,5,5,3,3,3,3,1,4,NOT APPLICABLE,2,2,0.0,0.0,0.0,0.0,0.0,2.0,22,6,5,05/10/2024,2024-05-10,22:27:00
01/14/2024 03:44:00 PM,5.0,6,3,3,10,3,5,1,2,1,4,UNABLE TO DETERMINE,2,2,0.0,0.0,0.0,0.0,0.0,3.0,15,1,1,01/14/2024,2024-01-14,15:44:00
04/05/2024 05:20:00 PM,3.0,3,2,5,6,3,3,1,3,1,4,FAILING TO YIELD RIGHT-OF-WAY,2,2,0.0,0.0,0.0,0.0,0.0,2.0,17,6,4,04/05/2024,2024-04-05,17:20:00
05/22/2024 05:54:00 PM,4.0,3,2,6,6,3,3,3,3,1,4,FAILING TO YIELD RIGHT-OF-WAY,2,3,1.0,0.0,0.0,0.0,1.0,2.0,17,4,5,05/22/2024,2024-05-22,17:54:00
03/16/2024 07:55:00 PM,1.0,3,2,5,5,3,1,1,2,1,3,DISREGARDING TRAFFIC SIGNALS,2,2,0.0,0.0,0.0,0.0,0.0,2.0,19,7,3,03/16/2024,2024-03-16,19:55:00
01/04/2024 05:15:00 PM,5.0,3,5,4,5,3,1,1,2,1,2,FAILING TO REDUCE SPEED TO AVOID CRASH,2,2,0.0,0.0,0.0,0.0,0.0,2.0,17,5,1,01/04/2024,2024-01-04,17:15:00
01/16/2024 09:45:00 PM,5.0,3,5,6,5,3,3,3,2,1,3,DRIVING SKILLS/KNOWLEDGE/EXPERIENCE,2,2,0.0,0.0,0.0,0.0,0.0,2.0,21,3,1,01/16/2024,2024-01-16,21:45:00
01/28/2024 08:36:00 PM,5.0,3,5,6,4,3,3,3,3,1,4,FAILING TO YIELD RIGHT-OF-WAY,2,3,2.0,0.0,0.0,0.0,2.0,2.0,20,1,1,01/28/2024,2024-01-28,20:36:00
07/21/2024 03:00:00 AM,5.0,3,5,3,7,3,1,1,2,1,4,UNABLE TO DETERMINE,2,2,0.0,0.0,0.0,0.0,0.0,2.0,3,1,7,07/21/2024,2024-07-21,03:00:00
02/04/2024 07:00:00 PM,1.0,3,2,3,1,3,3,3,2,1,4,UNABLE TO DETERMINE,2,2,0.0,0.0,0.0,0.0,0.0,2.0,19,1,2,02/04/2024,2024-02-04,19:00:00