crash_date,traffic_control_device,weather_condition,lighting_condition,first_crash_type,trafficway_type,alignment,roadway_surface_cond,road_defect,crash_type,intersection_related_i,damage,prim_contributory_cause,num_units,most_severe_injury,injuries_total,injuries_fatal,injuries_incapacitating,injuries_non_incapacitating,injuries_reported_not_evident,injuries_no_indication,crash_hour,crash_day_of_week,crash_month,parsed_datetime,date,time
05/22/2024 02:13:00 PM,5.0,3,2,5,6,3,3,1,2,1,4,UNABLE TO DETERMINE,2,2,0.0,0.0,0.0,0.0,0.0,2.0,14,4,5,05/22/2024,2024-05-22,14:13:00
08/01/2024 05:12:00 PM,5.0,3,4,3,4,3,3,1,2,1,3,IMPROPER OVERTAKING/PASSING,2,2,0.0,0.0,0.0,0.0,0.0,2.0,17,5,8,08/01/2024,2024-08-01,17:12:00
03/17/2024 09:36:00 AM,5.0,3,2,5,5,3,3,3,3,1,4,DISREGARDING TRAFFIC SIGNALS,2,2,0.0,0.0,0.0,0.0,0.0,2.0,9,1,3,03/17/2024,2024-03-17,09:36:00
07/13/2024 04:45:00 PM,5.0,3,2,6,3,3,3,1,3,1,2,IMPROPER LANE USAGE,2,4,2.0,0.0,0.0,2.0,0.0,0.0,16,7,7,07/13/2024,2024-07-13,16:45:00
05/16/2024 05:30:00 PM,5.0,3,2,3,5,3,3,3,2,1,3,FAILING TO REDUCE SPEED TO AVOID CRASH,2,2,0.0,0.0,0.0,0.0,0.0,2.0,17,5,5,05/16/2024,2024-05-16,17:30:00
07/12/2024 03:02:00 PM,5.0,3,2,5,5,3,3,3,3,1,4,FAILING TO YIELD RIGHT-OF-WAY,2,2,0.0,0.0,0.0,0.0,0.0,2.0,15,6,7,07/12/2024,2024-07-12,15:02:00
07/28/2024 04:50:00 AM,5.0,3,5,6,5,3,1,1,3,1,4,DISREGARDING TRAFFIC SIGNALS,2,4,1.0,0.0,0.0,1.0,0.0,1.0,4,1,7,07/28/2024,2024-07-28,04:50:00
08/01/2024 03:28:00 PM,7.0,3,2,6,6,3,3,1,3,1,4,UNDER THE INFLUENCE OF ALCOHOL/DRUGS (USE WHEN ARREST IS EFFECTED),2,2,0.0,0.0,0.0,0.0,0.0,6.0,15,5,8,08/01/2024,2024-08-01,15:28:00
07/06/2024 08:25:00 AM,5.0,3,2,4,5,3,3,3,2,1,4,FOLLOWING TOO CLOSELY,2,2,0.0,0.0,0.0,0.0,0.0,3.0,8,7,7,07/06/2024,2024-07-06,08:25:00
08/11/2024 06:39:00 AM,5.0,3,2,5,3,3,3,3,3,1,4,DISREGARDING TRAFFIC SIGNALS,2,2,0.0,0.0,0.0,0.0,0.0,5.0,6,1,8,08/11/2024,2024-08-11,06:39:00
01/24/2024 02:40:00 PM,3.0,5,2,6,6,3,4,3,3,1,4,FAILING TO YIELD RIGHT-OF-WAY,2,5,1.0,0.0,1.0,0.0,0.0,3.0,14,4,1,01/24/2024,2024-01-24,14:40:00
03/08/2024 12:45:00 PM,3.0,5,2,6,10,3,4,3,2,1,4,FAILING TO YIELD RIGHT-OF-WAY,2,2,0.0,0.0,0.0,0.0,0.0,2.0,12,6,3,03/08/2024,2024-03-08,12:45:00
06/25/2024 01:30:00 PM,7.0,3,2,4,4,3,3,3,2,1,4,FOLLOWING TOO CLOSELY,2,2,0.0,0.0,0.0,0.0,0.0,2.0,13,3,6,06/25/2024,2024-06-25,13:30:00
06/20/2024 11:27:00 AM,3.0,3,2,11,2,3,3,3,2,1,4,IMPROPER LANE USAGE,2,2,0.0,0.0,0.0,0.0,0.0,2.0,11,5,6,06/20/2024,2024-06-20,11:27:00
01/24/2024 02:17:00 PM,5.0,5,2,6,4,3,4,3,3,1,3,FAILING TO YIELD RIGHT-OF-WAY,2,4,2.0,0.0,0.0,2.0,0.0,2.0,14,4,1,01/24/2024,2024-01-24,14:17:00
05/06/2024 07:50:00 AM,7.0,3,2,6,4,3,3,3,2,1,4,FAILING TO YIELD RIGHT-OF-WAY,2,2,0.0,0.0,0.0,0.0,0.0,2.0,7,2,5,05/06/2024,2024-05-06,07:50:00
04/30/2024 11:00:00 PM,5.0,3,5,4,6,3,3,3,3,1,4,FOLLOWING TOO CLOSELY,2,3,1.0,0.0,0.0,0.0,1.0,2.0,23,3,4,04/30/2024,2024-04-30,23:00:00
07/10/2024 02:24:00 AM,5.0,5,6,6,7,3,4,3,2,1,4,IMPROPER LANE USAGE,2,2,0.0,0.0,0.0,0.0,0.0,2.0,2,4,7,07/10/2024,2024-07-10,02:24:00
06/17/2024 01:30:00 AM,5.0,3,6,3,5,3,3,1,2,1,4,FAILING TO REDUCE SPEED TO AVOID CRASH,2,2,0.0,0.0,0.0,0.0,0.0,2.0,1,2,6,06/17/2024,2024-06-17,01:30:00
02/19/2024 04:00:00 AM,5.0,3,5,4,6,3,3,1,2,1,3,UNABLE TO DETERMINE,2,2,0.0,0.0,0.0,0.0,0.0,2.0,4,2,2,02/19/2024,2024-02-19,04:00:00
01/15/2024 10:00:00 PM,3.0,3,5,6,6,3,3,3,3,1,3,IMPROPER OVERTAKING/PASSING,2,2,0.0,0.0,0.0,0.0,0.0,2.0,22,2,1,01/15/2024,2024-01-15,22:00:00
03/10/2024 09:48:00 PM,5.0,4,5,5,5,3,3,3,3,1,4,UNABLE TO DETERMINE,2,2,0.0,0.0,0.0,0.0,0.0,3.0,21,1,3,03/10/2024,2024-03-10,21:48:00
06/14/2024 10:17:00 AM,5.0,3,2,5,5,3,3,3,2,1,4,DISREGARDING TRAFFIC SIGNALS,2,2,0.0,0.0,0.0,0.0,0.0,3.0,10,6,6,06/14/2024,2024-06-14,10:17:00
01/13/2024 11:24:00 AM,5.0,3,2,5,6,3,3,3,3,1,4,UNABLE TO DETERMINE,2,4,1.0,0.0,0.0,1.0,0.0,1.0,11,7,1,01/13/2024,2024-01-13,11:24:00
01/06/2024 01:05:00 PM,5.0,6,2,5,7,3,4,3,2,1,4,UNABLE TO DETERMINE,2,2,0.0,0.0,0.0,0.0,0.0,3.0,13,7,1,01/06/2024,2024-01-06,13:05:00
02/04/2024 04:15:00 PM,5.0,3,2,6,7,3,1,1,2,1,2,IMPROPER TURNING/NO SIGNAL,2,2,0.0,0.0,0.0,0.0,0.0,2.0,16,1,2,02/04/2024,2024-02-04,16:15:00
01/18/2024 01:30:00 AM,7.0,6,5,4,4,3,5,3,2,1,4,WEATHER,2,2,0.0,0.0,0.0,0.0,0.0,2.0,1,5,1,01/18/2024,2024-01-18,01:30:00
02/29/2024 09:05:00 AM,7.0,3,2,5,4,3,3,3,3,1,4,FAILING TO YIELD RIGHT-OF-WAY,2,2,0.0,0.0,0.0,0.0,0.0,2.0,9,5,2,02/29/2024,2024-02-29,09:05:00
05/26/2024 03:43:00 AM,5.0,3,5,6,5,3,3,5,3,1,4,FAILING TO YIELD RIGHT-OF-WAY,2,4,2.0,0.0,0.0,2.0,0.0,1.0,3,1,5,05/26/2024,2024-05-26,03:43:00
02/08/2024 04:10:00 PM,5.0,3,2,3,6,3,3,3,2,1,3,FOLLOWING TOO CLOSELY,2,2,0.0,0.0,0.0,0.0,0.0,2.0,16,5,2,02/08/2024,2024-02-08,16:10:00
01/06/2024 10:52:00 PM,1.0,3,5,6,1,3,1,1,2,1,4,UNABLE TO DETERMINE,2,2,0.0,0.0,0.0,0.0,0.0,2.0,22,7,1,01/06/2024,2024-01-06,22:52:00
04/22/2024 07:45:00 AM,5.0,3,2,3,4,3,3,3,2,1,3,IMPROPER LANE USAGE,2,2,0.0,0.0,0.0,0.0,0.0,2.0,7,2,4,04/22/2024,2024-04-22,07:45:00
05/05/2024 01:40:00 PM,3.0,3,2,11,10,3,3,3,2,0,4,IMPROPER BACKING,2,2,0.0,0.0,0.0,0.0,0.0,1.0,13,1,5,05/05/2024,2024-05-05,13:40:00
05/02/2024 07:25:00 PM,5.0,3,2,6,5,3,3,3,2,1,4,UNABLE TO DETERMINE,2,2,0.0,0.0,0.0,0.0,0.0,2.0,19,5,5,05/02/2024,2024-05-02,19:25:00
03/13/2024 05:59:00 PM,5.0,3,4,3,4,3,3,3,2,1,2,IMPROPER OVERTAKING/PASSING,2,2,0.0,0.0,0.0,0.0,0.0,4.0,17,4,3,03/13/2024,2024-03-13,17:59:00
02/01/2024 08:23:00 AM,5.0,3,2,4,6,3,3,3,2,0,4,FOLLOWING TOO CLOSELY,2,2,0.0,0.0,0.0,0.0,0.0,3.0,8,5,2,02/01/2024,2024-02-01,08:23:00
07/07/2024 03:50:00 AM,7.0,3,6,5,5,3,3,3,3,1,4,FAILING TO YIELD RIGHT-OF-WAY,2,3,1.0,0.0,0.0,0.0,1.0,1.0,3,1,7,07/07/2024,2024-07-07,03:50:00
08/07/2024 10:35:00 AM,5.0,3,2,7,6,3,3,3,3,1,3,DISREGARDING STOP SIGN,2,4,2.0,0.0,0.0,2.0,0.0,0.0,10,4,8,08/07/2024,2024-08-07,10:35:00
07/12/2024 02:00:00 PM,5.0,3,2,3,4,3,3,1,2,0,3,FOLLOWING TOO CLOSELY,2,2,0.0,0.0,0.0,0.0,0.0,6.0,14,6,7,07/12/2024,2024-07-12,14:00:00
06/26/2024 03:25:00 PM,3.0,3,2,11,15,3,3,3,2,0,4,IMPROPER BACKING,2,2,0.0,0.0,0.0,0.0,0.0,3.0,15,4,6,06/26/2024,2024-06-26,15:25:00
08/01/2024 04:20:00 PM,5.0,3,2,4,6,3,3,3,2,1,4,UNABLE TO DETERMINE,2,2,0.0,0.0,0.0,0.0,0.0,3.0,16,5,8,08/01/2024,2024-08-01,16:20:00
04/16/2024 07:54:00 AM,5.0,3,2,5,7,3,3,3,2,1,3,UNABLE TO DETERMINE,2,2,0.0,0.0,0.0,0.0,0.0,5.0,7,3,4,04/16/2024,2024-04-16,07:54:00
07/26/2024 03:08:00 PM,7.0,3,2,5,4,3,3,3,3,1,4,FAILING TO YIELD RIGHT-OF-WAY,2,4,2.0,0.0,0.0,2.0,0.0,1.0,15,6,7,07/26/2024,2024-07-26,15:08:00
04/07/2024 10:07:00 AM,5.0,5,2,3,6,3,4,2,2,1,4,UNABLE TO DETERMINE,2,2,0.0,0.0,0.0,0.0,0.0,3.0,10,1,4,04/07/2024,2024-04-07,10:07:00
01/02/2024 08:48:00 AM,3.0,3,2,5,6,3,3,3,2,1,2,UNABLE TO DETERMINE,2,2,0.0,0.0,0.0,0.0,0.0,2.0,8,3,1,01/02/2024,2024-01-02,08:48:00
07/01/2024 03:00:00 PM,5.0,3,2,4,6,3,3,3,2,1,4,FOLLOWING TOO CLOSELY,2,2,0.0,0.0,0.0,0.0,0.0,2.0,15,2,7,07/01/2024,2024-07-01,15:00:00
01/03/2024 01:30:00 PM,7.0,3,2,5,5,3,3,3,3,1,4,IMPROPER OVERTAKING/PASSING,2,4,2.0,0.0,0.0,2.0,0.0,1.0,13,4,1,01/03/2024,2024-01-03,13:30:00
04/30/2024 12:00:00 PM,5.0,3,2,4,5,3,3,3,2,1,4,FOLLOWING TOO CLOSELY,2,2,0.0,0.0,0.0,0.0,0.0,2.0,12,3,4,04/30/2024,2024-04-30,12:00:00
05/26/2024 01:30:00 PM,5.0,3,2,4,5,3,1,1,2,1,4,UNABLE TO DETERMINE,2,2,0.0,0.0,0.0,0.0,0.0,2.0,13,1,5,05/26/2024,2024-05-26,13:30:00
01/20/2024 03:44:00 AM,5.0,3,5,6,14,3,4,3,3,1,4,UNABLE TO DETERMINE,2,3,2.0,0.0,0.0,0.0,2.0,1.0,3,7,1,01/20/2024,2024-01-20,03:44:00
02/18/2024 06:00:00 PM,5.0,3,5,6,4,3,3,3,2,1,4,IMPROPER OVERTAKING/PASSING,2,2,0.0,0.0,0.0,0.0,0.0,2.0,18,1,2,02/18/2024,2024-02-18,18:00:00
05/22/2024 03:37:00 PM,7.0,3,2,6,5,3,3,3,3,1,4,FAILING TO YIELD RIGHT-OF-WAY,2,2,0.0,0.0,0.0,0.0,0.0,6.0,15,4,5,05/22/2024,2024-05-22,15:37:00
01/20/2024 01:00:00 AM,5.0,6,5,5,3,3,5,3,2,1,3,UNABLE TO DETERMINE,2,2,0.0,0.0,0.0,0.0,0.0,2.0,1,7,1,01/20/2024,2024-01-20,01:00:00
01/31/2024 05:13:00 PM,5.0,3,2,6,5,3,3,3,2,1,4,FAILING TO YIELD RIGHT-OF-WAY,2,2,0.0,0.0,0.0,0.0,0.0,2.0,17,4,1,01/31/2024,2024-01-31,17:13:00
02/23/2024 05:30:00 PM,7.0,6,5,14,6,3,4,1,3,1,2,UNABLE TO DETERMINE,2,5,1.0,0.0,1.0,0.0,0.0,1.0,17,6,2,02/23/2024,2024-02-23,17:30:00
07/07/2024 10:00:00 PM,1.0,3,6,13,1,3,3,1,2,1,2,UNABLE TO DETERMINE,2,2,0.0,0.0,0.0,0.0,0.0,2.0,22,1,7,07/07/2024,2024-07-07,22:00:00
04/17/2024 11:10:00 AM,5.0,3,2,3,3,3,3,3,3,1,4,IMPROPER LANE USAGE,2,4,1.0,0.0,0.0,1.0,0.0,1.0,11,4,4,04/17/2024,2024-04-17,11:10:00
01/30/2024 11:30:00 AM,5.0,3,2,3,6,3,3,3,2,0,2,IMPROPER TURNING/NO SIGNAL,2,2,0.0,0.0,0.0,0.0,0.0,2.0,11,3,1,01/30/2024,2024-01-30,11:30:00
03/20/2024 04:50:00 PM,3.0,3,2,3,5,3,3,3,2,1,4,UNABLE TO DETERMINE,2,2,0.0,0.0,0.0,0.0,0.0,2.0,16,4,3,03/20/2024,2024-03-20,16:50:00
05/24/2024 03:48:00 PM,5.0,5,2,7,14,3,4,1,3,1,4,FAILING TO REDUCE SPEED TO AVOID CRASH,2,2,0.0,0.0,0.0,0.0,0.0,2.0,15,6,5,05/24/2024,2024-05-24,15:48:00
05/15/2024 04:30:00 PM,3.0,3,2,4,5,3,1,1,2,1,4,UNABLE TO DETERMINE,2,2,0.0,0.0,0.0,0.0,0.0,5.0,16,4,5,05/15/2024,2024-05-15,16:30:00
05/24/2024 10:36:00 PM,5.0,3,5,5,5,3,4,3,3,1,4,DISREGARDING TRAFFIC SIGNALS,2,3,2.0,0.0,0.0,0.0,2.0,1.0,22,6,5,05/24/2024,2024-05-24,22:36:00
05/04/2024 06:30:00 PM,5.0,3,3,4,4,3,3,3,2,1,4,UNABLE TO DETERMINE,2,2,0.0,0.0,0.0,0.0,0.0,2.0,18,7,5,05/04/2024,2024-05-04,18:30:00
05/01/2024 05:59:00 PM,5.0,3,2,5,6,3,3,1,2,1,4,DISREGARDING TRAFFIC SIGNALS,2,2,0.0,0.0,0.0,0.0,0.0,2.0,17,4,5,05/01/2024,2024-05-01,17:59:00
05/05/2024 02:10:00 AM,5.0,3,5,6,5,3,3,1,3,1,4,IMPROPER TURNING/NO SIGNAL,2,3,1.0,0.0,0.0,0.0,1.0,2.0,2,1,5,05/05/2024,2024-05-05,02:10:00
01/30/2024 05:45:00 AM,5.0,3,5,3,5,3,1,1,2,1,4,IMPROPER LANE USAGE,2,2,0.0,0.0,0.0,0.0,0.0,2.0,5,3,1,01/30/2024,2024-01-30,05:45:00
02/15/2024 08:38:00 AM,5.0,3,2,6,6,3,4,3,2,1,4,IMPROPER TURNING/NO SIGNAL,2,2,0.0,0.0,0.0,0.0,0.0,6.0,8,5,2,02/15/2024,2024-02-15,08:38:00
01/20/2024 06:00:00 PM,7.0,3,5,6,7,3,3,3,2,1,4,NOT APPLICABLE,2,2,0.0,0.0,0.0,0.0,0.0,2.0,18,7,1,01/20/2024,2024-01-20,18:00:00
04/06/2024 12:15:00 PM,3.0,3,2,6,6,3,3,3,2,1,4,FAILING TO YIELD RIGHT-OF-WAY,2,2,0.0,0.0,0.0,0.0,0.0,4.0,12,7,4,04/06/2024,2024-04-06,12:15:00
06/19/2024 07:55:00 AM,5.0,3,2,6,5,3,3,3,2,1,4,FAILING TO YIELD RIGHT-OF-WAY,2,2,0.0,0.0,0.0,0.0,0.0,2.0,7,4,6,06/19/2024,2024-06-19,07:55:00
05/18/2024 02:45:00 PM,5.0,3,2,6,5,3,3,3,3,1,4,UNABLE TO DETERMINE,2,3,1.0,0.0,0.0,0.0,1.0,2.0,14,7,5,05/18/2024,2024-05-18,14:45:00
07/08/2024 11:00:00 AM,5.0,3,2,4,4,3,3,3,2,1,4,FOLLOWING TOO CLOSELY,2,2,0.0,0.0,0.0,0.0,0.0,3.0,11,2,7,07/08/2024,2024-07-08,11:00:00
04/14/2024 07:05:00 PM,5.0,3,5,6,5,3,1,1,2,1,3,IMPROPER TURNING/NO SIGNAL,2,2,0.0,0.0,0.0,0.0,0.0,2.0,19,1,4,04/14/2024,2024-04-14,19:05:00
08/09/2024 11:05:00 PM,5.0,3,5,5,5,3,3,3,2,1,3,UNABLE TO DETERMINE,2,2,0.0,0.0,0.0,0.0,0.0,3.0,23,6,8,08/09/2024,2024-08-09,23:05:00
06/20/2024 12:02:00 AM,5.0,3,5,3,6,3,3,3,3,1,4,IMPROPER LANE USAGE,2,3,1.0,0.0,0.0,0.0,1.0,1.0,0,5,6,06/20/2024,2024-06-20,00:02:00
05/10/2024 07:00:00 AM,5.0,3,2,13,5,3,3,3,3,1,4,FAILING TO YIELD RIGHT-OF-WAY,2,4,1.0,0.0,0.0,1.0,0.0,2.0,7,6,5,05/10/2024,2024-05-10,07:00:00
04/13/2024 03:08:00 PM,7.0,3,2,6,5,3,3,1,2,1,4,UNABLE TO DETERMINE,2,2,0.0,0.0,0.0,0.0,0.0,5.0,15,7,4,04/13/2024,2024-04-13,15:08:00
04/17/2024 02:30:00 PM,3.0,3,2,5,6,3,3,3,2,1,4,UNABLE TO DETERMINE,2,2,0.0,0.0,0.0,0.0,0.0,2.0,14,4,4,04/17/2024,2024-04-17,14:30:00
07/03/2024 08:42:00 PM,2.0,3,5,6,1,6,3,3,3,1,4,DISREGARDING OTHER TRAFFIC SIGNS,2,3,2.0,0.0,0.0,0.0,2.0,0.0,20,4,7,07/03/2024,2024-07-03,20:42:00
06/14/2024 01:11:00 PM,5.0,3,2,6,6,3,3,3,3,1,4,NOT APPLICABLE,2,3,2.0,0.0,0.0,0.0,2.0,2.0,13,6,6,06/14/2024,2024-06-14,13:11:00
02/27/2024 11:41:00 PM,5.0,3,5,5,5,3,4,1,3,1,4,UNABLE TO DETERMINE,2,3,1.0,0.0,0.0,0.0,1.0,3.0,23,3,2,02/27/2024,2024-02-27,23:41:00
02/03/2024 05:48:00 AM,5.0,3,5,5,7,3,3,3,3,1,4,FAILING TO REDUCE SPEED TO AVOID CRASH,2,3,1.0,0.0,0.0,0.0,1.0,1.0,5,7,2,02/03/2024,2024-02-03,05:48:00
01/29/2024 11:43:00 AM,5.0,3,2,3,6,3,3,3,3,0,4,IMPROPER OVERTAKING/PASSING,2,2,0.0,0.0,0.0,0.0,0.0,2.0,11,2,1,01/29/2024,2024-01-29,11:43:00
05/11/2024 01:48:00 AM,7.0,3,6,5,5,3,4,1,3,1,4,DISREGARDING STOP SIGN,2,4,1.0,0.0,0.0,1.0,0.0,2.0,1,7,5,05/11/2024,2024-05-11,01:48:00
05/06/2024 08:30:00 AM,7.0,3,2,5,5,3,3,3,2,1,4,UNABLE TO DETERMINE,2,2,0.0,0.0,0.0,0.0,0.0,2.0,8,2,5,05/06/2024,2024-05-06,08:30:00
06/29/2024 11:05:00 PM,5.0,3,5,6,5,3,3,3,3,1,4,UNABLE TO DETERMINE,2,2,0.0,0.0,0.0,0.0,0.0,7.0,23,7,6,06/29/2024,2024-06-29,23:05:00
05/07/2024 06:15:00 PM,5.0,3,2,6,2,3,1,1,2,1,3,UNABLE TO DETERMINE,2,2,0.0,0.0,0.0,0.0,0.0,2.0,18,3,5,05/07/2024,2024-05-07,18:15:00
07/23/2024 07:30:00 AM,3.0,3,2,6,6,3,3,1,3,1,4,UNABLE TO DETERMINE,2,4,2.0,0.0,0.0,2.0,0.0,1.0,7,3,7,07/23/2024,2024-07-23,07:30:00
03/28/2024 01:50:00 PM,5.0,3,2,14,6,3,1,1,3,1,4,FAILING TO YIELD RIGHT-OF-WAY,2,4,1.0,0.0,0.0,1.0,0.0,1.0,13,5,3,03/28/2024,2024-03-28,13:50:00
02/06/2024 10:30:00 AM,5.0,3,5,5,5,3,3,3,3,1,4,UNABLE TO DETERMINE,2,2,0.0,0.0,0.0,0.0,0.0,3.0,10,3,2,02/06/2024,2024-02-06,10:30:00
02/18/2024 11:00:00 AM,1.0,3,2,6,5,3,3,3,3,1,4,DISTRACTION - FROM OUTSIDE VEHICLE,2,2,0.0,0.0,0.0,0.0,0.0,2.0,11,1,2,02/18/2024,2024-02-18,11:00:00
07/09/2024 08:21:00 AM,7.0,3,2,5,13,3,3,3,2,1,3,FAILING TO YIELD RIGHT-OF-WAY,2,2,0.0,0.0,0.0,0.0,0.0,2.0,8,3,7,07/09/2024,2024-07-09,08:21:00
07/05/2024 06:10:00 PM,5.0,3,2,6,6,3,3,3,3,1,4,IMPROPER TURNING/NO SIGNAL,2,4,1.0,0.0,0.0,1.0,0.0,1.0,18,6,7,07/05/2024,2024-07-05,18:10:00
07/29/2024 07:39:00 PM,5.0,3,3,6,6,3,4,3,2,1,4,IMPROPER LANE USAGE,2,2,0.0,0.0,0.0,0.0,0.0,2.0,19,2,7,07/29/2024,2024-07-29,19:39:00
03/27/2024 08:26:00 AM,7.0,4,2,6,4,3,3,3,3,1,4,FAILING TO YIELD RIGHT-OF-WAY,2,2,0.0,0.0,0.0,0.0,0.0,2.0,8,4,3,03/27/2024,2024-03-27,08:26:00
02/01/2024 12:11:00 PM,5.0,3,2,10,5,3,3,3,3,1,3,UNABLE TO DETERMINE,2,2,0.0,0.0,0.0,0.0,0.0,2.0,12,5,2,02/01/2024,2024-02-01,12:11:00
03/07/2024 10:24:00 AM,3.0,3,2,13,1,3,3,3,3,1,2,FAILING TO YIELD RIGHT-OF-WAY,2,3,1.0,0.0,0.0,0.0,1.0,2.0,10,5,3,03/07/2024,2024-03-07,10:24:00
01/05/2024 03:30:00 PM,5.0,3,2,6,1,3,1,1,2,1,4,UNABLE TO DETERMINE,2,2,0.0,0.0,0.0,0.0,0.0,2.0,15,6,1,01/05/2024,2024-01-05,15:30:00
01/14/2024 02:37:00 PM,5.0,3,4,3,12,3,3,3,2,1,4,IMPROPER LANE USAGE,2,2,0.0,0.0,0.0,0.0,0.0,2.0,14,1,1,01/14/2024,2024-01-14,14:37:00
01/26/2024 02:56:00 PM,5.0,5,2,6,4,3,4,3,2,1,3,UNABLE TO DETERMINE,2,2,0.0,0.0,0.0,0.0,0.0,4.0,14,6,1,01/26/2024,2024-01-26,14:56:00
06/06/2024 08:43:00 AM,5.0,3,2,6,4,3,3,3,2,1,2,IMPROPER TURNING/NO SIGNAL,2,2,0.0,0.0,0.0,0.0,0.0,2.0,8,5,6,06/06/2024,2024-06-06,08:43:00
04/28/2024 05:54:00 PM,5.0,3,2,4,7,3,3,3,3,1,4,FOLLOWING TOO CLOSELY,2,3,1.0,0.0,0.0,0.0,1.0,1.0,17,1,4,04/28/2024,2024-04-28,17:54:00
03/30/2024 10:00:00 PM,5.0,3,5,5,5,3,3,3,3,1,4,DISREGARDING TRAFFIC SIGNALS,2,2,0.0,0.0,0.0,0.0,0.0,2.0,22,7,3,03/30/2024,2024-03-30,22:00:00
05/12/2024 07:09:00 AM,7.0,3,2,4,7,3,3,3,3,1,4,FAILING TO REDUCE SPEED TO AVOID CRASH,2,3,1.0,0.0,0.0,0.0,1.0,1.0,7,1,5,05/12/2024,2024-05-12,07:09:00
05/28/2024 05:45:00 PM,7.0,5,2,5,5,3,4,3,3,1,4,FAILING TO YIELD RIGHT-OF-WAY,2,3,1.0,0.0,0.0,0.0,1.0,1.0,17,3,5,05/28/2024,2024-05-28,17:45:00
03/22/2024 09:20:00 AM,5.0,5,2,5,6,3,4,1,2,1,4,UNABLE TO DETERMINE,2,2,0.0,0.0,0.0,0.0,0.0,2.0,9,6,3,03/22/2024,2024-03-22,09:20:00
04/27/2024 08:10:00 PM,5.0,3,5,4,4,3,3,3,2,1,4,FOLLOWING TOO CLOSELY,2,2,0.0,0.0,0.0,0.0,0.0,2.0,20,7,4,04/27/2024,2024-04-27,20:10:00
07/10/2024 01:00:00 AM,7.0,5,6,11,6,3,3,3,2,1,4,UNABLE TO DETERMINE,2,2,0.0,0.0,0.0,0.0,0.0,1.0,1,4,7,07/10/2024,2024-07-10,01:00:00
06/13/2024 11:40:00 AM,5.0,3,2,5,4,3,3,3,2,1,4,UNABLE TO DETERMINE,2,2,0.0,0.0,0.0,0.0,0.0,2.0,11,5,6,06/13/2024,2024-06-13,11:40:00
03/15/2024 08:29:00 PM,3.0,3,5,6,7,3,3,1,2,1,4,FAILING TO YIELD RIGHT-OF-WAY,2,2,0.0,0.0,0.0,0.0,0.0,5.0,20,6,3,03/15/2024,2024-03-15,20:29:00
05/13/2024 05:30:00 PM,5.0,5,2,3,6,3,4,1,2,1,3,UNABLE TO DETERMINE,2,2,0.0,0.0,0.0,0.0,0.0,3.0,17,2,5,05/13/2024,2024-05-13,17:30:00
07/05/2024 12:58:00 AM,5.0,3,2,4,4,3,3,3,3,1,4,FOLLOWING TOO CLOSELY,2,4,1.0,0.0,0.0,1.0,0.0,1.0,0,6,7,07/05/2024,2024-07-05,00:58:00
02/14/2024 08:50:00 AM,3.0,3,2,13,5,3,3,3,3,1,4,FAILING TO YIELD RIGHT-OF-WAY,2,4,1.0,0.0,0.0,1.0,0.0,1.0,8,4,2,02/14/2024,2024-02-14,08:50:00
01/19/2024 01:40:00 PM,5.0,6,2,13,6,3,5,3,3,1,2,"VISION OBSCURED (SIGNS, TREE LIMBS, BUILDINGS, ETC.)",2,4,1.0,0.0,0.0,1.0,0.0,1.0,13,6,1,01/19/2024,2024-01-19,13:40:00
04/20/2024 11:33:00 AM,3.0,3,2,5,2,3,3,1,3,1,4,FAILING TO YIELD RIGHT-OF-WAY,2,4,1.0,0.0,0.0,1.0,0.0,1.0,11,7,4,04/20/2024,2024-04-20,11:33:00
03/22/2024 05:12:00 PM,5.0,6,4,6,5,3,4,1,3,1,4,FAILING TO YIELD RIGHT-OF-WAY,2,2,0.0,0.0,0.0,0.0,0.0,4.0,17,6,3,03/22/2024,2024-03-22,17:12:00
06/28/2024 09:25:00 AM,5.0,5,2,4,6,3,4,3,3,1,4,UNABLE TO DETERMINE,2,3,1.0,0.0,0.0,0.0,1.0,1.0,9,6,6,06/28/2024,2024-06-28,09:25:00
02/19/2024 01:00:00 PM,7.0,3,2,5,5,3,3,3,2,1,4,FAILING TO YIELD RIGHT-OF-WAY,2,2,0.0,0.0,0.0,0.0,0.0,2.0,13,2,2,02/19/2024,2024-02-19,13:00:00
04/18/2024 07:28:00 PM,5.0,5,5,6,5,3,4,3,2,1,4,FAILING TO YIELD RIGHT-OF-WAY,2,2,0.0,0.0,0.0,0.0,0.0,2.0,19,5,4,04/18/2024,2024-04-18,19:28:00
08/06/2024 10:10:00 AM,7.0,3,2,5,5,3,3,1,2,1,4,UNABLE TO DETERMINE,2,2,0.0,0.0,0.0,0.0,0.0,4.0,10,3,8,08/06/2024,2024-08-06,10:10:00
02/28/2024 06:50:00 AM,5.0,3,2,5,5,3,3,3,2,1,4,DISTRACTION - FROM INSIDE VEHICLE,2,2,0.0,0.0,0.0,0.0,0.0,2.0,6,4,2,02/28/2024,2024-02-28,06:50:00
06/28/2024 05:45:00 PM,7.0,5,2,5,5,3,4,3,3,1,4,UNABLE TO DETERMINE,2,2,0.0,0.0,0.0,0.0,0.0,3.0,17,6,6,06/28/2024,2024-06-28,17:45:00
01/13/2024 07:35:00 PM,5.0,6,5,3,6,3,5,3,2,1,4,FAILING TO YIELD RIGHT-OF-WAY,2,2,0.0,0.0,0.0,0.0,0.0,2.0,19,7,1,01/13/2024,2024-01-13,19:35:00