crash_date,traffic_control_device,weather_condition,lighting_condition,first_crash_type,trafficway_type,alignment,roadway_surface_cond,road_defect,crash_type,intersection_related_i,damage,prim_contributory_cause,num_units,most_severe_injury,injuries_total,injuries_fatal,injuries_incapacitating,injuries_non_incapacitating,injuries_reported_not_evident,injuries_no_indication,crash_hour,crash_day_of_week,crash_month,parsed_datetime,date,time
03/14/2024 03:21:00 PM,5.0,4,2,3,5,3,3,3,2,1,2,IMPROPER LANE USAGE,2,2,0.0,0.0,0.0,0.0,0.0,3.0,15,5,3,03/14/2024,2024-03-14,15:21:00
05/31/2024 07:53:00 AM,7.0,3,2,5,5,3,3,3,2,1,4,FAILING TO YIELD RIGHT-OF-WAY,2,2,0.0,0.0,0.0,0.0,0.0,2.0,7,6,5,05/31/2024,2024-05-31,07:53:00
05/03/2024 05:50:00 PM,5.0,3,2,3,4,3,3,1,2,1,4,UNABLE TO DETERMINE,2,2,0.0,0.0,0.0,0.0,0.0,3.0,17,6,5,05/03/2024,2024-05-03,17:50:00
07/28/2024 07:50:00 AM,7.0,5,2,14,10,3,4,3,3,1,2,UNABLE TO DETERMINE,2,4,1.0,0.0,0.0,1.0,0.0,1.0,7,1,7,07/28/2024,2024-07-28,07:50:00
06/04/2024 12:35:00 PM,3.0,3,2,2,4,3,3,3,3,1,3,DRIVING ON WRONG SIDE/WRONG WAY,2,4,1.0,0.0,0.0,1.0,0.0,1.0,12,3,6,06/04/2024,2024-06-04,12:35:00
03/11/2024 08:35:00 AM,7.0,3,2,5,5,3,3,3,2,1,4,DISREGARDING STOP SIGN,2,2,0.0,0.0,0.0,0.0,0.0,2.0,8,2,3,03/11/2024,2024-03-11,08:35:00
07/31/2024 07:20:00 PM,3.0,3,4,3,4,3,1,1,2,1,4,UNABLE TO DETERMINE,2,2,0.0,0.0,0.0,0.0,0.0,2.0,19,4,7,07/31/2024,2024-07-31,19:20:00
04/05/2024 10:36:00 AM,5.0,4,2,5,3,3,3,3,3,1,4,DISREGARDING TRAFFIC SIGNALS,2,3,2.0,0.0,0.0,0.0,2.0,3.0,10,6,4,04/05/2024,2024-04-05,10:36:00
05/26/2024 11:25:00 PM,5.0,3,5,4,4,3,3,3,2,1,3,FOLLOWING TOO CLOSELY,2,2,0.0,0.0,0.0,0.0,0.0,2.0,23,1,5,05/26/2024,2024-05-26,23:25:00
01/18/2024 02:30:00 PM,5.0,4,2,4,7,3,3,1,3,1,4,FAILING TO REDUCE SPEED TO AVOID CRASH,2,3,1.0,0.0,0.0,0.0,1.0,1.0,14,5,1,01/18/2024,2024-01-18,14:30:00
01/21/2024 03:25:00 PM,5.0,2,2,6,2,3,3,3,2,1,4,FOLLOWING TOO CLOSELY,2,2,0.0,0.0,0.0,0.0,0.0,2.0,15,1,1,01/21/2024,2024-01-21,15:25:00
07/12/2024 08:30:00 PM,5.0,3,2,4,7,3,3,3,3,1,4,FOLLOWING TOO CLOSELY,2,4,1.0,0.0,0.0,1.0,0.0,1.0,20,6,7,07/12/2024,2024-07-12,20:30:00
06/27/2024 01:45:00 PM,7.0,3,2,4,6,3,3,1,2,1,3,FAILING TO YIELD RIGHT-OF-WAY,2,2,0.0,0.0,0.0,0.0,0.0,2.0,13,5,6,06/27/2024,2024-06-27,13:45:00
03/14/2024 02:25:00 PM,3.0,4,2,3,6,3,3,3,2,1,3,UNABLE TO DETERMINE,2,2,0.0,0.0,0.0,0.0,0.0,2.0,14,5,3,03/14/2024,2024-03-14,14:25:00
03/25/2024 02:05:00 PM,5.0,3,2,4,6,3,3,3,2,1,3,UNABLE TO DETERMINE,2,2,0.0,0.0,0.0,0.0,0.0,2.0,14,2,3,03/25/2024,2024-03-25,14:05:00
07/02/2024 06:20:00 PM,5.0,3,2,6,6,3,3,3,2,1,3,IMPROPER OVERTAKING/PASSING,2,2,0.0,0.0,0.0,0.0,0.0,2.0,18,3,7,07/02/2024,2024-07-02,18:20:00
06/04/2024 04:00:00 PM,5.0,3,2,5,4,3,3,1,3,1,4,DISREGARDING TRAFFIC SIGNALS,2,4,1.0,0.0,0.0,1.0,0.0,3.0,16,3,6,06/04/2024,2024-06-04,16:00:00
04/11/2024 04:00:00 PM,5.0,3,2,3,5,3,3,3,2,1,2,DRIVING SKILLS/KNOWLEDGE/EXPERIENCE,2,2,0.0,0.0,0.0,0.0,0.0,2.0,16,5,4,04/11/2024,2024-04-11,16:00:00
05/14/2024 08:00:00 AM,5.0,5,2,6,4,3,4,3,2,1,4,IMPROPER LANE USAGE,2,2,0.0,0.0,0.0,0.0,0.0,2.0,8,3,5,05/14/2024,2024-05-14,08:00:00
01/16/2024 05:30:00 PM,5.0,3,5,4,10,3,3,1,2,1,4,NOT APPLICABLE,2,2,0.0,0.0,0.0,0.0,0.0,2.0,17,3,1,01/16/2024,2024-01-16,17:30:00
05/28/2024 12:00:00 PM,7.0,3,2,6,6,3,3,3,2,1,2,UNABLE TO DETERMINE,2,2,0.0,0.0,0.0,0.0,0.0,2.0,12,3,5,05/28/2024,2024-05-28,12:00:00
06/07/2024 01:00:00 PM,5.0,3,2,6,3,3,3,3,2,1,4,UNABLE TO DETERMINE,2,2,0.0,0.0,0.0,0.0,0.0,4.0,13,6,6,06/07/2024,2024-06-07,13:00:00
05/09/2024 10:17:00 AM,7.0,4,2,5,5,3,4,3,3,1,4,FAILING TO YIELD RIGHT-OF-WAY,2,2,0.0,0.0,0.0,0.0,0.0,2.0,10,5,5,05/09/2024,2024-05-09,10:17:00
01/17/2024 11:10:00 PM,5.0,6,5,6,5,3,4,3,2,1,4,UNABLE TO DETERMINE,2,2,0.0,0.0,0.0,0.0,0.0,2.0,23,4,1,01/17/2024,2024-01-17,23:10:00
04/18/2024 07:50:00 AM,5.0,3,2,4,6,3,3,1,2,1,4,FOLLOWING TOO CLOSELY,2,2,0.0,0.0,0.0,0.0,0.0,3.0,7,5,4,04/18/2024,2024-04-18,07:50:00
07/30/2024 02:00:00 PM,5.0,3,2,13,5,3,3,3,3,1,4,UNABLE TO DETERMINE,2,3,1.0,0.0,0.0,0.0,1.0,1.0,14,3,7,07/30/2024,2024-07-30,14:00:00
04/02/2024 08:30:00 AM,5.0,5,2,5,6,3,4,3,3,1,4,DISREGARDING TRAFFIC SIGNALS,2,2,0.0,0.0,0.0,0.0,0.0,3.0,8,3,4,04/02/2024,2024-04-02,08:30:00
07/28/2024 12:01:00 PM,5.0,3,2,6,5,3,3,3,2,1,4,UNABLE TO DETERMINE,2,2,0.0,0.0,0.0,0.0,0.0,2.0,12,1,7,07/28/2024,2024-07-28,12:01:00
03/22/2024 04:34:00 PM,7.0,5,2,5,5,3,4,3,2,1,4,FAILING TO YIELD RIGHT-OF-WAY,2,2,0.0,0.0,0.0,0.0,0.0,2.0,16,6,3,03/22/2024,2024-03-22,16:34:00
06/09/2024 06:30:00 PM,5.0,3,2,6,4,3,3,3,3,1,3,UNABLE TO DETERMINE,2,3,1.0,0.0,0.0,0.0,1.0,1.0,18,1,6,06/09/2024,2024-06-09,18:30:00
06/16/2024 12:15:00 AM,7.0,3,5,6,5,3,3,1,2,1,4,FAILING TO REDUCE SPEED TO AVOID CRASH,2,2,0.0,0.0,0.0,0.0,0.0,2.0,0,1,6,06/16/2024,2024-06-16,00:15:00
06/14/2024 02:03:00 PM,5.0,3,2,6,6,3,3,3,2,1,4,UNABLE TO DETERMINE,2,2,0.0,0.0,0.0,0.0,0.0,2.0,14,6,6,06/14/2024,2024-06-14,14:03:00
07/30/2024 01:00:00 PM,5.0,3,2,5,6,3,3,3,2,1,3,FAILING TO YIELD RIGHT-OF-WAY,2,2,0.0,0.0,0.0,0.0,0.0,2.0,13,3,7,07/30/2024,2024-07-30,13:00:00
07/13/2024 03:00:00 PM,5.0,3,2,3,6,3,3,3,2,1,4,IMPROPER OVERTAKING/PASSING,2,2,0.0,0.0,0.0,0.0,0.0,2.0,15,7,7,07/13/2024,2024-07-13,15:00:00
05/02/2024 05:06:00 PM,5.0,3,2,4,4,3,3,3,2,1,4,FOLLOWING TOO CLOSELY,2,2,0.0,0.0,0.0,0.0,0.0,2.0,17,5,5,05/02/2024,2024-05-02,17:06:00
04/04/2024 08:30:00 PM,5.0,3,5,6,9,6,4,1,2,1,4,UNABLE TO DETERMINE,2,2,0.0,0.0,0.0,0.0,0.0,4.0,20,5,4,04/04/2024,2024-04-04,20:30:00
06/12/2024 05:55:00 AM,5.0,3,4,5,12,3,3,3,3,1,4,FAILING TO REDUCE SPEED TO AVOID CRASH,2,4,1.0,0.0,0.0,1.0,0.0,2.0,5,4,6,06/12/2024,2024-06-12,05:55:00
04/13/2024 11:50:00 PM,7.0,3,5,4,5,3,3,3,2,1,4,UNABLE TO DETERMINE,2,2,0.0,0.0,0.0,0.0,0.0,2.0,23,7,4,04/13/2024,2024-04-13,23:50:00
06/15/2024 11:00:00 PM,4.0,3,5,5,6,3,3,2,3,0,3,UNABLE TO DETERMINE,2,4,2.0,0.0,0.0,2.0,0.0,0.0,23,7,6,06/15/2024,2024-06-15,23:00:00
07/28/2024 12:30:00 PM,7.0,3,3,6,6,3,3,1,2,1,3,FAILING TO YIELD RIGHT-OF-WAY,2,2,0.0,0.0,0.0,0.0,0.0,2.0,12,1,7,07/28/2024,2024-07-28,12:30:00
05/12/2024 06:35:00 PM,5.0,3,2,13,4,3,3,1,3,1,2,UNABLE TO DETERMINE,2,4,1.0,0.0,0.0,1.0,0.0,2.0,18,1,5,05/12/2024,2024-05-12,18:35:00
06/26/2024 10:00:00 AM,5.0,3,2,6,5,3,3,3,2,0,4,IMPROPER OVERTAKING/PASSING,2,2,0.0,0.0,0.0,0.0,0.0,2.0,10,4,6,06/26/2024,2024-06-26,10:00:00
06/07/2024 05:25:00 PM,5.0,3,2,6,6,3,3,3,2,1,4,TURNING RIGHT ON RED,2,2,0.0,0.0,0.0,0.0,0.0,2.0,17,6,6,06/07/2024,2024-06-07,17:25:00
03/19/2024 06:19:00 PM,7.0,3,2,6,5,3,3,3,3,1,4,UNABLE TO DETERMINE,2,4,1.0,0.0,0.0,1.0,0.0,2.0,18,3,3,03/19/2024,2024-03-19,18:19:00
07/05/2024 12:50:00 PM,5.0,3,2,10,6,3,3,3,2,1,4,IMPROPER LANE USAGE,2,2,0.0,0.0,0.0,0.0,0.0,2.0,12,6,7,07/05/2024,2024-07-05,12:50:00
01/26/2024 07:40:00 PM,5.0,3,5,13,5,3,4,3,3,1,4,FAILING TO YIELD RIGHT-OF-WAY,2,4,1.0,0.0,0.0,1.0,0.0,1.0,19,6,1,01/26/2024,2024-01-26,19:40:00
04/22/2024 11:00:00 AM,5.0,3,2,5,5,3,3,3,2,1,3,IMPROPER LANE USAGE,2,2,0.0,0.0,0.0,0.0,0.0,2.0,11,2,4,04/22/2024,2024-04-22,11:00:00
05/07/2024 07:55:00 PM,5.0,3,2,4,5,3,3,3,3,1,4,"DISTRACTION - OTHER ELECTRONIC DEVICE (NAVIGATION DEVICE, DVD PLAYER, ETC.)",2,4,1.0,0.0,0.0,1.0,0.0,1.0,19,3,5,05/07/2024,2024-05-07,19:55:00
01/09/2024 12:45:00 PM,3.0,8,2,3,6,3,5,3,2,1,3,IMPROPER OVERTAKING/PASSING,2,2,0.0,0.0,0.0,0.0,0.0,2.0,12,3,1,01/09/2024,2024-01-09,12:45:00
07/21/2024 09:50:00 PM,5.0,3,5,4,5,3,3,3,2,1,4,UNABLE TO DETERMINE,2,2,0.0,0.0,0.0,0.0,0.0,2.0,21,1,7,07/21/2024,2024-07-21,21:50:00
03/18/2024 03:19:00 AM,5.0,3,5,4,5,3,3,3,2,1,4,UNABLE TO DETERMINE,2,2,0.0,0.0,0.0,0.0,0.0,2.0,3,2,3,03/18/2024,2024-03-18,03:19:00
06/14/2024 10:25:00 AM,5.0,3,2,4,3,3,3,3,2,1,4,FAILING TO REDUCE SPEED TO AVOID CRASH,2,2,0.0,0.0,0.0,0.0,0.0,2.0,10,6,6,06/14/2024,2024-06-14,10:25:00
03/18/2024 08:27:00 PM,5.0,3,5,5,5,3,3,3,2,1,4,UNABLE TO DETERMINE,2,2,0.0,0.0,0.0,0.0,0.0,2.0,20,2,3,03/18/2024,2024-03-18,20:27:00
08/11/2024 07:45:00 PM,5.0,3,5,6,6,3,3,3,2,1,4,IMPROPER TURNING/NO SIGNAL,2,2,0.0,0.0,0.0,0.0,0.0,2.0,19,1,8,08/11/2024,2024-08-11,19:45:00
07/19/2024 06:31:00 PM,3.0,3,2,3,4,3,3,3,3,1,4,FOLLOWING TOO CLOSELY,2,2,0.0,0.0,0.0,0.0,0.0,3.0,18,6,7,07/19/2024,2024-07-19,18:31:00
02/21/2024 05:16:00 PM,1.0,3,2,3,13,3,3,3,2,1,2,IMPROPER OVERTAKING/PASSING,2,2,0.0,0.0,0.0,0.0,0.0,2.0,17,4,2,02/21/2024,2024-02-21,17:16:00
06/04/2024 03:19:00 PM,3.0,3,2,13,7,3,3,3,3,1,4,UNABLE TO DETERMINE,2,4,1.0,0.0,0.0,1.0,0.0,2.0,15,3,6,06/04/2024,2024-06-04,15:19:00
07/07/2024 12:48:00 AM,5.0,3,5,6,5,3,3,3,3,1,4,UNABLE TO DETERMINE,2,4,2.0,0.0,0.0,2.0,0.0,0.0,0,1,7,07/07/2024,2024-07-07,00:48:00
06/09/2024 01:15:00 AM,7.0,3,6,5,7,3,1,1,2,1,4,DISREGARDING STOP SIGN,2,2,0.0,0.0,0.0,0.0,0.0,3.0,1,1,6,06/09/2024,2024-06-09,01:15:00
08/10/2024 03:00:00 PM,5.0,3,2,3,5,3,3,3,2,1,2,FOLLOWING TOO CLOSELY,2,2,0.0,0.0,0.0,0.0,0.0,3.0,15,7,8,08/10/2024,2024-08-10,15:00:00
05/26/2024 03:41:00 PM,5.0,3,2,4,6,3,3,3,2,1,2,FOLLOWING TOO CLOSELY,2,2,0.0,0.0,0.0,0.0,0.0,2.0,15,1,5,05/26/2024,2024-05-26,15:41:00
08/13/2024 10:00:00 AM,5.0,3,2,4,5,3,3,3,3,1,4,FOLLOWING TOO CLOSELY,2,2,0.0,0.0,0.0,0.0,0.0,2.0,10,3,8,08/13/2024,2024-08-13,10:00:00
02/29/2024 09:28:00 AM,5.0,3,2,6,6,3,3,3,3,1,4,IMPROPER TURNING/NO SIGNAL,2,3,1.0,0.0,0.0,0.0,1.0,2.0,9,5,2,02/29/2024,2024-02-29,09:28:00
04/04/2024 07:25:00 AM,3.0,4,2,4,5,3,1,3,2,1,3,FOLLOWING TOO CLOSELY,2,2,0.0,0.0,0.0,0.0,0.0,2.0,7,5,4,04/04/2024,2024-04-04,07:25:00
01/16/2024 11:45:00 AM,5.0,3,2,10,5,3,3,3,2,1,4,UNABLE TO DETERMINE,2,2,0.0,0.0,0.0,0.0,0.0,2.0,11,3,1,01/16/2024,2024-01-16,11:45:00
02/07/2024 05:30:00 PM,7.0,3,5,5,5,3,3,3,2,1,4,"VISION OBSCURED (SIGNS, TREE LIMBS, BUILDINGS, ETC.)",2,2,0.0,0.0,0.0,0.0,0.0,3.0,17,4,2,02/07/2024,2024-02-07,17:30:00
01/22/2024 11:13:00 PM,5.0,7,5,6,6,3,6,3,3,1,4,UNABLE TO DETERMINE,2,2,0.0,0.0,0.0,0.0,0.0,2.0,23,2,1,01/22/2024,2024-01-22,23:13:00
02/22/2024 11:30:00 AM,5.0,3,2,6,6,3,1,1,2,1,3,UNABLE TO DETERMINE,2,2,0.0,0.0,0.0,0.0,0.0,3.0,11,5,2,02/22/2024,2024-02-22,11:30:00
06/26/2024 05:30:00 PM,5.0,3,2,6,7,3,1,1,3,1,4,FAILING TO YIELD RIGHT-OF-WAY,2,2,0.0,0.0,0.0,0.0,0.0,3.0,17,4,6,06/26/2024,2024-06-26,17:30:00
03/13/2024 03:19:00 PM,5.0,3,2,6,6,3,3,3,2,1,4,FAILING TO YIELD RIGHT-OF-WAY,2,2,0.0,0.0,0.0,0.0,0.0,2.0,15,4,3,03/13/2024,2024-03-13,15:19:00
07/27/2024 01:08:00 PM,5.0,3,2,6,6,3,3,3,3,1,3,FAILING TO YIELD RIGHT-OF-WAY,2,2,0.0,0.0,0.0,0.0,0.0,2.0,13,7,7,07/27/2024,2024-07-27,13:08:00
06/08/2024 05:24:00 PM,5.0,3,2,6,6,3,3,3,2,1,4,FAILING TO YIELD RIGHT-OF-WAY,2,2,0.0,0.0,0.0,0.0,0.0,2.0,17,7,6,06/08/2024,2024-06-08,17:24:00
08/12/2024 09:04:00 AM,5.0,3,2,6,5,3,3,3,3,1,4,"VISION OBSCURED (SIGNS, TREE LIMBS, BUILDINGS, ETC.)",2,3,1.0,0.0,0.0,0.0,1.0,1.0,9,2,8,08/12/2024,2024-08-12,09:04:00
08/13/2024 10:10:00 PM,5.0,3,5,3,6,3,3,3,3,1,4,IMPROPER LANE USAGE,2,3,1.0,0.0,0.0,0.0,1.0,1.0,22,3,8,08/13/2024,2024-08-13,22:10:00
07/12/2024 07:08:00 PM,5.0,3,2,5,5,3,1,1,2,1,4,UNABLE TO DETERMINE,2,2,0.0,0.0,0.0,0.0,0.0,5.0,19,6,7,07/12/2024,2024-07-12,19:08:00
04/21/2024 01:00:00 AM,7.0,3,5,5,2,3,3,1,3,1,4,NOT APPLICABLE,2,4,2.0,0.0,0.0,2.0,0.0,1.0,1,1,4,04/21/2024,2024-04-21,01:00:00
07/10/2024 08:05:00 AM,7.0,5,2,5,5,3,4,1,2,1,4,UNABLE TO DETERMINE,2,2,0.0,0.0,0.0,0.0,0.0,2.0,8,4,7,07/10/2024,2024-07-10,08:05:00
03/09/2024 12:21:00 AM,5.0,5,5,5,13,3,4,1,2,1,4,FAILING TO YIELD RIGHT-OF-WAY,2,2,0.0,0.0,0.0,0.0,0.0,2.0,0,7,3,03/09/2024,2024-03-09,00:21:00
05/26/2024 04:02:00 AM,5.0,3,5,5,5,3,3,3,3,1,4,DISREGARDING TRAFFIC SIGNALS,2,5,1.0,0.0,1.0,0.0,0.0,2.0,4,1,5,05/26/2024,2024-05-26,04:02:00
06/02/2024 04:01:00 AM,5.0,3,5,5,5,3,4,3,3,1,4,UNABLE TO DETERMINE,2,4,1.0,0.0,0.0,1.0,0.0,4.0,4,1,6,06/02/2024,2024-06-02,04:01:00
07/19/2024 11:30:00 AM,5.0,3,2,6,10,3,3,3,2,1,3,IMPROPER OVERTAKING/PASSING,2,2,0.0,0.0,0.0,0.0,0.0,3.0,11,6,7,07/19/2024,2024-07-19,11:30:00
04/12/2024 12:58:00 PM,5.0,5,2,4,5,3,3,3,3,1,4,FOLLOWING TOO CLOSELY,2,3,1.0,0.0,0.0,0.0,1.0,1.0,12,6,4,04/12/2024,2024-04-12,12:58:00
06/14/2024 05:45:00 PM,7.0,3,2,5,5,3,3,3,2,1,4,FAILING TO YIELD RIGHT-OF-WAY,2,2,0.0,0.0,0.0,0.0,0.0,3.0,17,6,6,06/14/2024,2024-06-14,17:45:00
07/28/2024 01:30:00 PM,5.0,5,2,3,6,3,4,3,2,1,4,IMPROPER OVERTAKING/PASSING,2,2,0.0,0.0,0.0,0.0,0.0,2.0,13,1,7,07/28/2024,2024-07-28,13:30:00
03/13/2024 07:12:00 PM,7.0,3,5,6,5,3,3,3,3,1,4,UNABLE TO DETERMINE,2,3,1.0,0.0,0.0,0.0,1.0,1.0,19,4,3,03/13/2024,2024-03-13,19:12:00
01/02/2024 12:25:00 PM,5.0,3,2,13,6,3,3,3,3,1,2,DRIVING SKILLS/KNOWLEDGE/EXPERIENCE,2,4,1.0,0.0,0.0,1.0,0.0,1.0,12,3,1,01/02/2024,2024-01-02,12:25:00
05/18/2024 10:06:00 AM,5.0,3,2,3,5,3,3,3,2,0,3,UNABLE TO DETERMINE,2,2,0.0,0.0,0.0,0.0,0.0,2.0,10,7,5,05/18/2024,2024-05-18,10:06:00
08/12/2024 05:00:00 PM,5.0,3,2,13,6,3,3,3,3,1,4,FAILING TO YIELD RIGHT-OF-WAY,2,4,2.0,0.0,0.0,2.0,0.0,0.0,17,2,8,08/12/2024,2024-08-12,17:00:00
06/02/2024 06:41:00 PM,5.0,3,3,3,6,3,3,3,2,1,2,UNABLE TO DETERMINE,2,2,0.0,0.0,0.0,0.0,0.0,3.0,18,1,6,06/02/2024,2024-06-02,18:41:00
04/05/2024 02:23:00 PM,7.0,3,2,5,5,3,3,3,3,1,4,FAILING TO YIELD RIGHT-OF-WAY,2,2,0.0,0.0,0.0,0.0,0.0,2.0,14,6,4,04/05/2024,2024-04-05,14:23:00
01/15/2024 09:05:00 AM,5.0,3,2,4,3,3,3,3,2,1,4,FOLLOWING TOO CLOSELY,2,2,0.0,0.0,0.0,0.0,0.0,2.0,9,2,1,01/15/2024,2024-01-15,09:05:00
03/15/2024 10:08:00 AM,5.0,3,2,13,5,3,3,3,3,1,4,FAILING TO YIELD RIGHT-OF-WAY,2,4,1.0,0.0,0.0,1.0,0.0,1.0,10,6,3,03/15/2024,2024-03-15,10:08:00
01/17/2024 08:32:00 AM,5.0,6,2,6,9,3,5,3,2,1,2,UNABLE TO DETERMINE,2,2,0.0,0.0,0.0,0.0,0.0,2.0,8,4,1,01/17/2024,2024-01-17,08:32:00
05/21/2024 09:15:00 PM,3.0,3,6,6,6,3,3,3,2,1,4,UNABLE TO DETERMINE,2,2,0.0,0.0,0.0,0.0,0.0,2.0,21,3,5,05/21/2024,2024-05-21,21:15:00
07/07/2024 01:00:00 PM,3.0,3,2,14,3,3,3,3,3,1,3,FAILING TO REDUCE SPEED TO AVOID CRASH,2,4,1.0,0.0,0.0,1.0,0.0,1.0,13,1,7,07/07/2024,2024-07-07,13:00:00
04/22/2024 09:10:00 AM,7.0,3,2,5,7,3,3,3,2,1,3,FAILING TO YIELD RIGHT-OF-WAY,2,2,0.0,0.0,0.0,0.0,0.0,2.0,9,2,4,04/22/2024,2024-04-22,09:10:00
08/12/2024 12:30:00 PM,5.0,3,2,11,5,3,3,3,2,1,4,IMPROPER TURNING/NO SIGNAL,2,2,0.0,0.0,0.0,0.0,0.0,4.0,12,2,8,08/12/2024,2024-08-12,12:30:00
04/02/2024 04:00:00 PM,7.0,4,2,11,13,3,4,3,2,1,3,DRIVING SKILLS/KNOWLEDGE/EXPERIENCE,2,2,0.0,0.0,0.0,0.0,0.0,5.0,16,3,4,04/02/2024,2024-04-02,16:00:00
03/15/2024 03:30:00 PM,7.0,3,2,6,7,3,3,1,2,1,4,UNABLE TO DETERMINE,2,2,0.0,0.0,0.0,0.0,0.0,2.0,15,6,3,03/15/2024,2024-03-15,15:30:00
07/25/2024 11:42:00 PM,5.0,3,5,6,5,3,3,3,3,1,4,DISREGARDING TRAFFIC SIGNALS,2,4,2.0,0.0,0.0,2.0,0.0,0.0,23,5,7,07/25/2024,2024-07-25,23:42:00
01/21/2024 12:45:00 AM,5.0,3,6,5,5,3,5,3,3,1,4,DISREGARDING TRAFFIC SIGNALS,2,3,1.0,0.0,0.0,0.0,1.0,3.0,0,1,1,01/21/2024,2024-01-21,00:45:00
03/24/2024 04:15:00 PM,5.0,3,2,6,6,3,3,3,2,1,4,IMPROPER TURNING/NO SIGNAL,2,2,0.0,0.0,0.0,0.0,0.0,3.0,16,1,3,03/24/2024,2024-03-24,16:15:00
04/03/2024 09:15:00 AM,5.0,4,2,6,6,3,4,3,2,1,4,UNABLE TO DETERMINE,2,2,0.0,0.0,0.0,0.0,0.0,2.0,9,4,4,04/03/2024,2024-04-03,09:15:00
06/16/2024 07:50:00 PM,13.0,3,4,4,3,3,3,3,2,1,4,FOLLOWING TOO CLOSELY,2,2,0.0,0.0,0.0,0.0,0.0,5.0,19,1,6,06/16/2024,2024-06-16,19:50:00
05/23/2024 07:34:00 AM,3.0,3,2,5,6,3,3,3,2,1,3,UNABLE TO DETERMINE,2,2,0.0,0.0,0.0,0.0,0.0,2.0,7,5,5,05/23/2024,2024-05-23,07:34:00
04/10/2024 05:27:00 AM,5.0,3,5,13,6,3,3,3,3,1,2,DISTRACTION - FROM OUTSIDE VEHICLE,2,4,1.0,0.0,0.0,1.0,0.0,1.0,5,4,4,04/10/2024,2024-04-10,05:27:00
05/17/2024 09:00:00 AM,7.0,3,5,13,5,3,3,3,3,1,2,FAILING TO YIELD RIGHT-OF-WAY,2,4,1.0,0.0,0.0,1.0,0.0,1.0,9,6,5,05/17/2024,2024-05-17,09:00:00
07/05/2024 11:05:00 PM,5.0,3,5,5,6,3,3,3,3,1,4,IMPROPER OVERTAKING/PASSING,2,4,1.0,0.0,0.0,1.0,0.0,1.0,23,6,7,07/05/2024,2024-07-05,23:05:00
01/08/2024 10:45:00 AM,7.0,2,2,5,6,3,3,3,2,1,3,FAILING TO YIELD RIGHT-OF-WAY,2,2,0.0,0.0,0.0,0.0,0.0,2.0,10,2,1,01/08/2024,2024-01-08,10:45:00
06/08/2024 01:20:00 AM,5.0,3,5,6,5,3,3,3,2,1,4,UNABLE TO DETERMINE,2,2,0.0,0.0,0.0,0.0,0.0,2.0,1,7,6,06/08/2024,2024-06-08,01:20:00
08/12/2024 08:00:00 PM,3.0,3,5,6,5,3,3,3,2,1,4,DRIVING ON WRONG SIDE/WRONG WAY,2,2,0.0,0.0,0.0,0.0,0.0,2.0,20,2,8,08/12/2024,2024-08-12,20:00:00
05/11/2024 10:50:00 AM,5.0,3,2,6,5,3,3,3,2,1,4,UNABLE TO DETERMINE,2,2,0.0,0.0,0.0,0.0,0.0,2.0,10,7,5,05/11/2024,2024-05-11,10:50:00
08/09/2024 07:11:00 PM,5.0,3,2,6,10,3,3,3,2,1,4,UNABLE TO DETERMINE,2,2,0.0,0.0,0.0,0.0,0.0,2.0,19,6,8,08/09/2024,2024-08-09,19:11:00
03/24/2024 05:50:00 AM,5.0,3,5,5,3,3,3,3,2,1,4,DISREGARDING TRAFFIC SIGNALS,2,2,0.0,0.0,0.0,0.0,0.0,2.0,5,1,3,03/24/2024,2024-03-24,05:50:00
06/20/2024 08:30:00 PM,5.0,3,4,6,5,3,3,3,2,0,4,IMPROPER TURNING/NO SIGNAL,2,2,0.0,0.0,0.0,0.0,0.0,2.0,20,5,6,06/20/2024,2024-06-20,20:30:00
04/20/2024 02:30:00 PM,5.0,3,2,6,5,3,3,3,2,1,3,UNABLE TO DETERMINE,2,2,0.0,0.0,0.0,0.0,0.0,2.0,14,7,4,04/20/2024,2024-04-20,14:30:00
03/17/2024 04:05:00 PM,7.0,3,2,6,4,3,3,3,3,1,4,FAILING TO YIELD RIGHT-OF-WAY,2,2,0.0,0.0,0.0,0.0,0.0,3.0,16,1,3,03/17/2024,2024-03-17,16:05:00
07/24/2024 02:30:00 PM,5.0,3,2,4,6,3,3,3,2,1,4,UNABLE TO DETERMINE,2,2,0.0,0.0,0.0,0.0,0.0,3.0,14,4,7,07/24/2024,2024-07-24,14:30:00
02/28/2024 08:40:00 AM,7.0,3,2,5,5,3,3,3,3,1,4,FAILING TO YIELD RIGHT-OF-WAY,2,2,0.0,0.0,0.0,0.0,0.0,3.0,8,4,2,02/28/2024,2024-02-28,08:40:00
04/28/2024 09:30:00 AM,5.0,3,2,6,5,3,3,3,2,1,4,UNABLE TO DETERMINE,2,2,0.0,0.0,0.0,0.0,0.0,3.0,9,1,4,04/28/2024,2024-04-28,09:30:00
02/19/2024 01:00:00 PM,5.0,3,2,4,4,3,3,3,2,1,4,FOLLOWING TOO CLOSELY,2,2,0.0,0.0,0.0,0.0,0.0,4.0,13,2,2,02/19/2024,2024-02-19,13:00:00
02/08/2024 08:13:00 PM,5.0,5,6,6,5,3,4,3,3,1,4,UNABLE TO DETERMINE,2,2,0.0,0.0,0.0,0.0,0.0,3.0,20,5,2,02/08/2024,2024-02-08,20:13:00