crash_date,traffic_control_device,weather_condition,lighting_condition,first_crash_type,trafficway_type,alignment,roadway_surface_cond,road_defect,crash_type,intersection_related_i,damage,prim_contributory_cause,num_units,most_severe_injury,injuries_total,injuries_fatal,injuries_incapacitating,injuries_non_incapacitating,injuries_reported_not_evident,injuries_no_indication,crash_hour,crash_day_of_week,crash_month,parsed_datetime,date,time
05/15/2024 10:11:00 AM,5.0,3,2,6,4,3,3,3,3,1,4,FAILING TO YIELD RIGHT-OF-WAY,2,2,0.0,0.0,0.0,0.0,0.0,2.0,10,4,5,05/15/2024,2024-05-15,10:11:00
08/05/2024 03:02:00 PM,5.0,3,2,5,5,3,3,3,3,1,4,DISREGARDING TRAFFIC SIGNALS,2,4,2.0,0.0,0.0,2.0,0.0,0.0,15,2,8,08/05/2024,2024-08-05,15:02:00
02/22/2024 03:30:00 PM,3.0,3,2,6,6,3,3,3,3,1,4,IMPROPER TURNING/NO SIGNAL,2,2,0.0,0.0,0.0,0.0,0.0,2.0,15,5,2,02/22/2024,2024-02-22,15:30:00
05/26/2024 03:55:00 AM,5.0,3,5,6,5,3,3,3,3,1,4,UNABLE TO DETERMINE,2,4,2.0,0.0,0.0,1.0,1.0,1.0,3,1,5,05/26/2024,2024-05-26,03:55:00
08/09/2024 07:29:00 PM,7.0,3,2,5,5,3,3,3,3,1,4,DISREGARDING STOP SIGN,2,4,1.0,0.0,0.0,1.0,0.0,3.0,19,6,8,08/09/2024,2024-08-09,19:29:00
06/01/2024 07:52:00 PM,5.0,5,6,13,5,3,4,3,3,1,2,WEATHER,2,4,1.0,0.0,0.0,1.0,0.0,2.0,19,7,6,06/01/2024,2024-06-01,19:52:00
03/10/2024 05:40:00 PM,5.0,3,2,3,6,3,3,3,2,1,2,UNABLE TO DETERMINE,2,2,0.0,0.0,0.0,0.0,0.0,2.0,17,1,3,03/10/2024,2024-03-10,17:40:00
06/28/2024 08:27:00 AM,3.0,5,2,5,6,3,4,1,3,1,4,IMPROPER LANE USAGE,2,3,1.0,0.0,0.0,0.0,1.0,2.0,8,6,6,06/28/2024,2024-06-28,08:27:00
02/05/2024 05:20:00 PM,3.0,3,5,6,6,3,3,3,2,1,4,FAILING TO YIELD RIGHT-OF-WAY,2,2,0.0,0.0,0.0,0.0,0.0,2.0,17,2,2,02/05/2024,2024-02-05,17:20:00
04/08/2024 08:06:00 AM,7.0,3,2,5,4,3,3,3,3,1,4,FAILING TO YIELD RIGHT-OF-WAY,2,2,0.0,0.0,0.0,0.0,0.0,5.0,8,2,4,04/08/2024,2024-04-08,08:06:00
04/10/2024 09:50:00 AM,5.0,3,2,6,12,3,3,3,2,1,4,UNABLE TO DETERMINE,2,2,0.0,0.0,0.0,0.0,0.0,2.0,9,4,4,04/10/2024,2024-04-10,09:50:00
08/04/2024 12:35:00 PM,5.0,3,2,6,4,3,3,3,2,1,2,FAILING TO YIELD RIGHT-OF-WAY,2,2,0.0,0.0,0.0,0.0,0.0,4.0,12,1,8,08/04/2024,2024-08-04,12:35:00
07/23/2024 03:30:00 PM,3.0,3,2,6,6,3,3,3,2,1,4,UNABLE TO DETERMINE,2,2,0.0,0.0,0.0,0.0,0.0,2.0,15,3,7,07/23/2024,2024-07-23,15:30:00
05/26/2024 06:40:00 AM,5.0,3,2,6,18,3,3,3,3,1,4,DRIVING SKILLS/KNOWLEDGE/EXPERIENCE,2,2,0.0,0.0,0.0,0.0,0.0,2.0,6,1,5,05/26/2024,2024-05-26,06:40:00
06/25/2024 09:45:00 PM,3.0,3,5,3,10,3,3,1,2,1,2,FAILING TO YIELD RIGHT-OF-WAY,2,2,0.0,0.0,0.0,0.0,0.0,2.0,21,3,6,06/25/2024,2024-06-25,21:45:00
02/18/2024 02:00:00 PM,7.0,3,2,7,5,3,3,3,2,1,3,UNABLE TO DETERMINE,2,2,0.0,0.0,0.0,0.0,0.0,3.0,14,1,2,02/18/2024,2024-02-18,14:00:00
01/03/2024 01:27:00 PM,7.0,3,2,6,6,3,3,1,2,1,4,FAILING TO YIELD RIGHT-OF-WAY,2,2,0.0,0.0,0.0,0.0,0.0,2.0,13,4,1,01/03/2024,2024-01-03,13:27:00
03/25/2024 05:35:00 PM,5.0,3,2,9,7,3,3,3,2,1,3,IMPROPER TURNING/NO SIGNAL,2,2,0.0,0.0,0.0,0.0,0.0,2.0,17,2,3,03/25/2024,2024-03-25,17:35:00
01/31/2024 11:31:00 AM,5.0,4,2,4,6,3,3,3,2,1,4,FOLLOWING TOO CLOSELY,2,2,0.0,0.0,0.0,0.0,0.0,2.0,11,4,1,01/31/2024,2024-01-31,11:31:00
06/28/2024 06:25:00 PM,5.0,3,2,3,10,3,4,3,2,1,2,IMPROPER LANE USAGE,2,2,0.0,0.0,0.0,0.0,0.0,3.0,18,6,6,06/28/2024,2024-06-28,18:25:00
07/23/2024 05:30:00 PM,5.0,3,2,6,5,3,3,3,2,1,4,UNABLE TO DETERMINE,2,2,0.0,0.0,0.0,0.0,0.0,2.0,17,3,7,07/23/2024,2024-07-23,17:30:00
02/25/2024 06:40:00 AM,7.0,3,3,12,11,3,3,3,3,1,4,DISREGARDING STOP SIGN,2,2,0.0,0.0,0.0,0.0,0.0,4.0,6,1,2,02/25/2024,2024-02-25,06:40:00
01/31/2024 03:00:00 AM,5.0,3,5,6,1,3,3,3,3,1,4,DISREGARDING TRAFFIC SIGNALS,2,2,0.0,0.0,0.0,0.0,0.0,2.0,3,4,1,01/31/2024,2024-01-31,03:00:00
07/09/2024 01:15:00 PM,5.0,3,2,6,5,3,3,3,2,1,4,UNABLE TO DETERMINE,2,2,0.0,0.0,0.0,0.0,0.0,3.0,13,3,7,07/09/2024,2024-07-09,13:15:00
07/16/2024 02:03:00 PM,5.0,3,2,6,13,3,3,3,2,1,4,UNABLE TO DETERMINE,2,2,0.0,0.0,0.0,0.0,0.0,2.0,14,3,7,07/16/2024,2024-07-16,14:03:00
08/10/2024 01:00:00 AM,3.0,3,5,3,4,3,3,3,3,0,4,IMPROPER OVERTAKING/PASSING,2,4,1.0,0.0,0.0,1.0,0.0,1.0,1,7,8,08/10/2024,2024-08-10,01:00:00
04/29/2024 11:00:00 AM,3.0,5,2,6,7,3,4,3,2,1,3,FAILING TO YIELD RIGHT-OF-WAY,2,2,0.0,0.0,0.0,0.0,0.0,2.0,11,2,4,04/29/2024,2024-04-29,11:00:00
07/30/2024 09:16:00 AM,7.0,3,2,6,6,3,3,3,2,1,4,FAILING TO YIELD RIGHT-OF-WAY,2,2,0.0,0.0,0.0,0.0,0.0,3.0,9,3,7,07/30/2024,2024-07-30,09:16:00
03/18/2024 06:15:00 PM,7.0,3,2,5,5,3,3,3,3,1,4,NOT APPLICABLE,2,4,1.0,0.0,0.0,1.0,0.0,2.0,18,2,3,03/18/2024,2024-03-18,18:15:00
02/27/2024 03:30:00 PM,1.0,3,2,3,5,3,1,1,2,1,4,UNABLE TO DETERMINE,2,2,0.0,0.0,0.0,0.0,0.0,2.0,15,3,2,02/27/2024,2024-02-27,15:30:00
05/12/2024 08:19:00 PM,5.0,3,4,3,3,3,3,3,2,0,3,FOLLOWING TOO CLOSELY,2,2,0.0,0.0,0.0,0.0,0.0,2.0,20,1,5,05/12/2024,2024-05-12,20:19:00
08/12/2024 05:05:00 PM,3.0,3,2,9,6,3,3,3,3,0,4,UNABLE TO DETERMINE,2,2,0.0,0.0,0.0,0.0,0.0,2.0,17,2,8,08/12/2024,2024-08-12,17:05:00
03/13/2024 03:51:00 PM,5.0,3,2,5,6,3,3,3,3,1,4,DISREGARDING TRAFFIC SIGNALS,2,2,0.0,0.0,0.0,0.0,0.0,3.0,15,4,3,03/13/2024,2024-03-13,15:51:00
08/09/2024 02:19:00 AM,5.0,3,5,5,5,3,3,3,3,1,4,DISREGARDING TRAFFIC SIGNALS,2,3,1.0,0.0,0.0,0.0,1.0,5.0,2,6,8,08/09/2024,2024-08-09,02:19:00
06/30/2024 02:15:00 AM,5.0,3,3,4,6,3,1,1,2,1,4,"OPERATING VEHICLE IN ERRATIC, RECKLESS, CARELESS, NEGLIGENT OR AGGRESSIVE MANNER",2,2,0.0,0.0,0.0,0.0,0.0,2.0,2,1,6,06/30/2024,2024-06-30,02:15:00
06/06/2024 10:00:00 PM,5.0,3,4,3,6,3,3,1,2,1,2,IMPROPER LANE USAGE,2,2,0.0,0.0,0.0,0.0,0.0,2.0,22,5,6,06/06/2024,2024-06-06,22:00:00
07/10/2024 06:30:00 AM,5.0,5,2,6,5,3,4,1,2,1,3,UNABLE TO DETERMINE,2,2,0.0,0.0,0.0,0.0,0.0,2.0,6,4,7,07/10/2024,2024-07-10,06:30:00
06/03/2024 08:36:00 PM,5.0,3,5,3,5,3,3,2,2,1,4,IMPROPER LANE USAGE,2,2,0.0,0.0,0.0,0.0,0.0,2.0,20,2,6,06/03/2024,2024-06-03,20:36:00
07/06/2024 12:54:00 PM,5.0,3,2,13,5,3,3,3,3,1,4,FAILING TO REDUCE SPEED TO AVOID CRASH,2,4,2.0,0.0,0.0,2.0,0.0,1.0,12,7,7,07/06/2024,2024-07-06,12:54:00
07/12/2024 08:15:00 AM,3.0,3,2,11,10,3,3,3,2,0,3,FOLLOWING TOO CLOSELY,2,2,0.0,0.0,0.0,0.0,0.0,1.0,8,6,7,07/12/2024,2024-07-12,08:15:00
04/18/2024 11:45:00 AM,3.0,3,2,6,6,3,3,3,2,1,4,UNABLE TO DETERMINE,2,2,0.0,0.0,0.0,0.0,0.0,2.0,11,5,4,04/18/2024,2024-04-18,11:45:00
03/20/2024 06:00:00 PM,7.0,3,2,13,5,3,3,3,3,1,4,UNABLE TO DETERMINE,2,4,1.0,0.0,0.0,1.0,0.0,1.0,18,4,3,03/20/2024,2024-03-20,18:00:00
02/14/2024 07:47:00 AM,7.0,3,2,5,5,3,3,3,2,1,2,FAILING TO YIELD RIGHT-OF-WAY,2,2,0.0,0.0,0.0,0.0,0.0,3.0,7,4,2,02/14/2024,2024-02-14,07:47:00
01/17/2024 01:00:00 PM,5.0,3,2,6,6,3,1,1,2,1,3,UNABLE TO DETERMINE,2,2,0.0,0.0,0.0,0.0,0.0,2.0,13,4,1,01/17/2024,2024-01-17,13:00:00
03/08/2024 01:05:00 PM,5.0,5,2,13,5,3,4,3,3,1,2,IMPROPER TURNING/NO SIGNAL,2,4,1.0,0.0,0.0,1.0,0.0,1.0,13,6,3,03/08/2024,2024-03-08,13:05:00
03/16/2024 06:58:00 AM,5.0,3,2,6,5,3,3,3,2,1,3,UNABLE TO DETERMINE,2,2,0.0,0.0,0.0,0.0,0.0,5.0,6,7,3,03/16/2024,2024-03-16,06:58:00
01/26/2024 03:45:00 PM,7.0,3,2,5,7,3,1,1,3,1,4,UNABLE TO DETERMINE,2,3,1.0,0.0,0.0,0.0,1.0,1.0,15,6,1,01/26/2024,2024-01-26,15:45:00
01/18/2024 12:45:00 PM,5.0,3,2,6,4,3,5,3,3,1,4,IMPROPER TURNING/NO SIGNAL,2,3,1.0,0.0,0.0,0.0,1.0,1.0,12,5,1,01/18/2024,2024-01-18,12:45:00
04/05/2024 08:50:00 PM,5.0,3,6,6,6,3,3,3,2,1,4,IMPROPER TURNING/NO SIGNAL,2,2,0.0,0.0,0.0,0.0,0.0,2.0,20,6,4,04/05/2024,2024-04-05,20:50:00
04/25/2024 10:30:00 AM,3.0,3,2,6,4,3,3,3,2,0,4,IMPROPER TURNING/NO SIGNAL,2,2,0.0,0.0,0.0,0.0,0.0,2.0,10,5,4,04/25/2024,2024-04-25,10:30:00
06/02/2024 09:35:00 PM,1.0,3,4,3,7,3,3,1,2,1,3,NOT APPLICABLE,2,2,0.0,0.0,0.0,0.0,0.0,2.0,21,1,6,06/02/2024,2024-06-02,21:35:00
07/01/2024 07:40:00 PM,5.0,3,2,3,5,3,3,3,2,1,3,"OPERATING VEHICLE IN ERRATIC, RECKLESS, CARELESS, NEGLIGENT OR AGGRESSIVE MANNER",2,2,0.0,0.0,0.0,0.0,0.0,2.0,19,2,7,07/01/2024,2024-07-01,19:40:00
04/18/2024 06:13:00 PM,5.0,3,2,6,14,3,4,1,2,1,4,FAILING TO YIELD RIGHT-OF-WAY,2,2,0.0,0.0,0.0,0.0,0.0,3.0,18,5,4,04/18/2024,2024-04-18,18:13:00
04/22/2024 07:14:00 AM,5.0,5,2,4,3,3,4,3,2,1,2,WEATHER,2,2,0.0,0.0,0.0,0.0,0.0,2.0,7,2,4,04/22/2024,2024-04-22,07:14:00
07/16/2024 04:00:00 PM,5.0,3,2,5,7,3,3,3,2,1,4,DISREGARDING TRAFFIC SIGNALS,2,2,0.0,0.0,0.0,0.0,0.0,2.0,16,3,7,07/16/2024,2024-07-16,16:00:00
06/04/2024 08:00:00 PM,5.0,3,5,5,1,3,3,3,3,1,4,DISREGARDING TRAFFIC SIGNALS,2,3,1.0,0.0,0.0,0.0,1.0,1.0,20,3,6,06/04/2024,2024-06-04,20:00:00
04/07/2024 03:47:00 PM,3.0,5,2,11,5,3,4,3,3,1,4,UNABLE TO DETERMINE,2,2,0.0,0.0,0.0,0.0,0.0,1.0,15,1,4,04/07/2024,2024-04-07,15:47:00
02/22/2024 08:13:00 PM,5.0,3,5,13,6,3,3,3,3,1,3,FAILING TO YIELD RIGHT-OF-WAY,2,6,1.0,1.0,0.0,0.0,0.0,1.0,20,5,2,02/22/2024,2024-02-22,20:13:00
07/24/2024 12:15:00 PM,7.0,3,2,6,7,3,3,3,3,1,4,IMPROPER OVERTAKING/PASSING,2,3,1.0,0.0,0.0,0.0,1.0,1.0,12,4,7,07/24/2024,2024-07-24,12:15:00
07/31/2024 07:30:00 PM,5.0,3,4,6,5,3,3,3,2,1,4,UNABLE TO DETERMINE,2,2,0.0,0.0,0.0,0.0,0.0,2.0,19,4,7,07/31/2024,2024-07-31,19:30:00
06/04/2024 04:40:00 PM,5.0,3,2,5,5,3,3,3,2,1,4,UNABLE TO DETERMINE,2,2,0.0,0.0,0.0,0.0,0.0,8.0,16,3,6,06/04/2024,2024-06-04,16:40:00
05/19/2024 03:30:00 PM,5.0,3,2,6,5,3,3,3,2,1,4,EQUIPMENT - VEHICLE CONDITION,2,2,0.0,0.0,0.0,0.0,0.0,2.0,15,1,5,05/19/2024,2024-05-19,15:30:00
04/07/2024 05:00:00 AM,7.0,3,5,5,5,3,3,3,3,1,4,UNABLE TO DETERMINE,2,4,1.0,0.0,0.0,1.0,0.0,1.0,5,1,4,04/07/2024,2024-04-07,05:00:00
05/20/2024 03:10:00 PM,5.0,3,2,4,5,3,1,3,2,1,4,UNABLE TO DETERMINE,2,2,0.0,0.0,0.0,0.0,0.0,2.0,15,2,5,05/20/2024,2024-05-20,15:10:00
03/12/2024 05:55:00 PM,7.0,3,2,5,5,3,1,1,2,1,4,DISREGARDING STOP SIGN,2,2,0.0,0.0,0.0,0.0,0.0,2.0,17,3,3,03/12/2024,2024-03-12,17:55:00
07/18/2024 11:55:00 AM,7.0,3,2,6,7,3,3,3,3,1,4,DISREGARDING STOP SIGN,2,2,0.0,0.0,0.0,0.0,0.0,3.0,11,5,7,07/18/2024,2024-07-18,11:55:00
05/15/2024 04:47:00 PM,5.0,3,2,3,10,3,3,3,2,1,2,IMPROPER OVERTAKING/PASSING,2,2,0.0,0.0,0.0,0.0,0.0,2.0,16,4,5,05/15/2024,2024-05-15,16:47:00
06/19/2024 10:40:00 PM,5.0,3,5,3,4,3,3,3,3,1,4,UNABLE TO DETERMINE,2,2,0.0,0.0,0.0,0.0,0.0,3.0,22,4,6,06/19/2024,2024-06-19,22:40:00
06/11/2024 05:11:00 PM,7.0,3,2,6,6,3,3,3,2,1,4,UNABLE TO DETERMINE,2,2,0.0,0.0,0.0,0.0,0.0,2.0,17,3,6,06/11/2024,2024-06-11,17:11:00
08/07/2024 02:45:00 PM,5.0,3,2,14,5,3,3,3,3,1,4,FAILING TO YIELD RIGHT-OF-WAY,2,5,1.0,0.0,1.0,0.0,0.0,1.0,14,4,8,08/07/2024,2024-08-07,14:45:00
04/19/2024 09:34:00 PM,5.0,3,5,4,5,3,3,3,3,1,3,FOLLOWING TOO CLOSELY,2,4,1.0,0.0,0.0,1.0,0.0,2.0,21,6,4,04/19/2024,2024-04-19,21:34:00
04/05/2024 11:19:00 PM,7.0,3,5,5,5,3,3,3,2,1,2,DISREGARDING STOP SIGN,2,2,0.0,0.0,0.0,0.0,0.0,3.0,23,6,4,04/05/2024,2024-04-05,23:19:00
07/15/2024 01:00:00 AM,7.0,3,5,5,1,3,4,3,2,1,4,UNABLE TO DETERMINE,2,2,0.0,0.0,0.0,0.0,0.0,2.0,1,2,7,07/15/2024,2024-07-15,01:00:00
06/25/2024 07:31:00 PM,7.0,3,5,5,6,3,3,1,3,1,4,DISREGARDING STOP SIGN,2,2,0.0,0.0,0.0,0.0,0.0,2.0,19,3,6,06/25/2024,2024-06-25,19:31:00
06/17/2024 07:55:00 AM,5.0,3,2,6,6,3,3,1,2,0,4,UNABLE TO DETERMINE,2,2,0.0,0.0,0.0,0.0,0.0,2.0,7,2,6,06/17/2024,2024-06-17,07:55:00
04/30/2024 03:20:00 PM,1.0,3,2,4,1,3,3,1,2,1,4,UNABLE TO DETERMINE,2,2,0.0,0.0,0.0,0.0,0.0,2.0,15,3,4,04/30/2024,2024-04-30,15:20:00
03/22/2024 08:34:00 PM,7.0,4,5,6,5,3,4,1,3,1,4,DISREGARDING STOP SIGN,2,4,2.0,0.0,0.0,2.0,0.0,1.0,20,6,3,03/22/2024,2024-03-22,20:34:00
04/04/2024 12:45:00 PM,7.0,3,2,6,4,3,4,3,2,1,4,UNABLE TO DETERMINE,2,2,0.0,0.0,0.0,0.0,0.0,6.0,12,5,4,04/04/2024,2024-04-04,12:45:00
03/31/2024 12:35:00 PM,5.0,3,5,3,4,3,3,3,2,1,4,UNABLE TO DETERMINE,2,2,0.0,0.0,0.0,0.0,0.0,3.0,12,1,3,03/31/2024,2024-03-31,12:35:00
07/31/2024 02:45:00 PM,7.0,3,2,5,5,3,3,3,2,1,3,UNABLE TO DETERMINE,2,2,0.0,0.0,0.0,0.0,0.0,2.0,14,4,7,07/31/2024,2024-07-31,14:45:00
07/08/2024 09:40:00 AM,3.0,3,2,7,1,3,3,1,3,1,4,IMPROPER LANE USAGE,2,4,2.0,0.0,0.0,2.0,0.0,1.0,9,2,7,07/08/2024,2024-07-08,09:40:00
05/10/2024 06:49:00 PM,5.0,3,3,6,5,3,3,1,3,1,4,FAILING TO YIELD RIGHT-OF-WAY,2,2,0.0,0.0,0.0,0.0,0.0,3.0,18,6,5,05/10/2024,2024-05-10,18:49:00
06/11/2024 12:00:00 PM,7.0,3,2,5,6,3,3,3,3,1,4,UNABLE TO DETERMINE,2,3,1.0,0.0,0.0,0.0,1.0,1.0,12,3,6,06/11/2024,2024-06-11,12:00:00
04/12/2024 01:06:00 AM,5.0,5,5,5,5,3,4,3,3,1,4,UNABLE TO DETERMINE,2,2,0.0,0.0,0.0,0.0,0.0,2.0,1,6,4,04/12/2024,2024-04-12,01:06:00
07/31/2024 02:00:00 PM,3.0,3,2,6,4,3,3,3,2,1,4,FAILING TO YIELD RIGHT-OF-WAY,2,2,0.0,0.0,0.0,0.0,0.0,2.0,14,4,7,07/31/2024,2024-07-31,14:00:00
04/02/2024 11:45:00 AM,5.0,5,5,8,6,3,4,3,2,1,4,IMPROPER BACKING,2,2,0.0,0.0,0.0,0.0,0.0,3.0,11,3,4,04/02/2024,2024-04-02,11:45:00
04/16/2024 05:20:00 PM,7.0,5,2,6,6,3,4,3,3,1,3,FAILING TO YIELD RIGHT-OF-WAY,2,2,0.0,0.0,0.0,0.0,0.0,2.0,17,3,4,04/16/2024,2024-04-16,17:20:00
06/21/2024 03:30:00 PM,7.0,3,2,5,5,3,1,1,2,1,4,UNABLE TO DETERMINE,2,2,0.0,0.0,0.0,0.0,0.0,2.0,15,6,6,06/21/2024,2024-06-21,15:30:00
01/22/2024 03:06:00 PM,3.0,5,2,6,6,3,4,3,2,0,4,IMPROPER LANE USAGE,2,2,0.0,0.0,0.0,0.0,0.0,2.0,15,2,1,01/22/2024,2024-01-22,15:06:00
03/29/2024 07:14:00 PM,5.0,3,5,4,5,3,1,1,2,1,3,FAILING TO REDUCE SPEED TO AVOID CRASH,2,2,0.0,0.0,0.0,0.0,0.0,3.0,19,6,3,03/29/2024,2024-03-29,19:14:00
06/09/2024 04:05:00 PM,5.0,3,2,4,1,3,3,3,2,1,3,FAILING TO REDUCE SPEED TO AVOID CRASH,2,2,0.0,0.0,0.0,0.0,0.0,2.0,16,1,6,06/09/2024,2024-06-09,16:05:00
07/08/2024 04:03:00 PM,5.0,3,2,5,5,3,3,3,2,1,4,FAILING TO YIELD RIGHT-OF-WAY,2,2,0.0,0.0,0.0,0.0,0.0,3.0,16,2,7,07/08/2024,2024-07-08,16:03:00
03/08/2024 07:35:00 PM,5.0,5,5,6,5,3,4,1,2,1,4,DRIVING SKILLS/KNOWLEDGE/EXPERIENCE,2,2,0.0,0.0,0.0,0.0,0.0,2.0,19,6,3,03/08/2024,2024-03-08,19:35:00
04/22/2024 11:55:00 AM,5.0,3,2,3,5,3,3,1,2,1,2,FAILING TO YIELD RIGHT-OF-WAY,2,2,0.0,0.0,0.0,0.0,0.0,2.0,11,2,4,04/22/2024,2024-04-22,11:55:00
07/20/2024 01:50:00 PM,7.0,3,2,5,5,3,3,3,3,1,4,FAILING TO YIELD RIGHT-OF-WAY,2,2,0.0,0.0,0.0,0.0,0.0,6.0,13,7,7,07/20/2024,2024-07-20,13:50:00
07/07/2024 05:26:00 PM,7.0,5,2,10,6,3,4,3,3,1,4,DISREGARDING STOP SIGN,2,3,1.0,0.0,0.0,0.0,1.0,2.0,17,1,7,07/07/2024,2024-07-07,17:26:00
01/24/2024 06:20:00 PM,7.0,5,5,6,7,3,4,1,2,1,4,FAILING TO YIELD RIGHT-OF-WAY,2,2,0.0,0.0,0.0,0.0,0.0,2.0,18,4,1,01/24/2024,2024-01-24,18:20:00
03/30/2024 01:40:00 PM,3.0,3,2,3,10,3,3,1,2,0,4,FAILING TO YIELD RIGHT-OF-WAY,2,2,0.0,0.0,0.0,0.0,0.0,3.0,13,7,3,03/30/2024,2024-03-30,13:40:00
03/22/2024 03:25:00 PM,5.0,6,2,4,4,3,4,3,2,1,4,FOLLOWING TOO CLOSELY,2,2,0.0,0.0,0.0,0.0,0.0,2.0,15,6,3,03/22/2024,2024-03-22,15:25:00
05/13/2024 03:45:00 PM,7.0,3,2,2,7,3,3,3,3,1,2,UNABLE TO DETERMINE,2,4,1.0,0.0,0.0,1.0,0.0,1.0,15,2,5,05/13/2024,2024-05-13,15:45:00
01/16/2024 01:30:00 PM,5.0,3,2,6,10,3,5,3,2,1,3,UNABLE TO DETERMINE,2,2,0.0,0.0,0.0,0.0,0.0,2.0,13,3,1,01/16/2024,2024-01-16,13:30:00
05/25/2024 10:30:00 AM,5.0,3,2,6,6,3,3,3,2,1,4,UNABLE TO DETERMINE,2,2,0.0,0.0,0.0,0.0,0.0,2.0,10,7,5,05/25/2024,2024-05-25,10:30:00
04/27/2024 10:38:00 PM,5.0,3,5,6,5,3,3,3,3,1,4,FAILING TO YIELD RIGHT-OF-WAY,2,2,0.0,0.0,0.0,0.0,0.0,4.0,22,7,4,04/27/2024,2024-04-27,22:38:00
04/10/2024 06:00:00 PM,3.0,3,2,5,7,3,3,3,2,1,4,FAILING TO YIELD RIGHT-OF-WAY,2,2,0.0,0.0,0.0,0.0,0.0,2.0,18,4,4,04/10/2024,2024-04-10,18:00:00
05/17/2024 01:45:00 PM,3.0,3,2,4,7,3,3,3,2,1,4,FOLLOWING TOO CLOSELY,2,2,0.0,0.0,0.0,0.0,0.0,2.0,13,6,5,05/17/2024,2024-05-17,13:45:00
08/07/2024 09:30:00 AM,7.0,3,2,6,5,3,3,4,2,1,4,FAILING TO YIELD RIGHT-OF-WAY,2,2,0.0,0.0,0.0,0.0,0.0,2.0,9,4,8,08/07/2024,2024-08-07,09:30:00
03/12/2024 02:42:00 PM,5.0,3,2,6,5,3,3,3,3,1,4,FAILING TO YIELD RIGHT-OF-WAY,2,3,1.0,0.0,0.0,0.0,1.0,2.0,14,3,3,03/12/2024,2024-03-12,14:42:00
08/09/2024 04:37:00 PM,5.0,3,2,3,4,3,3,3,2,1,4,IMPROPER LANE USAGE,2,2,0.0,0.0,0.0,0.0,0.0,2.0,16,6,8,08/09/2024,2024-08-09,16:37:00
05/28/2024 11:07:00 AM,3.0,3,2,6,6,3,3,3,3,1,4,"VISION OBSCURED (SIGNS, TREE LIMBS, BUILDINGS, ETC.)",2,2,0.0,0.0,0.0,0.0,0.0,2.0,11,3,5,05/28/2024,2024-05-28,11:07:00
04/04/2024 03:55:00 PM,5.0,3,2,3,6,3,4,3,2,1,2,UNABLE TO DETERMINE,2,2,0.0,0.0,0.0,0.0,0.0,2.0,15,5,4,04/04/2024,2024-04-04,15:55:00
03/10/2024 04:10:00 AM,5.0,3,5,6,5,3,3,3,3,1,4,IMPROPER TURNING/NO SIGNAL,2,4,2.0,0.0,0.0,2.0,0.0,1.0,4,1,3,03/10/2024,2024-03-10,04:10:00
07/04/2024 11:51:00 PM,3.0,3,2,6,5,3,1,1,2,1,4,UNABLE TO DETERMINE,2,2,0.0,0.0,0.0,0.0,0.0,2.0,23,5,7,07/04/2024,2024-07-04,23:51:00
07/25/2024 11:30:00 PM,7.0,3,5,6,7,3,1,1,3,1,4,UNABLE TO DETERMINE,2,2,0.0,0.0,0.0,0.0,0.0,2.0,23,5,7,07/25/2024,2024-07-25,23:30:00
06/12/2024 08:50:00 AM,5.0,3,2,5,7,3,3,1,3,1,4,DISREGARDING TRAFFIC SIGNALS,2,3,1.0,0.0,0.0,0.0,1.0,2.0,8,4,6,06/12/2024,2024-06-12,08:50:00
02/23/2024 03:54:00 PM,5.0,3,2,6,5,3,3,3,2,1,2,UNABLE TO DETERMINE,2,2,0.0,0.0,0.0,0.0,0.0,3.0,15,6,2,02/23/2024,2024-02-23,15:54:00
03/23/2024 05:27:00 PM,5.0,3,2,6,5,3,3,1,3,1,4,FAILING TO YIELD RIGHT-OF-WAY,2,2,0.0,0.0,0.0,0.0,0.0,3.0,17,7,3,03/23/2024,2024-03-23,17:27:00
05/31/2024 12:39:00 PM,7.0,3,2,5,5,3,3,3,3,1,4,FAILING TO YIELD RIGHT-OF-WAY,2,3,2.0,0.0,0.0,0.0,2.0,3.0,12,6,5,05/31/2024,2024-05-31,12:39:00
02/11/2024 10:33:00 PM,5.0,3,5,3,6,3,3,3,2,1,4,IMPROPER LANE USAGE,2,2,0.0,0.0,0.0,0.0,0.0,3.0,22,1,2,02/11/2024,2024-02-11,22:33:00
04/22/2024 05:30:00 PM,5.0,3,2,3,6,3,3,3,2,1,4,IMPROPER LANE USAGE,2,2,0.0,0.0,0.0,0.0,0.0,2.0,17,2,4,04/22/2024,2024-04-22,17:30:00
07/03/2024 06:55:00 PM,7.0,3,2,7,5,3,3,3,2,1,2,DRIVING SKILLS/KNOWLEDGE/EXPERIENCE,2,2,0.0,0.0,0.0,0.0,0.0,2.0,18,4,7,07/03/2024,2024-07-03,18:55:00
07/09/2024 04:00:00 PM,7.0,3,2,4,7,3,3,3,2,1,3,DISREGARDING STOP SIGN,2,2,0.0,0.0,0.0,0.0,0.0,3.0,16,3,7,07/09/2024,2024-07-09,16:00:00
02/21/2024 08:45:00 PM,5.0,3,5,4,5,3,3,3,2,1,4,UNABLE TO DETERMINE,2,2,0.0,0.0,0.0,0.0,0.0,2.0,20,4,2,02/21/2024,2024-02-21,20:45:00
06/05/2024 04:30:00 PM,7.0,3,2,5,6,3,3,1,3,1,4,DISREGARDING STOP SIGN,2,4,1.0,0.0,0.0,1.0,0.0,1.0,16,4,6,06/05/2024,2024-06-05,16:30:00