crash_date,traffic_control_device,weather_condition,lighting_condition,first_crash_type,trafficway_type,alignment,roadway_surface_cond,road_defect,crash_type,intersection_related_i,damage,prim_contributory_cause,num_units,most_severe_injury,injuries_total,injuries_fatal,injuries_incapacitating,injuries_non_incapacitating,injuries_reported_not_evident,injuries_no_indication,crash_hour,crash_day_of_week,crash_month,parsed_datetime,date,time
07/16/2024 01:00:00 PM,5.0,3,2,10,5,3,3,3,3,1,4,NOT APPLICABLE,2,2,0.0,0.0,0.0,0.0,0.0,3.0,13,3,7,07/16/2024,2024-07-16,13:00:00
07/26/2024 03:15:00 PM,5.0,3,2,3,4,3,3,1,2,1,4,NOT APPLICABLE,2,2,0.0,0.0,0.0,0.0,0.0,4.0,15,6,7,07/26/2024,2024-07-26,15:15:00
04/16/2024 12:25:00 PM,5.0,3,2,6,5,3,3,3,2,1,4,FAILING TO YIELD RIGHT-OF-WAY,2,2,0.0,0.0,0.0,0.0,0.0,2.0,12,3,4,04/16/2024,2024-04-16,12:25:00
06/09/2024 09:49:00 PM,5.0,3,5,6,4,3,3,1,2,1,4,UNABLE TO DETERMINE,2,2,0.0,0.0,0.0,0.0,0.0,2.0,21,1,6,06/09/2024,2024-06-09,21:49:00
04/17/2024 05:00:00 PM,7.0,3,2,6,6,3,3,3,2,1,2,UNABLE TO DETERMINE,2,2,0.0,0.0,0.0,0.0,0.0,2.0,17,4,4,04/17/2024,2024-04-17,17:00:00
05/27/2024 02:26:00 PM,5.0,3,2,3,6,3,3,3,2,1,4,UNABLE TO DETERMINE,2,2,0.0,0.0,0.0,0.0,0.0,2.0,14,2,5,05/27/2024,2024-05-27,14:26:00
06/11/2024 06:00:00 PM,5.0,3,2,6,5,3,3,3,3,1,4,UNABLE TO DETERMINE,2,2,0.0,0.0,0.0,0.0,0.0,2.0,18,3,6,06/11/2024,2024-06-11,18:00:00
06/02/2024 07:15:00 AM,5.0,4,2,5,5,3,3,3,3,1,4,FAILING TO YIELD RIGHT-OF-WAY,2,2,0.0,0.0,0.0,0.0,0.0,3.0,7,1,6,06/02/2024,2024-06-02,07:15:00
08/09/2024 08:25:00 PM,5.0,3,6,5,6,3,3,3,3,1,4,DISREGARDING TRAFFIC SIGNALS,2,4,2.0,0.0,0.0,1.0,1.0,1.0,20,6,8,08/09/2024,2024-08-09,20:25:00
04/29/2024 07:25:00 AM,5.0,5,2,4,6,3,4,3,2,1,2,FAILING TO REDUCE SPEED TO AVOID CRASH,2,2,0.0,0.0,0.0,0.0,0.0,3.0,7,2,4,04/29/2024,2024-04-29,07:25:00
06/02/2024 10:30:00 PM,7.0,3,2,5,6,3,1,1,2,1,4,UNABLE TO DETERMINE,2,2,0.0,0.0,0.0,0.0,0.0,2.0,22,1,6,06/02/2024,2024-06-02,22:30:00
08/10/2024 11:50:00 AM,7.0,3,2,5,5,3,3,3,3,1,4,FAILING TO YIELD RIGHT-OF-WAY,2,3,1.0,0.0,0.0,0.0,1.0,3.0,11,7,8,08/10/2024,2024-08-10,11:50:00
02/12/2024 04:30:00 AM,5.0,3,5,4,5,3,1,1,2,1,4,UNABLE TO DETERMINE,2,2,0.0,0.0,0.0,0.0,0.0,2.0,4,2,2,02/12/2024,2024-02-12,04:30:00
06/29/2024 01:45:00 PM,5.0,3,2,6,5,3,3,3,3,1,4,UNABLE TO DETERMINE,2,3,2.0,0.0,0.0,0.0,2.0,1.0,13,7,6,06/29/2024,2024-06-29,13:45:00
06/08/2024 07:34:00 PM,3.0,3,4,3,6,3,1,1,2,1,4,IMPROPER LANE USAGE,2,2,0.0,0.0,0.0,0.0,0.0,2.0,19,7,6,06/08/2024,2024-06-08,19:34:00
05/23/2024 05:30:00 PM,7.0,3,2,6,5,3,3,3,3,1,4,FAILING TO YIELD RIGHT-OF-WAY,2,3,1.0,0.0,0.0,0.0,1.0,7.0,17,5,5,05/23/2024,2024-05-23,17:30:00
01/20/2024 12:00:00 PM,3.0,6,2,12,4,3,4,3,3,1,4,EQUIPMENT - VEHICLE CONDITION,2,2,0.0,0.0,0.0,0.0,0.0,2.0,12,7,1,01/20/2024,2024-01-20,12:00:00
08/06/2024 01:28:00 AM,5.0,3,5,6,4,3,3,3,3,1,4,"OPERATING VEHICLE IN ERRATIC, RECKLESS, CARELESS, NEGLIGENT OR AGGRESSIVE MANNER",2,2,0.0,0.0,0.0,0.0,0.0,2.0,1,3,8,08/06/2024,2024-08-06,01:28:00
07/26/2024 05:15:00 PM,7.0,3,2,6,6,3,3,3,2,1,4,UNABLE TO DETERMINE,2,2,0.0,0.0,0.0,0.0,0.0,3.0,17,6,7,07/26/2024,2024-07-26,17:15:00
08/07/2024 08:40:00 AM,7.0,3,2,4,6,3,3,3,2,1,4,FOLLOWING TOO CLOSELY,2,2,0.0,0.0,0.0,0.0,0.0,2.0,8,4,8,08/07/2024,2024-08-07,08:40:00
02/19/2024 06:47:00 AM,7.0,3,2,5,6,3,3,3,2,1,4,FAILING TO YIELD RIGHT-OF-WAY,2,2,0.0,0.0,0.0,0.0,0.0,2.0,6,2,2,02/19/2024,2024-02-19,06:47:00
05/30/2024 09:10:00 PM,5.0,3,5,11,6,3,3,3,2,1,3,IMPROPER TURNING/NO SIGNAL,2,2,0.0,0.0,0.0,0.0,0.0,1.0,21,5,5,05/30/2024,2024-05-30,21:10:00
06/15/2024 07:13:00 PM,5.0,3,2,6,3,3,3,1,3,1,4,FAILING TO YIELD RIGHT-OF-WAY,2,2,0.0,0.0,0.0,0.0,0.0,2.0,19,7,6,06/15/2024,2024-06-15,19:13:00
05/08/2024 12:25:00 PM,5.0,3,2,13,4,3,3,3,3,1,2,FAILING TO YIELD RIGHT-OF-WAY,2,3,1.0,0.0,0.0,0.0,1.0,1.0,12,4,5,05/08/2024,2024-05-08,12:25:00
04/03/2024 04:49:00 PM,5.0,5,2,6,6,3,4,3,3,1,4,IMPROPER TURNING/NO SIGNAL,2,2,0.0,0.0,0.0,0.0,0.0,2.0,16,4,4,04/03/2024,2024-04-03,16:49:00
07/07/2024 09:55:00 PM,5.0,3,5,5,5,3,4,3,2,1,4,UNABLE TO DETERMINE,2,2,0.0,0.0,0.0,0.0,0.0,2.0,21,1,7,07/07/2024,2024-07-07,21:55:00
03/09/2024 02:23:00 PM,5.0,3,2,3,6,3,3,3,2,1,2,FOLLOWING TOO CLOSELY,2,2,0.0,0.0,0.0,0.0,0.0,3.0,14,7,3,03/09/2024,2024-03-09,14:23:00
03/18/2024 01:54:00 AM,7.0,3,5,5,6,3,3,3,3,1,4,DISREGARDING STOP SIGN,2,3,1.0,0.0,0.0,0.0,1.0,3.0,1,2,3,03/18/2024,2024-03-18,01:54:00
01/01/2024 02:30:00 PM,5.0,3,2,4,6,3,1,1,2,1,3,UNABLE TO DETERMINE,2,2,0.0,0.0,0.0,0.0,0.0,2.0,14,2,1,01/01/2024,2024-01-01,14:30:00
03/23/2024 12:15:00 PM,7.0,3,2,6,4,3,3,3,2,1,4,UNABLE TO DETERMINE,2,2,0.0,0.0,0.0,0.0,0.0,2.0,12,7,3,03/23/2024,2024-03-23,12:15:00
01/27/2024 04:20:00 PM,7.0,3,3,5,5,3,3,3,3,1,4,FAILING TO YIELD RIGHT-OF-WAY,2,3,1.0,0.0,0.0,0.0,1.0,5.0,16,7,1,01/27/2024,2024-01-27,16:20:00
05/28/2024 06:23:00 PM,5.0,5,2,6,6,3,4,3,2,1,4,UNABLE TO DETERMINE,2,2,0.0,0.0,0.0,0.0,0.0,2.0,18,3,5,05/28/2024,2024-05-28,18:23:00
04/02/2024 06:45:00 PM,5.0,4,4,4,12,3,3,3,2,1,4,FOLLOWING TOO CLOSELY,2,2,0.0,0.0,0.0,0.0,0.0,2.0,18,3,4,04/02/2024,2024-04-02,18:45:00
01/15/2024 02:43:00 PM,5.0,3,2,6,5,3,3,1,3,1,4,FAILING TO YIELD RIGHT-OF-WAY,2,3,1.0,0.0,0.0,0.0,1.0,1.0,14,2,1,01/15/2024,2024-01-15,14:43:00
05/18/2024 04:40:00 PM,3.0,3,2,3,4,3,3,3,2,0,4,DRIVING SKILLS/KNOWLEDGE/EXPERIENCE,2,2,0.0,0.0,0.0,0.0,0.0,3.0,16,7,5,05/18/2024,2024-05-18,16:40:00
06/07/2024 06:24:00 AM,5.0,3,2,9,14,3,3,3,3,1,4,UNABLE TO DETERMINE,2,2,0.0,0.0,0.0,0.0,0.0,4.0,6,6,6,06/07/2024,2024-06-07,06:24:00
02/22/2024 11:05:00 AM,5.0,3,2,6,5,3,3,3,3,1,4,FAILING TO YIELD RIGHT-OF-WAY,2,2,0.0,0.0,0.0,0.0,0.0,2.0,11,5,2,02/22/2024,2024-02-22,11:05:00
07/30/2024 01:30:00 PM,7.0,3,2,14,5,3,3,3,3,1,4,UNABLE TO DETERMINE,2,4,1.0,0.0,0.0,1.0,0.0,1.0,13,3,7,07/30/2024,2024-07-30,13:30:00
02/05/2024 09:00:00 AM,7.0,3,2,4,1,3,3,3,2,1,4,FAILING TO YIELD RIGHT-OF-WAY,2,2,0.0,0.0,0.0,0.0,0.0,2.0,9,2,2,02/05/2024,2024-02-05,09:00:00
04/25/2024 11:06:00 AM,1.0,3,2,5,5,3,3,1,3,1,4,DISREGARDING TRAFFIC SIGNALS,2,2,0.0,0.0,0.0,0.0,0.0,3.0,11,5,4,04/25/2024,2024-04-25,11:06:00
01/30/2024 03:32:00 PM,5.0,3,4,4,10,3,3,3,3,1,2,FOLLOWING TOO CLOSELY,2,4,1.0,0.0,0.0,1.0,0.0,2.0,15,3,1,01/30/2024,2024-01-30,15:32:00
01/05/2024 04:45:00 PM,7.0,3,6,11,5,3,3,3,3,1,4,IMPROPER OVERTAKING/PASSING,2,2,0.0,0.0,0.0,0.0,0.0,1.0,16,6,1,01/05/2024,2024-01-05,16:45:00
05/03/2024 06:28:00 PM,5.0,3,2,4,5,3,3,2,3,1,4,IMPROPER OVERTAKING/PASSING,2,3,1.0,0.0,0.0,0.0,1.0,1.0,18,6,5,05/03/2024,2024-05-03,18:28:00
05/23/2024 01:25:00 PM,7.0,3,2,6,5,3,3,1,2,1,4,FAILING TO YIELD RIGHT-OF-WAY,2,2,0.0,0.0,0.0,0.0,0.0,2.0,13,5,5,05/23/2024,2024-05-23,13:25:00
07/12/2024 06:30:00 PM,5.0,3,2,6,9,3,3,1,2,1,3,DRIVING SKILLS/KNOWLEDGE/EXPERIENCE,2,2,0.0,0.0,0.0,0.0,0.0,2.0,18,6,7,07/12/2024,2024-07-12,18:30:00
05/20/2024 11:01:00 PM,5.0,5,5,6,14,3,4,3,3,1,4,IMPROPER TURNING/NO SIGNAL,2,2,0.0,0.0,0.0,0.0,0.0,4.0,23,2,5,05/20/2024,2024-05-20,23:01:00
01/18/2024 07:34:00 AM,7.0,6,2,5,5,3,5,3,3,1,4,FAILING TO YIELD RIGHT-OF-WAY,2,2,0.0,0.0,0.0,0.0,0.0,3.0,7,5,1,01/18/2024,2024-01-18,07:34:00
05/28/2024 03:50:00 PM,7.0,5,2,5,4,3,4,3,2,1,3,FAILING TO YIELD RIGHT-OF-WAY,2,2,0.0,0.0,0.0,0.0,0.0,2.0,15,3,5,05/28/2024,2024-05-28,15:50:00
06/23/2024 04:30:00 PM,5.0,3,2,4,4,3,3,3,2,1,4,FOLLOWING TOO CLOSELY,2,2,0.0,0.0,0.0,0.0,0.0,2.0,16,1,6,06/23/2024,2024-06-23,16:30:00
05/03/2024 11:13:00 PM,1.0,3,2,6,5,3,1,1,2,1,3,FAILING TO YIELD RIGHT-OF-WAY,2,2,0.0,0.0,0.0,0.0,0.0,2.0,23,6,5,05/03/2024,2024-05-03,23:13:00
01/18/2024 03:56:00 PM,5.0,3,2,6,6,3,4,3,3,1,4,"VISION OBSCURED (SIGNS, TREE LIMBS, BUILDINGS, ETC.)",2,2,0.0,0.0,0.0,0.0,0.0,2.0,15,5,1,01/18/2024,2024-01-18,15:56:00
02/23/2024 09:36:00 PM,5.0,6,5,3,5,3,5,1,2,1,3,IMPROPER OVERTAKING/PASSING,2,2,0.0,0.0,0.0,0.0,0.0,2.0,21,6,2,02/23/2024,2024-02-23,21:36:00
01/23/2024 05:38:00 PM,7.0,3,5,5,5,3,2,3,2,1,3,FAILING TO YIELD RIGHT-OF-WAY,2,2,0.0,0.0,0.0,0.0,0.0,2.0,17,3,1,01/23/2024,2024-01-23,17:38:00
07/31/2024 01:15:00 PM,3.0,3,2,3,10,3,3,3,2,1,4,IMPROPER LANE USAGE,2,2,0.0,0.0,0.0,0.0,0.0,2.0,13,4,7,07/31/2024,2024-07-31,13:15:00
01/11/2024 06:50:00 AM,5.0,3,2,6,5,3,4,3,3,1,4,IMPROPER TURNING/NO SIGNAL,2,2,0.0,0.0,0.0,0.0,0.0,2.0,6,5,1,01/11/2024,2024-01-11,06:50:00
03/23/2024 03:07:00 AM,7.0,3,5,5,6,3,3,3,3,0,4,DRIVING ON WRONG SIDE/WRONG WAY,2,2,0.0,0.0,0.0,0.0,0.0,2.0,3,7,3,03/23/2024,2024-03-23,03:07:00
03/05/2024 03:00:00 PM,5.0,3,2,4,5,3,4,1,2,1,4,UNABLE TO DETERMINE,2,2,0.0,0.0,0.0,0.0,0.0,4.0,15,3,3,03/05/2024,2024-03-05,15:00:00
05/30/2024 05:44:00 PM,7.0,3,2,14,6,3,3,3,2,1,2,NOT APPLICABLE,2,2,0.0,0.0,0.0,0.0,0.0,2.0,17,5,5,05/30/2024,2024-05-30,17:44:00
02/10/2024 08:20:00 PM,5.0,3,5,6,6,3,3,3,2,1,4,UNABLE TO DETERMINE,2,2,0.0,0.0,0.0,0.0,0.0,2.0,20,7,2,02/10/2024,2024-02-10,20:20:00
01/03/2024 02:44:00 PM,1.0,3,2,6,16,3,1,1,2,1,3,UNABLE TO DETERMINE,2,2,0.0,0.0,0.0,0.0,0.0,2.0,14,4,1,01/03/2024,2024-01-03,14:44:00
04/29/2024 10:15:00 PM,3.0,3,5,3,10,3,3,3,2,1,4,IMPROPER OVERTAKING/PASSING,2,2,0.0,0.0,0.0,0.0,0.0,5.0,22,2,4,04/29/2024,2024-04-29,22:15:00
03/12/2024 05:55:00 PM,7.0,3,2,5,5,3,3,3,2,1,4,UNABLE TO DETERMINE,2,2,0.0,0.0,0.0,0.0,0.0,2.0,17,3,3,03/12/2024,2024-03-12,17:55:00
06/27/2024 08:55:00 AM,5.0,3,2,4,3,3,3,3,2,1,4,UNABLE TO DETERMINE,2,2,0.0,0.0,0.0,0.0,0.0,2.0,8,5,6,06/27/2024,2024-06-27,08:55:00
04/29/2024 06:55:00 PM,5.0,3,2,5,5,3,3,3,3,1,4,FAILING TO REDUCE SPEED TO AVOID CRASH,2,2,0.0,0.0,0.0,0.0,0.0,3.0,18,2,4,04/29/2024,2024-04-29,18:55:00
01/08/2024 11:40:00 AM,5.0,4,2,3,5,3,1,1,2,1,3,UNABLE TO DETERMINE,2,2,0.0,0.0,0.0,0.0,0.0,2.0,11,2,1,01/08/2024,2024-01-08,11:40:00
08/09/2024 06:05:00 PM,5.0,3,2,6,5,3,3,3,3,1,4,UNABLE TO DETERMINE,2,2,0.0,0.0,0.0,0.0,0.0,3.0,18,6,8,08/09/2024,2024-08-09,18:05:00
02/10/2024 10:01:00 AM,5.0,3,5,13,5,3,3,3,3,1,3,UNABLE TO DETERMINE,2,4,1.0,0.0,0.0,1.0,0.0,1.0,10,7,2,02/10/2024,2024-02-10,10:01:00
03/07/2024 07:50:00 AM,5.0,3,2,4,5,3,3,3,2,0,4,UNABLE TO DETERMINE,2,2,0.0,0.0,0.0,0.0,0.0,4.0,7,5,3,03/07/2024,2024-03-07,07:50:00
02/02/2024 07:34:00 PM,5.0,3,5,4,4,3,3,3,2,1,4,FOLLOWING TOO CLOSELY,2,2,0.0,0.0,0.0,0.0,0.0,2.0,19,6,2,02/02/2024,2024-02-02,19:34:00
05/24/2024 01:00:00 PM,5.0,5,2,14,5,3,3,3,3,1,4,FAILING TO REDUCE SPEED TO AVOID CRASH,2,3,1.0,0.0,0.0,0.0,1.0,1.0,13,6,5,05/24/2024,2024-05-24,13:00:00
01/25/2024 05:30:00 PM,1.0,3,2,6,7,3,1,1,2,0,4,IMPROPER TURNING/NO SIGNAL,2,2,0.0,0.0,0.0,0.0,0.0,2.0,17,5,1,01/25/2024,2024-01-25,17:30:00
04/20/2024 11:25:00 AM,5.0,3,2,4,10,3,3,3,2,1,4,FOLLOWING TOO CLOSELY,2,2,0.0,0.0,0.0,0.0,0.0,2.0,11,7,4,04/20/2024,2024-04-20,11:25:00
05/15/2024 04:50:00 PM,3.0,3,2,4,6,3,3,1,2,1,4,FOLLOWING TOO CLOSELY,2,2,0.0,0.0,0.0,0.0,0.0,2.0,16,4,5,05/15/2024,2024-05-15,16:50:00
05/30/2024 10:29:00 AM,7.0,3,2,11,6,3,3,3,2,1,3,TURNING RIGHT ON RED,2,2,0.0,0.0,0.0,0.0,0.0,1.0,10,5,5,05/30/2024,2024-05-30,10:29:00
06/26/2024 09:45:00 PM,7.0,3,5,13,7,3,3,3,3,1,2,FAILING TO YIELD RIGHT-OF-WAY,2,4,1.0,0.0,0.0,1.0,0.0,1.0,21,4,6,06/26/2024,2024-06-26,21:45:00
03/25/2024 06:40:00 AM,5.0,3,5,3,6,3,3,1,2,1,3,UNABLE TO DETERMINE,2,2,0.0,0.0,0.0,0.0,0.0,2.0,6,2,3,03/25/2024,2024-03-25,06:40:00
04/19/2024 04:30:00 AM,5.0,3,5,5,5,3,4,3,2,1,4,DISREGARDING TRAFFIC SIGNALS,2,2,0.0,0.0,0.0,0.0,0.0,2.0,4,6,4,04/19/2024,2024-04-19,04:30:00
06/07/2024 11:25:00 PM,3.0,3,5,14,4,3,3,3,3,1,4,FAILING TO YIELD RIGHT-OF-WAY,2,4,1.0,0.0,0.0,1.0,0.0,1.0,23,6,6,06/07/2024,2024-06-07,23:25:00
05/20/2024 01:04:00 PM,1.0,3,2,13,5,3,1,1,3,1,2,UNABLE TO DETERMINE,2,3,1.0,0.0,0.0,0.0,1.0,1.0,13,2,5,05/20/2024,2024-05-20,13:04:00
04/14/2024 10:00:00 AM,7.0,3,2,5,6,3,1,1,2,1,4,UNABLE TO DETERMINE,2,2,0.0,0.0,0.0,0.0,0.0,2.0,10,1,4,04/14/2024,2024-04-14,10:00:00
03/06/2024 12:00:00 PM,5.0,3,2,6,5,3,3,3,2,1,4,IMPROPER TURNING/NO SIGNAL,2,2,0.0,0.0,0.0,0.0,0.0,2.0,12,4,3,03/06/2024,2024-03-06,12:00:00
07/13/2024 11:30:00 PM,5.0,5,5,6,5,3,4,3,2,1,3,UNABLE TO DETERMINE,2,2,0.0,0.0,0.0,0.0,0.0,3.0,23,7,7,07/13/2024,2024-07-13,23:30:00
06/06/2024 03:22:00 PM,5.0,3,2,13,5,3,3,3,3,1,2,FAILING TO YIELD RIGHT-OF-WAY,2,4,1.0,0.0,0.0,1.0,0.0,1.0,15,5,6,06/06/2024,2024-06-06,15:22:00
03/02/2024 07:16:00 PM,3.0,3,5,5,4,3,3,3,3,1,4,FAILING TO YIELD RIGHT-OF-WAY,2,3,1.0,0.0,0.0,0.0,1.0,1.0,19,7,3,03/02/2024,2024-03-02,19:16:00
01/17/2024 03:15:00 PM,5.0,3,3,4,6,3,3,3,2,1,2,FAILING TO YIELD RIGHT-OF-WAY,2,2,0.0,0.0,0.0,0.0,0.0,2.0,15,4,1,01/17/2024,2024-01-17,15:15:00
03/31/2024 04:58:00 AM,5.0,3,5,5,1,3,3,3,3,1,4,UNDER THE INFLUENCE OF ALCOHOL/DRUGS (USE WHEN ARREST IS EFFECTED),2,2,0.0,0.0,0.0,0.0,0.0,6.0,4,1,3,03/31/2024,2024-03-31,04:58:00
06/07/2024 06:30:00 PM,1.0,3,2,6,2,3,1,1,3,1,4,UNABLE TO DETERMINE,2,2,0.0,0.0,0.0,0.0,0.0,2.0,18,6,6,06/07/2024,2024-06-07,18:30:00
01/18/2024 10:30:00 AM,1.0,3,2,3,3,3,1,1,2,1,4,UNABLE TO DETERMINE,2,2,0.0,0.0,0.0,0.0,0.0,2.0,10,5,1,01/18/2024,2024-01-18,10:30:00
07/16/2024 06:31:00 PM,7.0,4,2,5,5,3,3,3,2,1,3,DRIVING SKILLS/KNOWLEDGE/EXPERIENCE,2,2,0.0,0.0,0.0,0.0,0.0,3.0,18,3,7,07/16/2024,2024-07-16,18:31:00
02/23/2024 09:16:00 PM,5.0,6,5,4,4,3,5,3,2,1,4,WEATHER,2,2,0.0,0.0,0.0,0.0,0.0,3.0,21,6,2,02/23/2024,2024-02-23,21:16:00
05/26/2024 01:10:00 AM,5.0,3,5,14,5,3,3,1,3,1,3,DISREGARDING TRAFFIC SIGNALS,2,4,1.0,0.0,0.0,1.0,0.0,1.0,1,1,5,05/26/2024,2024-05-26,01:10:00
04/02/2024 04:54:00 PM,5.0,5,2,6,5,3,4,3,2,1,3,FAILING TO YIELD RIGHT-OF-WAY,2,2,0.0,0.0,0.0,0.0,0.0,2.0,16,3,4,04/02/2024,2024-04-02,16:54:00
03/18/2024 04:20:00 PM,7.0,3,2,5,5,3,3,3,3,1,4,FAILING TO YIELD RIGHT-OF-WAY,2,4,1.0,0.0,0.0,1.0,0.0,2.0,16,2,3,03/18/2024,2024-03-18,16:20:00
07/20/2024 10:50:00 AM,5.0,3,2,6,6,3,1,1,2,1,3,UNABLE TO DETERMINE,2,2,0.0,0.0,0.0,0.0,0.0,3.0,10,7,7,07/20/2024,2024-07-20,10:50:00
02/21/2024 08:15:00 PM,5.0,3,2,3,5,3,1,1,3,1,4,UNABLE TO DETERMINE,2,2,0.0,0.0,0.0,0.0,0.0,4.0,20,4,2,02/21/2024,2024-02-21,20:15:00
03/11/2024 06:53:00 AM,5.0,3,2,4,6,3,3,3,3,1,3,UNABLE TO DETERMINE,2,4,1.0,0.0,0.0,1.0,0.0,2.0,6,2,3,03/11/2024,2024-03-11,06:53:00
05/03/2024 08:37:00 PM,5.0,3,5,3,5,3,3,1,2,1,4,UNABLE TO DETERMINE,2,2,0.0,0.0,0.0,0.0,0.0,3.0,20,6,5,05/03/2024,2024-05-03,20:37:00
04/10/2024 07:20:00 AM,5.0,3,2,5,5,3,3,3,3,1,4,DISREGARDING TRAFFIC SIGNALS,2,3,1.0,0.0,0.0,0.0,1.0,1.0,7,4,4,04/10/2024,2024-04-10,07:20:00
03/05/2024 08:08:00 AM,7.0,5,2,5,7,3,4,3,2,1,4,FAILING TO YIELD RIGHT-OF-WAY,2,2,0.0,0.0,0.0,0.0,0.0,2.0,8,3,3,03/05/2024,2024-03-05,08:08:00
06/18/2024 11:03:00 AM,7.0,3,2,5,5,3,3,3,3,1,4,FAILING TO YIELD RIGHT-OF-WAY,2,4,1.0,0.0,0.0,1.0,0.0,2.0,11,3,6,06/18/2024,2024-06-18,11:03:00
03/15/2024 11:30:00 PM,5.0,3,5,3,3,3,3,3,2,1,4,IMPROPER OVERTAKING/PASSING,2,2,0.0,0.0,0.0,0.0,0.0,2.0,23,6,3,03/15/2024,2024-03-15,23:30:00
01/21/2024 05:30:00 PM,5.0,3,2,6,5,3,1,1,3,1,4,UNABLE TO DETERMINE,2,2,0.0,0.0,0.0,0.0,0.0,2.0,17,1,1,01/21/2024,2024-01-21,17:30:00
07/08/2024 10:00:00 AM,7.0,3,2,5,6,3,3,3,3,1,4,UNABLE TO DETERMINE,2,2,0.0,0.0,0.0,0.0,0.0,3.0,10,2,7,07/08/2024,2024-07-08,10:00:00
06/01/2024 02:53:00 PM,5.0,5,2,5,1,3,4,1,3,1,4,DISREGARDING TRAFFIC SIGNALS,2,3,2.0,0.0,0.0,0.0,2.0,0.0,14,7,6,06/01/2024,2024-06-01,14:53:00
04/20/2024 06:28:00 PM,5.0,3,2,6,6,3,3,3,2,1,4,IMPROPER LANE USAGE,2,2,0.0,0.0,0.0,0.0,0.0,3.0,18,7,4,04/20/2024,2024-04-20,18:28:00
05/01/2024 05:12:00 PM,5.0,3,2,5,5,3,3,3,2,1,3,FAILING TO YIELD RIGHT-OF-WAY,2,2,0.0,0.0,0.0,0.0,0.0,2.0,17,4,5,05/01/2024,2024-05-01,17:12:00
06/09/2024 09:52:00 PM,5.0,3,5,6,2,3,3,3,3,1,4,UNABLE TO DETERMINE,2,3,2.0,0.0,0.0,0.0,2.0,1.0,21,1,6,06/09/2024,2024-06-09,21:52:00
01/30/2024 05:45:00 PM,5.0,3,5,14,5,3,3,3,2,1,3,UNABLE TO DETERMINE,2,2,0.0,0.0,0.0,0.0,0.0,2.0,17,3,1,01/30/2024,2024-01-30,17:45:00
01/19/2024 06:25:00 PM,5.0,6,5,6,6,3,4,3,3,1,4,IMPROPER TURNING/NO SIGNAL,2,4,2.0,0.0,0.0,2.0,0.0,1.0,18,6,1,01/19/2024,2024-01-19,18:25:00
03/20/2024 07:20:00 PM,5.0,3,5,5,6,3,3,3,2,1,4,DISREGARDING TRAFFIC SIGNALS,2,2,0.0,0.0,0.0,0.0,0.0,2.0,19,4,3,03/20/2024,2024-03-20,19:20:00
04/08/2024 02:46:00 PM,5.0,3,2,6,6,3,3,3,2,1,4,NOT APPLICABLE,2,2,0.0,0.0,0.0,0.0,0.0,2.0,14,2,4,04/08/2024,2024-04-08,14:46:00
05/10/2024 12:00:00 PM,5.0,4,2,4,4,3,3,3,2,1,4,DRIVING SKILLS/KNOWLEDGE/EXPERIENCE,2,2,0.0,0.0,0.0,0.0,0.0,3.0,12,6,5,05/10/2024,2024-05-10,12:00:00
05/18/2024 05:00:00 PM,5.0,3,2,14,4,3,3,1,3,1,4,IMPROPER LANE USAGE,2,4,1.0,0.0,0.0,1.0,0.0,1.0,17,7,5,05/18/2024,2024-05-18,17:00:00
02/21/2024 09:55:00 PM,5.0,3,5,5,6,3,3,3,2,1,4,UNABLE TO DETERMINE,2,2,0.0,0.0,0.0,0.0,0.0,2.0,21,4,2,02/21/2024,2024-02-21,21:55:00
01/12/2024 07:15:00 AM,7.0,6,2,4,7,3,5,3,2,1,4,FOLLOWING TOO CLOSELY,2,2,0.0,0.0,0.0,0.0,0.0,2.0,7,6,1,01/12/2024,2024-01-12,07:15:00
05/17/2024 09:16:00 PM,3.0,3,6,4,6,3,3,1,3,1,4,NOT APPLICABLE,2,5,1.0,0.0,1.0,0.0,0.0,1.0,21,6,5,05/17/2024,2024-05-17,21:16:00
01/11/2024 04:00:00 PM,5.0,6,2,6,6,3,5,3,2,1,4,DISREGARDING TRAFFIC SIGNALS,2,2,0.0,0.0,0.0,0.0,0.0,2.0,16,5,1,01/11/2024,2024-01-11,16:00:00
06/24/2024 02:55:00 PM,5.0,3,2,6,6,3,3,3,2,1,4,FOLLOWING TOO CLOSELY,2,2,0.0,0.0,0.0,0.0,0.0,2.0,14,2,6,06/24/2024,2024-06-24,14:55:00
04/27/2024 02:30:00 PM,7.0,3,2,4,5,3,3,3,2,1,4,FOLLOWING TOO CLOSELY,2,2,0.0,0.0,0.0,0.0,0.0,2.0,14,7,4,04/27/2024,2024-04-27,14:30:00
07/07/2024 05:04:00 PM,3.0,5,2,6,6,3,4,3,2,1,3,IMPROPER TURNING/NO SIGNAL,2,2,0.0,0.0,0.0,0.0,0.0,2.0,17,1,7,07/07/2024,2024-07-07,17:04:00
01/27/2024 11:45:00 PM,7.0,5,6,6,6,3,4,2,3,1,4,UNABLE TO DETERMINE,2,4,2.0,0.0,0.0,2.0,0.0,3.0,23,7,1,01/27/2024,2024-01-27,23:45:00
08/13/2024 02:15:00 PM,5.0,3,2,6,6,3,3,3,2,1,3,FAILING TO YIELD RIGHT-OF-WAY,2,2,0.0,0.0,0.0,0.0,0.0,2.0,14,3,8,08/13/2024,2024-08-13,14:15:00