crash_date,traffic_control_device,weather_condition,lighting_condition,first_crash_type,trafficway_type,alignment,roadway_surface_cond,road_defect,crash_type,intersection_related_i,damage,prim_contributory_cause,num_units,most_severe_injury,injuries_total,injuries_fatal,injuries_incapacitating,injuries_non_incapacitating,injuries_reported_not_evident,injuries_no_indication,crash_hour,crash_day_of_week,crash_month,parsed_datetime,date,time
03/22/2024 08:45:00 PM,7.0,3,5,10,5,3,4,1,2,1,4,UNABLE TO DETERMINE,2,2,0.0,0.0,0.0,0.0,0.0,2.0,20,6,3,03/22/2024,2024-03-22,20:45:00
03/18/2024 02:00:00 PM,5.0,4,2,6,6,3,3,3,2,1,3,IMPROPER TURNING/NO SIGNAL,2,2,0.0,0.0,0.0,0.0,0.0,2.0,14,2,3,03/18/2024,2024-03-18,14:00:00
01/03/2024 10:11:00 PM,5.0,3,5,5,5,3,3,3,3,1,4,UNABLE TO DETERMINE,2,2,0.0,0.0,0.0,0.0,0.0,3.0,22,4,1,01/03/2024,2024-01-03,22:11:00
07/22/2024 07:24:00 PM,5.0,3,2,6,6,3,3,3,3,1,4,FAILING TO YIELD RIGHT-OF-WAY,2,4,2.0,0.0,0.0,2.0,0.0,1.0,19,2,7,07/22/2024,2024-07-22,19:24:00
06/12/2024 01:00:00 PM,5.0,3,2,4,3,3,3,3,2,1,4,FAILING TO REDUCE SPEED TO AVOID CRASH,2,2,0.0,0.0,0.0,0.0,0.0,2.0,13,4,6,06/12/2024,2024-06-12,13:00:00
04/23/2024 02:00:00 PM,5.0,3,2,6,6,3,3,3,2,1,4,FAILING TO YIELD RIGHT-OF-WAY,2,2,0.0,0.0,0.0,0.0,0.0,3.0,14,3,4,04/23/2024,2024-04-23,14:00:00
05/10/2024 10:10:00 AM,5.0,3,2,6,5,3,3,3,3,1,4,FAILING TO YIELD RIGHT-OF-WAY,2,3,1.0,0.0,0.0,0.0,1.0,3.0,10,6,5,05/10/2024,2024-05-10,10:10:00
05/12/2024 12:39:00 PM,7.0,3,2,6,6,3,3,3,3,1,4,FAILING TO YIELD RIGHT-OF-WAY,2,2,0.0,0.0,0.0,0.0,0.0,5.0,12,1,5,05/12/2024,2024-05-12,12:39:00
01/23/2024 04:34:00 PM,8.0,3,4,5,7,3,4,3,3,1,4,FAILING TO YIELD RIGHT-OF-WAY,2,2,0.0,0.0,0.0,0.0,0.0,3.0,16,3,1,01/23/2024,2024-01-23,16:34:00
01/02/2024 07:40:00 PM,3.0,3,5,4,6,3,1,3,2,1,3,UNABLE TO DETERMINE,2,2,0.0,0.0,0.0,0.0,0.0,3.0,19,3,1,01/02/2024,2024-01-02,19:40:00
03/01/2024 07:15:00 AM,5.0,4,2,6,4,3,3,3,2,0,3,IMPROPER TURNING/NO SIGNAL,2,2,0.0,0.0,0.0,0.0,0.0,2.0,7,6,3,03/01/2024,2024-03-01,07:15:00
06/13/2024 09:00:00 AM,5.0,3,2,6,6,3,3,3,3,1,4,FAILING TO YIELD RIGHT-OF-WAY,2,3,2.0,0.0,0.0,0.0,2.0,0.0,9,5,6,06/13/2024,2024-06-13,09:00:00
05/24/2024 05:45:00 PM,5.0,4,2,4,4,3,3,3,2,1,3,EQUIPMENT - VEHICLE CONDITION,2,2,0.0,0.0,0.0,0.0,0.0,2.0,17,6,5,05/24/2024,2024-05-24,17:45:00
04/23/2024 11:18:00 AM,5.0,4,2,6,5,3,3,1,3,1,4,DISREGARDING TRAFFIC SIGNALS,2,2,0.0,0.0,0.0,0.0,0.0,3.0,11,3,4,04/23/2024,2024-04-23,11:18:00
01/14/2024 01:40:00 PM,5.0,3,2,4,5,3,6,3,2,1,4,FOLLOWING TOO CLOSELY,2,2,0.0,0.0,0.0,0.0,0.0,2.0,13,1,1,01/14/2024,2024-01-14,13:40:00
03/03/2024 06:55:00 PM,3.0,3,5,13,5,3,3,3,3,1,4,UNABLE TO DETERMINE,2,4,1.0,0.0,0.0,1.0,0.0,5.0,18,1,3,03/03/2024,2024-03-03,18:55:00
06/13/2024 06:45:00 PM,1.0,3,2,11,1,3,1,1,2,1,4,NOT APPLICABLE,2,2,0.0,0.0,0.0,0.0,0.0,1.0,18,5,6,06/13/2024,2024-06-13,18:45:00
03/25/2024 11:01:00 AM,7.0,3,2,6,6,3,3,3,3,0,4,FAILING TO YIELD RIGHT-OF-WAY,2,2,0.0,0.0,0.0,0.0,0.0,2.0,11,2,3,03/25/2024,2024-03-25,11:01:00
05/26/2024 05:09:00 PM,5.0,3,2,6,7,3,3,1,3,1,4,DISREGARDING TRAFFIC SIGNALS,2,2,0.0,0.0,0.0,0.0,0.0,3.0,17,1,5,05/26/2024,2024-05-26,17:09:00
04/18/2024 09:35:00 AM,7.0,3,2,6,6,3,3,3,3,1,3,NOT APPLICABLE,2,2,0.0,0.0,0.0,0.0,0.0,2.0,9,5,4,04/18/2024,2024-04-18,09:35:00
05/06/2024 03:47:00 PM,7.0,3,2,5,6,3,3,3,2,1,4,CELL PHONE USE OTHER THAN TEXTING,2,2,0.0,0.0,0.0,0.0,0.0,3.0,15,2,5,05/06/2024,2024-05-06,15:47:00
04/05/2024 03:20:00 PM,7.0,3,2,6,5,3,3,3,2,1,3,UNABLE TO DETERMINE,2,2,0.0,0.0,0.0,0.0,0.0,3.0,15,6,4,04/05/2024,2024-04-05,15:20:00
01/04/2024 05:31:00 PM,5.0,3,5,6,5,3,3,1,3,1,4,FAILING TO YIELD RIGHT-OF-WAY,2,3,1.0,0.0,0.0,0.0,1.0,3.0,17,5,1,01/04/2024,2024-01-04,17:31:00
08/05/2024 06:59:00 AM,5.0,3,2,3,5,3,3,3,2,1,3,IMPROPER OVERTAKING/PASSING,2,2,0.0,0.0,0.0,0.0,0.0,2.0,6,2,8,08/05/2024,2024-08-05,06:59:00
06/15/2024 08:30:00 PM,7.0,3,4,5,5,3,3,3,2,1,4,DISREGARDING STOP SIGN,2,2,0.0,0.0,0.0,0.0,0.0,2.0,20,7,6,06/15/2024,2024-06-15,20:30:00
01/12/2024 07:20:00 AM,7.0,6,2,5,4,3,5,3,2,1,4,UNABLE TO DETERMINE,2,2,0.0,0.0,0.0,0.0,0.0,6.0,7,6,1,01/12/2024,2024-01-12,07:20:00
01/11/2024 04:45:00 PM,5.0,3,2,6,5,3,3,3,2,1,3,UNABLE TO DETERMINE,2,2,0.0,0.0,0.0,0.0,0.0,2.0,16,5,1,01/11/2024,2024-01-11,16:45:00
05/17/2024 08:47:00 PM,5.0,3,6,4,7,3,3,3,3,1,4,FOLLOWING TOO CLOSELY,2,3,2.0,0.0,0.0,0.0,2.0,3.0,20,6,5,05/17/2024,2024-05-17,20:47:00
03/01/2024 06:20:00 AM,5.0,3,2,5,5,3,3,3,2,1,4,DISREGARDING TRAFFIC SIGNALS,2,2,0.0,0.0,0.0,0.0,0.0,2.0,6,6,3,03/01/2024,2024-03-01,06:20:00
07/13/2024 06:40:00 PM,5.0,3,3,6,6,3,3,3,2,1,4,FOLLOWING TOO CLOSELY,2,2,0.0,0.0,0.0,0.0,0.0,2.0,18,7,7,07/13/2024,2024-07-13,18:40:00
07/12/2024 11:00:00 AM,5.0,3,2,6,5,3,3,1,2,0,4,UNABLE TO DETERMINE,2,2,0.0,0.0,0.0,0.0,0.0,2.0,11,6,7,07/12/2024,2024-07-12,11:00:00
02/14/2024 07:43:00 AM,3.0,3,2,9,4,3,3,3,2,1,4,UNABLE TO DETERMINE,2,2,0.0,0.0,0.0,0.0,0.0,2.0,7,4,2,02/14/2024,2024-02-14,07:43:00
01/13/2024 07:48:00 PM,7.0,6,6,5,5,3,5,1,2,1,4,UNABLE TO DETERMINE,2,2,0.0,0.0,0.0,0.0,0.0,3.0,19,7,1,01/13/2024,2024-01-13,19:48:00
01/21/2024 12:00:00 AM,5.0,3,5,5,5,3,5,1,3,1,4,FAILING TO YIELD RIGHT-OF-WAY,2,2,0.0,0.0,0.0,0.0,0.0,2.0,0,1,1,01/21/2024,2024-01-21,00:00:00
01/08/2024 11:00:00 AM,7.0,3,2,8,10,3,3,3,2,0,4,IMPROPER BACKING,2,2,0.0,0.0,0.0,0.0,0.0,2.0,11,2,1,01/08/2024,2024-01-08,11:00:00
06/12/2024 09:50:00 PM,3.0,3,6,5,7,3,3,3,2,1,4,UNABLE TO DETERMINE,2,2,0.0,0.0,0.0,0.0,0.0,2.0,21,4,6,06/12/2024,2024-06-12,21:50:00
04/25/2024 10:00:00 AM,5.0,3,2,6,5,3,3,3,2,1,4,FOLLOWING TOO CLOSELY,2,2,0.0,0.0,0.0,0.0,0.0,2.0,10,5,4,04/25/2024,2024-04-25,10:00:00
01/05/2024 02:00:00 PM,5.0,3,2,6,7,3,3,3,3,1,4,IMPROPER TURNING/NO SIGNAL,2,2,0.0,0.0,0.0,0.0,0.0,3.0,14,6,1,01/05/2024,2024-01-05,14:00:00
03/17/2024 03:30:00 AM,5.0,3,6,5,5,3,3,1,3,1,4,DISREGARDING TRAFFIC SIGNALS,2,3,2.0,0.0,0.0,0.0,2.0,1.0,3,1,3,03/17/2024,2024-03-17,03:30:00
04/26/2024 09:24:00 PM,5.0,3,5,4,14,3,4,3,3,1,2,FOLLOWING TOO CLOSELY,2,3,1.0,0.0,0.0,0.0,1.0,1.0,21,6,4,04/26/2024,2024-04-26,21:24:00
07/05/2024 08:00:00 PM,5.0,3,2,6,10,3,3,3,2,1,3,IMPROPER OVERTAKING/PASSING,2,2,0.0,0.0,0.0,0.0,0.0,2.0,20,6,7,07/05/2024,2024-07-05,20:00:00
04/08/2024 12:00:00 PM,7.0,3,2,5,5,3,3,3,3,1,4,DISREGARDING STOP SIGN,2,3,1.0,0.0,0.0,0.0,1.0,1.0,12,2,4,04/08/2024,2024-04-08,12:00:00
02/01/2024 09:47:00 PM,3.0,3,5,5,2,3,3,3,2,1,4,FAILING TO YIELD RIGHT-OF-WAY,2,2,0.0,0.0,0.0,0.0,0.0,2.0,21,5,2,02/01/2024,2024-02-01,21:47:00
02/23/2024 10:20:00 PM,5.0,6,5,6,13,3,5,1,2,1,3,IMPROPER TURNING/NO SIGNAL,2,2,0.0,0.0,0.0,0.0,0.0,4.0,22,6,2,02/23/2024,2024-02-23,22:20:00
07/07/2024 12:00:00 AM,3.0,3,5,6,6,3,1,1,2,1,4,IMPROPER TURNING/NO SIGNAL,2,2,0.0,0.0,0.0,0.0,0.0,3.0,0,1,7,07/07/2024,2024-07-07,00:00:00
01/30/2024 09:20:00 PM,3.0,3,6,4,6,3,4,3,3,1,4,UNABLE TO DETERMINE,2,3,2.0,0.0,0.0,0.0,2.0,0.0,21,3,1,01/30/2024,2024-01-30,21:20:00
07/05/2024 06:35:00 PM,5.0,3,2,6,6,3,3,3,3,1,4,FAILING TO YIELD RIGHT-OF-WAY,2,3,1.0,0.0,0.0,0.0,1.0,1.0,18,6,7,07/05/2024,2024-07-05,18:35:00
08/09/2024 07:00:00 AM,7.0,3,2,6,6,3,3,1,3,1,4,UNABLE TO DETERMINE,2,2,0.0,0.0,0.0,0.0,0.0,2.0,7,6,8,08/09/2024,2024-08-09,07:00:00
06/28/2024 05:25:00 PM,3.0,5,2,5,4,3,4,3,3,1,4,FAILING TO YIELD RIGHT-OF-WAY,2,2,0.0,0.0,0.0,0.0,0.0,2.0,17,6,6,06/28/2024,2024-06-28,17:25:00
08/05/2024 01:50:00 PM,3.0,3,2,5,4,3,3,1,2,1,4,UNABLE TO DETERMINE,2,2,0.0,0.0,0.0,0.0,0.0,2.0,13,2,8,08/05/2024,2024-08-05,13:50:00
04/02/2024 03:40:00 PM,7.0,3,2,4,7,3,4,1,3,1,4,FAILING TO REDUCE SPEED TO AVOID CRASH,2,4,1.0,0.0,0.0,1.0,0.0,1.0,15,3,4,04/02/2024,2024-04-02,15:40:00
02/29/2024 08:50:00 AM,1.0,3,2,3,7,3,3,1,2,1,4,UNABLE TO DETERMINE,2,2,0.0,0.0,0.0,0.0,0.0,2.0,8,5,2,02/29/2024,2024-02-29,08:50:00
03/03/2024 02:28:00 AM,5.0,3,5,9,5,3,3,1,3,1,4,DRIVING ON WRONG SIDE/WRONG WAY,2,5,2.0,0.0,1.0,1.0,0.0,0.0,2,1,3,03/03/2024,2024-03-03,02:28:00
03/19/2024 08:00:00 AM,3.0,3,2,9,4,3,3,3,3,1,3,FAILING TO YIELD RIGHT-OF-WAY,2,2,0.0,0.0,0.0,0.0,0.0,2.0,8,3,3,03/19/2024,2024-03-19,08:00:00
07/20/2024 02:10:00 PM,7.0,3,2,6,5,3,1,3,2,1,4,FAILING TO YIELD RIGHT-OF-WAY,2,2,0.0,0.0,0.0,0.0,0.0,2.0,14,7,7,07/20/2024,2024-07-20,14:10:00
07/14/2024 04:20:00 PM,5.0,3,2,6,6,3,3,3,3,0,4,NOT APPLICABLE,2,2,0.0,0.0,0.0,0.0,0.0,3.0,16,1,7,07/14/2024,2024-07-14,16:20:00
07/22/2024 05:30:00 PM,5.0,3,2,4,4,3,3,3,2,1,4,UNABLE TO DETERMINE,2,2,0.0,0.0,0.0,0.0,0.0,2.0,17,2,7,07/22/2024,2024-07-22,17:30:00
06/05/2024 08:30:00 PM,5.0,3,2,3,4,3,3,3,3,1,4,IMPROPER LANE USAGE,2,2,0.0,0.0,0.0,0.0,0.0,2.0,20,4,6,06/05/2024,2024-06-05,20:30:00
02/22/2024 04:40:00 PM,5.0,3,2,6,5,3,3,3,2,1,3,UNABLE TO DETERMINE,2,2,0.0,0.0,0.0,0.0,0.0,4.0,16,5,2,02/22/2024,2024-02-22,16:40:00
04/21/2024 10:13:00 PM,5.0,3,5,6,12,3,3,3,3,1,4,FAILING TO YIELD RIGHT-OF-WAY,2,2,0.0,0.0,0.0,0.0,0.0,3.0,22,1,4,04/21/2024,2024-04-21,22:13:00
01/06/2024 03:20:00 PM,5.0,6,2,6,6,3,5,3,2,1,4,UNDER THE INFLUENCE OF ALCOHOL/DRUGS (USE WHEN ARREST IS EFFECTED),2,2,0.0,0.0,0.0,0.0,0.0,5.0,15,7,1,01/06/2024,2024-01-06,15:20:00
05/13/2024 08:22:00 PM,5.0,5,5,6,5,3,4,3,3,1,4,IMPROPER TURNING/NO SIGNAL,2,2,0.0,0.0,0.0,0.0,0.0,4.0,20,2,5,05/13/2024,2024-05-13,20:22:00
04/26/2024 03:40:00 PM,5.0,5,2,6,5,3,4,3,3,1,4,FAILING TO YIELD RIGHT-OF-WAY,2,2,0.0,0.0,0.0,0.0,0.0,2.0,15,6,4,04/26/2024,2024-04-26,15:40:00
08/08/2024 09:07:00 PM,1.0,3,6,5,16,3,3,3,2,0,4,FAILING TO YIELD RIGHT-OF-WAY,2,2,0.0,0.0,0.0,0.0,0.0,4.0,21,5,8,08/08/2024,2024-08-08,21:07:00
01/23/2024 05:59:00 PM,5.0,3,2,4,7,3,1,1,2,1,2,UNABLE TO DETERMINE,2,2,0.0,0.0,0.0,0.0,0.0,2.0,17,3,1,01/23/2024,2024-01-23,17:59:00
05/19/2024 10:20:00 PM,1.0,3,5,6,5,3,3,1,2,1,4,UNABLE TO DETERMINE,2,2,0.0,0.0,0.0,0.0,0.0,2.0,22,1,5,05/19/2024,2024-05-19,22:20:00
01/07/2024 02:46:00 AM,7.0,6,5,5,5,3,5,3,3,1,4,DRIVING ON WRONG SIDE/WRONG WAY,2,2,0.0,0.0,0.0,0.0,0.0,2.0,2,1,1,01/07/2024,2024-01-07,02:46:00
02/23/2024 04:20:00 PM,5.0,4,2,3,4,3,3,3,2,1,4,IMPROPER OVERTAKING/PASSING,2,2,0.0,0.0,0.0,0.0,0.0,2.0,16,6,2,02/23/2024,2024-02-23,16:20:00
01/11/2024 08:49:00 AM,1.0,3,2,14,5,3,1,1,2,1,2,UNABLE TO DETERMINE,2,2,0.0,0.0,0.0,0.0,0.0,2.0,8,5,1,01/11/2024,2024-01-11,08:49:00
03/13/2024 04:19:00 PM,7.0,3,2,6,7,3,3,3,2,1,4,FAILING TO REDUCE SPEED TO AVOID CRASH,2,2,0.0,0.0,0.0,0.0,0.0,3.0,16,4,3,03/13/2024,2024-03-13,16:19:00
07/27/2024 02:42:00 PM,7.0,3,2,14,6,3,3,3,3,1,2,FAILING TO REDUCE SPEED TO AVOID CRASH,2,5,1.0,0.0,1.0,0.0,0.0,1.0,14,7,7,07/27/2024,2024-07-27,14:42:00
07/28/2024 09:05:00 AM,5.0,5,2,5,5,3,4,3,3,1,4,UNABLE TO DETERMINE,2,4,1.0,0.0,0.0,1.0,0.0,1.0,9,1,7,07/28/2024,2024-07-28,09:05:00
05/15/2024 01:23:00 PM,7.0,3,2,4,7,3,1,1,2,1,4,DISTRACTION - FROM INSIDE VEHICLE,2,2,0.0,0.0,0.0,0.0,0.0,2.0,13,4,5,05/15/2024,2024-05-15,13:23:00
07/12/2024 10:23:00 PM,5.0,3,5,5,7,3,1,1,3,1,4,DISREGARDING TRAFFIC SIGNALS,2,3,1.0,0.0,0.0,0.0,1.0,4.0,22,6,7,07/12/2024,2024-07-12,22:23:00
05/23/2024 05:53:00 PM,5.0,3,2,4,6,3,3,3,2,1,2,UNABLE TO DETERMINE,2,2,0.0,0.0,0.0,0.0,0.0,2.0,17,5,5,05/23/2024,2024-05-23,17:53:00
06/23/2024 06:13:00 PM,3.0,3,2,6,4,3,3,3,2,1,4,IMPROPER TURNING/NO SIGNAL,2,2,0.0,0.0,0.0,0.0,0.0,2.0,18,1,6,06/23/2024,2024-06-23,18:13:00
06/18/2024 01:40:00 PM,5.0,3,2,6,6,3,3,3,3,1,4,TURNING RIGHT ON RED,2,3,1.0,0.0,0.0,0.0,1.0,1.0,13,3,6,06/18/2024,2024-06-18,13:40:00
02/02/2024 04:00:00 PM,1.0,3,2,6,12,3,3,3,2,0,2,IMPROPER TURNING/NO SIGNAL,2,2,0.0,0.0,0.0,0.0,0.0,2.0,16,6,2,02/02/2024,2024-02-02,16:00:00
06/25/2024 03:35:00 PM,1.0,3,2,4,1,3,1,1,2,1,4,UNABLE TO DETERMINE,2,2,0.0,0.0,0.0,0.0,0.0,3.0,15,3,6,06/25/2024,2024-06-25,15:35:00
07/30/2024 09:45:00 AM,5.0,3,2,6,5,3,3,3,2,1,4,IMPROPER TURNING/NO SIGNAL,2,2,0.0,0.0,0.0,0.0,0.0,2.0,9,3,7,07/30/2024,2024-07-30,09:45:00
04/08/2024 02:45:00 PM,3.0,3,2,5,6,3,3,1,3,1,4,FAILING TO YIELD RIGHT-OF-WAY,2,4,1.0,0.0,0.0,1.0,0.0,1.0,14,2,4,04/08/2024,2024-04-08,14:45:00
06/01/2024 03:33:00 PM,5.0,5,2,6,4,3,4,3,2,1,4,IMPROPER TURNING/NO SIGNAL,2,2,0.0,0.0,0.0,0.0,0.0,2.0,15,7,6,06/01/2024,2024-06-01,15:33:00
05/20/2024 03:45:00 PM,7.0,3,2,6,9,3,4,3,2,1,4,UNABLE TO DETERMINE,2,2,0.0,0.0,0.0,0.0,0.0,2.0,15,2,5,05/20/2024,2024-05-20,15:45:00
04/29/2024 01:10:00 PM,10.0,3,2,5,6,3,3,3,2,1,4,UNABLE TO DETERMINE,2,2,0.0,0.0,0.0,0.0,0.0,2.0,13,2,4,04/29/2024,2024-04-29,13:10:00
06/20/2024 07:00:00 PM,5.0,5,2,6,6,3,4,3,2,1,4,WEATHER,2,2,0.0,0.0,0.0,0.0,0.0,2.0,19,5,6,06/20/2024,2024-06-20,19:00:00
06/21/2024 05:27:00 PM,5.0,3,2,5,5,3,3,3,3,1,4,FAILING TO YIELD RIGHT-OF-WAY,2,3,2.0,0.0,0.0,0.0,2.0,1.0,17,6,6,06/21/2024,2024-06-21,17:27:00
01/27/2024 11:00:00 AM,5.0,4,2,4,14,3,4,3,2,1,2,FAILING TO REDUCE SPEED TO AVOID CRASH,2,2,0.0,0.0,0.0,0.0,0.0,3.0,11,7,1,01/27/2024,2024-01-27,11:00:00
01/03/2024 01:00:00 PM,5.0,3,2,6,6,3,3,3,2,0,4,IMPROPER TURNING/NO SIGNAL,2,2,0.0,0.0,0.0,0.0,0.0,2.0,13,4,1,01/03/2024,2024-01-03,13:00:00
05/10/2024 04:10:00 PM,3.0,3,2,6,5,3,3,3,3,1,4,"OPERATING VEHICLE IN ERRATIC, RECKLESS, CARELESS, NEGLIGENT OR AGGRESSIVE MANNER",2,4,1.0,0.0,0.0,1.0,0.0,2.0,16,6,5,05/10/2024,2024-05-10,16:10:00
01/01/2024 02:50:00 PM,5.0,3,2,4,10,3,1,3,2,1,4,UNABLE TO DETERMINE,2,2,0.0,0.0,0.0,0.0,0.0,2.0,14,2,1,01/01/2024,2024-01-01,14:50:00
05/05/2024 12:37:00 PM,5.0,3,2,13,4,3,3,1,3,1,2,UNABLE TO DETERMINE,2,4,1.0,0.0,0.0,1.0,0.0,1.0,12,1,5,05/05/2024,2024-05-05,12:37:00
03/27/2024 12:50:00 PM,5.0,3,2,6,6,3,3,3,2,1,2,FAILING TO YIELD RIGHT-OF-WAY,2,2,0.0,0.0,0.0,0.0,0.0,2.0,12,4,3,03/27/2024,2024-03-27,12:50:00
05/19/2024 02:10:00 PM,1.0,3,2,5,6,3,1,1,2,1,2,UNABLE TO DETERMINE,2,2,0.0,0.0,0.0,0.0,0.0,2.0,14,1,5,05/19/2024,2024-05-19,14:10:00
02/12/2024 12:39:00 AM,5.0,3,5,5,4,3,3,3,3,1,4,DISREGARDING TRAFFIC SIGNALS,2,4,1.0,0.0,0.0,1.0,0.0,2.0,0,2,2,02/12/2024,2024-02-12,00:39:00
07/28/2024 05:35:00 PM,1.0,3,2,4,6,3,1,1,2,1,3,UNABLE TO DETERMINE,2,2,0.0,0.0,0.0,0.0,0.0,3.0,17,1,7,07/28/2024,2024-07-28,17:35:00
05/19/2024 12:26:00 AM,5.0,3,5,3,6,3,3,3,2,1,4,DRIVING SKILLS/KNOWLEDGE/EXPERIENCE,2,2,0.0,0.0,0.0,0.0,0.0,2.0,0,1,5,05/19/2024,2024-05-19,00:26:00
06/27/2024 06:34:00 PM,7.0,3,2,9,5,3,3,3,3,1,3,IMPROPER BACKING,2,2,0.0,0.0,0.0,0.0,0.0,4.0,18,5,6,06/27/2024,2024-06-27,18:34:00
04/26/2024 03:30:00 PM,5.0,5,2,3,5,3,4,3,2,1,4,UNABLE TO DETERMINE,2,2,0.0,0.0,0.0,0.0,0.0,2.0,15,6,4,04/26/2024,2024-04-26,15:30:00
03/20/2024 07:57:00 AM,5.0,3,2,4,6,3,3,3,3,1,4,FOLLOWING TOO CLOSELY,2,4,1.0,0.0,0.0,1.0,0.0,1.0,7,4,3,03/20/2024,2024-03-20,07:57:00
02/03/2024 04:40:00 PM,5.0,3,2,13,5,3,3,3,2,1,4,FAILING TO YIELD RIGHT-OF-WAY,2,2,0.0,0.0,0.0,0.0,0.0,2.0,16,7,2,02/03/2024,2024-02-03,16:40:00
07/12/2024 02:01:00 AM,7.0,3,5,6,5,3,3,1,3,1,4,NOT APPLICABLE,2,3,1.0,0.0,0.0,0.0,1.0,3.0,2,6,7,07/12/2024,2024-07-12,02:01:00
03/02/2024 02:00:00 PM,7.0,3,2,5,5,3,3,3,2,1,4,UNABLE TO DETERMINE,2,2,0.0,0.0,0.0,0.0,0.0,3.0,14,7,3,03/02/2024,2024-03-02,14:00:00
05/04/2024 05:05:00 PM,5.0,3,2,4,5,3,3,3,2,1,4,FOLLOWING TOO CLOSELY,2,2,0.0,0.0,0.0,0.0,0.0,3.0,17,7,5,05/04/2024,2024-05-04,17:05:00
05/11/2024 01:30:00 PM,5.0,3,2,4,5,3,1,1,2,1,4,UNABLE TO DETERMINE,2,2,0.0,0.0,0.0,0.0,0.0,4.0,13,7,5,05/11/2024,2024-05-11,13:30:00
05/02/2024 10:15:00 AM,2.0,3,2,5,4,3,3,1,3,1,4,FAILING TO YIELD RIGHT-OF-WAY,2,4,2.0,0.0,0.0,2.0,0.0,0.0,10,5,5,05/02/2024,2024-05-02,10:15:00
07/08/2024 07:55:00 AM,5.0,3,2,5,4,3,4,3,2,1,4,DISREGARDING TRAFFIC SIGNALS,2,2,0.0,0.0,0.0,0.0,0.0,2.0,7,2,7,07/08/2024,2024-07-08,07:55:00
06/20/2024 12:05:00 AM,5.0,3,5,6,5,3,3,1,2,1,4,DISREGARDING ROAD MARKINGS,2,2,0.0,0.0,0.0,0.0,0.0,2.0,0,5,6,06/20/2024,2024-06-20,00:05:00
06/22/2024 04:30:00 PM,7.0,3,2,13,5,3,3,3,3,1,2,FAILING TO YIELD RIGHT-OF-WAY,2,4,1.0,0.0,0.0,1.0,0.0,1.0,16,7,6,06/22/2024,2024-06-22,16:30:00
06/22/2024 03:35:00 AM,5.0,3,6,4,4,3,3,3,2,0,4,UNABLE TO DETERMINE,2,2,0.0,0.0,0.0,0.0,0.0,2.0,3,7,6,06/22/2024,2024-06-22,03:35:00
06/23/2024 01:30:00 AM,5.0,5,5,3,6,3,4,3,2,1,4,UNABLE TO DETERMINE,2,2,0.0,0.0,0.0,0.0,0.0,2.0,1,1,6,06/23/2024,2024-06-23,01:30:00
05/24/2024 09:40:00 AM,3.0,3,2,5,6,3,3,3,3,1,4,FAILING TO YIELD RIGHT-OF-WAY,2,3,1.0,0.0,0.0,0.0,1.0,1.0,9,6,5,05/24/2024,2024-05-24,09:40:00
05/17/2024 03:35:00 PM,5.0,3,2,6,5,3,3,3,2,1,3,UNABLE TO DETERMINE,2,2,0.0,0.0,0.0,0.0,0.0,2.0,15,6,5,05/17/2024,2024-05-17,15:35:00
06/17/2024 08:25:00 AM,5.0,3,2,5,5,3,3,3,2,1,4,DISREGARDING TRAFFIC SIGNALS,2,2,0.0,0.0,0.0,0.0,0.0,2.0,8,2,6,06/17/2024,2024-06-17,08:25:00
05/24/2024 09:19:00 PM,5.0,3,6,4,6,3,3,3,2,1,4,UNABLE TO DETERMINE,2,2,0.0,0.0,0.0,0.0,0.0,2.0,21,6,5,05/24/2024,2024-05-24,21:19:00
05/15/2024 02:00:00 PM,5.0,3,2,4,5,3,3,3,2,1,4,UNABLE TO DETERMINE,2,2,0.0,0.0,0.0,0.0,0.0,2.0,14,4,5,05/15/2024,2024-05-15,14:00:00
07/17/2024 09:53:00 AM,5.0,3,2,5,5,3,3,3,3,1,4,DISREGARDING TRAFFIC SIGNALS,2,3,1.0,0.0,0.0,0.0,1.0,1.0,9,4,7,07/17/2024,2024-07-17,09:53:00
02/24/2024 09:50:00 AM,5.0,3,2,4,5,3,3,3,2,1,4,UNABLE TO DETERMINE,2,2,0.0,0.0,0.0,0.0,0.0,3.0,9,7,2,02/24/2024,2024-02-24,09:50:00
04/03/2024 08:55:00 PM,7.0,5,5,5,5,3,4,3,2,1,4,DISREGARDING STOP SIGN,2,2,0.0,0.0,0.0,0.0,0.0,2.0,20,4,4,04/03/2024,2024-04-03,20:55:00
03/19/2024 11:03:00 AM,5.0,3,2,6,5,3,3,1,3,1,4,DISREGARDING TRAFFIC SIGNALS,2,5,1.0,0.0,1.0,0.0,0.0,1.0,11,3,3,03/19/2024,2024-03-19,11:03:00
03/24/2024 12:45:00 PM,5.0,3,2,4,6,3,3,3,2,1,4,UNABLE TO DETERMINE,2,2,0.0,0.0,0.0,0.0,0.0,3.0,12,1,3,03/24/2024,2024-03-24,12:45:00
05/04/2024 12:58:00 PM,5.0,3,5,5,9,3,3,3,3,1,4,DISREGARDING TRAFFIC SIGNALS,2,2,0.0,0.0,0.0,0.0,0.0,4.0,12,7,5,05/04/2024,2024-05-04,12:58:00
06/14/2024 10:00:00 PM,5.0,3,5,14,5,3,3,3,3,1,4,FAILING TO YIELD RIGHT-OF-WAY,2,4,1.0,0.0,0.0,1.0,0.0,1.0,22,6,6,06/14/2024,2024-06-14,22:00:00