crash_date,traffic_control_device,weather_condition,lighting_condition,first_crash_type,trafficway_type,alignment,roadway_surface_cond,road_defect,crash_type,intersection_related_i,damage,prim_contributory_cause,num_units,most_severe_injury,injuries_total,injuries_fatal,injuries_incapacitating,injuries_non_incapacitating,injuries_reported_not_evident,injuries_no_indication,crash_hour,crash_day_of_week,crash_month,parsed_datetime,date,time
06/07/2024 08:15:00 AM,5.0,3,2,9,5,3,3,3,3,1,2,PHYSICAL CONDITION OF DRIVER,2,4,2.0,0.0,0.0,2.0,0.0,2.0,8,6,6,06/07/2024,2024-06-07,08:15:00
02/28/2024 11:57:00 AM,5.0,3,2,5,3,3,3,3,3,1,4,UNABLE TO DETERMINE,2,4,1.0,0.0,0.0,1.0,0.0,1.0,11,4,2,02/28/2024,2024-02-28,11:57:00
06/28/2024 08:45:00 AM,7.0,3,2,4,10,3,3,1,2,1,4,FOLLOWING TOO CLOSELY,2,2,0.0,0.0,0.0,0.0,0.0,4.0,8,6,6,06/28/2024,2024-06-28,08:45:00
05/17/2024 09:51:00 AM,3.0,3,2,5,6,3,3,3,3,1,4,FAILING TO REDUCE SPEED TO AVOID CRASH,2,4,1.0,0.0,0.0,1.0,0.0,1.0,9,6,5,05/17/2024,2024-05-17,09:51:00
08/09/2024 10:40:00 PM,3.0,4,5,6,7,3,1,1,2,1,4,FAILING TO YIELD RIGHT-OF-WAY,2,2,0.0,0.0,0.0,0.0,0.0,2.0,22,6,8,08/09/2024,2024-08-09,22:40:00
02/23/2024 06:40:00 PM,5.0,6,5,13,6,3,4,1,3,1,4,UNABLE TO DETERMINE,2,3,1.0,0.0,0.0,0.0,1.0,1.0,18,6,2,02/23/2024,2024-02-23,18:40:00
06/21/2024 11:45:00 AM,5.0,3,2,4,6,3,3,3,2,1,4,FAILING TO REDUCE SPEED TO AVOID CRASH,2,2,0.0,0.0,0.0,0.0,0.0,2.0,11,6,6,06/21/2024,2024-06-21,11:45:00
01/12/2024 05:24:00 AM,5.0,6,5,5,12,3,5,3,3,1,4,FAILING TO YIELD RIGHT-OF-WAY,2,2,0.0,0.0,0.0,0.0,0.0,2.0,5,6,1,01/12/2024,2024-01-12,05:24:00
04/09/2024 08:20:00 PM,5.0,3,6,6,6,3,3,3,2,1,4,IMPROPER TURNING/NO SIGNAL,2,2,0.0,0.0,0.0,0.0,0.0,2.0,20,3,4,04/09/2024,2024-04-09,20:20:00
05/21/2024 09:28:00 AM,5.0,3,2,6,5,3,3,3,2,1,4,DISREGARDING TRAFFIC SIGNALS,2,2,0.0,0.0,0.0,0.0,0.0,2.0,9,3,5,05/21/2024,2024-05-21,09:28:00
02/04/2024 06:39:00 PM,5.0,3,5,6,5,3,3,1,3,1,4,UNABLE TO DETERMINE,2,2,0.0,0.0,0.0,0.0,0.0,2.0,18,1,2,02/04/2024,2024-02-04,18:39:00
01/13/2024 08:30:00 PM,5.0,6,5,5,5,3,5,1,2,1,4,WEATHER,2,2,0.0,0.0,0.0,0.0,0.0,2.0,20,7,1,01/13/2024,2024-01-13,20:30:00
05/18/2024 10:22:00 AM,5.0,3,2,6,4,3,3,3,2,1,4,IMPROPER TURNING/NO SIGNAL,2,2,0.0,0.0,0.0,0.0,0.0,2.0,10,7,5,05/18/2024,2024-05-18,10:22:00
03/13/2024 12:01:00 AM,5.0,3,5,5,6,3,3,3,3,1,4,UNABLE TO DETERMINE,2,2,0.0,0.0,0.0,0.0,0.0,2.0,0,4,3,03/13/2024,2024-03-13,00:01:00
07/03/2024 09:45:00 AM,1.0,3,2,11,6,3,3,1,2,1,4,NOT APPLICABLE,2,2,0.0,0.0,0.0,0.0,0.0,1.0,9,4,7,07/03/2024,2024-07-03,09:45:00
02/15/2024 05:15:00 AM,5.0,3,2,4,5,3,3,3,3,1,3,FOLLOWING TOO CLOSELY,2,3,1.0,0.0,0.0,0.0,1.0,1.0,5,5,2,02/15/2024,2024-02-15,05:15:00
05/09/2024 07:30:00 AM,5.0,3,2,6,5,3,3,3,2,1,4,UNABLE TO DETERMINE,2,2,0.0,0.0,0.0,0.0,0.0,2.0,7,5,5,05/09/2024,2024-05-09,07:30:00
02/27/2024 06:53:00 PM,5.0,5,5,6,6,3,4,3,2,1,4,IMPROPER LANE USAGE,2,2,0.0,0.0,0.0,0.0,0.0,2.0,18,3,2,02/27/2024,2024-02-27,18:53:00
01/18/2024 03:00:00 PM,7.0,3,2,7,4,3,3,3,2,1,4,UNABLE TO DETERMINE,2,2,0.0,0.0,0.0,0.0,0.0,2.0,15,5,1,01/18/2024,2024-01-18,15:00:00
02/15/2024 06:00:00 AM,5.0,3,2,6,10,3,3,3,2,1,3,UNABLE TO DETERMINE,2,2,0.0,0.0,0.0,0.0,0.0,2.0,6,5,2,02/15/2024,2024-02-15,06:00:00
04/28/2024 11:15:00 PM,3.0,3,5,3,6,3,3,3,3,0,4,IMPROPER OVERTAKING/PASSING,2,2,0.0,0.0,0.0,0.0,0.0,2.0,23,1,4,04/28/2024,2024-04-28,23:15:00
02/11/2024 06:17:00 PM,5.0,3,5,5,5,3,3,3,3,1,4,DISREGARDING TRAFFIC SIGNALS,2,3,1.0,0.0,0.0,0.0,1.0,3.0,18,1,2,02/11/2024,2024-02-11,18:17:00
01/26/2024 04:24:00 AM,5.0,5,5,4,6,3,4,1,2,0,2,UNABLE TO DETERMINE,2,2,0.0,0.0,0.0,0.0,0.0,2.0,4,6,1,01/26/2024,2024-01-26,04:24:00
06/21/2024 11:20:00 AM,5.0,3,2,4,6,3,3,3,2,1,4,FOLLOWING TOO CLOSELY,2,2,0.0,0.0,0.0,0.0,0.0,2.0,11,6,6,06/21/2024,2024-06-21,11:20:00
06/20/2024 05:30:00 PM,5.0,3,2,4,6,3,3,3,2,1,4,DRIVING SKILLS/KNOWLEDGE/EXPERIENCE,2,2,0.0,0.0,0.0,0.0,0.0,2.0,17,5,6,06/20/2024,2024-06-20,17:30:00
06/15/2024 09:29:00 AM,5.0,3,2,6,4,3,3,3,3,1,4,UNABLE TO DETERMINE,2,4,2.0,0.0,0.0,2.0,0.0,0.0,9,7,6,06/15/2024,2024-06-15,09:29:00
04/12/2024 06:09:00 PM,5.0,3,2,5,5,3,3,3,2,1,3,"OPERATING VEHICLE IN ERRATIC, RECKLESS, CARELESS, NEGLIGENT OR AGGRESSIVE MANNER",2,2,0.0,0.0,0.0,0.0,0.0,2.0,18,6,4,04/12/2024,2024-04-12,18:09:00
01/16/2024 03:30:00 PM,5.0,3,2,5,5,3,5,3,3,1,4,UNABLE TO DETERMINE,2,3,1.0,0.0,0.0,0.0,1.0,2.0,15,3,1,01/16/2024,2024-01-16,15:30:00
04/16/2024 06:22:00 PM,5.0,4,2,6,5,3,4,3,2,1,4,UNABLE TO DETERMINE,2,2,0.0,0.0,0.0,0.0,0.0,3.0,18,3,4,04/16/2024,2024-04-16,18:22:00
05/08/2024 07:26:00 AM,7.0,3,2,6,4,3,3,3,3,1,4,UNABLE TO DETERMINE,2,2,0.0,0.0,0.0,0.0,0.0,2.0,7,4,5,05/08/2024,2024-05-08,07:26:00
07/13/2024 10:30:00 PM,5.0,3,5,3,9,3,3,3,2,1,4,IMPROPER TURNING/NO SIGNAL,2,2,0.0,0.0,0.0,0.0,0.0,5.0,22,7,7,07/13/2024,2024-07-13,22:30:00
06/13/2024 05:51:00 PM,5.0,3,2,4,5,3,1,1,2,1,3,NOT APPLICABLE,2,2,0.0,0.0,0.0,0.0,0.0,2.0,17,5,6,06/13/2024,2024-06-13,17:51:00
08/10/2024 09:00:00 PM,5.0,3,4,3,6,3,3,3,2,1,3,IMPROPER LANE USAGE,2,2,0.0,0.0,0.0,0.0,0.0,2.0,21,7,8,08/10/2024,2024-08-10,21:00:00
01/15/2024 05:30:00 PM,5.0,3,5,6,4,3,3,3,2,1,3,UNABLE TO DETERMINE,2,2,0.0,0.0,0.0,0.0,0.0,2.0,17,2,1,01/15/2024,2024-01-15,17:30:00
06/08/2024 03:45:00 PM,5.0,3,2,5,6,3,3,3,2,1,3,FAILING TO YIELD RIGHT-OF-WAY,2,2,0.0,0.0,0.0,0.0,0.0,2.0,15,7,6,06/08/2024,2024-06-08,15:45:00
02/21/2024 08:47:00 AM,5.0,3,2,6,6,3,3,3,3,1,4,IMPROPER LANE USAGE,2,2,0.0,0.0,0.0,0.0,0.0,2.0,8,4,2,02/21/2024,2024-02-21,08:47:00
04/22/2024 02:20:00 PM,5.0,3,2,3,3,3,3,1,2,1,2,FAILING TO YIELD RIGHT-OF-WAY,2,2,0.0,0.0,0.0,0.0,0.0,2.0,14,2,4,04/22/2024,2024-04-22,14:20:00
08/01/2024 11:19:00 AM,5.0,4,2,4,3,3,4,3,3,1,2,"OPERATING VEHICLE IN ERRATIC, RECKLESS, CARELESS, NEGLIGENT OR AGGRESSIVE MANNER",2,3,2.0,0.0,0.0,0.0,2.0,2.0,11,5,8,08/01/2024,2024-08-01,11:19:00
01/26/2024 02:36:00 PM,5.0,3,2,4,4,3,4,3,2,0,4,UNABLE TO DETERMINE,2,2,0.0,0.0,0.0,0.0,0.0,2.0,14,6,1,01/26/2024,2024-01-26,14:36:00
06/05/2024 07:10:00 AM,3.0,4,2,3,6,3,3,3,3,0,4,FAILING TO YIELD RIGHT-OF-WAY,2,2,0.0,0.0,0.0,0.0,0.0,2.0,7,4,6,06/05/2024,2024-06-05,07:10:00
04/08/2024 07:30:00 PM,7.0,3,5,4,5,3,3,3,2,1,4,"DISTRACTION - OTHER ELECTRONIC DEVICE (NAVIGATION DEVICE, DVD PLAYER, ETC.)",2,2,0.0,0.0,0.0,0.0,0.0,3.0,19,2,4,04/08/2024,2024-04-08,19:30:00
06/25/2024 12:46:00 PM,3.0,3,2,6,3,3,3,3,3,0,4,FAILING TO YIELD RIGHT-OF-WAY,2,4,2.0,0.0,0.0,2.0,0.0,2.0,12,3,6,06/25/2024,2024-06-25,12:46:00
02/01/2024 07:45:00 AM,7.0,3,2,5,6,3,3,3,3,1,4,FAILING TO YIELD RIGHT-OF-WAY,2,2,0.0,0.0,0.0,0.0,0.0,2.0,7,5,2,02/01/2024,2024-02-01,07:45:00
05/09/2024 11:40:00 AM,3.0,3,2,4,6,3,3,3,2,1,4,NOT APPLICABLE,2,2,0.0,0.0,0.0,0.0,0.0,2.0,11,5,5,05/09/2024,2024-05-09,11:40:00
03/17/2024 08:00:00 AM,5.0,3,2,6,5,3,3,3,3,1,3,FAILING TO YIELD RIGHT-OF-WAY,2,2,0.0,0.0,0.0,0.0,0.0,2.0,8,1,3,03/17/2024,2024-03-17,08:00:00
02/04/2024 10:27:00 PM,5.0,3,5,6,5,3,3,1,2,1,4,DISREGARDING TRAFFIC SIGNALS,2,2,0.0,0.0,0.0,0.0,0.0,4.0,22,1,2,02/04/2024,2024-02-04,22:27:00
01/07/2024 01:00:00 PM,3.0,4,2,3,4,3,3,3,2,1,4,IMPROPER OVERTAKING/PASSING,2,2,0.0,0.0,0.0,0.0,0.0,3.0,13,1,1,01/07/2024,2024-01-07,13:00:00
03/25/2024 08:20:00 PM,5.0,3,5,11,6,3,3,3,2,1,3,UNABLE TO DETERMINE,2,2,0.0,0.0,0.0,0.0,0.0,1.0,20,2,3,03/25/2024,2024-03-25,20:20:00
01/10/2024 11:55:00 PM,5.0,3,5,5,6,3,4,3,3,1,4,FAILING TO YIELD RIGHT-OF-WAY,2,4,2.0,0.0,0.0,2.0,0.0,0.0,23,4,1,01/10/2024,2024-01-10,23:55:00
04/07/2024 11:30:00 AM,3.0,3,2,3,6,3,3,3,2,1,4,FAILING TO YIELD RIGHT-OF-WAY,2,2,0.0,0.0,0.0,0.0,0.0,4.0,11,1,4,04/07/2024,2024-04-07,11:30:00
06/14/2024 01:12:00 PM,5.0,3,2,6,4,3,3,3,3,1,4,FAILING TO YIELD RIGHT-OF-WAY,2,4,1.0,0.0,0.0,1.0,0.0,3.0,13,6,6,06/14/2024,2024-06-14,13:12:00
03/10/2024 12:28:00 PM,5.0,3,2,6,5,3,3,3,2,1,4,FAILING TO YIELD RIGHT-OF-WAY,2,2,0.0,0.0,0.0,0.0,0.0,3.0,12,1,3,03/10/2024,2024-03-10,12:28:00
03/28/2024 04:25:00 PM,3.0,3,2,4,6,3,3,3,3,0,4,FOLLOWING TOO CLOSELY,2,3,2.0,0.0,0.0,0.0,2.0,0.0,16,5,3,03/28/2024,2024-03-28,16:25:00
02/14/2024 11:55:00 AM,5.0,3,2,14,7,3,3,3,3,1,2,"VISION OBSCURED (SIGNS, TREE LIMBS, BUILDINGS, ETC.)",2,4,1.0,0.0,0.0,1.0,0.0,1.0,11,4,2,02/14/2024,2024-02-14,11:55:00
03/05/2024 05:25:00 PM,7.0,3,5,6,5,3,1,1,3,1,4,FAILING TO YIELD RIGHT-OF-WAY,2,3,1.0,0.0,0.0,0.0,1.0,1.0,17,3,3,03/05/2024,2024-03-05,17:25:00
01/11/2024 06:45:00 AM,7.0,3,3,5,6,3,3,3,3,1,4,FAILING TO YIELD RIGHT-OF-WAY,2,2,0.0,0.0,0.0,0.0,0.0,2.0,6,5,1,01/11/2024,2024-01-11,06:45:00
03/22/2024 04:06:00 PM,7.0,6,2,14,5,3,5,3,3,1,2,FAILING TO YIELD RIGHT-OF-WAY,2,3,1.0,0.0,0.0,0.0,1.0,2.0,16,6,3,03/22/2024,2024-03-22,16:06:00
03/01/2024 12:40:00 PM,3.0,3,2,6,7,3,3,3,2,1,4,FAILING TO YIELD RIGHT-OF-WAY,2,2,0.0,0.0,0.0,0.0,0.0,3.0,12,6,3,03/01/2024,2024-03-01,12:40:00
03/15/2024 11:47:00 AM,5.0,3,2,6,4,3,3,3,2,1,4,IMPROPER TURNING/NO SIGNAL,2,2,0.0,0.0,0.0,0.0,0.0,3.0,11,6,3,03/15/2024,2024-03-15,11:47:00
02/07/2024 09:50:00 PM,1.0,3,6,6,5,3,3,3,3,1,4,UNABLE TO DETERMINE,2,4,1.0,0.0,0.0,1.0,0.0,2.0,21,4,2,02/07/2024,2024-02-07,21:50:00
04/26/2024 04:35:00 PM,7.0,5,2,5,5,3,4,3,2,1,4,UNABLE TO DETERMINE,2,2,0.0,0.0,0.0,0.0,0.0,2.0,16,6,4,04/26/2024,2024-04-26,16:35:00
05/14/2024 02:30:00 PM,5.0,3,2,6,6,3,3,3,3,1,4,DISREGARDING TRAFFIC SIGNALS,2,4,1.0,0.0,0.0,1.0,0.0,1.0,14,3,5,05/14/2024,2024-05-14,14:30:00
04/16/2024 12:05:00 PM,7.0,3,2,5,5,3,3,3,3,1,4,FAILING TO YIELD RIGHT-OF-WAY,2,4,1.0,0.0,0.0,1.0,0.0,1.0,12,3,4,04/16/2024,2024-04-16,12:05:00
01/20/2024 07:20:00 PM,5.0,3,5,4,10,3,3,3,2,1,3,FAILING TO YIELD RIGHT-OF-WAY,2,2,0.0,0.0,0.0,0.0,0.0,2.0,19,7,1,01/20/2024,2024-01-20,19:20:00
01/20/2024 08:10:00 PM,3.0,6,5,4,7,3,5,7,2,1,4,FOLLOWING TOO CLOSELY,2,2,0.0,0.0,0.0,0.0,0.0,2.0,20,7,1,01/20/2024,2024-01-20,20:10:00
07/03/2024 09:45:00 PM,3.0,3,5,6,6,3,3,3,3,1,4,FAILING TO YIELD RIGHT-OF-WAY,2,4,2.0,0.0,0.0,2.0,0.0,2.0,21,4,7,07/03/2024,2024-07-03,21:45:00
08/03/2024 05:00:00 PM,5.0,3,2,6,6,3,3,3,2,1,4,IMPROPER TURNING/NO SIGNAL,2,2,0.0,0.0,0.0,0.0,0.0,2.0,17,7,8,08/03/2024,2024-08-03,17:00:00
04/15/2024 06:30:00 PM,5.0,3,2,6,6,3,3,3,2,1,4,NOT APPLICABLE,2,2,0.0,0.0,0.0,0.0,0.0,2.0,18,2,4,04/15/2024,2024-04-15,18:30:00
01/08/2024 05:15:00 PM,7.0,3,5,5,7,3,3,1,3,1,4,FAILING TO YIELD RIGHT-OF-WAY,2,2,0.0,0.0,0.0,0.0,0.0,2.0,17,2,1,01/08/2024,2024-01-08,17:15:00
01/28/2024 11:00:00 AM,5.0,3,2,11,6,3,3,3,2,1,4,FAILING TO REDUCE SPEED TO AVOID CRASH,2,2,0.0,0.0,0.0,0.0,0.0,1.0,11,1,1,01/28/2024,2024-01-28,11:00:00
04/15/2024 05:30:00 PM,5.0,3,2,5,5,3,3,3,3,1,4,DISREGARDING TRAFFIC SIGNALS,2,4,1.0,0.0,0.0,1.0,0.0,2.0,17,2,4,04/15/2024,2024-04-15,17:30:00
07/11/2024 02:30:00 PM,7.0,3,2,6,12,3,3,3,3,0,4,FAILING TO YIELD RIGHT-OF-WAY,2,4,1.0,0.0,0.0,1.0,0.0,1.0,14,5,7,07/11/2024,2024-07-11,14:30:00
03/06/2024 03:30:00 PM,5.0,3,2,3,6,3,1,1,2,1,4,DRIVING SKILLS/KNOWLEDGE/EXPERIENCE,2,2,0.0,0.0,0.0,0.0,0.0,3.0,15,4,3,03/06/2024,2024-03-06,15:30:00
01/26/2024 05:30:00 PM,5.0,4,5,6,7,3,3,3,2,1,3,FAILING TO YIELD RIGHT-OF-WAY,2,2,0.0,0.0,0.0,0.0,0.0,2.0,17,6,1,01/26/2024,2024-01-26,17:30:00
03/23/2024 07:00:00 PM,7.0,3,2,5,5,3,3,3,3,1,4,DRIVING SKILLS/KNOWLEDGE/EXPERIENCE,2,4,1.0,0.0,0.0,1.0,0.0,4.0,19,7,3,03/23/2024,2024-03-23,19:00:00
05/02/2024 09:00:00 AM,7.0,3,2,5,5,3,3,1,3,1,4,UNABLE TO DETERMINE,2,4,1.0,0.0,0.0,1.0,0.0,1.0,9,5,5,05/02/2024,2024-05-02,09:00:00
04/08/2024 08:00:00 AM,7.0,3,5,6,5,3,3,3,2,1,4,FAILING TO YIELD RIGHT-OF-WAY,2,2,0.0,0.0,0.0,0.0,0.0,2.0,8,2,4,04/08/2024,2024-04-08,08:00:00
02/26/2024 05:00:00 PM,5.0,3,2,8,4,3,3,3,2,1,3,UNABLE TO DETERMINE,2,2,0.0,0.0,0.0,0.0,0.0,2.0,17,2,2,02/26/2024,2024-02-26,17:00:00
04/16/2024 07:50:00 PM,5.0,5,5,6,6,3,4,3,3,1,4,WEATHER,2,2,0.0,0.0,0.0,0.0,0.0,2.0,19,3,4,04/16/2024,2024-04-16,19:50:00
06/02/2024 04:55:00 AM,7.0,3,2,11,5,3,4,3,3,0,4,UNABLE TO DETERMINE,2,2,0.0,0.0,0.0,0.0,0.0,1.0,4,1,6,06/02/2024,2024-06-02,04:55:00
04/16/2024 05:30:00 PM,7.0,5,2,5,6,3,4,3,3,1,3,FAILING TO YIELD RIGHT-OF-WAY,2,4,1.0,0.0,0.0,1.0,0.0,1.0,17,3,4,04/16/2024,2024-04-16,17:30:00
01/24/2024 06:58:00 AM,3.0,4,2,6,12,3,4,3,2,0,4,FAILING TO YIELD RIGHT-OF-WAY,2,2,0.0,0.0,0.0,0.0,0.0,2.0,6,4,1,01/24/2024,2024-01-24,06:58:00
08/13/2024 12:30:00 PM,5.0,3,2,6,10,3,3,1,2,1,4,IMPROPER OVERTAKING/PASSING,2,2,0.0,0.0,0.0,0.0,0.0,2.0,12,3,8,08/13/2024,2024-08-13,12:30:00
01/26/2024 05:12:00 PM,5.0,5,5,13,6,3,4,1,3,1,2,FAILING TO YIELD RIGHT-OF-WAY,2,4,1.0,0.0,0.0,1.0,0.0,1.0,17,6,1,01/26/2024,2024-01-26,17:12:00
07/02/2024 10:43:00 PM,1.0,3,3,4,5,3,1,1,2,0,3,UNABLE TO DETERMINE,2,2,0.0,0.0,0.0,0.0,0.0,2.0,22,3,7,07/02/2024,2024-07-02,22:43:00
04/19/2024 12:16:00 PM,5.0,3,2,6,5,3,3,3,2,1,2,UNABLE TO DETERMINE,2,2,0.0,0.0,0.0,0.0,0.0,2.0,12,6,4,04/19/2024,2024-04-19,12:16:00
02/16/2024 08:05:00 PM,5.0,3,5,6,7,3,3,3,3,1,4,UNABLE TO DETERMINE,2,2,0.0,0.0,0.0,0.0,0.0,4.0,20,6,2,02/16/2024,2024-02-16,20:05:00
07/30/2024 02:44:00 PM,5.0,3,2,5,5,3,3,3,3,1,4,UNABLE TO DETERMINE,2,3,1.0,0.0,0.0,0.0,1.0,1.0,14,3,7,07/30/2024,2024-07-30,14:44:00
01/04/2024 01:45:00 PM,5.0,3,2,4,4,3,3,3,2,1,4,FOLLOWING TOO CLOSELY,2,2,0.0,0.0,0.0,0.0,0.0,2.0,13,5,1,01/04/2024,2024-01-04,13:45:00
02/01/2024 11:54:00 AM,5.0,3,2,5,5,3,3,3,3,1,4,NOT APPLICABLE,2,2,0.0,0.0,0.0,0.0,0.0,2.0,11,5,2,02/01/2024,2024-02-01,11:54:00
02/07/2024 09:40:00 PM,1.0,3,5,6,6,3,1,1,3,1,4,FOLLOWING TOO CLOSELY,2,3,2.0,0.0,0.0,0.0,2.0,1.0,21,4,2,02/07/2024,2024-02-07,21:40:00
08/01/2024 11:00:00 PM,5.0,5,5,6,1,3,4,3,2,1,4,UNABLE TO DETERMINE,2,2,0.0,0.0,0.0,0.0,0.0,2.0,23,5,8,08/01/2024,2024-08-01,23:00:00
08/05/2024 01:02:00 PM,5.0,3,2,6,5,3,1,1,2,1,4,FAILING TO YIELD RIGHT-OF-WAY,2,2,0.0,0.0,0.0,0.0,0.0,2.0,13,2,8,08/05/2024,2024-08-05,13:02:00
07/26/2024 10:56:00 PM,5.0,3,5,3,7,3,3,3,2,1,4,IMPROPER OVERTAKING/PASSING,2,2,0.0,0.0,0.0,0.0,0.0,2.0,22,6,7,07/26/2024,2024-07-26,22:56:00
02/06/2024 09:14:00 PM,5.0,3,5,4,3,3,3,3,3,1,4,FAILING TO REDUCE SPEED TO AVOID CRASH,2,4,1.0,0.0,0.0,1.0,0.0,3.0,21,3,2,02/06/2024,2024-02-06,21:14:00
01/13/2024 11:30:00 AM,5.0,3,2,5,5,3,5,2,2,1,4,DISREGARDING TRAFFIC SIGNALS,2,2,0.0,0.0,0.0,0.0,0.0,4.0,11,7,1,01/13/2024,2024-01-13,11:30:00
07/10/2024 07:45:00 AM,7.0,5,2,5,5,3,4,3,3,1,3,FAILING TO YIELD RIGHT-OF-WAY,2,3,1.0,0.0,0.0,0.0,1.0,2.0,7,4,7,07/10/2024,2024-07-10,07:45:00
05/09/2024 07:00:00 PM,7.0,4,5,5,7,3,4,3,2,1,3,FAILING TO YIELD RIGHT-OF-WAY,2,2,0.0,0.0,0.0,0.0,0.0,2.0,19,5,5,05/09/2024,2024-05-09,19:00:00
01/07/2024 04:10:00 PM,3.0,3,5,6,7,3,3,3,3,1,4,FAILING TO YIELD RIGHT-OF-WAY,2,2,0.0,0.0,0.0,0.0,0.0,2.0,16,1,1,01/07/2024,2024-01-07,16:10:00
01/23/2024 01:48:00 PM,3.0,8,2,4,6,3,4,3,2,0,3,UNABLE TO DETERMINE,2,2,0.0,0.0,0.0,0.0,0.0,2.0,13,3,1,01/23/2024,2024-01-23,13:48:00
05/03/2024 02:30:00 AM,5.0,3,2,11,6,3,3,3,2,1,2,IMPROPER OVERTAKING/PASSING,2,2,0.0,0.0,0.0,0.0,0.0,2.0,2,6,5,05/03/2024,2024-05-03,02:30:00
06/25/2024 05:25:00 AM,5.0,3,3,3,5,3,3,1,2,1,4,UNABLE TO DETERMINE,2,2,0.0,0.0,0.0,0.0,0.0,2.0,5,3,6,06/25/2024,2024-06-25,05:25:00
07/18/2024 07:26:00 AM,7.0,3,2,6,5,3,3,3,3,1,4,FAILING TO YIELD RIGHT-OF-WAY,2,4,1.0,0.0,0.0,1.0,0.0,1.0,7,5,7,07/18/2024,2024-07-18,07:26:00
05/06/2024 05:05:00 PM,3.0,3,2,4,5,3,3,3,3,1,4,FAILING TO REDUCE SPEED TO AVOID CRASH,2,4,1.0,0.0,0.0,1.0,0.0,1.0,17,2,5,05/06/2024,2024-05-06,17:05:00
05/06/2024 07:28:00 AM,5.0,3,2,4,5,3,3,3,2,1,4,FOLLOWING TOO CLOSELY,2,2,0.0,0.0,0.0,0.0,0.0,2.0,7,2,5,05/06/2024,2024-05-06,07:28:00
03/07/2024 04:02:00 AM,7.0,3,5,7,7,3,3,3,2,1,4,IMPROPER BACKING,2,2,0.0,0.0,0.0,0.0,0.0,2.0,4,5,3,03/07/2024,2024-03-07,04:02:00
07/31/2024 09:30:00 PM,5.0,3,5,14,7,3,3,3,2,1,2,UNABLE TO DETERMINE,2,2,0.0,0.0,0.0,0.0,0.0,2.0,21,4,7,07/31/2024,2024-07-31,21:30:00
05/18/2024 02:37:00 PM,3.0,3,2,5,5,3,3,3,3,1,4,FAILING TO YIELD RIGHT-OF-WAY,2,4,1.0,0.0,0.0,1.0,0.0,2.0,14,7,5,05/18/2024,2024-05-18,14:37:00
01/02/2024 07:45:00 AM,5.0,3,2,9,7,3,3,3,3,1,4,UNABLE TO DETERMINE,2,4,1.0,0.0,0.0,1.0,0.0,1.0,7,3,1,01/02/2024,2024-01-02,07:45:00
03/09/2024 02:30:00 PM,7.0,3,2,5,3,3,3,3,3,1,3,FAILING TO YIELD RIGHT-OF-WAY,2,4,2.0,0.0,0.0,1.0,1.0,0.0,14,7,3,03/09/2024,2024-03-09,14:30:00
06/20/2024 11:00:00 AM,5.0,3,2,3,10,3,3,3,2,1,4,IMPROPER OVERTAKING/PASSING,2,2,0.0,0.0,0.0,0.0,0.0,2.0,11,5,6,06/20/2024,2024-06-20,11:00:00
01/06/2024 10:36:00 PM,3.0,6,5,7,9,3,4,3,2,1,4,UNABLE TO DETERMINE,2,2,0.0,0.0,0.0,0.0,0.0,3.0,22,7,1,01/06/2024,2024-01-06,22:36:00
06/29/2024 08:10:00 PM,5.0,3,5,6,6,3,3,3,2,1,4,FAILING TO YIELD RIGHT-OF-WAY,2,2,0.0,0.0,0.0,0.0,0.0,3.0,20,7,6,06/29/2024,2024-06-29,20:10:00
02/21/2024 12:53:00 PM,3.0,3,2,13,4,3,3,3,3,0,2,NOT APPLICABLE,2,3,1.0,0.0,0.0,0.0,1.0,1.0,12,4,2,02/21/2024,2024-02-21,12:53:00
02/05/2024 05:30:00 PM,5.0,3,4,6,6,3,3,3,2,1,4,UNABLE TO DETERMINE,2,2,0.0,0.0,0.0,0.0,0.0,2.0,17,2,2,02/05/2024,2024-02-05,17:30:00
07/20/2024 08:56:00 AM,3.0,3,2,3,6,3,3,1,3,1,4,NOT APPLICABLE,2,4,2.0,0.0,0.0,2.0,0.0,0.0,8,7,7,07/20/2024,2024-07-20,08:56:00
05/30/2024 09:04:00 AM,3.0,3,2,5,6,3,3,3,2,1,3,UNABLE TO DETERMINE,2,2,0.0,0.0,0.0,0.0,0.0,4.0,9,5,5,05/30/2024,2024-05-30,09:04:00
01/03/2024 04:55:00 PM,3.0,3,5,14,5,3,3,1,2,1,3,UNABLE TO DETERMINE,2,2,0.0,0.0,0.0,0.0,0.0,2.0,16,4,1,01/03/2024,2024-01-03,16:55:00
07/19/2024 09:00:00 AM,3.0,3,2,3,6,3,3,3,2,1,4,FAILING TO YIELD RIGHT-OF-WAY,2,2,0.0,0.0,0.0,0.0,0.0,3.0,9,6,7,07/19/2024,2024-07-19,09:00:00
01/25/2024 07:00:00 PM,5.0,5,6,13,5,3,4,3,3,1,2,FAILING TO REDUCE SPEED TO AVOID CRASH,2,4,1.0,0.0,0.0,1.0,0.0,1.0,19,5,1,01/25/2024,2024-01-25,19:00:00
07/26/2024 11:49:00 AM,5.0,3,2,6,5,3,3,3,2,1,4,IMPROPER OVERTAKING/PASSING,2,2,0.0,0.0,0.0,0.0,0.0,3.0,11,6,7,07/26/2024,2024-07-26,11:49:00