crash_date,traffic_control_device,weather_condition,lighting_condition,first_crash_type,trafficway_type,alignment,roadway_surface_cond,road_defect,crash_type,intersection_related_i,damage,prim_contributory_cause,num_units,most_severe_injury,injuries_total,injuries_fatal,injuries_incapacitating,injuries_non_incapacitating,injuries_reported_not_evident,injuries_no_indication,crash_hour,crash_day_of_week,crash_month,parsed_datetime,date,time
03/08/2024 07:30:00 PM,5.0,5,5,13,5,3,4,3,3,1,4,WEATHER,2,4,1.0,0.0,0.0,1.0,0.0,1.0,19,6,3,03/08/2024,2024-03-08,19:30:00
08/02/2024 05:14:00 PM,1.0,3,2,6,6,3,1,1,2,1,4,IMPROPER BACKING,2,2,0.0,0.0,0.0,0.0,0.0,2.0,17,6,8,08/02/2024,2024-08-02,17:14:00
05/25/2024 03:13:00 AM,5.0,3,5,6,1,3,3,1,3,1,4,UNABLE TO DETERMINE,2,3,1.0,0.0,0.0,0.0,1.0,2.0,3,7,5,05/25/2024,2024-05-25,03:13:00
01/17/2024 04:00:00 PM,3.0,3,2,6,5,3,3,3,2,1,3,IMPROPER OVERTAKING/PASSING,2,2,0.0,0.0,0.0,0.0,0.0,2.0,16,4,1,01/17/2024,2024-01-17,16:00:00
01/22/2024 04:19:00 PM,5.0,3,4,13,5,3,4,3,3,1,2,FAILING TO YIELD RIGHT-OF-WAY,2,4,1.0,0.0,0.0,1.0,0.0,1.0,16,2,1,01/22/2024,2024-01-22,16:19:00
06/14/2024 08:25:00 AM,5.0,3,2,6,5,3,3,3,2,1,4,"EVASIVE ACTION DUE TO ANIMAL, OBJECT, NONMOTORIST",2,2,0.0,0.0,0.0,0.0,0.0,2.0,8,6,6,06/14/2024,2024-06-14,08:25:00
04/09/2024 07:30:00 AM,5.0,3,2,6,5,3,3,3,2,1,4,IMPROPER TURNING/NO SIGNAL,2,2,0.0,0.0,0.0,0.0,0.0,2.0,7,3,4,04/09/2024,2024-04-09,07:30:00
05/29/2024 12:07:00 PM,3.0,3,2,6,6,3,3,1,2,0,4,IMPROPER TURNING/NO SIGNAL,2,2,0.0,0.0,0.0,0.0,0.0,2.0,12,4,5,05/29/2024,2024-05-29,12:07:00
02/22/2024 02:45:00 PM,5.0,3,2,5,5,3,1,1,2,1,4,UNABLE TO DETERMINE,2,2,0.0,0.0,0.0,0.0,0.0,2.0,14,5,2,02/22/2024,2024-02-22,14:45:00
01/18/2024 04:55:00 PM,5.0,3,5,13,6,3,4,3,3,1,2,UNABLE TO DETERMINE,2,4,1.0,0.0,0.0,1.0,0.0,1.0,16,5,1,01/18/2024,2024-01-18,16:55:00
03/19/2024 04:34:00 PM,7.0,3,2,5,6,3,3,3,2,1,4,UNABLE TO DETERMINE,2,2,0.0,0.0,0.0,0.0,0.0,2.0,16,3,3,03/19/2024,2024-03-19,16:34:00
07/19/2024 12:53:00 PM,7.0,3,2,14,6,3,3,3,2,1,3,FAILING TO YIELD RIGHT-OF-WAY,2,2,0.0,0.0,0.0,0.0,0.0,2.0,12,6,7,07/19/2024,2024-07-19,12:53:00
03/20/2024 07:01:00 AM,5.0,3,2,6,5,3,3,3,2,1,4,FAILING TO YIELD RIGHT-OF-WAY,2,2,0.0,0.0,0.0,0.0,0.0,2.0,7,4,3,03/20/2024,2024-03-20,07:01:00
06/14/2024 11:34:00 AM,5.0,3,2,6,4,3,3,3,2,1,3,DRIVING SKILLS/KNOWLEDGE/EXPERIENCE,2,2,0.0,0.0,0.0,0.0,0.0,2.0,11,6,6,06/14/2024,2024-06-14,11:34:00
07/17/2024 09:15:00 PM,5.0,3,4,3,6,3,3,3,2,1,3,IMPROPER LANE USAGE,2,2,0.0,0.0,0.0,0.0,0.0,2.0,21,4,7,07/17/2024,2024-07-17,21:15:00
02/29/2024 12:30:00 PM,5.0,3,2,3,5,3,3,3,2,1,4,IMPROPER LANE USAGE,2,2,0.0,0.0,0.0,0.0,0.0,2.0,12,5,2,02/29/2024,2024-02-29,12:30:00
02/22/2024 07:07:00 PM,5.0,3,5,6,6,3,3,3,2,1,2,IMPROPER TURNING/NO SIGNAL,2,2,0.0,0.0,0.0,0.0,0.0,2.0,19,5,2,02/22/2024,2024-02-22,19:07:00
03/09/2024 01:50:00 PM,3.0,3,2,6,6,3,3,3,2,0,4,FAILING TO YIELD RIGHT-OF-WAY,2,2,0.0,0.0,0.0,0.0,0.0,2.0,13,7,3,03/09/2024,2024-03-09,13:50:00
05/04/2024 08:08:00 PM,5.0,3,5,6,5,3,4,1,2,1,4,UNABLE TO DETERMINE,2,2,0.0,0.0,0.0,0.0,0.0,3.0,20,7,5,05/04/2024,2024-05-04,20:08:00
04/12/2024 07:35:00 PM,5.0,3,2,3,5,3,3,3,2,1,4,IMPROPER OVERTAKING/PASSING,2,2,0.0,0.0,0.0,0.0,0.0,2.0,19,6,4,04/12/2024,2024-04-12,19:35:00
05/23/2024 06:47:00 PM,3.0,3,2,13,4,3,3,1,3,1,4,FAILING TO YIELD RIGHT-OF-WAY,2,4,1.0,0.0,0.0,1.0,0.0,1.0,18,5,5,05/23/2024,2024-05-23,18:47:00
01/22/2024 03:45:00 AM,5.0,3,5,5,6,3,3,3,3,1,4,DISREGARDING TRAFFIC SIGNALS,2,2,0.0,0.0,0.0,0.0,0.0,3.0,3,2,1,01/22/2024,2024-01-22,03:45:00
06/28/2024 01:00:00 PM,3.0,3,2,6,6,3,3,3,2,1,4,FAILING TO YIELD RIGHT-OF-WAY,2,2,0.0,0.0,0.0,0.0,0.0,2.0,13,6,6,06/28/2024,2024-06-28,13:00:00
08/11/2024 03:55:00 PM,5.0,3,2,14,6,3,3,3,2,1,4,FAILING TO YIELD RIGHT-OF-WAY,2,2,0.0,0.0,0.0,0.0,0.0,3.0,15,1,8,08/11/2024,2024-08-11,15:55:00
07/06/2024 01:00:00 PM,5.0,3,2,6,5,3,3,3,2,1,4,DISREGARDING ROAD MARKINGS,2,2,0.0,0.0,0.0,0.0,0.0,2.0,13,7,7,07/06/2024,2024-07-06,13:00:00
03/07/2024 06:40:00 AM,5.0,3,2,5,5,3,3,3,3,1,4,UNABLE TO DETERMINE,2,3,1.0,0.0,0.0,0.0,1.0,1.0,6,5,3,03/07/2024,2024-03-07,06:40:00
05/13/2024 12:15:00 PM,7.0,3,2,5,5,3,3,3,3,1,4,FAILING TO YIELD RIGHT-OF-WAY,2,3,1.0,0.0,0.0,0.0,1.0,3.0,12,2,5,05/13/2024,2024-05-13,12:15:00
03/14/2024 08:00:00 AM,5.0,5,2,5,4,3,4,3,3,1,3,UNABLE TO DETERMINE,2,3,1.0,0.0,0.0,0.0,1.0,1.0,8,5,3,03/14/2024,2024-03-14,08:00:00
04/28/2024 04:45:00 PM,5.0,3,2,6,6,3,3,3,2,1,4,DISREGARDING TRAFFIC SIGNALS,2,2,0.0,0.0,0.0,0.0,0.0,2.0,16,1,4,04/28/2024,2024-04-28,16:45:00
01/25/2024 12:10:00 PM,7.0,9,2,6,4,3,1,1,2,1,3,UNABLE TO DETERMINE,2,2,0.0,0.0,0.0,0.0,0.0,2.0,12,5,1,01/25/2024,2024-01-25,12:10:00
01/15/2024 05:45:00 PM,5.0,3,5,6,6,3,3,3,2,1,4,IMPROPER OVERTAKING/PASSING,2,2,0.0,0.0,0.0,0.0,0.0,3.0,17,2,1,01/15/2024,2024-01-15,17:45:00
07/25/2024 04:20:00 PM,3.0,3,2,4,3,3,3,3,3,1,4,NOT APPLICABLE,2,2,0.0,0.0,0.0,0.0,0.0,2.0,16,5,7,07/25/2024,2024-07-25,16:20:00
04/04/2024 08:54:00 AM,1.0,5,2,11,10,3,4,1,2,1,4,IMPROPER OVERTAKING/PASSING,2,2,0.0,0.0,0.0,0.0,0.0,1.0,8,5,4,04/04/2024,2024-04-04,08:54:00
04/27/2024 03:09:00 AM,5.0,5,5,5,5,3,4,3,3,1,4,FAILING TO REDUCE SPEED TO AVOID CRASH,2,2,0.0,0.0,0.0,0.0,0.0,2.0,3,7,4,04/27/2024,2024-04-27,03:09:00
01/14/2024 05:11:00 PM,5.0,3,5,5,7,3,5,3,2,1,4,DISREGARDING OTHER TRAFFIC SIGNS,2,2,0.0,0.0,0.0,0.0,0.0,2.0,17,1,1,01/14/2024,2024-01-14,17:11:00
03/25/2024 04:49:00 AM,5.0,3,5,5,5,3,3,1,2,1,4,DISREGARDING TRAFFIC SIGNALS,2,2,0.0,0.0,0.0,0.0,0.0,2.0,4,2,3,03/25/2024,2024-03-25,04:49:00
01/23/2024 05:24:00 PM,5.0,3,5,3,6,3,4,3,2,1,4,FAILING TO YIELD RIGHT-OF-WAY,2,2,0.0,0.0,0.0,0.0,0.0,2.0,17,3,1,01/23/2024,2024-01-23,17:24:00
03/19/2024 07:08:00 PM,5.0,4,5,6,7,3,3,1,2,1,4,IMPROPER TURNING/NO SIGNAL,2,2,0.0,0.0,0.0,0.0,0.0,2.0,19,3,3,03/19/2024,2024-03-19,19:08:00
03/15/2024 10:00:00 AM,3.0,3,2,6,7,3,3,3,3,1,4,IMPROPER TURNING/NO SIGNAL,2,2,0.0,0.0,0.0,0.0,0.0,2.0,10,6,3,03/15/2024,2024-03-15,10:00:00
05/03/2024 07:53:00 AM,5.0,4,2,6,6,3,4,3,2,1,4,UNABLE TO DETERMINE,2,2,0.0,0.0,0.0,0.0,0.0,2.0,7,6,5,05/03/2024,2024-05-03,07:53:00
08/03/2024 07:13:00 PM,5.0,3,2,6,5,3,3,3,3,1,4,DISREGARDING TRAFFIC SIGNALS,2,5,2.0,0.0,1.0,1.0,0.0,1.0,19,7,8,08/03/2024,2024-08-03,19:13:00
04/25/2024 06:45:00 PM,7.0,3,2,6,5,3,3,3,2,1,4,FAILING TO YIELD RIGHT-OF-WAY,2,2,0.0,0.0,0.0,0.0,0.0,3.0,18,5,4,04/25/2024,2024-04-25,18:45:00
07/30/2024 02:34:00 PM,5.0,3,2,4,4,3,3,3,2,1,4,FOLLOWING TOO CLOSELY,2,2,0.0,0.0,0.0,0.0,0.0,2.0,14,3,7,07/30/2024,2024-07-30,14:34:00
01/22/2024 06:20:00 PM,5.0,5,5,5,6,3,4,3,3,1,4,FAILING TO YIELD RIGHT-OF-WAY,2,2,0.0,0.0,0.0,0.0,0.0,2.0,18,2,1,01/22/2024,2024-01-22,18:20:00
05/02/2024 07:55:00 PM,5.0,3,5,6,3,3,3,3,2,1,4,UNABLE TO DETERMINE,2,2,0.0,0.0,0.0,0.0,0.0,5.0,19,5,5,05/02/2024,2024-05-02,19:55:00
07/17/2024 04:00:00 PM,5.0,3,2,4,10,3,3,3,2,1,4,FAILING TO REDUCE SPEED TO AVOID CRASH,2,2,0.0,0.0,0.0,0.0,0.0,2.0,16,4,7,07/17/2024,2024-07-17,16:00:00
01/11/2024 07:40:00 AM,5.0,3,2,4,3,3,5,2,2,1,4,FAILING TO YIELD RIGHT-OF-WAY,2,2,0.0,0.0,0.0,0.0,0.0,2.0,7,5,1,01/11/2024,2024-01-11,07:40:00
06/27/2024 12:05:00 PM,5.0,3,2,4,6,3,3,3,2,1,4,FAILING TO REDUCE SPEED TO AVOID CRASH,2,2,0.0,0.0,0.0,0.0,0.0,2.0,12,5,6,06/27/2024,2024-06-27,12:05:00
03/28/2024 04:44:00 PM,5.0,3,2,5,5,3,3,3,3,1,4,DISREGARDING TRAFFIC SIGNALS,2,2,0.0,0.0,0.0,0.0,0.0,2.0,16,5,3,03/28/2024,2024-03-28,16:44:00
08/10/2024 11:50:00 AM,5.0,3,2,14,6,3,3,3,2,1,4,DRIVING SKILLS/KNOWLEDGE/EXPERIENCE,2,2,0.0,0.0,0.0,0.0,0.0,2.0,11,7,8,08/10/2024,2024-08-10,11:50:00
07/30/2024 05:25:00 PM,5.0,3,2,14,10,3,3,3,2,1,3,DISREGARDING OTHER TRAFFIC SIGNS,2,2,0.0,0.0,0.0,0.0,0.0,3.0,17,3,7,07/30/2024,2024-07-30,17:25:00
06/04/2024 11:45:00 AM,5.0,3,2,5,10,3,3,3,3,1,4,DISREGARDING TRAFFIC SIGNALS,2,3,1.0,0.0,0.0,0.0,1.0,1.0,11,3,6,06/04/2024,2024-06-04,11:45:00
04/09/2024 02:00:00 PM,5.0,3,2,3,5,3,3,3,2,1,4,FAILING TO YIELD RIGHT-OF-WAY,2,2,0.0,0.0,0.0,0.0,0.0,2.0,14,3,4,04/09/2024,2024-04-09,14:00:00
07/15/2024 04:40:00 PM,5.0,3,2,13,5,3,3,1,3,1,4,FAILING TO YIELD RIGHT-OF-WAY,2,4,1.0,0.0,0.0,1.0,0.0,1.0,16,2,7,07/15/2024,2024-07-15,16:40:00
02/10/2024 11:14:00 AM,7.0,3,2,5,1,3,3,3,3,1,4,DRIVING SKILLS/KNOWLEDGE/EXPERIENCE,2,5,2.0,0.0,1.0,1.0,0.0,2.0,11,7,2,02/10/2024,2024-02-10,11:14:00
06/09/2024 06:00:00 PM,7.0,3,2,4,4,3,3,3,2,1,3,FOLLOWING TOO CLOSELY,2,2,0.0,0.0,0.0,0.0,0.0,2.0,18,1,6,06/09/2024,2024-06-09,18:00:00
04/05/2024 04:28:00 PM,3.0,3,2,5,5,3,3,3,2,1,4,FAILING TO YIELD RIGHT-OF-WAY,2,2,0.0,0.0,0.0,0.0,0.0,2.0,16,6,4,04/05/2024,2024-04-05,16:28:00
06/07/2024 10:00:00 PM,3.0,3,5,6,7,3,3,3,2,1,4,FAILING TO YIELD RIGHT-OF-WAY,2,2,0.0,0.0,0.0,0.0,0.0,8.0,22,6,6,06/07/2024,2024-06-07,22:00:00
08/09/2024 12:39:00 PM,5.0,3,2,6,4,3,3,3,2,1,4,UNABLE TO DETERMINE,2,2,0.0,0.0,0.0,0.0,0.0,2.0,12,6,8,08/09/2024,2024-08-09,12:39:00
02/26/2024 10:30:00 PM,5.0,3,5,5,4,3,3,3,2,1,4,IMPROPER OVERTAKING/PASSING,2,2,0.0,0.0,0.0,0.0,0.0,2.0,22,2,2,02/26/2024,2024-02-26,22:30:00
05/07/2024 03:49:00 PM,5.0,3,2,6,1,3,3,3,2,1,4,IMPROPER LANE USAGE,2,2,0.0,0.0,0.0,0.0,0.0,2.0,15,3,5,05/07/2024,2024-05-07,15:49:00
02/02/2024 12:05:00 PM,5.0,3,2,6,5,3,3,3,2,1,4,IMPROPER TURNING/NO SIGNAL,2,2,0.0,0.0,0.0,0.0,0.0,2.0,12,6,2,02/02/2024,2024-02-02,12:05:00
02/17/2024 10:12:00 PM,3.0,3,6,4,6,3,3,3,2,1,4,UNABLE TO DETERMINE,2,2,0.0,0.0,0.0,0.0,0.0,2.0,22,7,2,02/17/2024,2024-02-17,22:12:00
04/11/2024 11:25:00 PM,5.0,3,5,6,5,3,1,3,3,1,4,FAILING TO YIELD RIGHT-OF-WAY,2,2,0.0,0.0,0.0,0.0,0.0,3.0,23,5,4,04/11/2024,2024-04-11,23:25:00
03/06/2024 04:50:00 PM,5.0,3,2,6,5,3,3,3,2,1,3,IMPROPER OVERTAKING/PASSING,2,2,0.0,0.0,0.0,0.0,0.0,2.0,16,4,3,03/06/2024,2024-03-06,16:50:00
03/04/2024 05:35:00 PM,5.0,3,2,3,4,3,3,3,2,1,4,IMPROPER LANE USAGE,2,2,0.0,0.0,0.0,0.0,0.0,4.0,17,2,3,03/04/2024,2024-03-04,17:35:00
03/19/2024 08:10:00 AM,7.0,3,2,5,5,3,3,1,3,1,4,FAILING TO YIELD RIGHT-OF-WAY,2,2,0.0,0.0,0.0,0.0,0.0,2.0,8,3,3,03/19/2024,2024-03-19,08:10:00
07/27/2024 09:12:00 PM,5.0,3,5,3,6,3,3,3,2,1,4,IMPROPER LANE USAGE,2,2,0.0,0.0,0.0,0.0,0.0,2.0,21,7,7,07/27/2024,2024-07-27,21:12:00
07/29/2024 02:50:00 PM,3.0,5,2,6,6,3,4,1,3,1,4,FAILING TO YIELD RIGHT-OF-WAY,2,2,0.0,0.0,0.0,0.0,0.0,4.0,14,2,7,07/29/2024,2024-07-29,14:50:00
07/09/2024 05:30:00 PM,1.0,3,2,6,6,3,3,1,2,0,2,FAILING TO YIELD RIGHT-OF-WAY,2,2,0.0,0.0,0.0,0.0,0.0,2.0,17,3,7,07/09/2024,2024-07-09,17:30:00
02/24/2024 09:00:00 PM,5.0,3,5,5,7,3,3,3,3,1,4,FAILING TO YIELD RIGHT-OF-WAY,2,3,1.0,0.0,0.0,0.0,1.0,2.0,21,7,2,02/24/2024,2024-02-24,21:00:00
04/30/2024 03:30:00 PM,7.0,3,2,4,5,3,3,3,2,1,4,UNABLE TO DETERMINE,2,2,0.0,0.0,0.0,0.0,0.0,2.0,15,3,4,04/30/2024,2024-04-30,15:30:00
04/25/2024 08:39:00 AM,7.0,3,2,5,6,3,3,7,3,1,4,UNABLE TO DETERMINE,2,4,2.0,0.0,0.0,1.0,1.0,1.0,8,5,4,04/25/2024,2024-04-25,08:39:00
07/20/2024 10:12:00 PM,3.0,3,5,13,5,3,3,3,3,1,4,UNABLE TO DETERMINE,2,4,1.0,0.0,0.0,1.0,0.0,1.0,22,7,7,07/20/2024,2024-07-20,22:12:00
07/27/2024 01:00:00 PM,5.0,3,2,4,4,3,3,3,2,1,4,FOLLOWING TOO CLOSELY,2,2,0.0,0.0,0.0,0.0,0.0,5.0,13,7,7,07/27/2024,2024-07-27,13:00:00
04/22/2024 11:35:00 PM,9.0,3,6,6,5,3,3,1,3,1,4,DISREGARDING STOP SIGN,2,3,2.0,0.0,0.0,0.0,2.0,1.0,23,2,4,04/22/2024,2024-04-22,23:35:00
08/21/2024 08:01:00 AM,1.0,3,2,3,6,3,3,3,2,1,3,UNABLE TO DETERMINE,2,2,0.0,0.0,0.0,0.0,0.0,2.0,8,4,8,08/21/2024,2024-08-21,08:01:00
04/28/2024 11:37:00 AM,5.0,3,2,4,5,3,3,3,2,1,3,FOLLOWING TOO CLOSELY,2,2,0.0,0.0,0.0,0.0,0.0,2.0,11,1,4,04/28/2024,2024-04-28,11:37:00
06/22/2024 03:00:00 PM,3.0,3,2,4,4,3,3,3,2,1,4,FAILING TO REDUCE SPEED TO AVOID CRASH,2,2,0.0,0.0,0.0,0.0,0.0,3.0,15,7,6,06/22/2024,2024-06-22,15:00:00
05/13/2024 02:30:00 PM,7.0,3,2,5,6,3,3,3,3,1,4,FAILING TO YIELD RIGHT-OF-WAY,2,2,0.0,0.0,0.0,0.0,0.0,2.0,14,2,5,05/13/2024,2024-05-13,14:30:00
04/02/2024 10:20:00 PM,3.0,5,5,4,4,3,4,1,2,1,4,UNABLE TO DETERMINE,2,2,0.0,0.0,0.0,0.0,0.0,2.0,22,3,4,04/02/2024,2024-04-02,22:20:00
02/26/2024 09:30:00 AM,7.0,3,2,5,5,3,3,3,2,0,3,"VISION OBSCURED (SIGNS, TREE LIMBS, BUILDINGS, ETC.)",2,2,0.0,0.0,0.0,0.0,0.0,2.0,9,2,2,02/26/2024,2024-02-26,09:30:00
03/20/2024 03:18:00 PM,1.0,3,2,8,12,3,3,3,2,1,4,UNABLE TO DETERMINE,2,2,0.0,0.0,0.0,0.0,0.0,2.0,15,4,3,03/20/2024,2024-03-20,15:18:00
05/07/2024 08:15:00 PM,7.0,3,3,13,6,3,3,1,3,1,4,DISREGARDING STOP SIGN,2,3,1.0,0.0,0.0,0.0,1.0,1.0,20,3,5,05/07/2024,2024-05-07,20:15:00
03/16/2024 08:40:00 PM,5.0,3,5,6,6,3,3,3,2,1,4,FAILING TO YIELD RIGHT-OF-WAY,2,2,0.0,0.0,0.0,0.0,0.0,2.0,20,7,3,03/16/2024,2024-03-16,20:40:00
07/09/2024 02:00:00 PM,5.0,3,2,4,4,3,3,1,2,1,4,FOLLOWING TOO CLOSELY,2,2,0.0,0.0,0.0,0.0,0.0,2.0,14,3,7,07/09/2024,2024-07-09,14:00:00
02/11/2024 02:40:00 PM,3.0,3,2,6,7,3,3,3,2,1,4,UNABLE TO DETERMINE,2,2,0.0,0.0,0.0,0.0,0.0,2.0,14,1,2,02/11/2024,2024-02-11,14:40:00
04/12/2024 07:42:00 PM,5.0,3,5,5,7,3,3,3,3,1,4,UNABLE TO DETERMINE,2,4,1.0,0.0,0.0,1.0,0.0,1.0,19,6,4,04/12/2024,2024-04-12,19:42:00
06/11/2024 02:00:00 PM,1.0,3,2,3,1,3,3,1,2,1,3,UNABLE TO DETERMINE,2,2,0.0,0.0,0.0,0.0,0.0,6.0,14,3,6,06/11/2024,2024-06-11,14:00:00
05/07/2024 09:20:00 AM,5.0,3,2,4,6,3,3,3,2,1,4,NOT APPLICABLE,2,2,0.0,0.0,0.0,0.0,0.0,2.0,9,3,5,05/07/2024,2024-05-07,09:20:00
03/16/2024 12:15:00 PM,5.0,3,2,3,7,4,3,3,3,1,3,UNABLE TO DETERMINE,2,4,1.0,0.0,0.0,1.0,0.0,1.0,12,7,3,03/16/2024,2024-03-16,12:15:00
02/05/2024 03:00:00 PM,5.0,3,2,4,6,3,3,1,2,1,4,UNABLE TO DETERMINE,2,2,0.0,0.0,0.0,0.0,0.0,3.0,15,2,2,02/05/2024,2024-02-05,15:00:00
02/27/2024 10:15:00 AM,5.0,3,2,6,1,6,3,3,2,1,3,UNABLE TO DETERMINE,2,2,0.0,0.0,0.0,0.0,0.0,4.0,10,3,2,02/27/2024,2024-02-27,10:15:00
01/18/2024 08:15:00 AM,7.0,3,2,5,6,3,1,1,2,1,3,UNABLE TO DETERMINE,2,2,0.0,0.0,0.0,0.0,0.0,2.0,8,5,1,01/18/2024,2024-01-18,08:15:00
06/12/2024 10:30:00 PM,1.0,3,5,4,12,3,3,3,2,1,4,UNABLE TO DETERMINE,2,2,0.0,0.0,0.0,0.0,0.0,4.0,22,4,6,06/12/2024,2024-06-12,22:30:00
07/10/2024 08:11:00 AM,5.0,5,2,3,5,3,4,3,2,1,4,IMPROPER LANE USAGE,2,2,0.0,0.0,0.0,0.0,0.0,2.0,8,4,7,07/10/2024,2024-07-10,08:11:00
05/26/2024 12:30:00 AM,5.0,3,5,6,5,3,3,3,2,1,2,UNABLE TO DETERMINE,2,2,0.0,0.0,0.0,0.0,0.0,2.0,0,1,5,05/26/2024,2024-05-26,00:30:00
01/06/2024 07:18:00 AM,3.0,6,2,6,6,3,5,3,3,1,4,IMPROPER OVERTAKING/PASSING,2,2,0.0,0.0,0.0,0.0,0.0,2.0,7,7,1,01/06/2024,2024-01-06,07:18:00
02/14/2024 12:20:00 PM,3.0,3,2,5,6,3,3,3,2,1,4,UNABLE TO DETERMINE,2,2,0.0,0.0,0.0,0.0,0.0,2.0,12,4,2,02/14/2024,2024-02-14,12:20:00
06/23/2024 05:35:00 PM,5.0,3,2,3,5,3,3,3,2,1,4,IMPROPER TURNING/NO SIGNAL,2,2,0.0,0.0,0.0,0.0,0.0,2.0,17,1,6,06/23/2024,2024-06-23,17:35:00
05/09/2024 03:21:00 PM,5.0,5,2,13,4,3,4,3,3,1,2,IMPROPER TURNING/NO SIGNAL,2,3,1.0,0.0,0.0,0.0,1.0,1.0,15,5,5,05/09/2024,2024-05-09,15:21:00
01/19/2024 04:30:00 PM,3.0,3,4,6,6,3,3,3,3,1,4,UNABLE TO DETERMINE,2,2,0.0,0.0,0.0,0.0,0.0,2.0,16,6,1,01/19/2024,2024-01-19,16:30:00
05/27/2024 04:40:00 PM,5.0,5,4,4,5,3,4,3,2,1,4,FOLLOWING TOO CLOSELY,2,2,0.0,0.0,0.0,0.0,0.0,4.0,16,2,5,05/27/2024,2024-05-27,16:40:00
05/26/2024 12:50:00 AM,5.0,3,6,4,4,3,3,3,3,1,4,UNABLE TO DETERMINE,2,2,0.0,0.0,0.0,0.0,0.0,5.0,0,1,5,05/26/2024,2024-05-26,00:50:00
01/07/2024 06:32:00 PM,7.0,6,5,5,5,3,5,1,3,1,4,UNABLE TO DETERMINE,2,2,0.0,0.0,0.0,0.0,0.0,3.0,18,1,1,01/07/2024,2024-01-07,18:32:00
05/20/2024 03:13:00 PM,1.0,3,2,5,2,3,1,1,2,1,3,UNABLE TO DETERMINE,2,2,0.0,0.0,0.0,0.0,0.0,2.0,15,2,5,05/20/2024,2024-05-20,15:13:00
07/11/2024 06:00:00 PM,5.0,3,2,6,4,3,3,1,2,1,4,FAILING TO YIELD RIGHT-OF-WAY,2,2,0.0,0.0,0.0,0.0,0.0,2.0,18,5,7,07/11/2024,2024-07-11,18:00:00
07/09/2024 10:23:00 PM,6.0,5,5,13,7,3,4,1,3,1,4,FAILING TO REDUCE SPEED TO AVOID CRASH,2,4,1.0,0.0,0.0,1.0,0.0,1.0,22,3,7,07/09/2024,2024-07-09,22:23:00
04/17/2024 06:30:00 AM,7.0,3,2,6,5,3,3,3,2,1,4,NOT APPLICABLE,2,2,0.0,0.0,0.0,0.0,0.0,2.0,6,4,4,04/17/2024,2024-04-17,06:30:00
05/31/2024 02:30:00 PM,5.0,3,2,6,6,3,3,3,2,1,3,UNABLE TO DETERMINE,2,2,0.0,0.0,0.0,0.0,0.0,2.0,14,6,5,05/31/2024,2024-05-31,14:30:00
06/01/2024 10:43:00 PM,5.0,5,5,6,7,3,4,3,3,1,4,FAILING TO YIELD RIGHT-OF-WAY,2,3,2.0,0.0,0.0,0.0,2.0,0.0,22,7,6,06/01/2024,2024-06-01,22:43:00
03/15/2024 10:09:00 PM,7.0,3,5,13,6,3,3,3,3,1,3,FAILING TO YIELD RIGHT-OF-WAY,2,4,1.0,0.0,0.0,1.0,0.0,1.0,22,6,3,03/15/2024,2024-03-15,22:09:00
05/29/2024 03:26:00 PM,7.0,3,2,6,5,3,3,1,3,1,4,UNABLE TO DETERMINE,2,2,0.0,0.0,0.0,0.0,0.0,6.0,15,4,5,05/29/2024,2024-05-29,15:26:00
03/07/2024 04:57:00 PM,5.0,3,2,5,5,3,3,3,3,1,4,FAILING TO REDUCE SPEED TO AVOID CRASH,2,2,0.0,0.0,0.0,0.0,0.0,3.0,16,5,3,03/07/2024,2024-03-07,16:57:00
07/31/2024 01:10:00 PM,7.0,3,2,4,6,3,3,3,2,1,2,UNABLE TO DETERMINE,2,2,0.0,0.0,0.0,0.0,0.0,3.0,13,4,7,07/31/2024,2024-07-31,13:10:00
02/22/2024 07:55:00 AM,5.0,3,2,6,6,3,3,3,3,1,4,FAILING TO YIELD RIGHT-OF-WAY,2,4,1.0,0.0,0.0,1.0,0.0,1.0,7,5,2,02/22/2024,2024-02-22,07:55:00
04/08/2024 07:30:00 PM,3.0,3,2,3,10,3,1,1,2,1,4,UNABLE TO DETERMINE,2,2,0.0,0.0,0.0,0.0,0.0,2.0,19,2,4,04/08/2024,2024-04-08,19:30:00
02/02/2024 03:10:00 PM,7.0,3,2,5,6,3,3,1,2,1,4,UNABLE TO DETERMINE,2,2,0.0,0.0,0.0,0.0,0.0,4.0,15,6,2,02/02/2024,2024-02-02,15:10:00
02/18/2024 02:25:00 AM,5.0,3,5,6,5,3,1,3,2,1,4,UNABLE TO DETERMINE,2,2,0.0,0.0,0.0,0.0,0.0,5.0,2,1,2,02/18/2024,2024-02-18,02:25:00
06/14/2024 01:45:00 PM,5.0,3,2,4,6,3,3,3,2,1,4,FAILING TO REDUCE SPEED TO AVOID CRASH,2,2,0.0,0.0,0.0,0.0,0.0,4.0,13,6,6,06/14/2024,2024-06-14,13:45:00
07/30/2024 07:05:00 PM,7.0,3,2,6,5,3,3,3,2,1,4,UNABLE TO DETERMINE,2,2,0.0,0.0,0.0,0.0,0.0,2.0,19,3,7,07/30/2024,2024-07-30,19:05:00
08/11/2024 06:30:00 PM,3.0,3,2,4,7,3,3,3,2,1,3,FOLLOWING TOO CLOSELY,2,2,0.0,0.0,0.0,0.0,0.0,2.0,18,1,8,08/11/2024,2024-08-11,18:30:00