crash_date,traffic_control_device,weather_condition,lighting_condition,first_crash_type,trafficway_type,alignment,roadway_surface_cond,road_defect,crash_type,intersection_related_i,damage,prim_contributory_cause,num_units,most_severe_injury,injuries_total,injuries_fatal,injuries_incapacitating,injuries_non_incapacitating,injuries_reported_not_evident,injuries_no_indication,crash_hour,crash_day_of_week,crash_month,parsed_datetime,date,time
06/11/2024 11:45:00 AM,5.0,3,2,6,5,3,3,3,2,1,4,FAILING TO YIELD RIGHT-OF-WAY,2,2,0.0,0.0,0.0,0.0,0.0,2.0,11,3,6,06/11/2024,2024-06-11,11:45:00
04/17/2024 09:10:00 AM,7.0,3,2,5,6,3,3,3,3,1,4,UNABLE TO DETERMINE,2,3,1.0,0.0,0.0,0.0,1.0,1.0,9,4,4,04/17/2024,2024-04-17,09:10:00
04/14/2024 03:08:00 PM,5.0,3,2,5,5,3,3,3,3,1,4,DISREGARDING TRAFFIC SIGNALS,2,4,2.0,0.0,0.0,2.0,0.0,2.0,15,1,4,04/14/2024,2024-04-14,15:08:00
02/20/2024 03:40:00 PM,5.0,3,2,4,7,3,1,1,2,1,4,UNABLE TO DETERMINE,2,2,0.0,0.0,0.0,0.0,0.0,2.0,15,3,2,02/20/2024,2024-02-20,15:40:00
02/12/2024 12:00:00 PM,7.0,3,2,5,6,3,1,1,2,1,4,FAILING TO YIELD RIGHT-OF-WAY,2,2,0.0,0.0,0.0,0.0,0.0,5.0,12,2,2,02/12/2024,2024-02-12,12:00:00
07/16/2024 11:27:00 AM,3.0,3,2,5,6,3,3,3,2,1,4,FAILING TO REDUCE SPEED TO AVOID CRASH,2,2,0.0,0.0,0.0,0.0,0.0,4.0,11,3,7,07/16/2024,2024-07-16,11:27:00
07/01/2024 07:15:00 PM,3.0,3,2,3,6,3,3,1,2,1,4,IMPROPER OVERTAKING/PASSING,2,2,0.0,0.0,0.0,0.0,0.0,2.0,19,2,7,07/01/2024,2024-07-01,19:15:00
04/26/2024 05:30:00 AM,5.0,3,3,6,4,3,3,3,3,1,4,UNABLE TO DETERMINE,2,2,0.0,0.0,0.0,0.0,0.0,2.0,5,6,4,04/26/2024,2024-04-26,05:30:00
03/08/2024 11:57:00 AM,3.0,5,2,3,6,3,4,3,3,1,3,FAILING TO REDUCE SPEED TO AVOID CRASH,2,2,0.0,0.0,0.0,0.0,0.0,5.0,11,6,3,03/08/2024,2024-03-08,11:57:00
02/18/2024 06:33:00 PM,3.0,3,5,5,4,3,3,3,3,1,4,FAILING TO YIELD RIGHT-OF-WAY,2,2,0.0,0.0,0.0,0.0,0.0,2.0,18,1,2,02/18/2024,2024-02-18,18:33:00
07/03/2024 09:00:00 PM,5.0,2,5,6,5,3,1,1,3,1,4,FAILING TO YIELD RIGHT-OF-WAY,2,3,2.0,0.0,0.0,0.0,2.0,2.0,21,4,7,07/03/2024,2024-07-03,21:00:00
07/20/2024 11:53:00 PM,5.0,3,5,4,7,3,3,3,3,1,4,UNABLE TO DETERMINE,2,3,2.0,0.0,0.0,0.0,2.0,1.0,23,7,7,07/20/2024,2024-07-20,23:53:00
05/31/2024 09:20:00 AM,5.0,3,2,6,5,3,3,1,2,1,3,FAILING TO YIELD RIGHT-OF-WAY,2,2,0.0,0.0,0.0,0.0,0.0,2.0,9,6,5,05/31/2024,2024-05-31,09:20:00
01/17/2024 03:05:00 PM,5.0,3,2,6,4,3,3,3,2,1,2,UNABLE TO DETERMINE,2,2,0.0,0.0,0.0,0.0,0.0,2.0,15,4,1,01/17/2024,2024-01-17,15:05:00
05/18/2024 08:50:00 PM,5.0,3,5,6,3,3,3,3,2,1,2,IMPROPER LANE USAGE,2,2,0.0,0.0,0.0,0.0,0.0,3.0,20,7,5,05/18/2024,2024-05-18,20:50:00
07/14/2024 01:55:00 AM,5.0,5,5,6,3,3,4,1,3,1,4,UNABLE TO DETERMINE,2,2,0.0,0.0,0.0,0.0,0.0,4.0,1,1,7,07/14/2024,2024-07-14,01:55:00
01/20/2024 11:52:00 AM,3.0,3,2,6,6,3,3,3,2,1,4,FOLLOWING TOO CLOSELY,2,2,0.0,0.0,0.0,0.0,0.0,2.0,11,7,1,01/20/2024,2024-01-20,11:52:00
04/16/2024 07:45:00 AM,3.0,3,2,5,5,3,3,3,3,1,3,FAILING TO YIELD RIGHT-OF-WAY,2,2,0.0,0.0,0.0,0.0,0.0,2.0,7,3,4,04/16/2024,2024-04-16,07:45:00
02/28/2024 06:00:00 AM,3.0,2,5,13,6,3,4,3,3,1,2,UNABLE TO DETERMINE,2,4,1.0,0.0,0.0,1.0,0.0,1.0,6,4,2,02/28/2024,2024-02-28,06:00:00
06/27/2024 12:32:00 PM,5.0,3,2,5,4,3,3,3,3,1,4,DISREGARDING TRAFFIC SIGNALS,2,4,2.0,0.0,0.0,2.0,0.0,2.0,12,5,6,06/27/2024,2024-06-27,12:32:00
03/23/2024 09:33:00 PM,5.0,3,5,6,5,3,3,3,3,1,4,DISREGARDING TRAFFIC SIGNALS,2,4,1.0,0.0,0.0,1.0,0.0,1.0,21,7,3,03/23/2024,2024-03-23,21:33:00
02/18/2024 02:30:00 PM,7.0,3,2,6,5,3,3,3,3,1,4,FAILING TO YIELD RIGHT-OF-WAY,2,2,0.0,0.0,0.0,0.0,0.0,2.0,14,1,2,02/18/2024,2024-02-18,14:30:00
05/23/2024 04:30:00 PM,7.0,3,2,14,5,3,3,3,3,1,4,FAILING TO YIELD RIGHT-OF-WAY,2,4,1.0,0.0,0.0,1.0,0.0,1.0,16,5,5,05/23/2024,2024-05-23,16:30:00
06/12/2024 06:00:00 PM,5.0,3,2,6,5,3,3,3,3,1,4,UNABLE TO DETERMINE,2,4,1.0,0.0,0.0,1.0,0.0,4.0,18,4,6,06/12/2024,2024-06-12,18:00:00
06/25/2024 12:40:00 PM,5.0,3,2,5,6,3,3,3,3,1,4,UNABLE TO DETERMINE,2,3,1.0,0.0,0.0,0.0,1.0,2.0,12,3,6,06/25/2024,2024-06-25,12:40:00
03/03/2024 04:20:00 PM,3.0,3,2,6,10,3,3,3,2,1,4,NOT APPLICABLE,2,2,0.0,0.0,0.0,0.0,0.0,4.0,16,1,3,03/03/2024,2024-03-03,16:20:00
01/18/2024 04:30:00 PM,3.0,3,5,5,6,3,3,3,3,1,4,FAILING TO YIELD RIGHT-OF-WAY,2,3,2.0,0.0,0.0,0.0,2.0,0.0,16,5,1,01/18/2024,2024-01-18,16:30:00
03/15/2024 06:04:00 PM,7.0,3,4,5,5,3,3,1,3,1,4,FAILING TO YIELD RIGHT-OF-WAY,2,4,1.0,0.0,0.0,1.0,0.0,2.0,18,6,3,03/15/2024,2024-03-15,18:04:00
02/20/2024 01:01:00 PM,5.0,3,2,4,10,3,3,3,2,1,4,IMPROPER BACKING,2,2,0.0,0.0,0.0,0.0,0.0,3.0,13,3,2,02/20/2024,2024-02-20,13:01:00
08/07/2024 04:45:00 PM,3.0,3,2,14,6,3,3,3,3,1,3,IMPROPER TURNING/NO SIGNAL,2,4,1.0,0.0,0.0,1.0,0.0,1.0,16,4,8,08/07/2024,2024-08-07,16:45:00
04/01/2024 10:10:00 AM,5.0,3,2,4,3,3,3,3,2,1,2,FOLLOWING TOO CLOSELY,2,2,0.0,0.0,0.0,0.0,0.0,4.0,10,2,4,04/01/2024,2024-04-01,10:10:00
05/25/2024 11:00:00 AM,5.0,3,2,6,4,3,3,3,3,1,4,UNABLE TO DETERMINE,2,4,2.0,0.0,0.0,2.0,0.0,4.0,11,7,5,05/25/2024,2024-05-25,11:00:00
08/09/2024 08:00:00 AM,7.0,3,2,10,5,3,3,3,2,1,4,FAILING TO YIELD RIGHT-OF-WAY,2,2,0.0,0.0,0.0,0.0,0.0,2.0,8,6,8,08/09/2024,2024-08-09,08:00:00
08/05/2024 02:30:00 PM,3.0,3,2,6,15,3,3,3,2,1,3,IMPROPER LANE USAGE,2,2,0.0,0.0,0.0,0.0,0.0,2.0,14,2,8,08/05/2024,2024-08-05,14:30:00
03/22/2024 08:35:00 AM,3.0,6,2,5,10,3,5,3,3,1,4,UNABLE TO DETERMINE,2,2,0.0,0.0,0.0,0.0,0.0,2.0,8,6,3,03/22/2024,2024-03-22,08:35:00
08/08/2024 02:56:00 PM,5.0,3,2,5,4,3,3,1,2,1,4,NOT APPLICABLE,2,2,0.0,0.0,0.0,0.0,0.0,2.0,14,5,8,08/08/2024,2024-08-08,14:56:00
06/13/2024 04:10:00 PM,5.0,3,2,4,4,3,3,3,2,1,4,FOLLOWING TOO CLOSELY,2,2,0.0,0.0,0.0,0.0,0.0,2.0,16,5,6,06/13/2024,2024-06-13,16:10:00
08/03/2024 01:00:00 PM,5.0,3,2,4,6,3,3,3,3,0,3,UNABLE TO DETERMINE,2,3,1.0,0.0,0.0,0.0,1.0,1.0,13,7,8,08/03/2024,2024-08-03,13:00:00
04/06/2024 04:15:00 AM,5.0,3,5,5,5,3,3,3,3,1,4,DISREGARDING TRAFFIC SIGNALS,2,2,0.0,0.0,0.0,0.0,0.0,2.0,4,7,4,04/06/2024,2024-04-06,04:15:00
01/15/2024 05:30:00 PM,5.0,3,5,4,18,3,2,3,2,1,4,NOT APPLICABLE,2,2,0.0,0.0,0.0,0.0,0.0,2.0,17,2,1,01/15/2024,2024-01-15,17:30:00
03/05/2024 06:57:00 AM,5.0,5,2,5,5,3,4,3,2,1,4,FAILING TO YIELD RIGHT-OF-WAY,2,2,0.0,0.0,0.0,0.0,0.0,2.0,6,3,3,03/05/2024,2024-03-05,06:57:00
06/03/2024 10:55:00 PM,5.0,3,5,3,5,3,3,1,3,1,4,IMPROPER OVERTAKING/PASSING,2,3,1.0,0.0,0.0,0.0,1.0,3.0,22,2,6,06/03/2024,2024-06-03,22:55:00
05/16/2024 03:20:00 PM,7.0,3,2,4,6,3,3,3,2,1,4,FOLLOWING TOO CLOSELY,2,2,0.0,0.0,0.0,0.0,0.0,2.0,15,5,5,05/16/2024,2024-05-16,15:20:00
06/30/2024 03:30:00 PM,3.0,3,2,4,5,3,1,1,2,1,4,UNABLE TO DETERMINE,2,2,0.0,0.0,0.0,0.0,0.0,2.0,15,1,6,06/30/2024,2024-06-30,15:30:00
04/03/2024 08:50:00 AM,3.0,5,2,7,6,3,4,3,2,1,2,UNABLE TO DETERMINE,2,2,0.0,0.0,0.0,0.0,0.0,3.0,8,4,4,04/03/2024,2024-04-03,08:50:00
05/15/2024 04:45:00 PM,5.0,3,2,6,5,3,1,1,2,1,4,UNABLE TO DETERMINE,2,2,0.0,0.0,0.0,0.0,0.0,4.0,16,4,5,05/15/2024,2024-05-15,16:45:00
04/17/2024 04:10:00 PM,5.0,3,2,5,5,3,3,3,2,1,4,DISREGARDING TRAFFIC SIGNALS,2,2,0.0,0.0,0.0,0.0,0.0,2.0,16,4,4,04/17/2024,2024-04-17,16:10:00
01/04/2024 12:42:00 AM,5.0,3,5,5,5,3,3,3,3,1,4,FAILING TO YIELD RIGHT-OF-WAY,2,3,1.0,0.0,0.0,0.0,1.0,5.0,0,5,1,01/04/2024,2024-01-04,00:42:00
07/02/2024 02:30:00 PM,1.0,3,2,5,7,3,1,1,2,1,4,UNABLE TO DETERMINE,2,2,0.0,0.0,0.0,0.0,0.0,2.0,14,3,7,07/02/2024,2024-07-02,14:30:00
02/09/2024 11:15:00 PM,5.0,3,5,4,5,3,3,3,2,1,4,FAILING TO REDUCE SPEED TO AVOID CRASH,2,2,0.0,0.0,0.0,0.0,0.0,3.0,23,6,2,02/09/2024,2024-02-09,23:15:00
05/10/2024 08:22:00 AM,7.0,3,2,6,4,3,3,3,3,1,4,FAILING TO YIELD RIGHT-OF-WAY,2,2,0.0,0.0,0.0,0.0,0.0,2.0,8,6,5,05/10/2024,2024-05-10,08:22:00
01/21/2024 07:10:00 AM,7.0,3,2,5,6,3,3,1,3,1,4,FAILING TO YIELD RIGHT-OF-WAY,2,2,0.0,0.0,0.0,0.0,0.0,2.0,7,1,1,01/21/2024,2024-01-21,07:10:00
06/04/2024 05:09:00 PM,1.0,3,2,14,4,3,3,1,2,1,2,FAILING TO YIELD RIGHT-OF-WAY,2,2,0.0,0.0,0.0,0.0,0.0,3.0,17,3,6,06/04/2024,2024-06-04,17:09:00
04/28/2024 10:56:00 AM,5.0,3,2,5,5,3,3,3,2,1,4,FAILING TO YIELD RIGHT-OF-WAY,2,2,0.0,0.0,0.0,0.0,0.0,2.0,10,1,4,04/28/2024,2024-04-28,10:56:00
01/13/2024 03:44:00 PM,1.0,3,2,5,1,3,5,1,3,1,4,FAILING TO YIELD RIGHT-OF-WAY,2,3,1.0,0.0,0.0,0.0,1.0,1.0,15,7,1,01/13/2024,2024-01-13,15:44:00
06/08/2024 09:27:00 AM,3.0,3,2,6,6,3,3,3,2,1,3,UNABLE TO DETERMINE,2,2,0.0,0.0,0.0,0.0,0.0,2.0,9,7,6,06/08/2024,2024-06-08,09:27:00
04/09/2024 09:21:00 PM,5.0,3,6,5,5,3,3,1,2,1,3,UNABLE TO DETERMINE,2,2,0.0,0.0,0.0,0.0,0.0,2.0,21,3,4,04/09/2024,2024-04-09,21:21:00
08/06/2024 09:33:00 PM,5.0,3,5,6,5,3,3,3,3,1,4,UNABLE TO DETERMINE,2,2,0.0,0.0,0.0,0.0,0.0,2.0,21,3,8,08/06/2024,2024-08-06,21:33:00
04/07/2024 04:50:00 PM,7.0,4,2,5,6,3,4,3,2,1,4,FAILING TO YIELD RIGHT-OF-WAY,2,2,0.0,0.0,0.0,0.0,0.0,2.0,16,1,4,04/07/2024,2024-04-07,16:50:00
04/20/2024 11:47:00 AM,7.0,3,2,5,6,3,3,3,3,1,4,FAILING TO YIELD RIGHT-OF-WAY,2,4,1.0,0.0,0.0,1.0,0.0,7.0,11,7,4,04/20/2024,2024-04-20,11:47:00
08/01/2024 12:28:00 PM,7.0,3,2,13,5,3,1,1,3,1,4,UNABLE TO DETERMINE,2,3,1.0,0.0,0.0,0.0,1.0,1.0,12,5,8,08/01/2024,2024-08-01,12:28:00
07/26/2024 02:36:00 PM,5.0,3,2,14,6,3,3,3,3,1,4,UNABLE TO DETERMINE,2,4,1.0,0.0,0.0,1.0,0.0,1.0,14,6,7,07/26/2024,2024-07-26,14:36:00
06/22/2024 02:20:00 PM,5.0,3,2,4,6,3,3,3,2,0,4,FAILING TO YIELD RIGHT-OF-WAY,2,2,0.0,0.0,0.0,0.0,0.0,5.0,14,7,6,06/22/2024,2024-06-22,14:20:00
02/20/2024 10:20:00 PM,5.0,3,5,5,5,3,3,1,3,1,4,DISREGARDING TRAFFIC SIGNALS,2,3,1.0,0.0,0.0,0.0,1.0,1.0,22,3,2,02/20/2024,2024-02-20,22:20:00
07/22/2024 08:13:00 AM,5.0,3,2,5,5,3,3,3,3,1,4,PHYSICAL CONDITION OF DRIVER,2,4,1.0,0.0,0.0,1.0,0.0,1.0,8,2,7,07/22/2024,2024-07-22,08:13:00
07/17/2024 08:00:00 AM,5.0,3,2,3,5,3,3,1,2,1,4,UNABLE TO DETERMINE,2,2,0.0,0.0,0.0,0.0,0.0,4.0,8,4,7,07/17/2024,2024-07-17,08:00:00
06/12/2024 06:13:00 AM,5.0,3,2,3,5,3,3,1,3,1,4,IMPROPER OVERTAKING/PASSING,2,2,0.0,0.0,0.0,0.0,0.0,3.0,6,4,6,06/12/2024,2024-06-12,06:13:00
04/26/2024 08:03:00 AM,5.0,3,2,6,6,3,3,3,3,1,4,UNABLE TO DETERMINE,2,2,0.0,0.0,0.0,0.0,0.0,2.0,8,6,4,04/26/2024,2024-04-26,08:03:00
01/21/2024 12:33:00 PM,7.0,3,2,6,4,3,3,1,3,1,4,FAILING TO YIELD RIGHT-OF-WAY,2,5,2.0,0.0,2.0,0.0,0.0,2.0,12,1,1,01/21/2024,2024-01-21,12:33:00
01/13/2024 11:20:00 PM,5.0,6,5,5,5,3,5,3,2,1,4,DISREGARDING TRAFFIC SIGNALS,2,2,0.0,0.0,0.0,0.0,0.0,2.0,23,7,1,01/13/2024,2024-01-13,23:20:00
02/27/2024 06:12:00 PM,3.0,3,6,13,6,3,3,3,3,1,4,UNABLE TO DETERMINE,2,5,1.0,0.0,1.0,0.0,0.0,1.0,18,3,2,02/27/2024,2024-02-27,18:12:00
04/08/2024 04:30:00 PM,5.0,3,2,3,4,3,1,1,2,1,3,UNABLE TO DETERMINE,2,2,0.0,0.0,0.0,0.0,0.0,2.0,16,2,4,04/08/2024,2024-04-08,16:30:00
02/02/2024 11:47:00 PM,5.0,3,5,6,5,3,3,1,2,1,4,FAILING TO YIELD RIGHT-OF-WAY,2,2,0.0,0.0,0.0,0.0,0.0,2.0,23,6,2,02/02/2024,2024-02-02,23:47:00
07/08/2024 08:12:00 AM,5.0,3,2,4,5,3,3,3,2,1,3,FOLLOWING TOO CLOSELY,2,2,0.0,0.0,0.0,0.0,0.0,3.0,8,2,7,07/08/2024,2024-07-08,08:12:00
05/16/2024 03:15:00 PM,5.0,3,2,4,4,3,1,1,2,1,4,FOLLOWING TOO CLOSELY,2,2,0.0,0.0,0.0,0.0,0.0,2.0,15,5,5,05/16/2024,2024-05-16,15:15:00
01/09/2024 05:01:00 AM,5.0,6,5,5,5,3,5,3,3,1,4,DISREGARDING TRAFFIC SIGNALS,2,4,1.0,0.0,0.0,1.0,0.0,1.0,5,3,1,01/09/2024,2024-01-09,05:01:00
04/15/2024 10:25:00 PM,5.0,3,5,6,4,3,3,3,2,1,4,FAILING TO YIELD RIGHT-OF-WAY,2,2,0.0,0.0,0.0,0.0,0.0,2.0,22,2,4,04/15/2024,2024-04-15,22:25:00
02/07/2024 10:45:00 AM,5.0,3,6,5,5,3,3,3,2,1,4,FAILING TO REDUCE SPEED TO AVOID CRASH,2,2,0.0,0.0,0.0,0.0,0.0,2.0,10,4,2,02/07/2024,2024-02-07,10:45:00
04/29/2024 08:59:00 AM,7.0,5,2,4,7,3,4,3,2,1,4,DRIVING SKILLS/KNOWLEDGE/EXPERIENCE,2,2,0.0,0.0,0.0,0.0,0.0,3.0,8,2,4,04/29/2024,2024-04-29,08:59:00
01/23/2024 12:45:00 PM,5.0,5,2,6,5,3,4,1,3,1,4,IMPROPER TURNING/NO SIGNAL,2,2,0.0,0.0,0.0,0.0,0.0,3.0,12,3,1,01/23/2024,2024-01-23,12:45:00
03/28/2024 01:18:00 PM,5.0,3,2,6,4,3,3,1,3,1,4,FAILING TO YIELD RIGHT-OF-WAY,2,2,0.0,0.0,0.0,0.0,0.0,2.0,13,5,3,03/28/2024,2024-03-28,13:18:00
05/16/2024 07:24:00 AM,3.0,4,2,12,6,3,3,3,3,1,4,DISREGARDING OTHER TRAFFIC SIGNS,2,4,1.0,0.0,0.0,1.0,0.0,1.0,7,5,5,05/16/2024,2024-05-16,07:24:00
07/14/2024 04:20:00 PM,3.0,3,2,3,4,3,1,1,2,1,3,UNABLE TO DETERMINE,2,2,0.0,0.0,0.0,0.0,0.0,2.0,16,1,7,07/14/2024,2024-07-14,16:20:00
05/05/2024 11:40:00 PM,5.0,3,6,5,5,3,3,3,3,1,4,DISREGARDING TRAFFIC SIGNALS,2,4,1.0,0.0,0.0,1.0,0.0,3.0,23,1,5,05/05/2024,2024-05-05,23:40:00
03/19/2024 04:40:00 PM,5.0,3,2,5,5,3,3,3,2,1,4,DISREGARDING TRAFFIC SIGNALS,2,2,0.0,0.0,0.0,0.0,0.0,3.0,16,3,3,03/19/2024,2024-03-19,16:40:00
01/22/2024 05:58:00 PM,5.0,5,2,6,5,3,4,3,2,1,4,NOT APPLICABLE,2,2,0.0,0.0,0.0,0.0,0.0,2.0,17,2,1,01/22/2024,2024-01-22,17:58:00
02/02/2024 05:20:00 PM,7.0,3,6,5,6,3,1,1,2,1,3,UNABLE TO DETERMINE,2,2,0.0,0.0,0.0,0.0,0.0,3.0,17,6,2,02/02/2024,2024-02-02,17:20:00
05/09/2024 11:45:00 AM,5.0,4,2,6,4,3,3,3,2,0,3,UNABLE TO DETERMINE,2,2,0.0,0.0,0.0,0.0,0.0,2.0,11,5,5,05/09/2024,2024-05-09,11:45:00
08/02/2024 08:30:00 PM,5.0,3,5,4,10,3,3,3,2,1,4,"OPERATING VEHICLE IN ERRATIC, RECKLESS, CARELESS, NEGLIGENT OR AGGRESSIVE MANNER",2,2,0.0,0.0,0.0,0.0,0.0,2.0,20,6,8,08/02/2024,2024-08-02,20:30:00
01/31/2024 10:35:00 AM,5.0,3,2,3,7,3,3,3,2,1,3,FAILING TO YIELD RIGHT-OF-WAY,2,2,0.0,0.0,0.0,0.0,0.0,2.0,10,4,1,01/31/2024,2024-01-31,10:35:00
03/26/2024 08:00:00 AM,7.0,5,2,5,6,3,4,3,3,1,4,FAILING TO YIELD RIGHT-OF-WAY,2,4,1.0,0.0,0.0,1.0,0.0,1.0,8,3,3,03/26/2024,2024-03-26,08:00:00
06/09/2024 01:00:00 PM,7.0,3,2,6,7,3,3,3,2,1,3,IMPROPER TURNING/NO SIGNAL,2,2,0.0,0.0,0.0,0.0,0.0,2.0,13,1,6,06/09/2024,2024-06-09,13:00:00
01/25/2024 08:28:00 PM,5.0,5,5,4,6,3,4,3,3,1,4,FAILING TO REDUCE SPEED TO AVOID CRASH,2,4,1.0,0.0,0.0,1.0,0.0,1.0,20,5,1,01/25/2024,2024-01-25,20:28:00
04/30/2024 04:00:00 PM,5.0,3,2,4,4,3,3,3,3,1,4,FOLLOWING TOO CLOSELY,2,4,1.0,0.0,0.0,1.0,0.0,2.0,16,3,4,04/30/2024,2024-04-30,16:00:00
02/08/2024 08:29:00 AM,5.0,3,2,5,7,3,3,3,2,1,4,DISREGARDING TRAFFIC SIGNALS,2,2,0.0,0.0,0.0,0.0,0.0,5.0,8,5,2,02/08/2024,2024-02-08,08:29:00
01/06/2024 09:35:00 AM,3.0,6,2,3,10,3,5,3,2,1,2,IMPROPER OVERTAKING/PASSING,2,2,0.0,0.0,0.0,0.0,0.0,2.0,9,7,1,01/06/2024,2024-01-06,09:35:00
07/01/2024 10:30:00 AM,3.0,3,2,5,5,3,3,3,3,1,4,UNABLE TO DETERMINE,2,2,0.0,0.0,0.0,0.0,0.0,3.0,10,2,7,07/01/2024,2024-07-01,10:30:00
06/07/2024 10:53:00 AM,5.0,3,2,4,6,3,3,3,2,1,4,FOLLOWING TOO CLOSELY,2,2,0.0,0.0,0.0,0.0,0.0,2.0,10,6,6,06/07/2024,2024-06-07,10:53:00
04/09/2024 01:40:00 PM,5.0,3,2,6,5,3,3,3,3,1,4,FAILING TO YIELD RIGHT-OF-WAY,2,2,0.0,0.0,0.0,0.0,0.0,2.0,13,3,4,04/09/2024,2024-04-09,13:40:00
02/10/2024 03:15:00 PM,5.0,3,2,8,5,3,3,3,2,1,3,IMPROPER BACKING,2,2,0.0,0.0,0.0,0.0,0.0,3.0,15,7,2,02/10/2024,2024-02-10,15:15:00
07/16/2024 04:15:00 PM,5.0,3,2,4,4,3,3,3,2,1,4,FOLLOWING TOO CLOSELY,2,2,0.0,0.0,0.0,0.0,0.0,2.0,16,3,7,07/16/2024,2024-07-16,16:15:00
06/20/2024 05:50:00 PM,3.0,3,2,5,5,3,3,1,3,1,4,FAILING TO YIELD RIGHT-OF-WAY,2,2,0.0,0.0,0.0,0.0,0.0,2.0,17,5,6,06/20/2024,2024-06-20,17:50:00
06/30/2024 06:45:00 AM,5.0,3,3,4,5,3,3,3,3,1,4,DRIVING SKILLS/KNOWLEDGE/EXPERIENCE,2,2,0.0,0.0,0.0,0.0,0.0,2.0,6,1,6,06/30/2024,2024-06-30,06:45:00
06/09/2024 09:00:00 PM,5.0,3,5,3,5,3,3,1,2,1,4,FOLLOWING TOO CLOSELY,2,2,0.0,0.0,0.0,0.0,0.0,2.0,21,1,6,06/09/2024,2024-06-09,21:00:00
07/15/2024 05:22:00 PM,3.0,3,2,3,6,3,3,1,3,1,4,DRIVING SKILLS/KNOWLEDGE/EXPERIENCE,2,2,0.0,0.0,0.0,0.0,0.0,2.0,17,2,7,07/15/2024,2024-07-15,17:22:00
03/31/2024 06:00:00 AM,5.0,3,5,4,5,3,1,1,2,1,4,FAILING TO REDUCE SPEED TO AVOID CRASH,2,2,0.0,0.0,0.0,0.0,0.0,2.0,6,1,3,03/31/2024,2024-03-31,06:00:00
02/11/2024 02:12:00 PM,5.0,3,2,6,4,3,3,3,3,1,2,FAILING TO YIELD RIGHT-OF-WAY,2,2,0.0,0.0,0.0,0.0,0.0,2.0,14,1,2,02/11/2024,2024-02-11,14:12:00
05/13/2024 02:50:00 PM,7.0,3,2,11,6,3,3,3,2,1,4,UNABLE TO DETERMINE,2,2,0.0,0.0,0.0,0.0,0.0,1.0,14,2,5,05/13/2024,2024-05-13,14:50:00
04/26/2024 08:10:00 AM,7.0,3,2,3,5,3,3,3,2,1,3,IMPROPER TURNING/NO SIGNAL,2,2,0.0,0.0,0.0,0.0,0.0,2.0,8,6,4,04/26/2024,2024-04-26,08:10:00
05/11/2024 12:09:00 PM,3.0,3,2,3,6,3,3,3,2,1,4,FAILING TO YIELD RIGHT-OF-WAY,2,2,0.0,0.0,0.0,0.0,0.0,2.0,12,7,5,05/11/2024,2024-05-11,12:09:00
05/02/2024 10:59:00 AM,5.0,3,2,6,3,3,3,3,2,1,4,IMPROPER TURNING/NO SIGNAL,2,2,0.0,0.0,0.0,0.0,0.0,4.0,10,5,5,05/02/2024,2024-05-02,10:59:00
02/23/2024 02:00:00 PM,3.0,3,2,5,16,3,3,3,2,1,4,UNABLE TO DETERMINE,2,2,0.0,0.0,0.0,0.0,0.0,3.0,14,6,2,02/23/2024,2024-02-23,14:00:00
07/22/2024 03:50:00 PM,5.0,3,2,4,5,3,3,3,2,1,3,UNABLE TO DETERMINE,2,2,0.0,0.0,0.0,0.0,0.0,2.0,15,2,7,07/22/2024,2024-07-22,15:50:00
03/20/2024 02:00:00 PM,7.0,3,2,5,5,3,3,3,3,1,3,FAILING TO YIELD RIGHT-OF-WAY,2,2,0.0,0.0,0.0,0.0,0.0,2.0,14,4,3,03/20/2024,2024-03-20,14:00:00
07/20/2024 05:00:00 PM,5.0,3,2,4,6,3,3,3,2,1,3,UNABLE TO DETERMINE,2,2,0.0,0.0,0.0,0.0,0.0,2.0,17,7,7,07/20/2024,2024-07-20,17:00:00
02/02/2024 09:16:00 AM,5.0,4,2,5,5,3,3,3,3,1,4,DISREGARDING TRAFFIC SIGNALS,2,3,1.0,0.0,0.0,0.0,1.0,1.0,9,6,2,02/02/2024,2024-02-02,09:16:00
06/06/2024 08:45:00 AM,7.0,3,2,6,5,3,3,3,2,1,4,FAILING TO YIELD RIGHT-OF-WAY,2,2,0.0,0.0,0.0,0.0,0.0,2.0,8,5,6,06/06/2024,2024-06-06,08:45:00
07/30/2024 08:20:00 PM,7.0,3,4,6,5,3,3,3,2,1,4,UNABLE TO DETERMINE,2,2,0.0,0.0,0.0,0.0,0.0,2.0,20,3,7,07/30/2024,2024-07-30,20:20:00
05/03/2024 01:45:00 AM,5.0,3,4,5,5,3,4,3,3,1,4,DISREGARDING TRAFFIC SIGNALS,2,4,2.0,0.0,0.0,2.0,0.0,1.0,1,6,5,05/03/2024,2024-05-03,01:45:00
03/03/2024 05:03:00 AM,6.0,3,5,11,10,3,3,1,2,1,4,UNABLE TO DETERMINE,2,2,0.0,0.0,0.0,0.0,0.0,2.0,5,1,3,03/03/2024,2024-03-03,05:03:00
02/19/2024 11:04:00 AM,7.0,3,2,5,6,3,3,3,3,1,4,FAILING TO YIELD RIGHT-OF-WAY,2,2,0.0,0.0,0.0,0.0,0.0,2.0,11,2,2,02/19/2024,2024-02-19,11:04:00
05/03/2024 07:45:00 AM,7.0,3,2,11,7,3,1,1,2,1,4,UNABLE TO DETERMINE,2,2,0.0,0.0,0.0,0.0,0.0,1.0,7,6,5,05/03/2024,2024-05-03,07:45:00