crash_date,traffic_control_device,weather_condition,lighting_condition,first_crash_type,trafficway_type,alignment,roadway_surface_cond,road_defect,crash_type,intersection_related_i,damage,prim_contributory_cause,num_units,most_severe_injury,injuries_total,injuries_fatal,injuries_incapacitating,injuries_non_incapacitating,injuries_reported_not_evident,injuries_no_indication,crash_hour,crash_day_of_week,crash_month,parsed_datetime,date,time
03/03/2024 12:00:00 PM,3.0,3,2,3,6,3,3,3,2,0,3,UNABLE TO DETERMINE,2,2,0.0,0.0,0.0,0.0,0.0,2.0,12,1,3,03/03/2024,2024-03-03,12:00:00
04/28/2024 01:00:00 PM,7.0,3,2,6,5,3,3,3,2,1,3,IMPROPER TURNING/NO SIGNAL,2,2,0.0,0.0,0.0,0.0,0.0,2.0,13,1,4,04/28/2024,2024-04-28,13:00:00
04/29/2024 08:30:00 AM,5.0,5,2,6,18,3,4,3,2,1,3,UNABLE TO DETERMINE,2,2,0.0,0.0,0.0,0.0,0.0,2.0,8,2,4,04/29/2024,2024-04-29,08:30:00
01/21/2024 08:47:00 PM,5.0,6,5,6,6,3,5,3,2,1,3,UNABLE TO DETERMINE,2,2,0.0,0.0,0.0,0.0,0.0,2.0,20,1,1,01/21/2024,2024-01-21,20:47:00
05/14/2024 06:00:00 PM,3.0,3,2,6,7,3,3,1,2,1,4,FAILING TO YIELD RIGHT-OF-WAY,2,2,0.0,0.0,0.0,0.0,0.0,2.0,18,3,5,05/14/2024,2024-05-14,18:00:00
04/24/2024 03:54:00 PM,3.0,3,2,6,7,3,3,3,2,1,4,UNABLE TO DETERMINE,2,2,0.0,0.0,0.0,0.0,0.0,3.0,15,4,4,04/24/2024,2024-04-24,15:54:00
02/26/2024 11:40:00 PM,5.0,5,5,5,5,3,4,3,3,1,4,DISREGARDING TRAFFIC SIGNALS,2,2,0.0,0.0,0.0,0.0,0.0,2.0,23,2,2,02/26/2024,2024-02-26,23:40:00
05/16/2024 03:30:00 PM,7.0,3,2,5,5,3,3,3,2,1,4,UNABLE TO DETERMINE,2,2,0.0,0.0,0.0,0.0,0.0,2.0,15,5,5,05/16/2024,2024-05-16,15:30:00
05/04/2024 08:40:00 PM,5.0,3,5,6,5,3,4,3,3,1,4,FAILING TO YIELD RIGHT-OF-WAY,2,2,0.0,0.0,0.0,0.0,0.0,3.0,20,7,5,05/04/2024,2024-05-04,20:40:00
02/28/2024 03:25:00 PM,7.0,3,2,5,6,3,3,3,2,1,4,FAILING TO YIELD RIGHT-OF-WAY,2,2,0.0,0.0,0.0,0.0,0.0,2.0,15,4,2,02/28/2024,2024-02-28,15:25:00
05/02/2024 10:52:00 PM,3.0,5,5,6,7,3,4,3,3,1,4,WEATHER,2,3,1.0,0.0,0.0,0.0,1.0,3.0,22,5,5,05/02/2024,2024-05-02,22:52:00
06/14/2024 09:00:00 AM,5.0,3,2,3,4,3,1,1,2,1,4,IMPROPER LANE USAGE,2,2,0.0,0.0,0.0,0.0,0.0,2.0,9,6,6,06/14/2024,2024-06-14,09:00:00
07/23/2024 03:35:00 PM,7.0,3,2,5,14,3,3,3,2,1,4,FAILING TO YIELD RIGHT-OF-WAY,2,2,0.0,0.0,0.0,0.0,0.0,2.0,15,3,7,07/23/2024,2024-07-23,15:35:00
02/22/2024 01:00:00 PM,7.0,3,2,6,5,3,3,3,3,1,4,"VISION OBSCURED (SIGNS, TREE LIMBS, BUILDINGS, ETC.)",2,2,0.0,0.0,0.0,0.0,0.0,5.0,13,5,2,02/22/2024,2024-02-22,13:00:00
03/03/2024 07:57:00 PM,5.0,3,5,5,5,3,3,3,3,1,4,UNABLE TO DETERMINE,2,4,1.0,0.0,0.0,1.0,0.0,4.0,19,1,3,03/03/2024,2024-03-03,19:57:00
02/10/2024 01:45:00 PM,5.0,3,2,9,5,3,3,3,3,1,4,UNABLE TO DETERMINE,2,4,2.0,0.0,0.0,2.0,0.0,0.0,13,7,2,02/10/2024,2024-02-10,13:45:00
05/12/2024 09:35:00 AM,7.0,3,2,5,5,3,3,3,3,1,4,FAILING TO YIELD RIGHT-OF-WAY,2,3,1.0,0.0,0.0,0.0,1.0,1.0,9,1,5,05/12/2024,2024-05-12,09:35:00
05/03/2024 08:08:00 PM,5.0,3,4,13,5,3,3,3,3,1,2,UNABLE TO DETERMINE,2,4,1.0,0.0,0.0,1.0,0.0,1.0,20,6,5,05/03/2024,2024-05-03,20:08:00
07/16/2024 11:45:00 PM,7.0,3,5,5,6,3,3,3,3,1,4,UNABLE TO DETERMINE,2,3,1.0,0.0,0.0,0.0,1.0,3.0,23,3,7,07/16/2024,2024-07-16,23:45:00
06/17/2024 08:27:00 AM,5.0,3,2,6,4,3,3,3,2,1,3,IMPROPER LANE USAGE,2,2,0.0,0.0,0.0,0.0,0.0,2.0,8,2,6,06/17/2024,2024-06-17,08:27:00
07/09/2024 11:43:00 AM,3.0,3,2,3,6,3,3,3,3,1,4,FAILING TO REDUCE SPEED TO AVOID CRASH,2,2,0.0,0.0,0.0,0.0,0.0,2.0,11,3,7,07/09/2024,2024-07-09,11:43:00
01/24/2024 03:15:00 PM,7.0,5,2,6,6,3,4,1,3,1,4,UNABLE TO DETERMINE,2,2,0.0,0.0,0.0,0.0,0.0,4.0,15,4,1,01/24/2024,2024-01-24,15:15:00
06/16/2024 10:18:00 AM,5.0,3,2,5,5,3,3,3,3,1,4,DISREGARDING TRAFFIC SIGNALS,2,2,0.0,0.0,0.0,0.0,0.0,2.0,10,1,6,06/16/2024,2024-06-16,10:18:00
01/17/2024 01:37:00 PM,5.0,3,5,3,10,3,3,3,3,1,4,FAILING TO YIELD RIGHT-OF-WAY,2,2,0.0,0.0,0.0,0.0,0.0,2.0,13,4,1,01/17/2024,2024-01-17,13:37:00
06/17/2024 11:55:00 AM,3.0,3,2,5,4,3,3,3,3,1,4,FAILING TO YIELD RIGHT-OF-WAY,2,2,0.0,0.0,0.0,0.0,0.0,2.0,11,2,6,06/17/2024,2024-06-17,11:55:00
01/05/2024 12:15:00 PM,5.0,3,2,6,5,3,3,1,2,1,2,DISTRACTION - FROM INSIDE VEHICLE,2,2,0.0,0.0,0.0,0.0,0.0,2.0,12,6,1,01/05/2024,2024-01-05,12:15:00
03/02/2024 02:22:00 AM,3.0,3,5,10,5,3,3,3,3,1,4,DRIVING ON WRONG SIDE/WRONG WAY,2,2,0.0,0.0,0.0,0.0,0.0,2.0,2,7,3,03/02/2024,2024-03-02,02:22:00
05/12/2024 10:00:00 AM,3.0,3,2,6,6,3,3,1,2,1,3,IMPROPER TURNING/NO SIGNAL,2,2,0.0,0.0,0.0,0.0,0.0,5.0,10,1,5,05/12/2024,2024-05-12,10:00:00
06/18/2024 05:50:00 AM,5.0,3,2,3,6,3,4,1,2,0,4,IMPROPER OVERTAKING/PASSING,2,2,0.0,0.0,0.0,0.0,0.0,3.0,5,3,6,06/18/2024,2024-06-18,05:50:00
07/05/2024 05:45:00 PM,3.0,3,2,3,6,3,3,3,2,1,3,FOLLOWING TOO CLOSELY,2,2,0.0,0.0,0.0,0.0,0.0,2.0,17,6,7,07/05/2024,2024-07-05,17:45:00
03/28/2024 02:00:00 PM,5.0,3,2,6,4,3,3,3,2,1,4,UNABLE TO DETERMINE,2,2,0.0,0.0,0.0,0.0,0.0,3.0,14,5,3,03/28/2024,2024-03-28,14:00:00
07/06/2024 04:30:00 PM,7.0,3,2,5,5,3,3,3,2,1,4,DISREGARDING STOP SIGN,2,2,0.0,0.0,0.0,0.0,0.0,4.0,16,7,7,07/06/2024,2024-07-06,16:30:00
05/11/2024 05:24:00 PM,3.0,3,2,6,4,3,3,3,3,1,4,FAILING TO YIELD RIGHT-OF-WAY,2,4,1.0,0.0,0.0,1.0,0.0,4.0,17,7,5,05/11/2024,2024-05-11,17:24:00
07/13/2024 06:00:00 PM,5.0,3,2,7,7,3,3,1,2,1,4,DISREGARDING TRAFFIC SIGNALS,2,2,0.0,0.0,0.0,0.0,0.0,3.0,18,7,7,07/13/2024,2024-07-13,18:00:00
03/06/2024 08:45:00 PM,7.0,3,5,5,5,3,3,3,3,1,4,FAILING TO YIELD RIGHT-OF-WAY,2,2,0.0,0.0,0.0,0.0,0.0,2.0,20,4,3,03/06/2024,2024-03-06,20:45:00
03/22/2024 06:40:00 AM,5.0,6,3,6,14,3,5,1,2,1,4,IMPROPER TURNING/NO SIGNAL,2,2,0.0,0.0,0.0,0.0,0.0,2.0,6,6,3,03/22/2024,2024-03-22,06:40:00
03/11/2024 08:41:00 AM,3.0,3,2,3,3,3,3,1,3,0,4,FAILING TO YIELD RIGHT-OF-WAY,2,5,1.0,0.0,1.0,0.0,0.0,1.0,8,2,3,03/11/2024,2024-03-11,08:41:00
08/09/2024 10:35:00 PM,5.0,3,5,5,5,3,3,3,3,1,4,FAILING TO REDUCE SPEED TO AVOID CRASH,2,4,1.0,0.0,0.0,1.0,0.0,1.0,22,6,8,08/09/2024,2024-08-09,22:35:00
04/10/2024 09:50:00 PM,5.0,3,5,6,6,3,1,1,3,1,4,UNABLE TO DETERMINE,2,2,0.0,0.0,0.0,0.0,0.0,2.0,21,4,4,04/10/2024,2024-04-10,21:50:00
06/16/2024 03:36:00 AM,7.0,3,5,5,5,3,3,3,3,1,4,DISREGARDING STOP SIGN,2,3,2.0,0.0,0.0,0.0,2.0,1.0,3,1,6,06/16/2024,2024-06-16,03:36:00
07/15/2024 07:30:00 PM,5.0,4,2,5,5,3,4,3,3,1,2,UNABLE TO DETERMINE,2,3,1.0,0.0,0.0,0.0,1.0,1.0,19,2,7,07/15/2024,2024-07-15,19:30:00
04/16/2024 11:10:00 AM,5.0,3,2,5,5,3,3,3,2,1,4,UNABLE TO DETERMINE,2,2,0.0,0.0,0.0,0.0,0.0,5.0,11,3,4,04/16/2024,2024-04-16,11:10:00
07/02/2024 01:30:00 PM,5.0,3,2,6,5,3,3,3,2,1,3,UNABLE TO DETERMINE,2,2,0.0,0.0,0.0,0.0,0.0,2.0,13,3,7,07/02/2024,2024-07-02,13:30:00
03/25/2024 10:05:00 AM,5.0,3,2,3,5,3,3,3,2,1,4,FAILING TO YIELD RIGHT-OF-WAY,2,2,0.0,0.0,0.0,0.0,0.0,2.0,10,2,3,03/25/2024,2024-03-25,10:05:00
03/29/2024 08:03:00 PM,5.0,3,5,4,6,3,3,3,2,1,4,DISTRACTION - FROM INSIDE VEHICLE,2,2,0.0,0.0,0.0,0.0,0.0,4.0,20,6,3,03/29/2024,2024-03-29,20:03:00
07/28/2024 03:46:00 PM,7.0,5,2,4,6,3,4,3,3,1,4,FOLLOWING TOO CLOSELY,2,3,1.0,0.0,0.0,0.0,1.0,2.0,15,1,7,07/28/2024,2024-07-28,15:46:00
08/13/2024 03:10:00 PM,1.0,3,2,18,17,3,1,1,2,1,4,UNABLE TO DETERMINE,2,2,0.0,0.0,0.0,0.0,0.0,2.0,15,3,8,08/13/2024,2024-08-13,15:10:00
03/04/2024 09:17:00 PM,5.0,3,5,3,5,3,3,3,3,1,4,UNABLE TO DETERMINE,2,2,0.0,0.0,0.0,0.0,0.0,3.0,21,2,3,03/04/2024,2024-03-04,21:17:00
02/13/2024 05:30:00 PM,5.0,3,5,3,4,3,3,3,2,1,3,IMPROPER OVERTAKING/PASSING,2,2,0.0,0.0,0.0,0.0,0.0,3.0,17,3,2,02/13/2024,2024-02-13,17:30:00
01/16/2024 11:00:00 AM,5.0,3,2,6,5,3,4,3,2,1,3,"VISION OBSCURED (SIGNS, TREE LIMBS, BUILDINGS, ETC.)",2,2,0.0,0.0,0.0,0.0,0.0,2.0,11,3,1,01/16/2024,2024-01-16,11:00:00
06/26/2024 10:00:00 AM,5.0,3,2,11,5,3,1,1,2,1,2,UNABLE TO DETERMINE,2,2,0.0,0.0,0.0,0.0,0.0,1.0,10,4,6,06/26/2024,2024-06-26,10:00:00
01/08/2024 05:46:00 AM,5.0,7,5,6,6,3,6,3,3,1,4,UNABLE TO DETERMINE,2,2,0.0,0.0,0.0,0.0,0.0,2.0,5,2,1,01/08/2024,2024-01-08,05:46:00
01/12/2024 06:25:00 AM,5.0,6,5,4,6,3,5,3,3,1,4,UNABLE TO DETERMINE,2,4,1.0,0.0,0.0,1.0,0.0,1.0,6,6,1,01/12/2024,2024-01-12,06:25:00
08/04/2024 01:46:00 PM,5.0,3,2,14,5,3,3,3,3,1,2,UNABLE TO DETERMINE,2,4,1.0,0.0,0.0,1.0,0.0,1.0,13,1,8,08/04/2024,2024-08-04,13:46:00
03/08/2024 11:51:00 AM,5.0,5,2,6,5,3,4,3,2,1,4,FAILING TO YIELD RIGHT-OF-WAY,2,2,0.0,0.0,0.0,0.0,0.0,2.0,11,6,3,03/08/2024,2024-03-08,11:51:00
05/13/2024 07:10:00 AM,5.0,3,3,14,6,3,3,3,3,1,2,DISREGARDING TRAFFIC SIGNALS,2,4,1.0,0.0,0.0,1.0,0.0,1.0,7,2,5,05/13/2024,2024-05-13,07:10:00
07/04/2024 01:50:00 PM,3.0,3,2,6,5,3,3,3,2,1,4,IMPROPER TURNING/NO SIGNAL,2,2,0.0,0.0,0.0,0.0,0.0,2.0,13,5,7,07/04/2024,2024-07-04,13:50:00
03/01/2024 11:16:00 PM,3.0,3,5,6,14,3,3,3,3,1,4,IMPROPER TURNING/NO SIGNAL,2,2,0.0,0.0,0.0,0.0,0.0,2.0,23,6,3,03/01/2024,2024-03-01,23:16:00
02/15/2024 04:14:00 PM,5.0,3,2,13,5,3,3,1,3,1,2,DRIVING SKILLS/KNOWLEDGE/EXPERIENCE,2,5,1.0,0.0,1.0,0.0,0.0,1.0,16,5,2,02/15/2024,2024-02-15,16:14:00
08/09/2024 12:30:00 PM,5.0,3,2,6,9,3,3,3,2,1,2,FOLLOWING TOO CLOSELY,2,2,0.0,0.0,0.0,0.0,0.0,2.0,12,6,8,08/09/2024,2024-08-09,12:30:00
06/25/2024 07:52:00 AM,7.0,5,2,6,7,3,4,3,2,0,4,DISREGARDING STOP SIGN,2,2,0.0,0.0,0.0,0.0,0.0,3.0,7,3,6,06/25/2024,2024-06-25,07:52:00
04/25/2024 11:38:00 AM,5.0,3,2,5,5,3,3,3,3,1,4,DISREGARDING TRAFFIC SIGNALS,2,2,0.0,0.0,0.0,0.0,0.0,2.0,11,5,4,04/25/2024,2024-04-25,11:38:00
05/29/2024 08:22:00 AM,5.0,3,2,6,5,3,3,3,2,1,3,FAILING TO YIELD RIGHT-OF-WAY,2,2,0.0,0.0,0.0,0.0,0.0,2.0,8,4,5,05/29/2024,2024-05-29,08:22:00
06/17/2024 03:10:00 PM,5.0,3,2,6,5,3,3,3,2,1,4,"OPERATING VEHICLE IN ERRATIC, RECKLESS, CARELESS, NEGLIGENT OR AGGRESSIVE MANNER",2,2,0.0,0.0,0.0,0.0,0.0,2.0,15,2,6,06/17/2024,2024-06-17,15:10:00
06/07/2024 04:45:00 AM,5.0,3,2,5,5,3,1,1,3,1,4,UNABLE TO DETERMINE,2,3,2.0,0.0,0.0,0.0,2.0,0.0,4,6,6,06/07/2024,2024-06-07,04:45:00
05/19/2024 07:26:00 AM,5.0,3,2,4,6,3,3,3,3,0,4,UNABLE TO DETERMINE,2,2,0.0,0.0,0.0,0.0,0.0,6.0,7,1,5,05/19/2024,2024-05-19,07:26:00
01/04/2024 04:09:00 PM,5.0,3,2,13,5,3,3,3,3,1,4,UNABLE TO DETERMINE,2,4,1.0,0.0,0.0,1.0,0.0,1.0,16,5,1,01/04/2024,2024-01-04,16:09:00
05/30/2024 08:20:00 AM,5.0,3,2,3,5,3,3,3,2,1,4,UNABLE TO DETERMINE,2,2,0.0,0.0,0.0,0.0,0.0,2.0,8,5,5,05/30/2024,2024-05-30,08:20:00
06/02/2024 12:30:00 PM,5.0,3,2,5,4,3,3,1,2,1,4,UNABLE TO DETERMINE,2,2,0.0,0.0,0.0,0.0,0.0,2.0,12,1,6,06/02/2024,2024-06-02,12:30:00
04/28/2024 10:10:00 AM,5.0,4,2,6,4,3,3,3,2,1,4,UNABLE TO DETERMINE,2,2,0.0,0.0,0.0,0.0,0.0,4.0,10,1,4,04/28/2024,2024-04-28,10:10:00
07/04/2024 02:30:00 PM,7.0,5,2,14,10,3,3,3,3,1,4,NOT APPLICABLE,2,4,1.0,0.0,0.0,1.0,0.0,1.0,14,5,7,07/04/2024,2024-07-04,14:30:00
04/13/2024 08:15:00 PM,5.0,3,2,3,5,3,3,3,2,1,4,IMPROPER LANE USAGE,2,2,0.0,0.0,0.0,0.0,0.0,2.0,20,7,4,04/13/2024,2024-04-13,20:15:00
06/10/2024 10:30:00 AM,7.0,3,2,5,5,3,3,3,2,1,3,FAILING TO YIELD RIGHT-OF-WAY,2,2,0.0,0.0,0.0,0.0,0.0,2.0,10,2,6,06/10/2024,2024-06-10,10:30:00
04/14/2024 05:13:00 AM,5.0,3,5,13,5,3,3,3,3,1,2,UNABLE TO DETERMINE,2,4,2.0,0.0,0.0,2.0,0.0,0.0,5,1,4,04/14/2024,2024-04-14,05:13:00
07/02/2024 04:00:00 PM,5.0,3,2,10,6,3,3,3,2,1,3,IMPROPER OVERTAKING/PASSING,2,2,0.0,0.0,0.0,0.0,0.0,2.0,16,3,7,07/02/2024,2024-07-02,16:00:00
01/11/2024 07:12:00 AM,5.0,3,3,3,5,3,3,3,2,1,4,IMPROPER LANE USAGE,2,2,0.0,0.0,0.0,0.0,0.0,2.0,7,5,1,01/11/2024,2024-01-11,07:12:00
07/10/2024 03:45:00 PM,3.0,3,2,6,4,3,3,3,2,1,3,NOT APPLICABLE,2,2,0.0,0.0,0.0,0.0,0.0,2.0,15,4,7,07/10/2024,2024-07-10,15:45:00
06/14/2024 07:26:00 PM,5.0,3,2,6,5,3,3,3,3,1,4,FAILING TO YIELD RIGHT-OF-WAY,2,4,1.0,0.0,0.0,1.0,0.0,1.0,19,6,6,06/14/2024,2024-06-14,19:26:00
04/07/2024 01:08:00 PM,5.0,5,2,6,5,3,4,3,2,0,3,IMPROPER TURNING/NO SIGNAL,2,2,0.0,0.0,0.0,0.0,0.0,2.0,13,1,4,04/07/2024,2024-04-07,13:08:00
07/15/2024 09:18:00 AM,5.0,3,2,6,5,3,3,1,3,1,4,UNABLE TO DETERMINE,2,2,0.0,0.0,0.0,0.0,0.0,3.0,9,2,7,07/15/2024,2024-07-15,09:18:00
03/16/2024 09:31:00 PM,7.0,3,5,5,5,3,3,3,2,1,4,FAILING TO YIELD RIGHT-OF-WAY,2,2,0.0,0.0,0.0,0.0,0.0,4.0,21,7,3,03/16/2024,2024-03-16,21:31:00
08/13/2024 02:15:00 PM,7.0,3,2,5,4,3,3,1,2,1,3,FAILING TO YIELD RIGHT-OF-WAY,2,2,0.0,0.0,0.0,0.0,0.0,2.0,14,3,8,08/13/2024,2024-08-13,14:15:00
02/14/2024 11:20:00 PM,5.0,3,5,13,5,3,3,3,3,1,4,TURNING RIGHT ON RED,2,3,1.0,0.0,0.0,0.0,1.0,1.0,23,4,2,02/14/2024,2024-02-14,23:20:00
03/15/2024 02:22:00 PM,7.0,3,2,5,4,3,3,3,3,1,4,DISREGARDING STOP SIGN,2,4,1.0,0.0,0.0,1.0,0.0,2.0,14,6,3,03/15/2024,2024-03-15,14:22:00
01/30/2024 09:23:00 PM,5.0,3,4,6,6,3,3,1,2,1,4,DRIVING SKILLS/KNOWLEDGE/EXPERIENCE,2,2,0.0,0.0,0.0,0.0,0.0,3.0,21,3,1,01/30/2024,2024-01-30,21:23:00
07/22/2024 04:18:00 PM,5.0,3,2,4,7,3,3,1,3,1,4,FAILING TO REDUCE SPEED TO AVOID CRASH,2,3,1.0,0.0,0.0,0.0,1.0,1.0,16,2,7,07/22/2024,2024-07-22,16:18:00
04/22/2024 04:50:00 PM,1.0,3,2,5,5,3,1,1,2,1,4,UNABLE TO DETERMINE,2,2,0.0,0.0,0.0,0.0,0.0,2.0,16,2,4,04/22/2024,2024-04-22,16:50:00
03/09/2024 12:30:00 PM,5.0,3,2,3,6,3,1,1,2,1,3,IMPROPER OVERTAKING/PASSING,2,2,0.0,0.0,0.0,0.0,0.0,2.0,12,7,3,03/09/2024,2024-03-09,12:30:00
05/20/2024 02:50:00 PM,5.0,3,2,4,6,4,3,3,2,1,2,FAILING TO REDUCE SPEED TO AVOID CRASH,2,2,0.0,0.0,0.0,0.0,0.0,2.0,14,2,5,05/20/2024,2024-05-20,14:50:00
05/26/2024 10:19:00 PM,5.0,3,4,13,3,3,1,3,3,1,4,FAILING TO REDUCE SPEED TO AVOID CRASH,2,3,1.0,0.0,0.0,0.0,1.0,1.0,22,1,5,05/26/2024,2024-05-26,22:19:00
05/03/2024 10:55:00 AM,5.0,3,2,6,5,3,3,3,3,1,4,FAILING TO YIELD RIGHT-OF-WAY,2,5,2.0,0.0,2.0,0.0,0.0,1.0,10,6,5,05/03/2024,2024-05-03,10:55:00
01/20/2024 03:38:00 PM,5.0,3,2,4,4,3,5,3,2,1,4,UNABLE TO DETERMINE,2,2,0.0,0.0,0.0,0.0,0.0,3.0,15,7,1,01/20/2024,2024-01-20,15:38:00
06/14/2024 04:30:00 PM,5.0,3,2,6,7,3,3,3,3,1,4,FAILING TO YIELD RIGHT-OF-WAY,2,4,2.0,0.0,0.0,2.0,0.0,0.0,16,6,6,06/14/2024,2024-06-14,16:30:00
05/15/2024 08:59:00 AM,5.0,3,2,3,4,3,3,3,2,1,4,IMPROPER OVERTAKING/PASSING,2,2,0.0,0.0,0.0,0.0,0.0,3.0,8,4,5,05/15/2024,2024-05-15,08:59:00
04/15/2024 06:45:00 PM,5.0,3,2,5,5,3,3,3,2,1,4,IMPROPER LANE USAGE,2,2,0.0,0.0,0.0,0.0,0.0,2.0,18,2,4,04/15/2024,2024-04-15,18:45:00
03/17/2024 12:50:00 PM,5.0,4,2,4,6,3,3,3,2,1,3,FOLLOWING TOO CLOSELY,2,2,0.0,0.0,0.0,0.0,0.0,2.0,12,1,3,03/17/2024,2024-03-17,12:50:00
04/10/2024 04:00:00 PM,5.0,3,2,4,6,3,3,3,2,1,4,FOLLOWING TOO CLOSELY,2,2,0.0,0.0,0.0,0.0,0.0,2.0,16,4,4,04/10/2024,2024-04-10,16:00:00
02/28/2024 08:44:00 AM,7.0,3,2,6,4,3,3,3,3,1,4,FAILING TO YIELD RIGHT-OF-WAY,2,2,0.0,0.0,0.0,0.0,0.0,2.0,8,4,2,02/28/2024,2024-02-28,08:44:00
03/08/2024 12:10:00 PM,5.0,5,2,6,6,3,4,3,3,1,4,UNABLE TO DETERMINE,2,2,0.0,0.0,0.0,0.0,0.0,7.0,12,6,3,03/08/2024,2024-03-08,12:10:00
02/13/2024 07:50:00 AM,5.0,3,6,3,6,3,3,3,2,1,3,IMPROPER OVERTAKING/PASSING,2,2,0.0,0.0,0.0,0.0,0.0,2.0,7,3,2,02/13/2024,2024-02-13,07:50:00
01/31/2024 06:42:00 PM,5.0,3,5,6,6,3,3,3,3,1,4,FAILING TO YIELD RIGHT-OF-WAY,2,4,2.0,0.0,0.0,2.0,0.0,1.0,18,4,1,01/31/2024,2024-01-31,18:42:00
02/24/2024 02:00:00 PM,7.0,3,2,11,8,3,3,3,3,1,4,UNABLE TO DETERMINE,2,2,0.0,0.0,0.0,0.0,0.0,1.0,14,7,2,02/24/2024,2024-02-24,14:00:00
04/17/2024 09:58:00 AM,7.0,4,2,5,5,3,3,3,3,1,4,FAILING TO YIELD RIGHT-OF-WAY,2,2,0.0,0.0,0.0,0.0,0.0,2.0,9,4,4,04/17/2024,2024-04-17,09:58:00
04/12/2024 09:48:00 PM,5.0,3,5,14,5,3,3,3,3,1,4,DISREGARDING TRAFFIC SIGNALS,2,4,1.0,0.0,0.0,1.0,0.0,2.0,21,6,4,04/12/2024,2024-04-12,21:48:00
04/13/2024 04:00:00 PM,3.0,3,2,11,6,3,3,3,2,1,2,IMPROPER BACKING,2,2,0.0,0.0,0.0,0.0,0.0,2.0,16,7,4,04/13/2024,2024-04-13,16:00:00
01/29/2024 05:56:00 AM,3.0,3,4,5,10,3,3,3,3,1,4,UNABLE TO DETERMINE,2,2,0.0,0.0,0.0,0.0,0.0,2.0,5,2,1,01/29/2024,2024-01-29,05:56:00
05/05/2024 02:09:00 PM,3.0,3,2,5,16,3,3,3,2,1,4,FAILING TO YIELD RIGHT-OF-WAY,2,2,0.0,0.0,0.0,0.0,0.0,2.0,14,1,5,05/05/2024,2024-05-05,14:09:00
06/17/2024 10:23:00 PM,5.0,3,5,6,5,3,3,3,2,1,4,IMPROPER TURNING/NO SIGNAL,2,2,0.0,0.0,0.0,0.0,0.0,7.0,22,2,6,06/17/2024,2024-06-17,22:23:00
03/17/2024 02:35:00 PM,5.0,3,2,5,4,3,3,3,3,1,4,FAILING TO YIELD RIGHT-OF-WAY,2,2,0.0,0.0,0.0,0.0,0.0,2.0,14,1,3,03/17/2024,2024-03-17,14:35:00
05/26/2024 02:10:00 PM,5.0,3,2,6,7,3,4,3,2,1,4,DRIVING SKILLS/KNOWLEDGE/EXPERIENCE,2,2,0.0,0.0,0.0,0.0,0.0,5.0,14,1,5,05/26/2024,2024-05-26,14:10:00
04/21/2024 12:35:00 PM,5.0,3,2,4,5,3,3,3,2,1,4,FAILING TO REDUCE SPEED TO AVOID CRASH,2,2,0.0,0.0,0.0,0.0,0.0,2.0,12,1,4,04/21/2024,2024-04-21,12:35:00
01/06/2024 11:36:00 PM,5.0,5,5,5,6,3,5,3,2,1,3,DISREGARDING TRAFFIC SIGNALS,2,2,0.0,0.0,0.0,0.0,0.0,2.0,23,7,1,01/06/2024,2024-01-06,23:36:00
08/01/2024 05:00:00 PM,7.0,3,2,4,5,3,3,3,2,1,4,UNABLE TO DETERMINE,2,2,0.0,0.0,0.0,0.0,0.0,2.0,17,5,8,08/01/2024,2024-08-01,17:00:00
03/26/2024 05:02:00 PM,5.0,3,4,3,5,3,3,3,2,1,3,IMPROPER OVERTAKING/PASSING,2,2,0.0,0.0,0.0,0.0,0.0,2.0,17,3,3,03/26/2024,2024-03-26,17:02:00
05/09/2024 02:50:00 PM,7.0,5,2,5,5,3,4,3,3,1,4,IMPROPER LANE USAGE,2,4,1.0,0.0,0.0,1.0,0.0,3.0,14,5,5,05/09/2024,2024-05-09,14:50:00
02/01/2024 07:30:00 AM,5.0,3,2,6,4,3,3,3,2,1,4,FAILING TO YIELD RIGHT-OF-WAY,2,2,0.0,0.0,0.0,0.0,0.0,2.0,7,5,2,02/01/2024,2024-02-01,07:30:00
02/04/2024 03:02:00 PM,3.0,3,2,3,5,3,3,3,2,1,3,UNABLE TO DETERMINE,2,2,0.0,0.0,0.0,0.0,0.0,2.0,15,1,2,02/04/2024,2024-02-04,15:02:00
01/27/2024 05:20:00 AM,5.0,3,5,4,5,3,4,3,2,1,4,PHYSICAL CONDITION OF DRIVER,2,2,0.0,0.0,0.0,0.0,0.0,3.0,5,7,1,01/27/2024,2024-01-27,05:20:00
06/05/2024 02:30:00 PM,3.0,3,2,4,5,3,3,3,2,1,4,UNABLE TO DETERMINE,2,2,0.0,0.0,0.0,0.0,0.0,2.0,14,4,6,06/05/2024,2024-06-05,14:30:00
03/09/2024 11:00:00 AM,5.0,3,2,5,5,3,3,3,2,1,4,FAILING TO YIELD RIGHT-OF-WAY,2,2,0.0,0.0,0.0,0.0,0.0,2.0,11,7,3,03/09/2024,2024-03-09,11:00:00
05/17/2024 02:30:00 AM,1.0,3,6,5,5,3,3,1,2,1,4,DISREGARDING TRAFFIC SIGNALS,2,2,0.0,0.0,0.0,0.0,0.0,2.0,2,6,5,05/17/2024,2024-05-17,02:30:00
05/22/2024 06:17:00 PM,7.0,3,2,14,7,3,3,3,3,1,4,DISREGARDING STOP SIGN,2,3,1.0,0.0,0.0,0.0,1.0,1.0,18,4,5,05/22/2024,2024-05-22,18:17:00