crash_date,traffic_control_device,weather_condition,lighting_condition,first_crash_type,trafficway_type,alignment,roadway_surface_cond,road_defect,crash_type,intersection_related_i,damage,prim_contributory_cause,num_units,most_severe_injury,injuries_total,injuries_fatal,injuries_incapacitating,injuries_non_incapacitating,injuries_reported_not_evident,injuries_no_indication,crash_hour,crash_day_of_week,crash_month,parsed_datetime,date,time
06/15/2024 06:30:00 AM,5.0,3,2,5,5,3,3,3,3,1,4,DISREGARDING TRAFFIC SIGNALS,2,4,1.0,0.0,0.0,1.0,0.0,1.0,6,7,6,06/15/2024,2024-06-15,06:30:00
03/30/2024 10:30:00 PM,5.0,3,5,6,6,3,3,7,3,1,4,DISREGARDING TRAFFIC SIGNALS,2,2,0.0,0.0,0.0,0.0,0.0,4.0,22,7,3,03/30/2024,2024-03-30,22:30:00
04/03/2024 12:30:00 PM,3.0,3,2,11,6,3,3,1,2,1,4,UNABLE TO DETERMINE,2,2,0.0,0.0,0.0,0.0,0.0,2.0,12,4,4,04/03/2024,2024-04-03,12:30:00
06/12/2024 04:43:00 AM,7.0,3,2,11,10,3,3,3,2,1,2,IMPROPER OVERTAKING/PASSING,2,2,0.0,0.0,0.0,0.0,0.0,1.0,4,4,6,06/12/2024,2024-06-12,04:43:00
01/29/2024 05:41:00 PM,7.0,3,5,13,6,3,3,3,3,1,2,"VISION OBSCURED (SIGNS, TREE LIMBS, BUILDINGS, ETC.)",2,5,1.0,0.0,1.0,0.0,0.0,1.0,17,2,1,01/29/2024,2024-01-29,17:41:00
02/12/2024 07:10:00 PM,5.0,3,5,6,5,3,3,3,3,1,4,FAILING TO YIELD RIGHT-OF-WAY,2,2,0.0,0.0,0.0,0.0,0.0,2.0,19,2,2,02/12/2024,2024-02-12,19:10:00
01/24/2024 12:10:00 PM,3.0,3,2,6,6,3,4,3,2,1,4,IMPROPER OVERTAKING/PASSING,2,2,0.0,0.0,0.0,0.0,0.0,2.0,12,4,1,01/24/2024,2024-01-24,12:10:00
01/26/2024 08:18:00 AM,4.0,5,2,6,7,3,4,3,3,1,4,FAILING TO YIELD RIGHT-OF-WAY,2,2,0.0,0.0,0.0,0.0,0.0,2.0,8,6,1,01/26/2024,2024-01-26,08:18:00
08/09/2024 08:00:00 AM,5.0,3,2,6,6,3,3,3,2,1,2,FOLLOWING TOO CLOSELY,2,2,0.0,0.0,0.0,0.0,0.0,4.0,8,6,8,08/09/2024,2024-08-09,08:00:00
05/21/2024 09:00:00 AM,7.0,3,2,14,5,3,3,3,3,1,4,DISREGARDING STOP SIGN,2,3,1.0,0.0,0.0,0.0,1.0,1.0,9,3,5,05/21/2024,2024-05-21,09:00:00
02/19/2024 11:00:00 AM,5.0,3,2,3,10,3,3,3,2,1,4,IMPROPER OVERTAKING/PASSING,2,2,0.0,0.0,0.0,0.0,0.0,3.0,11,2,2,02/19/2024,2024-02-19,11:00:00
01/26/2024 06:34:00 PM,5.0,5,5,13,7,3,4,3,2,1,4,UNABLE TO DETERMINE,2,2,0.0,0.0,0.0,0.0,0.0,2.0,18,6,1,01/26/2024,2024-01-26,18:34:00
07/27/2024 06:30:00 PM,5.0,3,2,6,1,3,3,3,2,1,4,UNABLE TO DETERMINE,2,2,0.0,0.0,0.0,0.0,0.0,2.0,18,7,7,07/27/2024,2024-07-27,18:30:00
07/01/2024 08:28:00 AM,5.0,3,2,6,4,3,3,3,2,1,2,FAILING TO YIELD RIGHT-OF-WAY,2,2,0.0,0.0,0.0,0.0,0.0,4.0,8,2,7,07/01/2024,2024-07-01,08:28:00
07/28/2024 01:34:00 AM,5.0,3,5,9,5,3,3,1,3,1,4,UNABLE TO DETERMINE,2,3,1.0,0.0,0.0,0.0,1.0,1.0,1,1,7,07/28/2024,2024-07-28,01:34:00
02/12/2024 03:00:00 PM,5.0,3,2,4,3,3,3,3,2,1,4,FAILING TO REDUCE SPEED TO AVOID CRASH,2,2,0.0,0.0,0.0,0.0,0.0,2.0,15,2,2,02/12/2024,2024-02-12,15:00:00
05/07/2024 03:15:00 PM,3.0,5,2,6,5,3,4,3,3,1,4,DISREGARDING TRAFFIC SIGNALS,2,4,1.0,0.0,0.0,1.0,0.0,2.0,15,3,5,05/07/2024,2024-05-07,15:15:00
01/22/2024 12:35:00 PM,5.0,3,2,4,5,3,1,1,2,1,3,FOLLOWING TOO CLOSELY,2,2,0.0,0.0,0.0,0.0,0.0,2.0,12,2,1,01/22/2024,2024-01-22,12:35:00
07/13/2024 11:30:00 PM,5.0,3,2,4,6,3,3,3,2,1,4,FOLLOWING TOO CLOSELY,2,2,0.0,0.0,0.0,0.0,0.0,2.0,23,7,7,07/13/2024,2024-07-13,23:30:00
05/12/2024 06:50:00 PM,5.0,3,2,6,10,3,1,1,2,1,2,UNABLE TO DETERMINE,2,2,0.0,0.0,0.0,0.0,0.0,2.0,18,1,5,05/12/2024,2024-05-12,18:50:00
05/31/2024 10:30:00 PM,7.0,3,5,5,5,3,3,3,2,1,4,FAILING TO YIELD RIGHT-OF-WAY,2,2,0.0,0.0,0.0,0.0,0.0,2.0,22,6,5,05/31/2024,2024-05-31,22:30:00
07/31/2024 08:25:00 AM,3.0,2,2,3,3,3,3,1,2,1,4,NOT APPLICABLE,2,2,0.0,0.0,0.0,0.0,0.0,2.0,8,4,7,07/31/2024,2024-07-31,08:25:00
04/24/2024 04:00:00 PM,5.0,3,2,5,5,3,3,3,2,1,3,DISREGARDING TRAFFIC SIGNALS,2,2,0.0,0.0,0.0,0.0,0.0,3.0,16,4,4,04/24/2024,2024-04-24,16:00:00
03/02/2024 09:55:00 AM,5.0,3,2,4,5,3,3,3,3,0,2,UNABLE TO DETERMINE,2,3,2.0,0.0,0.0,0.0,2.0,1.0,9,7,3,03/02/2024,2024-03-02,09:55:00
05/08/2024 03:45:00 PM,3.0,3,2,3,6,3,3,3,2,1,3,UNABLE TO DETERMINE,2,2,0.0,0.0,0.0,0.0,0.0,3.0,15,4,5,05/08/2024,2024-05-08,15:45:00
03/05/2024 07:58:00 AM,3.0,5,2,11,6,3,4,3,2,1,2,UNABLE TO DETERMINE,2,2,0.0,0.0,0.0,0.0,0.0,1.0,7,3,3,03/05/2024,2024-03-05,07:58:00
01/05/2024 02:40:00 PM,5.0,3,2,5,5,3,3,3,2,1,3,UNABLE TO DETERMINE,2,2,0.0,0.0,0.0,0.0,0.0,2.0,14,6,1,01/05/2024,2024-01-05,14:40:00
04/22/2024 08:24:00 AM,7.0,3,2,5,5,3,3,3,3,1,4,FAILING TO YIELD RIGHT-OF-WAY,2,2,0.0,0.0,0.0,0.0,0.0,2.0,8,2,4,04/22/2024,2024-04-22,08:24:00
03/28/2024 06:56:00 AM,5.0,3,2,9,6,3,3,3,3,1,4,NOT APPLICABLE,2,2,0.0,0.0,0.0,0.0,0.0,2.0,6,5,3,03/28/2024,2024-03-28,06:56:00
01/13/2024 11:32:00 AM,5.0,5,2,10,6,3,4,1,3,1,4,IMPROPER OVERTAKING/PASSING,2,4,2.0,0.0,0.0,1.0,1.0,0.0,11,7,1,01/13/2024,2024-01-13,11:32:00
08/05/2024 11:10:00 AM,1.0,3,2,10,1,3,1,1,2,1,3,UNABLE TO DETERMINE,2,2,0.0,0.0,0.0,0.0,0.0,2.0,11,2,8,08/05/2024,2024-08-05,11:10:00
06/05/2024 07:40:00 PM,3.0,3,4,6,5,3,3,3,2,0,3,IMPROPER TURNING/NO SIGNAL,2,2,0.0,0.0,0.0,0.0,0.0,5.0,19,4,6,06/05/2024,2024-06-05,19:40:00
07/22/2024 01:40:00 PM,5.0,3,2,6,4,3,3,3,2,1,2,UNABLE TO DETERMINE,2,2,0.0,0.0,0.0,0.0,0.0,2.0,13,2,7,07/22/2024,2024-07-22,13:40:00
04/20/2024 06:45:00 PM,3.0,3,2,4,6,3,3,3,2,1,2,UNABLE TO DETERMINE,2,2,0.0,0.0,0.0,0.0,0.0,3.0,18,7,4,04/20/2024,2024-04-20,18:45:00
04/28/2024 01:45:00 AM,5.0,5,5,4,6,3,4,3,2,1,4,FOLLOWING TOO CLOSELY,2,2,0.0,0.0,0.0,0.0,0.0,7.0,1,1,4,04/28/2024,2024-04-28,01:45:00
05/11/2024 08:06:00 PM,5.0,3,5,8,6,3,3,1,3,1,4,FOLLOWING TOO CLOSELY,2,3,1.0,0.0,0.0,0.0,1.0,1.0,20,7,5,05/11/2024,2024-05-11,20:06:00
02/13/2024 01:10:00 PM,3.0,3,2,11,6,3,3,3,2,0,3,"EVASIVE ACTION DUE TO ANIMAL, OBJECT, NONMOTORIST",2,2,0.0,0.0,0.0,0.0,0.0,1.0,13,3,2,02/13/2024,2024-02-13,13:10:00
07/13/2024 11:40:00 PM,7.0,3,6,6,1,3,1,3,2,1,4,FAILING TO YIELD RIGHT-OF-WAY,2,2,0.0,0.0,0.0,0.0,0.0,2.0,23,7,7,07/13/2024,2024-07-13,23:40:00
03/08/2024 06:30:00 PM,5.0,5,2,4,6,3,4,1,2,1,4,WEATHER,2,2,0.0,0.0,0.0,0.0,0.0,2.0,18,6,3,03/08/2024,2024-03-08,18:30:00
07/06/2024 03:10:00 PM,5.0,3,2,3,6,3,3,3,2,1,4,FAILING TO YIELD RIGHT-OF-WAY,2,2,0.0,0.0,0.0,0.0,0.0,4.0,15,7,7,07/06/2024,2024-07-06,15:10:00
05/02/2024 10:00:00 AM,7.0,3,2,6,5,3,3,3,2,1,4,FAILING TO YIELD RIGHT-OF-WAY,2,2,0.0,0.0,0.0,0.0,0.0,3.0,10,5,5,05/02/2024,2024-05-02,10:00:00
03/03/2024 03:11:00 AM,5.0,3,5,5,5,3,3,3,3,0,4,DISREGARDING TRAFFIC SIGNALS,2,2,0.0,0.0,0.0,0.0,0.0,3.0,3,1,3,03/03/2024,2024-03-03,03:11:00
03/17/2024 08:08:00 PM,5.0,3,5,3,5,3,3,3,3,1,4,IMPROPER OVERTAKING/PASSING,2,4,1.0,0.0,0.0,1.0,0.0,4.0,20,1,3,03/17/2024,2024-03-17,20:08:00
06/28/2024 08:15:00 PM,5.0,3,3,4,5,3,3,3,2,1,4,UNABLE TO DETERMINE,2,2,0.0,0.0,0.0,0.0,0.0,4.0,20,6,6,06/28/2024,2024-06-28,20:15:00
01/07/2024 05:00:00 PM,5.0,3,5,6,5,3,3,3,2,1,4,FAILING TO YIELD RIGHT-OF-WAY,2,2,0.0,0.0,0.0,0.0,0.0,2.0,17,1,1,01/07/2024,2024-01-07,17:00:00
01/16/2024 02:00:00 PM,5.0,3,2,4,6,3,1,1,2,1,4,FOLLOWING TOO CLOSELY,2,2,0.0,0.0,0.0,0.0,0.0,2.0,14,3,1,01/16/2024,2024-01-16,14:00:00
05/05/2024 03:26:00 AM,5.0,3,5,5,6,3,3,3,3,1,4,DISREGARDING TRAFFIC SIGNALS,2,2,0.0,0.0,0.0,0.0,0.0,2.0,3,1,5,05/05/2024,2024-05-05,03:26:00
04/05/2024 04:02:00 PM,5.0,3,2,3,4,3,3,3,2,1,2,UNABLE TO DETERMINE,2,2,0.0,0.0,0.0,0.0,0.0,4.0,16,6,4,04/05/2024,2024-04-05,16:02:00
07/05/2024 12:21:00 AM,3.0,3,6,5,5,3,3,3,3,1,4,UNABLE TO DETERMINE,2,2,0.0,0.0,0.0,0.0,0.0,2.0,0,6,7,07/05/2024,2024-07-05,00:21:00
07/15/2024 09:27:00 AM,5.0,3,2,6,10,3,3,3,3,1,4,IMPROPER TURNING/NO SIGNAL,2,3,1.0,0.0,0.0,0.0,1.0,2.0,9,2,7,07/15/2024,2024-07-15,09:27:00
02/04/2024 07:00:00 PM,5.0,3,5,4,6,3,3,1,3,1,4,UNABLE TO DETERMINE,2,4,1.0,0.0,0.0,1.0,0.0,2.0,19,1,2,02/04/2024,2024-02-04,19:00:00
02/06/2024 09:50:00 PM,5.0,3,5,4,5,3,3,3,3,1,4,UNABLE TO DETERMINE,2,4,2.0,0.0,0.0,1.0,1.0,0.0,21,3,2,02/06/2024,2024-02-06,21:50:00
01/16/2024 05:45:00 PM,3.0,4,5,4,6,3,3,1,2,0,4,NOT APPLICABLE,2,2,0.0,0.0,0.0,0.0,0.0,3.0,17,3,1,01/16/2024,2024-01-16,17:45:00
05/03/2024 06:00:00 PM,5.0,3,2,3,4,3,3,1,2,1,4,UNABLE TO DETERMINE,2,2,0.0,0.0,0.0,0.0,0.0,2.0,18,6,5,05/03/2024,2024-05-03,18:00:00
03/01/2024 01:00:00 PM,5.0,3,2,6,3,3,3,3,3,1,4,TURNING RIGHT ON RED,2,3,1.0,0.0,0.0,0.0,1.0,1.0,13,6,3,03/01/2024,2024-03-01,13:00:00
07/02/2024 11:00:00 AM,7.0,5,2,5,5,3,4,3,3,1,4,IMPROPER LANE USAGE,2,2,0.0,0.0,0.0,0.0,0.0,2.0,11,3,7,07/02/2024,2024-07-02,11:00:00
08/03/2024 10:30:00 AM,1.0,3,2,11,6,3,1,1,2,1,4,UNABLE TO DETERMINE,2,2,0.0,0.0,0.0,0.0,0.0,1.0,10,7,8,08/03/2024,2024-08-03,10:30:00
04/19/2024 03:30:00 PM,5.0,3,2,6,5,3,3,3,2,1,4,FAILING TO YIELD RIGHT-OF-WAY,2,2,0.0,0.0,0.0,0.0,0.0,6.0,15,6,4,04/19/2024,2024-04-19,15:30:00
03/17/2024 04:10:00 AM,5.0,3,5,5,6,3,3,3,3,1,4,DISREGARDING TRAFFIC SIGNALS,2,3,1.0,0.0,0.0,0.0,1.0,1.0,4,1,3,03/17/2024,2024-03-17,04:10:00
02/27/2024 02:30:00 PM,1.0,3,2,3,6,3,1,1,2,0,4,UNABLE TO DETERMINE,2,2,0.0,0.0,0.0,0.0,0.0,2.0,14,3,2,02/27/2024,2024-02-27,14:30:00
06/17/2024 04:00:00 PM,5.0,3,2,6,5,3,3,3,2,1,4,IMPROPER LANE USAGE,2,2,0.0,0.0,0.0,0.0,0.0,2.0,16,2,6,06/17/2024,2024-06-17,16:00:00
05/04/2024 04:05:00 AM,7.0,3,5,5,5,3,3,3,3,1,4,DISREGARDING STOP SIGN,2,3,1.0,0.0,0.0,0.0,1.0,3.0,4,7,5,05/04/2024,2024-05-04,04:05:00
01/29/2024 07:29:00 AM,5.0,3,2,5,6,3,3,3,3,1,4,DISREGARDING TRAFFIC SIGNALS,2,2,0.0,0.0,0.0,0.0,0.0,2.0,7,2,1,01/29/2024,2024-01-29,07:29:00
07/01/2024 08:57:00 AM,5.0,3,2,5,6,3,3,3,3,1,4,DISREGARDING TRAFFIC SIGNALS,2,4,2.0,0.0,0.0,2.0,0.0,0.0,8,2,7,07/01/2024,2024-07-01,08:57:00
05/25/2024 08:55:00 PM,5.0,3,5,6,5,3,3,3,2,1,4,DRIVING SKILLS/KNOWLEDGE/EXPERIENCE,2,2,0.0,0.0,0.0,0.0,0.0,2.0,20,7,5,05/25/2024,2024-05-25,20:55:00
04/01/2024 07:20:00 PM,5.0,5,5,14,5,3,4,1,3,1,4,UNABLE TO DETERMINE,2,4,1.0,0.0,0.0,1.0,0.0,1.0,19,2,4,04/01/2024,2024-04-01,19:20:00
01/11/2024 09:20:00 AM,5.0,3,2,6,6,3,3,3,3,1,2,UNABLE TO DETERMINE,2,4,1.0,0.0,0.0,1.0,0.0,2.0,9,5,1,01/11/2024,2024-01-11,09:20:00
05/08/2024 09:44:00 PM,3.0,3,5,3,6,3,3,3,2,0,4,UNABLE TO DETERMINE,2,2,0.0,0.0,0.0,0.0,0.0,2.0,21,4,5,05/08/2024,2024-05-08,21:44:00
03/10/2024 03:50:00 AM,5.0,3,5,4,6,3,3,3,3,1,4,FAILING TO REDUCE SPEED TO AVOID CRASH,2,2,0.0,0.0,0.0,0.0,0.0,2.0,3,1,3,03/10/2024,2024-03-10,03:50:00
01/15/2024 03:27:00 PM,5.0,3,2,4,5,3,3,3,2,1,4,UNABLE TO DETERMINE,2,2,0.0,0.0,0.0,0.0,0.0,2.0,15,2,1,01/15/2024,2024-01-15,15:27:00
04/26/2024 06:01:00 PM,5.0,5,2,13,5,3,4,3,2,1,4,FAILING TO REDUCE SPEED TO AVOID CRASH,2,2,0.0,0.0,0.0,0.0,0.0,2.0,18,6,4,04/26/2024,2024-04-26,18:01:00
08/10/2024 05:30:00 PM,7.0,3,2,6,4,3,3,3,2,1,4,UNABLE TO DETERMINE,2,2,0.0,0.0,0.0,0.0,0.0,2.0,17,7,8,08/10/2024,2024-08-10,17:30:00
07/18/2024 06:25:00 PM,7.0,3,2,5,4,3,3,3,2,1,4,DISREGARDING STOP SIGN,2,2,0.0,0.0,0.0,0.0,0.0,2.0,18,5,7,07/18/2024,2024-07-18,18:25:00
05/06/2024 06:20:00 PM,5.0,3,2,3,6,3,3,3,2,1,3,FOLLOWING TOO CLOSELY,2,2,0.0,0.0,0.0,0.0,0.0,2.0,18,2,5,05/06/2024,2024-05-06,18:20:00
05/06/2024 02:52:00 AM,5.0,3,5,5,4,3,3,3,3,1,4,DISREGARDING TRAFFIC SIGNALS,2,4,2.0,0.0,0.0,2.0,0.0,1.0,2,2,5,05/06/2024,2024-05-06,02:52:00
04/04/2024 12:30:00 PM,5.0,3,2,11,10,3,3,3,2,1,2,NOT APPLICABLE,2,2,0.0,0.0,0.0,0.0,0.0,2.0,12,5,4,04/04/2024,2024-04-04,12:30:00
04/26/2024 03:15:00 PM,5.0,5,2,3,5,3,4,1,2,1,4,UNABLE TO DETERMINE,2,2,0.0,0.0,0.0,0.0,0.0,5.0,15,6,4,04/26/2024,2024-04-26,15:15:00
08/10/2024 07:14:00 PM,5.0,3,2,4,5,3,3,3,2,1,2,FOLLOWING TOO CLOSELY,2,2,0.0,0.0,0.0,0.0,0.0,3.0,19,7,8,08/10/2024,2024-08-10,19:14:00
06/28/2024 12:05:00 AM,7.0,3,5,5,5,3,3,3,3,1,4,FAILING TO YIELD RIGHT-OF-WAY,2,3,2.0,0.0,0.0,0.0,2.0,1.0,0,6,6,06/28/2024,2024-06-28,00:05:00
07/17/2024 06:45:00 PM,7.0,3,2,6,5,3,3,3,3,1,4,UNABLE TO DETERMINE,2,2,0.0,0.0,0.0,0.0,0.0,2.0,18,4,7,07/17/2024,2024-07-17,18:45:00
05/05/2024 12:37:00 AM,5.0,3,6,6,2,3,3,1,2,1,3,DISREGARDING TRAFFIC SIGNALS,2,2,0.0,0.0,0.0,0.0,0.0,3.0,0,1,5,05/05/2024,2024-05-05,00:37:00
05/27/2024 11:32:00 PM,5.0,3,5,5,5,3,3,1,3,1,4,DISREGARDING TRAFFIC SIGNALS,2,4,1.0,0.0,0.0,1.0,0.0,4.0,23,2,5,05/27/2024,2024-05-27,23:32:00
06/10/2024 07:15:00 AM,5.0,3,2,4,5,3,3,3,2,1,3,UNABLE TO DETERMINE,2,2,0.0,0.0,0.0,0.0,0.0,2.0,7,2,6,06/10/2024,2024-06-10,07:15:00
06/18/2024 10:02:00 AM,3.0,3,2,3,4,3,3,3,2,1,4,FAILING TO YIELD RIGHT-OF-WAY,2,2,0.0,0.0,0.0,0.0,0.0,2.0,10,3,6,06/18/2024,2024-06-18,10:02:00
05/16/2024 12:45:00 PM,7.0,3,2,5,5,3,3,3,3,1,4,DISREGARDING STOP SIGN,2,2,0.0,0.0,0.0,0.0,0.0,2.0,12,5,5,05/16/2024,2024-05-16,12:45:00
02/13/2024 08:30:00 AM,5.0,3,2,6,5,3,3,3,3,1,3,UNABLE TO DETERMINE,2,2,0.0,0.0,0.0,0.0,0.0,2.0,8,3,2,02/13/2024,2024-02-13,08:30:00
07/25/2024 05:45:00 PM,7.0,3,2,6,7,3,1,1,2,1,4,IMPROPER TURNING/NO SIGNAL,2,2,0.0,0.0,0.0,0.0,0.0,2.0,17,5,7,07/25/2024,2024-07-25,17:45:00
04/22/2024 05:15:00 PM,3.0,3,2,6,5,3,3,3,3,1,4,IMPROPER TURNING/NO SIGNAL,2,4,1.0,0.0,0.0,1.0,0.0,1.0,17,2,4,04/22/2024,2024-04-22,17:15:00
03/21/2024 10:12:00 PM,3.0,3,5,6,6,3,3,3,3,1,4,UNABLE TO DETERMINE,2,4,1.0,0.0,0.0,1.0,0.0,1.0,22,5,3,03/21/2024,2024-03-21,22:12:00
02/03/2024 10:55:00 AM,3.0,3,2,5,5,3,3,3,2,1,3,FAILING TO YIELD RIGHT-OF-WAY,2,2,0.0,0.0,0.0,0.0,0.0,2.0,10,7,2,02/03/2024,2024-02-03,10:55:00
02/13/2024 09:30:00 PM,5.0,3,5,6,6,3,3,3,3,1,3,FAILING TO YIELD RIGHT-OF-WAY,2,2,0.0,0.0,0.0,0.0,0.0,2.0,21,3,2,02/13/2024,2024-02-13,21:30:00
06/28/2024 06:50:00 PM,7.0,3,2,6,14,3,1,1,3,1,4,FAILING TO YIELD RIGHT-OF-WAY,2,3,1.0,0.0,0.0,0.0,1.0,1.0,18,6,6,06/28/2024,2024-06-28,18:50:00
07/09/2024 05:17:00 PM,7.0,5,4,3,6,3,4,3,2,1,4,IMPROPER OVERTAKING/PASSING,2,2,0.0,0.0,0.0,0.0,0.0,3.0,17,3,7,07/09/2024,2024-07-09,17:17:00
08/09/2024 08:15:00 PM,5.0,3,4,3,6,3,3,3,2,1,3,IMPROPER LANE USAGE,2,2,0.0,0.0,0.0,0.0,0.0,2.0,20,6,8,08/09/2024,2024-08-09,20:15:00
02/23/2024 12:30:00 PM,7.0,3,2,11,7,3,3,3,2,1,4,FAILING TO REDUCE SPEED TO AVOID CRASH,2,2,0.0,0.0,0.0,0.0,0.0,1.0,12,6,2,02/23/2024,2024-02-23,12:30:00
08/09/2024 11:00:00 PM,2.0,3,5,13,18,3,3,3,3,1,4,"OPERATING VEHICLE IN ERRATIC, RECKLESS, CARELESS, NEGLIGENT OR AGGRESSIVE MANNER",2,4,1.0,0.0,0.0,1.0,0.0,1.0,23,6,8,08/09/2024,2024-08-09,23:00:00
06/22/2024 12:00:00 PM,5.0,3,2,4,4,3,3,3,2,1,3,FOLLOWING TOO CLOSELY,2,2,0.0,0.0,0.0,0.0,0.0,3.0,12,7,6,06/22/2024,2024-06-22,12:00:00
07/20/2024 01:19:00 AM,5.0,3,5,4,6,3,3,3,2,1,4,FOLLOWING TOO CLOSELY,2,2,0.0,0.0,0.0,0.0,0.0,2.0,1,7,7,07/20/2024,2024-07-20,01:19:00
07/13/2024 06:11:00 AM,7.0,3,2,13,5,3,3,3,3,1,4,UNABLE TO DETERMINE,2,6,1.0,1.0,0.0,0.0,0.0,1.0,6,7,7,07/13/2024,2024-07-13,06:11:00
01/29/2024 11:30:00 AM,5.0,3,2,6,4,3,3,3,2,1,3,FAILING TO YIELD RIGHT-OF-WAY,2,2,0.0,0.0,0.0,0.0,0.0,2.0,11,2,1,01/29/2024,2024-01-29,11:30:00
02/23/2024 08:45:00 PM,1.0,3,5,6,5,3,1,1,2,1,4,DRIVING ON WRONG SIDE/WRONG WAY,2,2,0.0,0.0,0.0,0.0,0.0,2.0,20,6,2,02/23/2024,2024-02-23,20:45:00
07/03/2024 12:40:00 PM,7.0,3,2,6,2,4,1,1,2,1,4,FAILING TO YIELD RIGHT-OF-WAY,2,2,0.0,0.0,0.0,0.0,0.0,4.0,12,4,7,07/03/2024,2024-07-03,12:40:00
06/23/2024 01:30:00 AM,5.0,5,5,5,5,3,4,3,3,1,4,DISREGARDING TRAFFIC SIGNALS,2,2,0.0,0.0,0.0,0.0,0.0,4.0,1,1,6,06/23/2024,2024-06-23,01:30:00
04/28/2024 02:06:00 AM,5.0,5,5,13,5,3,4,1,3,1,4,DISREGARDING TRAFFIC SIGNALS,2,4,1.0,0.0,0.0,1.0,0.0,3.0,2,1,4,04/28/2024,2024-04-28,02:06:00
05/25/2024 05:45:00 PM,1.0,3,2,3,5,3,1,1,2,0,3,NOT APPLICABLE,2,2,0.0,0.0,0.0,0.0,0.0,3.0,17,7,5,05/25/2024,2024-05-25,17:45:00
04/02/2024 10:32:00 AM,5.0,5,2,6,5,3,4,1,2,1,4,IMPROPER OVERTAKING/PASSING,2,2,0.0,0.0,0.0,0.0,0.0,2.0,10,3,4,04/02/2024,2024-04-02,10:32:00
08/11/2024 06:00:00 PM,7.0,3,2,5,5,3,3,3,3,1,4,FAILING TO YIELD RIGHT-OF-WAY,2,2,0.0,0.0,0.0,0.0,0.0,2.0,18,1,8,08/11/2024,2024-08-11,18:00:00
06/14/2024 02:05:00 PM,7.0,3,2,5,5,3,1,1,2,1,3,UNABLE TO DETERMINE,2,2,0.0,0.0,0.0,0.0,0.0,2.0,14,6,6,06/14/2024,2024-06-14,14:05:00
05/15/2024 09:05:00 PM,5.0,3,5,5,6,3,3,3,3,1,4,DISREGARDING TRAFFIC SIGNALS,2,3,1.0,0.0,0.0,0.0,1.0,1.0,21,4,5,05/15/2024,2024-05-15,21:05:00
01/09/2024 08:50:00 AM,7.0,7,2,3,7,3,5,3,2,1,4,IMPROPER OVERTAKING/PASSING,2,2,0.0,0.0,0.0,0.0,0.0,2.0,8,3,1,01/09/2024,2024-01-09,08:50:00
07/02/2024 11:30:00 PM,5.0,3,5,14,5,3,3,3,2,1,2,UNABLE TO DETERMINE,2,2,0.0,0.0,0.0,0.0,0.0,2.0,23,3,7,07/02/2024,2024-07-02,23:30:00
04/02/2024 02:10:00 PM,3.0,5,4,3,7,3,4,3,2,1,2,IMPROPER OVERTAKING/PASSING,2,2,0.0,0.0,0.0,0.0,0.0,2.0,14,3,4,04/02/2024,2024-04-02,14:10:00
05/23/2024 07:56:00 PM,3.0,3,6,3,6,3,3,3,2,1,4,UNABLE TO DETERMINE,2,2,0.0,0.0,0.0,0.0,0.0,3.0,19,5,5,05/23/2024,2024-05-23,19:56:00
04/24/2024 04:30:00 PM,5.0,3,2,4,5,3,3,3,2,1,4,FOLLOWING TOO CLOSELY,2,2,0.0,0.0,0.0,0.0,0.0,2.0,16,4,4,04/24/2024,2024-04-24,16:30:00
05/01/2024 07:27:00 AM,7.0,3,2,5,5,3,3,3,3,1,4,"VISION OBSCURED (SIGNS, TREE LIMBS, BUILDINGS, ETC.)",2,4,1.0,0.0,0.0,1.0,0.0,1.0,7,4,5,05/01/2024,2024-05-01,07:27:00
07/13/2024 10:50:00 AM,5.0,3,2,6,4,3,3,3,2,1,4,DISREGARDING TRAFFIC SIGNALS,2,2,0.0,0.0,0.0,0.0,0.0,2.0,10,7,7,07/13/2024,2024-07-13,10:50:00
05/08/2024 08:10:00 AM,7.0,3,2,5,6,3,3,1,2,0,4,FAILING TO YIELD RIGHT-OF-WAY,2,2,0.0,0.0,0.0,0.0,0.0,2.0,8,4,5,05/08/2024,2024-05-08,08:10:00
01/22/2024 06:45:00 AM,5.0,6,3,3,5,3,4,3,2,1,3,UNABLE TO DETERMINE,2,2,0.0,0.0,0.0,0.0,0.0,3.0,6,2,1,01/22/2024,2024-01-22,06:45:00
04/11/2024 09:14:00 PM,5.0,3,2,4,6,3,1,1,2,1,4,FOLLOWING TOO CLOSELY,2,2,0.0,0.0,0.0,0.0,0.0,2.0,21,5,4,04/11/2024,2024-04-11,21:14:00
06/03/2024 04:47:00 PM,7.0,3,2,5,5,3,3,3,3,1,3,FAILING TO YIELD RIGHT-OF-WAY,2,4,2.0,0.0,0.0,1.0,1.0,0.0,16,2,6,06/03/2024,2024-06-03,16:47:00
05/25/2024 11:45:00 AM,7.0,3,2,5,5,3,3,3,3,1,4,FAILING TO YIELD RIGHT-OF-WAY,2,4,2.0,0.0,0.0,2.0,0.0,0.0,11,7,5,05/25/2024,2024-05-25,11:45:00
01/14/2024 04:16:00 PM,5.0,3,2,6,6,3,2,3,3,1,3,UNABLE TO DETERMINE,2,2,0.0,0.0,0.0,0.0,0.0,2.0,16,1,1,01/14/2024,2024-01-14,16:16:00