crash_date,traffic_control_device,weather_condition,lighting_condition,first_crash_type,trafficway_type,alignment,roadway_surface_cond,road_defect,crash_type,intersection_related_i,damage,prim_contributory_cause,num_units,most_severe_injury,injuries_total,injuries_fatal,injuries_incapacitating,injuries_non_incapacitating,injuries_reported_not_evident,injuries_no_indication,crash_hour,crash_day_of_week,crash_month,parsed_datetime,date,time
01/12/2024 11:22:00 AM,5.0,6,2,4,5,3,5,3,2,1,4,UNABLE TO DETERMINE,2,2,0.0,0.0,0.0,0.0,0.0,2.0,11,6,1,01/12/2024,2024-01-12,11:22:00
02/04/2024 12:26:00 PM,5.0,3,2,13,6,3,3,3,3,1,2,FAILING TO YIELD RIGHT-OF-WAY,2,4,1.0,0.0,0.0,1.0,0.0,1.0,12,1,2,02/04/2024,2024-02-04,12:26:00
01/09/2024 07:05:00 AM,7.0,5,2,5,6,3,4,1,2,1,4,UNABLE TO DETERMINE,2,2,0.0,0.0,0.0,0.0,0.0,2.0,7,3,1,01/09/2024,2024-01-09,07:05:00
03/08/2024 02:40:00 PM,5.0,5,2,6,5,3,4,3,3,1,4,UNABLE TO DETERMINE,2,2,0.0,0.0,0.0,0.0,0.0,2.0,14,6,3,03/08/2024,2024-03-08,14:40:00
08/08/2024 10:44:00 AM,7.0,3,2,5,5,3,3,3,2,1,4,FAILING TO YIELD RIGHT-OF-WAY,2,2,0.0,0.0,0.0,0.0,0.0,3.0,10,5,8,08/08/2024,2024-08-08,10:44:00
06/23/2024 10:40:00 PM,5.0,3,5,4,5,3,3,3,3,1,4,UNABLE TO DETERMINE,2,3,2.0,0.0,0.0,0.0,2.0,2.0,22,1,6,06/23/2024,2024-06-23,22:40:00
04/17/2024 02:50:00 PM,7.0,3,2,5,6,3,1,1,3,1,4,DRIVING SKILLS/KNOWLEDGE/EXPERIENCE,2,2,0.0,0.0,0.0,0.0,0.0,3.0,14,4,4,04/17/2024,2024-04-17,14:50:00
07/01/2024 02:29:00 PM,3.0,3,2,6,5,3,3,3,3,1,4,IMPROPER TURNING/NO SIGNAL,2,4,2.0,0.0,0.0,2.0,0.0,1.0,14,2,7,07/01/2024,2024-07-01,14:29:00
04/02/2024 04:15:00 AM,5.0,4,5,5,5,3,4,3,2,1,4,DISREGARDING TRAFFIC SIGNALS,2,2,0.0,0.0,0.0,0.0,0.0,2.0,4,3,4,04/02/2024,2024-04-02,04:15:00
05/06/2024 01:10:00 PM,5.0,3,2,6,5,3,1,1,3,1,4,UNABLE TO DETERMINE,2,2,0.0,0.0,0.0,0.0,0.0,2.0,13,2,5,05/06/2024,2024-05-06,13:10:00
02/25/2024 07:33:00 PM,7.0,3,5,5,13,3,3,3,3,1,4,FAILING TO YIELD RIGHT-OF-WAY,2,2,0.0,0.0,0.0,0.0,0.0,3.0,19,1,2,02/25/2024,2024-02-25,19:33:00
01/07/2024 04:41:00 PM,3.0,3,5,6,7,3,3,3,2,1,3,IMPROPER TURNING/NO SIGNAL,2,2,0.0,0.0,0.0,0.0,0.0,3.0,16,1,1,01/07/2024,2024-01-07,16:41:00
05/30/2024 11:57:00 AM,5.0,3,2,4,6,3,3,3,3,1,4,FAILING TO YIELD RIGHT-OF-WAY,2,4,1.0,0.0,0.0,1.0,0.0,1.0,11,5,5,05/30/2024,2024-05-30,11:57:00
03/31/2024 07:00:00 PM,7.0,5,4,6,5,3,4,1,2,1,4,UNABLE TO DETERMINE,2,2,0.0,0.0,0.0,0.0,0.0,2.0,19,1,3,03/31/2024,2024-03-31,19:00:00
04/27/2024 02:30:00 PM,5.0,3,2,6,5,3,3,3,2,1,3,IMPROPER TURNING/NO SIGNAL,2,2,0.0,0.0,0.0,0.0,0.0,2.0,14,7,4,04/27/2024,2024-04-27,14:30:00
04/28/2024 01:54:00 PM,5.0,3,2,6,6,3,3,3,2,1,4,FAILING TO YIELD RIGHT-OF-WAY,2,2,0.0,0.0,0.0,0.0,0.0,2.0,13,1,4,04/28/2024,2024-04-28,13:54:00
03/25/2024 04:30:00 PM,5.0,3,2,3,3,3,1,1,2,1,2,DRIVING SKILLS/KNOWLEDGE/EXPERIENCE,2,2,0.0,0.0,0.0,0.0,0.0,3.0,16,2,3,03/25/2024,2024-03-25,16:30:00
01/21/2024 02:45:00 PM,7.0,3,2,5,5,3,3,3,2,1,4,FOLLOWING TOO CLOSELY,2,2,0.0,0.0,0.0,0.0,0.0,2.0,14,1,1,01/21/2024,2024-01-21,14:45:00
05/25/2024 06:20:00 AM,5.0,3,2,4,5,3,1,1,2,1,4,NOT APPLICABLE,2,2,0.0,0.0,0.0,0.0,0.0,2.0,6,7,5,05/25/2024,2024-05-25,06:20:00
01/27/2024 01:03:00 PM,3.0,3,2,3,6,3,3,3,2,0,4,FOLLOWING TOO CLOSELY,2,2,0.0,0.0,0.0,0.0,0.0,3.0,13,7,1,01/27/2024,2024-01-27,13:03:00
04/14/2024 12:02:00 PM,7.0,3,2,6,5,4,1,1,3,1,4,FAILING TO YIELD RIGHT-OF-WAY,2,2,0.0,0.0,0.0,0.0,0.0,4.0,12,1,4,04/14/2024,2024-04-14,12:02:00
07/27/2024 04:11:00 AM,7.0,3,5,5,5,3,3,1,3,1,4,DISREGARDING STOP SIGN,2,3,1.0,0.0,0.0,0.0,1.0,1.0,4,7,7,07/27/2024,2024-07-27,04:11:00
07/28/2024 04:45:00 PM,5.0,3,4,4,3,3,1,1,2,1,4,IMPROPER BACKING,2,2,0.0,0.0,0.0,0.0,0.0,2.0,16,1,7,07/28/2024,2024-07-28,16:45:00
03/02/2024 12:00:00 PM,5.0,3,2,4,5,3,3,1,2,1,4,FOLLOWING TOO CLOSELY,2,2,0.0,0.0,0.0,0.0,0.0,3.0,12,7,3,03/02/2024,2024-03-02,12:00:00
02/12/2024 04:25:00 PM,7.0,3,2,5,5,3,3,3,3,1,4,FOLLOWING TOO CLOSELY,2,2,0.0,0.0,0.0,0.0,0.0,2.0,16,2,2,02/12/2024,2024-02-12,16:25:00
05/25/2024 07:55:00 PM,5.0,3,2,6,6,3,3,3,3,1,4,DISREGARDING TRAFFIC SIGNALS,2,2,0.0,0.0,0.0,0.0,0.0,3.0,19,7,5,05/25/2024,2024-05-25,19:55:00
06/17/2024 02:00:00 AM,5.0,3,2,4,5,3,1,1,3,1,4,FOLLOWING TOO CLOSELY,2,3,1.0,0.0,0.0,0.0,1.0,1.0,2,2,6,06/17/2024,2024-06-17,02:00:00
06/13/2024 02:00:00 PM,7.0,3,2,13,6,3,3,3,3,1,2,UNABLE TO DETERMINE,2,3,1.0,0.0,0.0,0.0,1.0,1.0,14,5,6,06/13/2024,2024-06-13,14:00:00
03/18/2024 12:30:00 PM,5.0,3,2,6,10,3,3,1,2,1,4,UNABLE TO DETERMINE,2,2,0.0,0.0,0.0,0.0,0.0,2.0,12,2,3,03/18/2024,2024-03-18,12:30:00
07/17/2024 06:54:00 PM,7.0,3,2,4,5,3,3,3,2,1,4,FAILING TO REDUCE SPEED TO AVOID CRASH,2,2,0.0,0.0,0.0,0.0,0.0,2.0,18,4,7,07/17/2024,2024-07-17,18:54:00
05/02/2024 04:08:00 PM,5.0,3,2,4,6,3,3,3,2,1,4,UNABLE TO DETERMINE,2,2,0.0,0.0,0.0,0.0,0.0,2.0,16,5,5,05/02/2024,2024-05-02,16:08:00
02/20/2024 03:35:00 PM,5.0,3,2,6,9,3,1,1,2,1,2,UNABLE TO DETERMINE,2,2,0.0,0.0,0.0,0.0,0.0,2.0,15,3,2,02/20/2024,2024-02-20,15:35:00
03/28/2024 08:55:00 AM,5.0,3,2,3,10,3,3,1,2,1,4,IMPROPER LANE USAGE,2,2,0.0,0.0,0.0,0.0,0.0,2.0,8,5,3,03/28/2024,2024-03-28,08:55:00
07/20/2024 10:22:00 PM,7.0,3,5,5,5,3,3,3,2,1,3,FAILING TO YIELD RIGHT-OF-WAY,2,2,0.0,0.0,0.0,0.0,0.0,2.0,22,7,7,07/20/2024,2024-07-20,22:22:00
08/13/2024 12:22:00 AM,5.0,3,4,5,5,3,3,3,3,1,4,DISREGARDING TRAFFIC SIGNALS,2,2,0.0,0.0,0.0,0.0,0.0,2.0,0,3,8,08/13/2024,2024-08-13,00:22:00
07/13/2024 02:45:00 AM,5.0,3,5,6,6,3,3,3,3,1,4,IMPROPER TURNING/NO SIGNAL,2,2,0.0,0.0,0.0,0.0,0.0,2.0,2,7,7,07/13/2024,2024-07-13,02:45:00
01/21/2024 08:30:00 PM,5.0,3,5,6,6,3,3,3,2,1,3,IMPROPER TURNING/NO SIGNAL,2,2,0.0,0.0,0.0,0.0,0.0,2.0,20,1,1,01/21/2024,2024-01-21,20:30:00
01/30/2024 05:30:00 PM,7.0,3,5,5,5,3,3,3,2,1,4,"OPERATING VEHICLE IN ERRATIC, RECKLESS, CARELESS, NEGLIGENT OR AGGRESSIVE MANNER",2,2,0.0,0.0,0.0,0.0,0.0,2.0,17,3,1,01/30/2024,2024-01-30,17:30:00
04/18/2024 07:13:00 AM,3.0,3,2,10,6,3,3,3,2,1,4,DRIVING SKILLS/KNOWLEDGE/EXPERIENCE,2,2,0.0,0.0,0.0,0.0,0.0,2.0,7,5,4,04/18/2024,2024-04-18,07:13:00
06/06/2024 02:40:00 PM,5.0,3,2,6,14,3,3,1,2,1,4,FAILING TO YIELD RIGHT-OF-WAY,2,2,0.0,0.0,0.0,0.0,0.0,3.0,14,5,6,06/06/2024,2024-06-06,14:40:00
06/03/2024 08:00:00 PM,5.0,3,4,4,5,3,3,3,2,1,4,UNABLE TO DETERMINE,2,2,0.0,0.0,0.0,0.0,0.0,2.0,20,2,6,06/03/2024,2024-06-03,20:00:00
05/28/2024 04:40:00 PM,5.0,5,2,4,4,3,4,3,2,1,4,FOLLOWING TOO CLOSELY,2,2,0.0,0.0,0.0,0.0,0.0,2.0,16,3,5,05/28/2024,2024-05-28,16:40:00
08/13/2024 10:20:00 PM,5.0,3,5,6,5,3,3,1,2,1,4,UNABLE TO DETERMINE,2,2,0.0,0.0,0.0,0.0,0.0,2.0,22,3,8,08/13/2024,2024-08-13,22:20:00
02/25/2024 10:30:00 AM,5.0,3,5,4,5,3,3,3,3,1,4,FOLLOWING TOO CLOSELY,2,2,0.0,0.0,0.0,0.0,0.0,3.0,10,1,2,02/25/2024,2024-02-25,10:30:00
06/08/2024 03:30:00 PM,5.0,3,2,14,6,3,1,1,2,1,2,FAILING TO YIELD RIGHT-OF-WAY,2,2,0.0,0.0,0.0,0.0,0.0,2.0,15,7,6,06/08/2024,2024-06-08,15:30:00
02/04/2024 04:30:00 PM,5.0,3,2,4,4,3,3,3,2,1,2,UNABLE TO DETERMINE,2,2,0.0,0.0,0.0,0.0,0.0,3.0,16,1,2,02/04/2024,2024-02-04,16:30:00
01/09/2024 02:40:00 PM,,6,2,4,6,3,5,3,2,1,4,WEATHER,2,2,0.0,0.0,0.0,0.0,0.0,2.0,14,3,1,01/09/2024,2024-01-09,14:40:00
01/10/2024 12:20:00 PM,5.0,3,2,6,5,3,3,3,2,1,3,IMPROPER TURNING/NO SIGNAL,2,2,0.0,0.0,0.0,0.0,0.0,2.0,12,4,1,01/10/2024,2024-01-10,12:20:00
02/28/2024 09:15:00 AM,5.0,4,2,5,6,3,4,3,2,1,4,UNABLE TO DETERMINE,2,2,0.0,0.0,0.0,0.0,0.0,2.0,9,4,2,02/28/2024,2024-02-28,09:15:00
05/28/2024 04:00:00 PM,3.0,3,2,4,6,3,4,1,3,1,3,UNABLE TO DETERMINE,2,4,1.0,0.0,0.0,1.0,0.0,1.0,16,3,5,05/28/2024,2024-05-28,16:00:00
07/10/2024 02:52:00 PM,7.0,3,2,6,4,3,3,3,3,1,4,DISREGARDING STOP SIGN,2,2,0.0,0.0,0.0,0.0,0.0,2.0,14,4,7,07/10/2024,2024-07-10,14:52:00
07/26/2024 03:45:00 PM,3.0,3,2,13,6,3,3,1,3,1,4,UNABLE TO DETERMINE,2,4,1.0,0.0,0.0,1.0,0.0,1.0,15,6,7,07/26/2024,2024-07-26,15:45:00
03/06/2024 08:02:00 AM,7.0,4,2,13,14,3,1,1,3,1,4,FAILING TO REDUCE SPEED TO AVOID CRASH,2,3,1.0,0.0,0.0,0.0,1.0,1.0,8,4,3,03/06/2024,2024-03-06,08:02:00
04/02/2024 07:40:00 AM,5.0,5,2,5,5,3,4,3,2,1,4,DISREGARDING TRAFFIC SIGNALS,2,2,0.0,0.0,0.0,0.0,0.0,3.0,7,3,4,04/02/2024,2024-04-02,07:40:00
06/26/2024 08:50:00 PM,5.0,3,2,5,6,3,3,3,2,1,4,DISREGARDING TRAFFIC SIGNALS,2,2,0.0,0.0,0.0,0.0,0.0,2.0,20,4,6,06/26/2024,2024-06-26,20:50:00
02/24/2024 01:45:00 AM,7.0,3,5,4,5,3,1,1,2,1,4,UNABLE TO DETERMINE,2,2,0.0,0.0,0.0,0.0,0.0,3.0,1,7,2,02/24/2024,2024-02-24,01:45:00
08/10/2024 06:19:00 PM,7.0,3,2,14,6,3,3,1,3,1,2,IMPROPER TURNING/NO SIGNAL,2,5,1.0,0.0,1.0,0.0,0.0,1.0,18,7,8,08/10/2024,2024-08-10,18:19:00
01/10/2024 09:30:00 AM,3.0,4,2,11,10,3,3,3,2,1,2,UNABLE TO DETERMINE,2,2,0.0,0.0,0.0,0.0,0.0,3.0,9,4,1,01/10/2024,2024-01-10,09:30:00
07/28/2024 09:20:00 PM,7.0,3,2,9,6,3,1,1,2,1,3,UNABLE TO DETERMINE,2,2,0.0,0.0,0.0,0.0,0.0,3.0,21,1,7,07/28/2024,2024-07-28,21:20:00
06/22/2024 09:08:00 AM,3.0,3,2,3,6,6,3,3,2,1,3,UNABLE TO DETERMINE,2,2,0.0,0.0,0.0,0.0,0.0,3.0,9,7,6,06/22/2024,2024-06-22,09:08:00
01/27/2024 08:10:00 PM,7.0,5,5,5,6,3,4,3,2,1,4,UNABLE TO DETERMINE,2,2,0.0,0.0,0.0,0.0,0.0,2.0,20,7,1,01/27/2024,2024-01-27,20:10:00
02/02/2024 01:07:00 PM,5.0,3,2,4,4,3,3,3,2,1,3,IMPROPER OVERTAKING/PASSING,2,2,0.0,0.0,0.0,0.0,0.0,2.0,13,6,2,02/02/2024,2024-02-02,13:07:00
06/21/2024 05:00:00 PM,5.0,3,2,6,7,3,3,3,2,1,4,UNABLE TO DETERMINE,2,2,0.0,0.0,0.0,0.0,0.0,7.0,17,6,6,06/21/2024,2024-06-21,17:00:00
04/06/2024 09:05:00 PM,7.0,3,6,6,4,3,3,3,2,1,4,FAILING TO YIELD RIGHT-OF-WAY,2,2,0.0,0.0,0.0,0.0,0.0,4.0,21,7,4,04/06/2024,2024-04-06,21:05:00
04/22/2024 07:25:00 AM,3.0,3,2,11,6,3,3,3,2,1,2,FOLLOWING TOO CLOSELY,2,2,0.0,0.0,0.0,0.0,0.0,1.0,7,2,4,04/22/2024,2024-04-22,07:25:00
05/15/2024 10:22:00 AM,7.0,3,2,13,5,3,3,3,3,1,2,FAILING TO YIELD RIGHT-OF-WAY,2,5,1.0,0.0,1.0,0.0,0.0,1.0,10,4,5,05/15/2024,2024-05-15,10:22:00
07/10/2024 04:00:00 PM,5.0,3,2,6,5,3,3,1,2,1,4,UNABLE TO DETERMINE,2,2,0.0,0.0,0.0,0.0,0.0,3.0,16,4,7,07/10/2024,2024-07-10,16:00:00
02/29/2024 04:23:00 PM,7.0,3,3,5,5,3,3,3,3,1,4,FAILING TO YIELD RIGHT-OF-WAY,2,2,0.0,0.0,0.0,0.0,0.0,2.0,16,5,2,02/29/2024,2024-02-29,16:23:00
01/02/2024 07:38:00 AM,5.0,3,2,3,5,3,3,3,3,1,4,"OPERATING VEHICLE IN ERRATIC, RECKLESS, CARELESS, NEGLIGENT OR AGGRESSIVE MANNER",2,4,1.0,0.0,0.0,1.0,0.0,6.0,7,3,1,01/02/2024,2024-01-02,07:38:00
01/23/2024 10:03:00 AM,7.0,5,2,5,5,3,6,1,3,1,4,UNABLE TO DETERMINE,2,5,2.0,0.0,1.0,1.0,0.0,0.0,10,3,1,01/23/2024,2024-01-23,10:03:00
01/26/2024 11:48:00 PM,5.0,3,5,4,1,3,1,1,3,1,4,FOLLOWING TOO CLOSELY,2,4,1.0,0.0,0.0,1.0,0.0,1.0,23,6,1,01/26/2024,2024-01-26,23:48:00
08/07/2024 05:10:00 AM,5.0,3,3,4,5,3,3,3,2,1,2,FAILING TO REDUCE SPEED TO AVOID CRASH,2,2,0.0,0.0,0.0,0.0,0.0,2.0,5,4,8,08/07/2024,2024-08-07,05:10:00
02/25/2024 07:13:00 PM,7.0,3,5,5,4,3,3,3,3,1,4,FAILING TO YIELD RIGHT-OF-WAY,2,3,2.0,0.0,0.0,0.0,2.0,0.0,19,1,2,02/25/2024,2024-02-25,19:13:00
07/05/2024 09:35:00 AM,1.0,3,2,4,5,3,3,1,2,1,4,FOLLOWING TOO CLOSELY,2,2,0.0,0.0,0.0,0.0,0.0,2.0,9,6,7,07/05/2024,2024-07-05,09:35:00
06/10/2024 05:35:00 PM,5.0,3,2,5,5,3,3,1,3,1,4,UNABLE TO DETERMINE,2,2,0.0,0.0,0.0,0.0,0.0,2.0,17,2,6,06/10/2024,2024-06-10,17:35:00
05/08/2024 08:20:00 AM,7.0,3,2,10,6,3,3,3,2,1,4,IMPROPER TURNING/NO SIGNAL,2,2,0.0,0.0,0.0,0.0,0.0,2.0,8,4,5,05/08/2024,2024-05-08,08:20:00
03/02/2024 12:45:00 AM,5.0,3,5,6,5,3,3,3,3,1,4,DISREGARDING TRAFFIC SIGNALS,2,3,1.0,0.0,0.0,0.0,1.0,1.0,0,7,3,03/02/2024,2024-03-02,00:45:00
06/27/2024 09:40:00 AM,5.0,3,2,14,4,3,1,1,2,1,4,FAILING TO YIELD RIGHT-OF-WAY,2,2,0.0,0.0,0.0,0.0,0.0,2.0,9,5,6,06/27/2024,2024-06-27,09:40:00
04/30/2024 07:52:00 AM,5.0,3,2,6,5,3,3,3,2,1,2,UNABLE TO DETERMINE,2,2,0.0,0.0,0.0,0.0,0.0,2.0,7,3,4,04/30/2024,2024-04-30,07:52:00
07/13/2024 12:43:00 PM,5.0,3,2,4,4,3,3,1,2,1,4,FAILING TO REDUCE SPEED TO AVOID CRASH,2,2,0.0,0.0,0.0,0.0,0.0,2.0,12,7,7,07/13/2024,2024-07-13,12:43:00
04/30/2024 07:10:00 PM,5.0,3,2,6,5,3,3,3,3,1,4,FAILING TO YIELD RIGHT-OF-WAY,2,2,0.0,0.0,0.0,0.0,0.0,2.0,19,3,4,04/30/2024,2024-04-30,19:10:00
08/02/2024 11:15:00 AM,7.0,3,2,5,3,4,3,3,2,1,4,"VISION OBSCURED (SIGNS, TREE LIMBS, BUILDINGS, ETC.)",2,2,0.0,0.0,0.0,0.0,0.0,3.0,11,6,8,08/02/2024,2024-08-02,11:15:00
08/05/2024 08:00:00 PM,5.0,3,4,5,5,3,3,3,2,1,4,FAILING TO YIELD RIGHT-OF-WAY,2,2,0.0,0.0,0.0,0.0,0.0,2.0,20,2,8,08/05/2024,2024-08-05,20:00:00
06/06/2024 02:00:00 PM,7.0,3,2,5,5,3,3,3,2,1,4,DISREGARDING STOP SIGN,2,2,0.0,0.0,0.0,0.0,0.0,2.0,14,5,6,06/06/2024,2024-06-06,14:00:00
05/29/2024 08:13:00 PM,5.0,3,6,5,5,3,3,3,2,1,4,UNABLE TO DETERMINE,2,2,0.0,0.0,0.0,0.0,0.0,4.0,20,4,5,05/29/2024,2024-05-29,20:13:00
02/07/2024 06:02:00 PM,3.0,3,6,13,4,3,3,3,3,0,2,FAILING TO YIELD RIGHT-OF-WAY,2,4,1.0,0.0,0.0,1.0,0.0,1.0,18,4,2,02/07/2024,2024-02-07,18:02:00
04/03/2024 09:38:00 AM,1.0,8,2,5,6,3,1,1,3,1,3,UNABLE TO DETERMINE,2,2,0.0,0.0,0.0,0.0,0.0,2.0,9,4,4,04/03/2024,2024-04-03,09:38:00
06/14/2024 07:38:00 PM,7.0,3,2,5,5,3,3,1,3,1,4,UNABLE TO DETERMINE,2,2,0.0,0.0,0.0,0.0,0.0,4.0,19,6,6,06/14/2024,2024-06-14,19:38:00
01/17/2024 04:55:00 PM,6.0,3,2,13,5,3,3,3,3,1,2,FAILING TO YIELD RIGHT-OF-WAY,2,3,1.0,0.0,0.0,0.0,1.0,1.0,16,4,1,01/17/2024,2024-01-17,16:55:00
04/28/2024 07:00:00 PM,6.0,3,2,13,4,3,3,3,3,1,4,FAILING TO YIELD RIGHT-OF-WAY,2,4,1.0,0.0,0.0,1.0,0.0,1.0,19,1,4,04/28/2024,2024-04-28,19:00:00
02/21/2024 02:54:00 PM,5.0,3,2,6,5,3,3,3,2,1,4,UNABLE TO DETERMINE,2,2,0.0,0.0,0.0,0.0,0.0,2.0,14,4,2,02/21/2024,2024-02-21,14:54:00
05/17/2024 06:31:00 PM,7.0,3,2,5,5,3,3,3,3,1,4,DRIVING SKILLS/KNOWLEDGE/EXPERIENCE,2,4,1.0,0.0,0.0,1.0,0.0,6.0,18,6,5,05/17/2024,2024-05-17,18:31:00
03/08/2024 08:05:00 AM,7.0,3,2,5,7,3,3,3,2,1,3,IMPROPER TURNING/NO SIGNAL,2,2,0.0,0.0,0.0,0.0,0.0,3.0,8,6,3,03/08/2024,2024-03-08,08:05:00
06/14/2024 06:19:00 AM,5.0,3,2,6,5,3,3,3,3,1,4,IMPROPER TURNING/NO SIGNAL,2,2,0.0,0.0,0.0,0.0,0.0,2.0,6,6,6,06/14/2024,2024-06-14,06:19:00
05/03/2024 02:33:00 PM,5.0,3,2,3,6,3,3,3,2,1,4,IMPROPER OVERTAKING/PASSING,2,2,0.0,0.0,0.0,0.0,0.0,3.0,14,6,5,05/03/2024,2024-05-03,14:33:00
05/26/2024 12:30:00 AM,7.0,3,5,6,3,6,3,3,3,1,4,DISREGARDING STOP SIGN,2,4,2.0,0.0,0.0,2.0,0.0,0.0,0,1,5,05/26/2024,2024-05-26,00:30:00
08/11/2024 07:38:00 PM,5.0,3,2,6,12,3,3,3,2,1,3,DRIVING SKILLS/KNOWLEDGE/EXPERIENCE,2,2,0.0,0.0,0.0,0.0,0.0,2.0,19,1,8,08/11/2024,2024-08-11,19:38:00
08/11/2024 06:30:00 PM,5.0,3,2,3,5,3,3,3,3,1,4,IMPROPER OVERTAKING/PASSING,2,3,1.0,0.0,0.0,0.0,1.0,2.0,18,1,8,08/11/2024,2024-08-11,18:30:00
08/06/2024 09:30:00 AM,5.0,3,2,3,5,3,3,3,2,1,4,IMPROPER OVERTAKING/PASSING,2,2,0.0,0.0,0.0,0.0,0.0,2.0,9,3,8,08/06/2024,2024-08-06,09:30:00
01/26/2024 12:01:00 PM,5.0,2,5,6,3,3,4,3,3,1,4,DISREGARDING OTHER TRAFFIC SIGNS,2,2,0.0,0.0,0.0,0.0,0.0,5.0,12,6,1,01/26/2024,2024-01-26,12:01:00
05/23/2024 04:44:00 AM,5.0,3,3,5,4,3,3,3,3,1,3,DISREGARDING TRAFFIC SIGNALS,2,2,0.0,0.0,0.0,0.0,0.0,2.0,4,5,5,05/23/2024,2024-05-23,04:44:00
01/03/2024 02:10:00 PM,5.0,3,2,4,6,3,1,1,2,1,3,UNABLE TO DETERMINE,2,2,0.0,0.0,0.0,0.0,0.0,2.0,14,4,1,01/03/2024,2024-01-03,14:10:00
01/03/2024 09:40:00 AM,7.0,4,2,5,5,3,3,3,3,1,4,FAILING TO YIELD RIGHT-OF-WAY,2,2,0.0,0.0,0.0,0.0,0.0,4.0,9,4,1,01/03/2024,2024-01-03,09:40:00
01/10/2024 08:25:00 AM,5.0,3,2,6,5,3,3,3,3,1,4,FAILING TO YIELD RIGHT-OF-WAY,2,3,1.0,0.0,0.0,0.0,1.0,3.0,8,4,1,01/10/2024,2024-01-10,08:25:00
06/28/2024 02:30:00 PM,7.0,4,2,6,7,3,4,3,2,1,3,UNABLE TO DETERMINE,2,2,0.0,0.0,0.0,0.0,0.0,2.0,14,6,6,06/28/2024,2024-06-28,14:30:00
06/26/2024 01:05:00 PM,3.0,3,2,13,6,3,3,3,3,1,4,CELL PHONE USE OTHER THAN TEXTING,2,4,1.0,0.0,0.0,1.0,0.0,1.0,13,4,6,06/26/2024,2024-06-26,13:05:00
05/17/2024 02:00:00 PM,1.0,3,2,9,1,3,1,1,2,1,2,UNABLE TO DETERMINE,2,2,0.0,0.0,0.0,0.0,0.0,2.0,14,6,5,05/17/2024,2024-05-17,14:00:00
04/01/2024 06:50:00 AM,5.0,3,2,5,5,3,4,3,3,1,4,UNABLE TO DETERMINE,2,2,0.0,0.0,0.0,0.0,0.0,2.0,6,2,4,04/01/2024,2024-04-01,06:50:00
01/30/2024 09:00:00 PM,3.0,3,6,7,6,3,4,1,2,1,4,UNABLE TO DETERMINE,2,2,0.0,0.0,0.0,0.0,0.0,2.0,21,3,1,01/30/2024,2024-01-30,21:00:00
07/29/2024 03:30:00 PM,7.0,5,2,5,5,3,4,3,2,1,4,UNABLE TO DETERMINE,2,2,0.0,0.0,0.0,0.0,0.0,2.0,15,2,7,07/29/2024,2024-07-29,15:30:00
08/09/2024 04:32:00 PM,5.0,3,2,3,6,3,3,3,2,1,4,IMPROPER OVERTAKING/PASSING,2,2,0.0,0.0,0.0,0.0,0.0,2.0,16,6,8,08/09/2024,2024-08-09,16:32:00
02/08/2024 03:13:00 PM,5.0,3,2,4,6,3,3,3,2,1,2,UNABLE TO DETERMINE,2,2,0.0,0.0,0.0,0.0,0.0,2.0,15,5,2,02/08/2024,2024-02-08,15:13:00
02/22/2024 01:00:00 PM,7.0,3,2,5,6,3,3,3,3,1,4,DISREGARDING STOP SIGN,2,3,1.0,0.0,0.0,0.0,1.0,1.0,13,5,2,02/22/2024,2024-02-22,13:00:00
02/25/2024 10:20:00 AM,3.0,3,2,4,6,3,3,1,2,1,4,UNABLE TO DETERMINE,2,2,0.0,0.0,0.0,0.0,0.0,2.0,10,1,2,02/25/2024,2024-02-25,10:20:00
03/29/2024 07:00:00 PM,1.0,3,2,5,5,3,3,1,2,1,4,FAILING TO YIELD RIGHT-OF-WAY,2,2,0.0,0.0,0.0,0.0,0.0,2.0,19,6,3,03/29/2024,2024-03-29,19:00:00
05/08/2024 03:05:00 PM,5.0,3,2,8,4,3,3,3,2,1,4,IMPROPER BACKING,2,2,0.0,0.0,0.0,0.0,0.0,2.0,15,4,5,05/08/2024,2024-05-08,15:05:00
07/07/2024 11:30:00 AM,5.0,3,2,6,7,6,3,3,2,1,4,DRIVING SKILLS/KNOWLEDGE/EXPERIENCE,2,2,0.0,0.0,0.0,0.0,0.0,2.0,11,1,7,07/07/2024,2024-07-07,11:30:00
01/25/2024 03:54:00 PM,5.0,5,6,4,6,3,4,3,2,1,4,UNABLE TO DETERMINE,2,2,0.0,0.0,0.0,0.0,0.0,2.0,15,5,1,01/25/2024,2024-01-25,15:54:00
07/13/2024 01:00:00 AM,3.0,3,5,13,6,3,3,3,3,1,2,DISREGARDING TRAFFIC SIGNALS,2,4,1.0,0.0,0.0,1.0,0.0,1.0,1,7,7,07/13/2024,2024-07-13,01:00:00
07/27/2024 01:24:00 PM,5.0,3,2,5,5,3,3,3,3,1,4,DRIVING ON WRONG SIDE/WRONG WAY,2,4,2.0,0.0,0.0,2.0,0.0,4.0,13,7,7,07/27/2024,2024-07-27,13:24:00
06/09/2024 12:45:00 PM,3.0,3,2,3,6,3,3,3,2,1,3,UNABLE TO DETERMINE,2,2,0.0,0.0,0.0,0.0,0.0,2.0,12,1,6,06/09/2024,2024-06-09,12:45:00