crash_date,traffic_control_device,weather_condition,lighting_condition,first_crash_type,trafficway_type,alignment,roadway_surface_cond,road_defect,crash_type,intersection_related_i,damage,prim_contributory_cause,num_units,most_severe_injury,injuries_total,injuries_fatal,injuries_incapacitating,injuries_non_incapacitating,injuries_reported_not_evident,injuries_no_indication,crash_hour,crash_day_of_week,crash_month,parsed_datetime,date,time
05/21/2024 03:15:00 PM,5.0,3,2,6,5,3,3,3,2,1,4,FAILING TO YIELD RIGHT-OF-WAY,2,2,0.0,0.0,0.0,0.0,0.0,2.0,15,3,5,05/21/2024,2024-05-21,15:15:00
01/10/2024 04:48:00 PM,7.0,3,4,13,5,3,3,3,3,1,2,UNABLE TO DETERMINE,2,4,1.0,0.0,0.0,1.0,0.0,1.0,16,4,1,01/10/2024,2024-01-10,16:48:00
04/08/2024 04:35:00 PM,5.0,3,2,4,6,6,3,3,3,1,3,UNABLE TO DETERMINE,2,3,1.0,0.0,0.0,0.0,1.0,6.0,16,2,4,04/08/2024,2024-04-08,16:35:00
06/20/2024 10:43:00 AM,5.0,3,2,6,14,3,3,3,3,1,4,FAILING TO YIELD RIGHT-OF-WAY,2,3,1.0,0.0,0.0,0.0,1.0,1.0,10,5,6,06/20/2024,2024-06-20,10:43:00
01/04/2024 04:42:00 AM,5.0,3,5,3,6,3,3,1,3,1,4,IMPROPER OVERTAKING/PASSING,2,4,1.0,0.0,0.0,1.0,0.0,1.0,4,5,1,01/04/2024,2024-01-04,04:42:00
06/28/2024 11:20:00 PM,7.0,5,5,5,5,3,4,1,3,1,4,UNABLE TO DETERMINE,2,3,1.0,0.0,0.0,0.0,1.0,1.0,23,6,6,06/28/2024,2024-06-28,23:20:00
07/13/2024 05:30:00 PM,5.0,3,2,11,17,3,3,3,2,1,2,WEATHER,2,2,0.0,0.0,0.0,0.0,0.0,2.0,17,7,7,07/13/2024,2024-07-13,17:30:00
07/25/2024 07:49:00 AM,5.0,3,2,3,5,3,3,1,2,1,4,UNABLE TO DETERMINE,2,2,0.0,0.0,0.0,0.0,0.0,2.0,7,5,7,07/25/2024,2024-07-25,07:49:00
03/05/2024 06:20:00 PM,5.0,3,5,4,10,3,3,3,2,1,4,FOLLOWING TOO CLOSELY,2,2,0.0,0.0,0.0,0.0,0.0,2.0,18,3,3,03/05/2024,2024-03-05,18:20:00
05/17/2024 03:35:00 PM,5.0,3,2,6,10,3,3,3,2,1,3,IMPROPER LANE USAGE,2,2,0.0,0.0,0.0,0.0,0.0,3.0,15,6,5,05/17/2024,2024-05-17,15:35:00
07/05/2024 01:40:00 AM,5.0,3,5,4,4,3,3,3,2,1,4,UNABLE TO DETERMINE,2,2,0.0,0.0,0.0,0.0,0.0,2.0,1,6,7,07/05/2024,2024-07-05,01:40:00
02/06/2024 12:50:00 PM,5.0,3,2,6,12,3,3,1,2,0,4,FAILING TO YIELD RIGHT-OF-WAY,2,2,0.0,0.0,0.0,0.0,0.0,2.0,12,3,2,02/06/2024,2024-02-06,12:50:00
08/22/2024 01:20:00 PM,3.0,3,2,5,7,3,3,3,3,1,4,"VISION OBSCURED (SIGNS, TREE LIMBS, BUILDINGS, ETC.)",2,2,0.0,0.0,0.0,0.0,0.0,2.0,13,5,8,08/22/2024,2024-08-22,13:20:00
02/08/2024 08:12:00 PM,5.0,5,5,8,6,3,4,3,2,1,4,IMPROPER BACKING,2,2,0.0,0.0,0.0,0.0,0.0,2.0,20,5,2,02/08/2024,2024-02-08,20:12:00
07/04/2024 09:50:00 PM,5.0,3,5,3,1,3,3,1,2,1,4,UNABLE TO DETERMINE,2,2,0.0,0.0,0.0,0.0,0.0,2.0,21,5,7,07/04/2024,2024-07-04,21:50:00
04/03/2024 11:10:00 PM,5.0,5,5,4,6,3,4,3,2,1,4,DISREGARDING TRAFFIC SIGNALS,2,2,0.0,0.0,0.0,0.0,0.0,2.0,23,4,4,04/03/2024,2024-04-03,23:10:00
06/19/2024 03:00:00 PM,7.0,3,2,5,5,3,3,3,2,1,3,FAILING TO YIELD RIGHT-OF-WAY,2,2,0.0,0.0,0.0,0.0,0.0,2.0,15,4,6,06/19/2024,2024-06-19,15:00:00
04/15/2024 06:33:00 PM,7.0,3,2,5,6,3,3,3,3,1,4,"OPERATING VEHICLE IN ERRATIC, RECKLESS, CARELESS, NEGLIGENT OR AGGRESSIVE MANNER",2,2,0.0,0.0,0.0,0.0,0.0,3.0,18,2,4,04/15/2024,2024-04-15,18:33:00
08/08/2024 05:10:00 PM,7.0,3,3,5,6,3,3,3,3,1,4,FAILING TO YIELD RIGHT-OF-WAY,2,4,2.0,0.0,0.0,2.0,0.0,0.0,17,5,8,08/08/2024,2024-08-08,17:10:00
03/22/2024 09:15:00 AM,7.0,3,2,5,5,3,3,3,2,1,4,UNABLE TO DETERMINE,2,2,0.0,0.0,0.0,0.0,0.0,2.0,9,6,3,03/22/2024,2024-03-22,09:15:00
05/01/2024 06:50:00 AM,5.0,3,2,5,5,3,3,3,2,1,4,UNABLE TO DETERMINE,2,2,0.0,0.0,0.0,0.0,0.0,2.0,6,4,5,05/01/2024,2024-05-01,06:50:00
03/15/2024 09:25:00 AM,5.0,3,2,5,5,3,3,3,2,1,4,DISREGARDING TRAFFIC SIGNALS,2,2,0.0,0.0,0.0,0.0,0.0,2.0,9,6,3,03/15/2024,2024-03-15,09:25:00
07/31/2024 06:20:00 PM,7.0,3,2,14,5,3,3,1,2,1,3,UNABLE TO DETERMINE,2,2,0.0,0.0,0.0,0.0,0.0,5.0,18,4,7,07/31/2024,2024-07-31,18:20:00
04/20/2024 08:30:00 PM,5.0,3,5,6,5,3,3,3,2,1,3,FAILING TO YIELD RIGHT-OF-WAY,2,2,0.0,0.0,0.0,0.0,0.0,3.0,20,7,4,04/20/2024,2024-04-20,20:30:00
02/10/2024 03:46:00 PM,5.0,3,2,13,5,7,3,3,3,1,2,FAILING TO YIELD RIGHT-OF-WAY,2,5,1.0,0.0,1.0,0.0,0.0,1.0,15,7,2,02/10/2024,2024-02-10,15:46:00
08/09/2024 04:43:00 PM,7.0,3,2,6,5,3,3,3,2,1,4,IMPROPER TURNING/NO SIGNAL,2,2,0.0,0.0,0.0,0.0,0.0,2.0,16,6,8,08/09/2024,2024-08-09,16:43:00
06/01/2024 07:05:00 PM,5.0,3,2,6,6,3,1,1,2,1,3,IMPROPER LANE USAGE,2,2,0.0,0.0,0.0,0.0,0.0,2.0,19,7,6,06/01/2024,2024-06-01,19:05:00
01/04/2024 09:05:00 AM,5.0,3,2,6,5,3,3,3,2,1,4,UNABLE TO DETERMINE,2,2,0.0,0.0,0.0,0.0,0.0,2.0,9,5,1,01/04/2024,2024-01-04,09:05:00
01/23/2024 08:50:00 PM,7.0,5,6,11,5,3,4,3,3,1,4,DRIVING SKILLS/KNOWLEDGE/EXPERIENCE,2,2,0.0,0.0,0.0,0.0,0.0,1.0,20,3,1,01/23/2024,2024-01-23,20:50:00
02/27/2024 04:46:00 PM,5.0,3,2,6,7,3,3,3,3,1,4,FAILING TO YIELD RIGHT-OF-WAY,2,2,0.0,0.0,0.0,0.0,0.0,3.0,16,3,2,02/27/2024,2024-02-27,16:46:00
04/24/2024 10:54:00 PM,5.0,3,5,13,5,3,3,3,2,1,3,FAILING TO YIELD RIGHT-OF-WAY,2,2,0.0,0.0,0.0,0.0,0.0,6.0,22,4,4,04/24/2024,2024-04-24,22:54:00
07/13/2024 06:30:00 PM,5.0,3,2,6,5,3,3,1,2,1,4,UNABLE TO DETERMINE,2,2,0.0,0.0,0.0,0.0,0.0,5.0,18,7,7,07/13/2024,2024-07-13,18:30:00
06/27/2024 04:00:00 PM,1.0,3,2,3,5,3,3,3,2,1,4,UNABLE TO DETERMINE,2,2,0.0,0.0,0.0,0.0,0.0,2.0,16,5,6,06/27/2024,2024-06-27,16:00:00
02/14/2024 08:00:00 AM,5.0,3,2,3,5,3,3,3,2,1,3,UNABLE TO DETERMINE,2,2,0.0,0.0,0.0,0.0,0.0,4.0,8,4,2,02/14/2024,2024-02-14,08:00:00
01/19/2024 05:15:00 PM,5.0,6,5,6,5,3,5,1,2,1,4,FAILING TO YIELD RIGHT-OF-WAY,2,2,0.0,0.0,0.0,0.0,0.0,2.0,17,6,1,01/19/2024,2024-01-19,17:15:00
08/07/2024 06:45:00 PM,7.0,3,2,5,4,3,3,3,3,1,4,FAILING TO YIELD RIGHT-OF-WAY,2,3,1.0,0.0,0.0,0.0,1.0,2.0,18,4,8,08/07/2024,2024-08-07,18:45:00
05/08/2024 04:50:00 PM,5.0,3,2,3,6,3,3,1,2,0,3,UNABLE TO DETERMINE,2,2,0.0,0.0,0.0,0.0,0.0,2.0,16,4,5,05/08/2024,2024-05-08,16:50:00
04/02/2024 02:55:00 PM,7.0,5,2,5,5,3,4,1,2,1,4,DISREGARDING STOP SIGN,2,2,0.0,0.0,0.0,0.0,0.0,4.0,14,3,4,04/02/2024,2024-04-02,14:55:00
05/05/2024 06:00:00 AM,7.0,3,3,13,4,3,3,3,3,1,2,DISTRACTION - FROM OUTSIDE VEHICLE,2,3,1.0,0.0,0.0,0.0,1.0,1.0,6,1,5,05/05/2024,2024-05-05,06:00:00
02/08/2024 04:16:00 PM,3.0,3,2,6,6,3,3,3,2,1,4,UNABLE TO DETERMINE,2,2,0.0,0.0,0.0,0.0,0.0,3.0,16,5,2,02/08/2024,2024-02-08,16:16:00
03/14/2024 04:55:00 PM,5.0,4,2,3,5,3,4,3,2,1,4,FAILING TO YIELD RIGHT-OF-WAY,2,2,0.0,0.0,0.0,0.0,0.0,2.0,16,5,3,03/14/2024,2024-03-14,16:55:00
03/16/2024 08:35:00 PM,3.0,3,6,14,10,3,3,3,2,0,2,NOT APPLICABLE,2,2,0.0,0.0,0.0,0.0,0.0,3.0,20,7,3,03/16/2024,2024-03-16,20:35:00
04/12/2024 09:00:00 AM,5.0,3,2,6,4,3,3,3,2,0,4,IMPROPER LANE USAGE,2,2,0.0,0.0,0.0,0.0,0.0,2.0,9,6,4,04/12/2024,2024-04-12,09:00:00
01/20/2024 06:35:00 PM,7.0,3,5,5,4,3,1,1,2,1,4,FAILING TO YIELD RIGHT-OF-WAY,2,2,0.0,0.0,0.0,0.0,0.0,2.0,18,7,1,01/20/2024,2024-01-20,18:35:00
01/12/2024 09:30:00 AM,5.0,6,2,4,7,3,5,1,2,1,4,UNABLE TO DETERMINE,2,2,0.0,0.0,0.0,0.0,0.0,2.0,9,6,1,01/12/2024,2024-01-12,09:30:00
06/08/2024 10:00:00 PM,5.0,5,5,5,6,3,4,3,3,1,4,DISREGARDING OTHER TRAFFIC SIGNS,2,2,0.0,0.0,0.0,0.0,0.0,5.0,22,7,6,06/08/2024,2024-06-08,22:00:00
04/12/2024 04:20:00 PM,5.0,3,2,6,5,3,3,1,2,1,4,IMPROPER OVERTAKING/PASSING,2,2,0.0,0.0,0.0,0.0,0.0,2.0,16,6,4,04/12/2024,2024-04-12,16:20:00
07/02/2024 04:28:00 PM,1.0,3,2,5,5,3,1,1,3,1,4,UNABLE TO DETERMINE,2,3,1.0,0.0,0.0,0.0,1.0,1.0,16,3,7,07/02/2024,2024-07-02,16:28:00
05/26/2024 07:40:00 PM,5.0,5,2,5,6,3,4,3,2,1,4,DISREGARDING TRAFFIC SIGNALS,2,2,0.0,0.0,0.0,0.0,0.0,2.0,19,1,5,05/26/2024,2024-05-26,19:40:00
07/09/2024 04:37:00 PM,5.0,3,4,14,5,3,3,3,3,1,4,IMPROPER TURNING/NO SIGNAL,2,4,1.0,0.0,0.0,1.0,0.0,1.0,16,3,7,07/09/2024,2024-07-09,16:37:00
04/19/2024 09:16:00 AM,3.0,3,2,3,10,3,3,3,2,1,4,DRIVING SKILLS/KNOWLEDGE/EXPERIENCE,2,2,0.0,0.0,0.0,0.0,0.0,3.0,9,6,4,04/19/2024,2024-04-19,09:16:00
06/16/2024 07:30:00 PM,3.0,3,2,4,4,3,3,3,2,1,4,FOLLOWING TOO CLOSELY,2,2,0.0,0.0,0.0,0.0,0.0,2.0,19,1,6,06/16/2024,2024-06-16,19:30:00
05/12/2024 11:34:00 AM,7.0,3,2,6,6,3,3,3,2,1,3,FAILING TO YIELD RIGHT-OF-WAY,2,2,0.0,0.0,0.0,0.0,0.0,5.0,11,1,5,05/12/2024,2024-05-12,11:34:00
06/11/2024 12:30:00 PM,5.0,3,2,4,6,3,3,3,2,1,3,FOLLOWING TOO CLOSELY,2,2,0.0,0.0,0.0,0.0,0.0,2.0,12,3,6,06/11/2024,2024-06-11,12:30:00
06/11/2024 08:20:00 PM,3.0,3,4,14,4,3,3,1,3,1,4,IMPROPER OVERTAKING/PASSING,2,3,1.0,0.0,0.0,0.0,1.0,1.0,20,3,6,06/11/2024,2024-06-11,20:20:00
03/28/2024 11:47:00 AM,5.0,3,2,5,5,3,3,3,3,1,4,DISREGARDING TRAFFIC SIGNALS,2,2,0.0,0.0,0.0,0.0,0.0,2.0,11,5,3,03/28/2024,2024-03-28,11:47:00
06/22/2024 10:20:00 AM,5.0,3,2,4,9,3,3,3,3,1,3,UNABLE TO DETERMINE,2,4,2.0,0.0,0.0,1.0,1.0,1.0,10,7,6,06/22/2024,2024-06-22,10:20:00
05/20/2024 10:53:00 PM,5.0,3,5,5,4,3,3,3,3,1,4,DISREGARDING TRAFFIC SIGNALS,2,2,0.0,0.0,0.0,0.0,0.0,2.0,22,2,5,05/20/2024,2024-05-20,22:53:00
05/21/2024 04:18:00 PM,7.0,3,2,5,6,3,3,3,3,0,4,UNABLE TO DETERMINE,2,2,0.0,0.0,0.0,0.0,0.0,3.0,16,3,5,05/21/2024,2024-05-21,16:18:00
07/16/2024 06:54:00 AM,5.0,3,2,6,1,3,3,3,3,1,4,DISREGARDING TRAFFIC SIGNALS,2,3,2.0,0.0,0.0,0.0,2.0,1.0,6,3,7,07/16/2024,2024-07-16,06:54:00
01/10/2024 08:50:00 AM,5.0,3,2,3,6,3,4,3,2,1,4,DRIVING SKILLS/KNOWLEDGE/EXPERIENCE,2,2,0.0,0.0,0.0,0.0,0.0,2.0,8,4,1,01/10/2024,2024-01-10,08:50:00
03/01/2024 10:39:00 PM,5.0,3,5,5,14,3,3,3,3,1,4,DISREGARDING TRAFFIC SIGNALS,2,2,0.0,0.0,0.0,0.0,0.0,3.0,22,6,3,03/01/2024,2024-03-01,22:39:00
06/23/2024 06:25:00 PM,5.0,3,2,9,5,3,3,3,2,1,4,NOT APPLICABLE,2,2,0.0,0.0,0.0,0.0,0.0,5.0,18,1,6,06/23/2024,2024-06-23,18:25:00
07/02/2024 11:15:00 AM,7.0,3,2,4,6,3,3,3,2,1,4,FAILING TO REDUCE SPEED TO AVOID CRASH,2,2,0.0,0.0,0.0,0.0,0.0,2.0,11,3,7,07/02/2024,2024-07-02,11:15:00
02/09/2024 10:50:00 PM,5.0,3,4,5,7,3,3,3,2,1,3,"OPERATING VEHICLE IN ERRATIC, RECKLESS, CARELESS, NEGLIGENT OR AGGRESSIVE MANNER",2,2,0.0,0.0,0.0,0.0,0.0,2.0,22,6,2,02/09/2024,2024-02-09,22:50:00
04/17/2024 08:16:00 AM,3.0,4,2,6,4,3,3,3,2,1,4,FAILING TO YIELD RIGHT-OF-WAY,2,2,0.0,0.0,0.0,0.0,0.0,4.0,8,4,4,04/17/2024,2024-04-17,08:16:00
02/28/2024 06:38:00 PM,5.0,3,5,3,3,3,3,3,2,1,4,IMPROPER OVERTAKING/PASSING,2,2,0.0,0.0,0.0,0.0,0.0,2.0,18,4,2,02/28/2024,2024-02-28,18:38:00
02/16/2024 07:50:00 PM,3.0,3,6,6,6,3,3,3,3,1,4,UNABLE TO DETERMINE,2,4,1.0,0.0,0.0,1.0,0.0,1.0,19,6,2,02/16/2024,2024-02-16,19:50:00
06/06/2024 11:15:00 AM,5.0,3,2,6,10,3,3,3,2,1,4,FOLLOWING TOO CLOSELY,2,2,0.0,0.0,0.0,0.0,0.0,2.0,11,5,6,06/06/2024,2024-06-06,11:15:00
07/14/2024 05:15:00 AM,7.0,3,3,5,5,3,4,3,2,1,4,UNABLE TO DETERMINE,2,2,0.0,0.0,0.0,0.0,0.0,2.0,5,1,7,07/14/2024,2024-07-14,05:15:00
06/29/2024 03:06:00 PM,7.0,3,2,5,5,3,3,3,2,1,4,DISREGARDING STOP SIGN,2,2,0.0,0.0,0.0,0.0,0.0,2.0,15,7,6,06/29/2024,2024-06-29,15:06:00
02/27/2024 01:40:00 PM,2.0,3,2,3,2,3,3,1,2,1,3,DRIVING SKILLS/KNOWLEDGE/EXPERIENCE,2,2,0.0,0.0,0.0,0.0,0.0,2.0,13,3,2,02/27/2024,2024-02-27,13:40:00
05/16/2024 07:10:00 AM,7.0,3,2,6,7,3,3,3,3,1,4,IMPROPER OVERTAKING/PASSING,2,3,1.0,0.0,0.0,0.0,1.0,2.0,7,5,5,05/16/2024,2024-05-16,07:10:00
02/02/2024 12:23:00 AM,5.0,3,6,5,5,3,3,3,3,1,4,DISREGARDING TRAFFIC SIGNALS,2,4,1.0,0.0,0.0,1.0,0.0,3.0,0,6,2,02/02/2024,2024-02-02,00:23:00
01/10/2024 07:05:00 AM,3.0,3,3,6,6,3,4,3,3,1,4,DRIVING SKILLS/KNOWLEDGE/EXPERIENCE,2,4,1.0,0.0,0.0,1.0,0.0,1.0,7,4,1,01/10/2024,2024-01-10,07:05:00
05/31/2024 10:34:00 PM,5.0,3,5,6,6,3,3,3,3,1,4,UNABLE TO DETERMINE,2,5,1.0,0.0,1.0,0.0,0.0,1.0,22,6,5,05/31/2024,2024-05-31,22:34:00
02/02/2024 04:35:00 PM,3.0,3,2,3,6,3,3,3,3,1,4,IMPROPER OVERTAKING/PASSING,2,4,1.0,0.0,0.0,1.0,0.0,3.0,16,6,2,02/02/2024,2024-02-02,16:35:00
01/14/2024 08:43:00 PM,7.0,2,5,5,4,3,5,1,3,1,4,FAILING TO REDUCE SPEED TO AVOID CRASH,2,2,0.0,0.0,0.0,0.0,0.0,3.0,20,1,1,01/14/2024,2024-01-14,20:43:00
04/10/2024 03:20:00 PM,5.0,3,2,13,4,3,1,1,2,1,4,FAILING TO YIELD RIGHT-OF-WAY,2,2,0.0,0.0,0.0,0.0,0.0,2.0,15,4,4,04/10/2024,2024-04-10,15:20:00
06/05/2024 06:00:00 PM,3.0,3,2,5,2,3,3,3,2,1,4,FAILING TO YIELD RIGHT-OF-WAY,2,2,0.0,0.0,0.0,0.0,0.0,2.0,18,4,6,06/05/2024,2024-06-05,18:00:00
07/22/2024 01:00:00 PM,5.0,3,2,6,5,3,3,1,3,1,4,IMPROPER TURNING/NO SIGNAL,2,2,0.0,0.0,0.0,0.0,0.0,2.0,13,2,7,07/22/2024,2024-07-22,13:00:00
04/12/2024 04:00:00 PM,5.0,3,2,3,5,3,3,3,2,1,4,UNABLE TO DETERMINE,2,2,0.0,0.0,0.0,0.0,0.0,3.0,16,6,4,04/12/2024,2024-04-12,16:00:00
08/03/2024 03:55:00 PM,5.0,3,2,3,6,3,3,3,2,0,4,UNABLE TO DETERMINE,2,2,0.0,0.0,0.0,0.0,0.0,3.0,15,7,8,08/03/2024,2024-08-03,15:55:00
05/08/2024 03:52:00 PM,7.0,3,2,13,6,3,3,3,3,1,3,UNABLE TO DETERMINE,2,4,1.0,0.0,0.0,1.0,0.0,1.0,15,4,5,05/08/2024,2024-05-08,15:52:00
07/09/2024 09:13:00 AM,5.0,3,2,4,5,3,3,3,2,1,3,DISTRACTION - FROM INSIDE VEHICLE,2,2,0.0,0.0,0.0,0.0,0.0,3.0,9,3,7,07/09/2024,2024-07-09,09:13:00
06/20/2024 10:47:00 AM,3.0,3,2,5,6,3,3,3,3,1,4,FAILING TO YIELD RIGHT-OF-WAY,2,2,0.0,0.0,0.0,0.0,0.0,3.0,10,5,6,06/20/2024,2024-06-20,10:47:00
04/17/2024 08:23:00 PM,5.0,3,5,6,1,3,3,3,2,1,4,UNABLE TO DETERMINE,2,2,0.0,0.0,0.0,0.0,0.0,2.0,20,4,4,04/17/2024,2024-04-17,20:23:00
01/10/2024 02:49:00 PM,5.0,3,2,9,6,3,3,3,3,1,4,NOT APPLICABLE,2,2,0.0,0.0,0.0,0.0,0.0,2.0,14,4,1,01/10/2024,2024-01-10,14:49:00
05/12/2024 05:29:00 PM,5.0,3,2,5,6,3,3,1,2,1,4,DISREGARDING TRAFFIC SIGNALS,2,2,0.0,0.0,0.0,0.0,0.0,3.0,17,1,5,05/12/2024,2024-05-12,17:29:00
05/20/2024 03:30:00 PM,5.0,3,2,13,5,3,3,3,3,1,4,FAILING TO REDUCE SPEED TO AVOID CRASH,2,4,1.0,0.0,0.0,1.0,0.0,1.0,15,2,5,05/20/2024,2024-05-20,15:30:00
06/15/2024 09:56:00 PM,5.0,3,6,6,4,3,3,3,3,1,4,IMPROPER OVERTAKING/PASSING,2,3,1.0,0.0,0.0,0.0,1.0,4.0,21,7,6,06/15/2024,2024-06-15,21:56:00
06/27/2024 07:50:00 AM,3.0,3,4,13,6,3,3,3,3,1,2,DRIVING SKILLS/KNOWLEDGE/EXPERIENCE,2,3,1.0,0.0,0.0,0.0,1.0,1.0,7,5,6,06/27/2024,2024-06-27,07:50:00
03/03/2024 11:30:00 AM,5.0,3,2,3,6,3,1,1,2,0,4,IMPROPER OVERTAKING/PASSING,2,2,0.0,0.0,0.0,0.0,0.0,2.0,11,1,3,03/03/2024,2024-03-03,11:30:00
06/08/2024 08:03:00 PM,7.0,3,2,5,10,3,3,3,3,1,4,DISREGARDING STOP SIGN,2,2,0.0,0.0,0.0,0.0,0.0,3.0,20,7,6,06/08/2024,2024-06-08,20:03:00
02/15/2024 10:21:00 AM,5.0,3,2,3,10,3,1,1,2,1,4,IMPROPER LANE USAGE,2,2,0.0,0.0,0.0,0.0,0.0,2.0,10,5,2,02/15/2024,2024-02-15,10:21:00
01/13/2024 03:00:00 PM,1.0,3,2,3,5,3,1,1,2,1,4,UNABLE TO DETERMINE,2,2,0.0,0.0,0.0,0.0,0.0,2.0,15,7,1,01/13/2024,2024-01-13,15:00:00
02/09/2024 06:20:00 PM,7.0,3,2,5,6,3,3,3,2,1,3,FAILING TO YIELD RIGHT-OF-WAY,2,2,0.0,0.0,0.0,0.0,0.0,2.0,18,6,2,02/09/2024,2024-02-09,18:20:00
03/23/2024 01:12:00 PM,7.0,3,2,4,6,3,3,3,2,1,3,IMPROPER BACKING,2,2,0.0,0.0,0.0,0.0,0.0,3.0,13,7,3,03/23/2024,2024-03-23,13:12:00
06/13/2024 07:09:00 PM,5.0,3,2,5,5,3,1,1,2,1,2,FAILING TO YIELD RIGHT-OF-WAY,2,2,0.0,0.0,0.0,0.0,0.0,2.0,19,5,6,06/13/2024,2024-06-13,19:09:00
05/31/2024 05:25:00 PM,5.0,3,2,6,5,3,3,3,2,1,4,IMPROPER OVERTAKING/PASSING,2,2,0.0,0.0,0.0,0.0,0.0,3.0,17,6,5,05/31/2024,2024-05-31,17:25:00
07/10/2024 07:49:00 PM,5.0,3,2,6,5,3,3,3,3,1,4,DISREGARDING TRAFFIC SIGNALS,2,3,1.0,0.0,0.0,0.0,1.0,1.0,19,4,7,07/10/2024,2024-07-10,19:49:00
05/07/2024 11:59:00 AM,7.0,3,2,6,7,3,4,3,3,1,4,FAILING TO YIELD RIGHT-OF-WAY,2,4,2.0,0.0,0.0,1.0,1.0,3.0,11,3,5,05/07/2024,2024-05-07,11:59:00
05/26/2024 11:11:00 AM,5.0,5,5,6,6,3,4,3,3,1,4,FAILING TO YIELD RIGHT-OF-WAY,2,2,0.0,0.0,0.0,0.0,0.0,3.0,11,1,5,05/26/2024,2024-05-26,11:11:00
01/04/2024 10:40:00 PM,3.0,3,5,8,6,3,4,3,2,1,2,UNABLE TO DETERMINE,2,2,0.0,0.0,0.0,0.0,0.0,2.0,22,5,1,01/04/2024,2024-01-04,22:40:00
02/03/2024 12:10:00 PM,5.0,3,2,6,5,3,3,3,2,1,3,IMPROPER LANE USAGE,2,2,0.0,0.0,0.0,0.0,0.0,2.0,12,7,2,02/03/2024,2024-02-03,12:10:00
01/29/2024 10:35:00 AM,5.0,3,2,6,6,3,3,3,2,1,4,IMPROPER OVERTAKING/PASSING,2,2,0.0,0.0,0.0,0.0,0.0,2.0,10,2,1,01/29/2024,2024-01-29,10:35:00
01/14/2024 06:45:00 PM,5.0,3,5,3,4,3,1,1,2,1,4,FAILING TO YIELD RIGHT-OF-WAY,2,2,0.0,0.0,0.0,0.0,0.0,2.0,18,1,1,01/14/2024,2024-01-14,18:45:00
05/20/2024 11:46:00 PM,5.0,3,5,6,5,3,3,3,3,1,3,DISREGARDING TRAFFIC SIGNALS,2,4,1.0,0.0,0.0,1.0,0.0,1.0,23,2,5,05/20/2024,2024-05-20,23:46:00
02/13/2024 09:40:00 AM,7.0,3,2,6,4,3,3,3,2,1,4,FAILING TO YIELD RIGHT-OF-WAY,2,2,0.0,0.0,0.0,0.0,0.0,2.0,9,3,2,02/13/2024,2024-02-13,09:40:00
03/23/2024 02:52:00 AM,5.0,3,5,5,5,3,3,1,2,1,4,FAILING TO YIELD RIGHT-OF-WAY,2,2,0.0,0.0,0.0,0.0,0.0,2.0,2,7,3,03/23/2024,2024-03-23,02:52:00
04/18/2024 08:00:00 PM,7.0,3,5,4,6,3,3,3,3,1,4,NOT APPLICABLE,2,3,1.0,0.0,0.0,0.0,1.0,1.0,20,5,4,04/18/2024,2024-04-18,20:00:00
04/16/2024 01:10:00 PM,5.0,3,2,6,5,3,3,1,2,1,4,IMPROPER TURNING/NO SIGNAL,2,2,0.0,0.0,0.0,0.0,0.0,2.0,13,3,4,04/16/2024,2024-04-16,13:10:00
05/21/2024 10:30:00 PM,5.0,3,5,14,5,3,3,3,3,1,2,FAILING TO YIELD RIGHT-OF-WAY,2,4,1.0,0.0,0.0,1.0,0.0,1.0,22,3,5,05/21/2024,2024-05-21,22:30:00
02/14/2024 03:00:00 PM,5.0,3,2,6,6,3,3,3,2,1,4,UNABLE TO DETERMINE,2,2,0.0,0.0,0.0,0.0,0.0,2.0,15,4,2,02/14/2024,2024-02-14,15:00:00
01/27/2024 07:24:00 PM,5.0,4,5,3,5,3,4,1,2,1,4,IMPROPER OVERTAKING/PASSING,2,2,0.0,0.0,0.0,0.0,0.0,3.0,19,7,1,01/27/2024,2024-01-27,19:24:00
07/12/2024 01:55:00 PM,5.0,3,3,4,5,4,3,3,2,1,2,FAILING TO REDUCE SPEED TO AVOID CRASH,2,2,0.0,0.0,0.0,0.0,0.0,2.0,13,6,7,07/12/2024,2024-07-12,13:55:00
01/24/2024 10:05:00 AM,5.0,5,2,6,5,3,4,3,3,1,4,FAILING TO YIELD RIGHT-OF-WAY,2,3,2.0,0.0,0.0,0.0,2.0,1.0,10,4,1,01/24/2024,2024-01-24,10:05:00
05/24/2024 10:00:00 AM,5.0,3,2,3,7,3,3,3,2,1,3,UNABLE TO DETERMINE,2,2,0.0,0.0,0.0,0.0,0.0,2.0,10,6,5,05/24/2024,2024-05-24,10:00:00
01/26/2024 04:00:00 PM,7.0,3,2,5,5,3,1,1,2,1,4,DISREGARDING STOP SIGN,2,2,0.0,0.0,0.0,0.0,0.0,2.0,16,6,1,01/26/2024,2024-01-26,16:00:00
08/03/2024 01:00:00 PM,5.0,3,2,5,5,3,3,3,3,1,4,FAILING TO YIELD RIGHT-OF-WAY,2,3,1.0,0.0,0.0,0.0,1.0,1.0,13,7,8,08/03/2024,2024-08-03,13:00:00
02/21/2024 02:30:00 PM,7.0,3,2,13,5,3,3,3,3,1,2,UNABLE TO DETERMINE,2,4,1.0,0.0,0.0,1.0,0.0,1.0,14,4,2,02/21/2024,2024-02-21,14:30:00