crash_date,traffic_control_device,weather_condition,lighting_condition,first_crash_type,trafficway_type,alignment,roadway_surface_cond,road_defect,crash_type,intersection_related_i,damage,prim_contributory_cause,num_units,most_severe_injury,injuries_total,injuries_fatal,injuries_incapacitating,injuries_non_incapacitating,injuries_reported_not_evident,injuries_no_indication,crash_hour,crash_day_of_week,crash_month,parsed_datetime,date,time
08/02/2024 02:15:00 PM,7.0,3,2,5,6,3,3,3,2,1,3,UNABLE TO DETERMINE,2,2,0.0,0.0,0.0,0.0,0.0,2.0,14,6,8,08/02/2024,2024-08-02,14:15:00
02/02/2024 10:45:00 AM,5.0,4,2,6,6,3,3,3,3,1,4,FAILING TO YIELD RIGHT-OF-WAY,2,4,1.0,0.0,0.0,1.0,0.0,1.0,10,6,2,02/02/2024,2024-02-02,10:45:00
04/29/2024 04:00:00 PM,7.0,3,2,5,6,3,3,3,2,1,4,FAILING TO YIELD RIGHT-OF-WAY,2,2,0.0,0.0,0.0,0.0,0.0,6.0,16,2,4,04/29/2024,2024-04-29,16:00:00
07/01/2024 06:50:00 AM,5.0,3,2,6,7,3,3,1,3,1,4,FAILING TO YIELD RIGHT-OF-WAY,2,4,1.0,0.0,0.0,1.0,0.0,1.0,6,2,7,07/01/2024,2024-07-01,06:50:00
06/07/2024 09:49:00 AM,3.0,3,2,5,5,3,3,3,3,1,4,UNABLE TO DETERMINE,2,2,0.0,0.0,0.0,0.0,0.0,3.0,9,6,6,06/07/2024,2024-06-07,09:49:00
07/11/2024 08:45:00 AM,7.0,4,2,8,6,3,4,3,2,1,4,IMPROPER BACKING,2,2,0.0,0.0,0.0,0.0,0.0,2.0,8,5,7,07/11/2024,2024-07-11,08:45:00
06/02/2024 01:15:00 AM,5.0,5,5,6,6,3,4,3,2,1,4,IMPROPER LANE USAGE,2,2,0.0,0.0,0.0,0.0,0.0,2.0,1,1,6,06/02/2024,2024-06-02,01:15:00
07/18/2024 12:30:00 PM,3.0,3,2,5,6,3,3,3,2,1,4,UNABLE TO DETERMINE,2,2,0.0,0.0,0.0,0.0,0.0,2.0,12,5,7,07/18/2024,2024-07-18,12:30:00
06/16/2024 10:11:00 AM,3.0,3,2,11,6,3,3,3,2,1,2,UNABLE TO DETERMINE,2,2,0.0,0.0,0.0,0.0,0.0,1.0,10,1,6,06/16/2024,2024-06-16,10:11:00
02/23/2024 05:04:00 PM,5.0,3,2,6,5,3,3,1,3,1,4,FAILING TO YIELD RIGHT-OF-WAY,2,4,1.0,0.0,0.0,1.0,0.0,1.0,17,6,2,02/23/2024,2024-02-23,17:04:00
06/28/2024 12:30:00 PM,5.0,5,2,4,5,3,4,3,2,1,4,UNABLE TO DETERMINE,2,2,0.0,0.0,0.0,0.0,0.0,2.0,12,6,6,06/28/2024,2024-06-28,12:30:00
04/01/2024 04:57:00 PM,7.0,5,4,5,6,3,4,3,3,1,4,FAILING TO YIELD RIGHT-OF-WAY,2,4,1.0,0.0,0.0,1.0,0.0,2.0,16,2,4,04/01/2024,2024-04-01,16:57:00
06/30/2024 10:00:00 PM,3.0,3,4,5,5,3,3,3,2,1,4,DISREGARDING TRAFFIC SIGNALS,2,2,0.0,0.0,0.0,0.0,0.0,4.0,22,1,6,06/30/2024,2024-06-30,22:00:00
05/31/2024 05:14:00 PM,1.0,3,2,4,1,3,3,2,2,1,4,UNABLE TO DETERMINE,2,2,0.0,0.0,0.0,0.0,0.0,2.0,17,6,5,05/31/2024,2024-05-31,17:14:00
05/30/2024 09:08:00 AM,5.0,3,2,9,3,3,3,3,3,1,3,UNABLE TO DETERMINE,2,4,1.0,0.0,0.0,1.0,0.0,2.0,9,5,5,05/30/2024,2024-05-30,09:08:00
05/20/2024 03:44:00 PM,5.0,3,2,6,5,3,4,3,2,1,4,DISREGARDING TRAFFIC SIGNALS,2,2,0.0,0.0,0.0,0.0,0.0,5.0,15,2,5,05/20/2024,2024-05-20,15:44:00
06/01/2024 07:35:00 AM,7.0,3,2,5,4,3,1,1,2,1,4,UNABLE TO DETERMINE,2,2,0.0,0.0,0.0,0.0,0.0,2.0,7,7,6,06/01/2024,2024-06-01,07:35:00
03/20/2024 12:52:00 PM,7.0,3,2,5,4,3,3,3,3,1,4,FAILING TO YIELD RIGHT-OF-WAY,2,2,0.0,0.0,0.0,0.0,0.0,2.0,12,4,3,03/20/2024,2024-03-20,12:52:00
07/31/2024 03:00:00 PM,5.0,3,2,4,4,3,3,1,2,1,4,UNABLE TO DETERMINE,2,2,0.0,0.0,0.0,0.0,0.0,2.0,15,4,7,07/31/2024,2024-07-31,15:00:00
07/06/2024 07:00:00 PM,5.0,3,2,14,5,3,3,3,3,1,2,DRIVING SKILLS/KNOWLEDGE/EXPERIENCE,2,5,1.0,0.0,1.0,0.0,0.0,1.0,19,7,7,07/06/2024,2024-07-06,19:00:00
03/06/2024 07:30:00 PM,7.0,3,5,4,5,3,3,3,2,1,4,UNABLE TO DETERMINE,2,2,0.0,0.0,0.0,0.0,0.0,2.0,19,4,3,03/06/2024,2024-03-06,19:30:00
02/20/2024 02:17:00 PM,5.0,3,2,6,5,3,3,1,2,1,4,UNABLE TO DETERMINE,2,2,0.0,0.0,0.0,0.0,0.0,2.0,14,3,2,02/20/2024,2024-02-20,14:17:00
05/04/2024 03:00:00 PM,5.0,3,2,4,5,3,3,3,2,1,4,FOLLOWING TOO CLOSELY,2,2,0.0,0.0,0.0,0.0,0.0,3.0,15,7,5,05/04/2024,2024-05-04,15:00:00
06/23/2024 03:00:00 PM,5.0,3,2,4,4,3,3,3,2,1,4,FOLLOWING TOO CLOSELY,2,2,0.0,0.0,0.0,0.0,0.0,3.0,15,1,6,06/23/2024,2024-06-23,15:00:00
02/24/2024 01:50:00 AM,7.0,6,5,11,7,3,6,3,3,1,4,WEATHER,2,2,0.0,0.0,0.0,0.0,0.0,1.0,1,7,2,02/24/2024,2024-02-24,01:50:00
03/15/2024 05:00:00 PM,5.0,3,2,6,4,3,3,3,3,1,4,DRIVING SKILLS/KNOWLEDGE/EXPERIENCE,2,2,0.0,0.0,0.0,0.0,0.0,2.0,17,6,3,03/15/2024,2024-03-15,17:00:00
02/17/2024 01:39:00 AM,5.0,3,5,4,7,3,3,3,3,1,4,FAILING TO REDUCE SPEED TO AVOID CRASH,2,3,1.0,0.0,0.0,0.0,1.0,1.0,1,7,2,02/17/2024,2024-02-17,01:39:00
07/16/2024 11:30:00 AM,5.0,3,2,4,6,3,3,3,2,1,4,FOLLOWING TOO CLOSELY,2,2,0.0,0.0,0.0,0.0,0.0,2.0,11,3,7,07/16/2024,2024-07-16,11:30:00
06/15/2024 10:10:00 PM,3.0,3,6,3,6,3,3,1,2,1,2,UNABLE TO DETERMINE,2,2,0.0,0.0,0.0,0.0,0.0,2.0,22,7,6,06/15/2024,2024-06-15,22:10:00
01/24/2024 07:15:00 PM,7.0,5,5,6,4,3,4,3,2,1,4,UNABLE TO DETERMINE,2,2,0.0,0.0,0.0,0.0,0.0,2.0,19,4,1,01/24/2024,2024-01-24,19:15:00
08/01/2024 08:45:00 PM,5.0,5,5,5,5,3,4,3,2,1,3,UNABLE TO DETERMINE,2,2,0.0,0.0,0.0,0.0,0.0,2.0,20,5,8,08/01/2024,2024-08-01,20:45:00
03/11/2024 10:52:00 AM,5.0,3,2,13,4,3,3,3,3,0,3,UNABLE TO DETERMINE,2,4,1.0,0.0,0.0,1.0,0.0,1.0,10,2,3,03/11/2024,2024-03-11,10:52:00
07/12/2024 01:30:00 PM,3.0,3,2,6,6,3,3,3,3,1,4,FAILING TO YIELD RIGHT-OF-WAY,2,3,1.0,0.0,0.0,0.0,1.0,2.0,13,6,7,07/12/2024,2024-07-12,13:30:00
03/29/2024 05:30:00 PM,7.0,3,2,5,5,3,1,1,2,1,4,UNABLE TO DETERMINE,2,2,0.0,0.0,0.0,0.0,0.0,2.0,17,6,3,03/29/2024,2024-03-29,17:30:00
07/13/2024 04:00:00 PM,7.0,3,2,5,5,3,3,3,2,1,4,FAILING TO YIELD RIGHT-OF-WAY,2,2,0.0,0.0,0.0,0.0,0.0,3.0,16,7,7,07/13/2024,2024-07-13,16:00:00
05/13/2024 09:17:00 AM,5.0,3,2,6,5,3,3,3,3,1,4,UNABLE TO DETERMINE,2,3,1.0,0.0,0.0,0.0,1.0,1.0,9,2,5,05/13/2024,2024-05-13,09:17:00
02/16/2024 08:30:00 PM,7.0,6,5,6,5,3,4,3,3,1,4,UNABLE TO DETERMINE,2,2,0.0,0.0,0.0,0.0,0.0,2.0,20,6,2,02/16/2024,2024-02-16,20:30:00
06/30/2024 02:00:00 PM,5.0,3,2,6,5,3,3,3,3,1,4,DISREGARDING TRAFFIC SIGNALS,2,4,1.0,0.0,0.0,1.0,0.0,1.0,14,1,6,06/30/2024,2024-06-30,14:00:00
02/03/2024 10:00:00 AM,5.0,3,2,5,7,3,3,3,2,1,4,DISREGARDING TRAFFIC SIGNALS,2,2,0.0,0.0,0.0,0.0,0.0,2.0,10,7,2,02/03/2024,2024-02-03,10:00:00
03/15/2024 08:58:00 AM,5.0,3,2,5,5,3,3,3,3,1,4,UNABLE TO DETERMINE,2,4,1.0,0.0,0.0,1.0,0.0,2.0,8,6,3,03/15/2024,2024-03-15,08:58:00
02/08/2024 04:52:00 PM,5.0,3,2,13,6,3,3,3,3,1,4,DISREGARDING OTHER TRAFFIC SIGNS,2,6,1.0,1.0,0.0,0.0,0.0,1.0,16,5,2,02/08/2024,2024-02-08,16:52:00
01/20/2024 05:30:00 PM,7.0,3,4,4,6,3,4,3,2,1,4,FOLLOWING TOO CLOSELY,2,2,0.0,0.0,0.0,0.0,0.0,3.0,17,7,1,01/20/2024,2024-01-20,17:30:00
03/12/2024 08:46:00 AM,3.0,3,2,6,4,3,3,3,3,1,4,FAILING TO YIELD RIGHT-OF-WAY,2,2,0.0,0.0,0.0,0.0,0.0,2.0,8,3,3,03/12/2024,2024-03-12,08:46:00
07/14/2024 10:21:00 PM,5.0,5,5,6,5,3,4,3,3,1,4,IMPROPER TURNING/NO SIGNAL,2,4,2.0,0.0,0.0,2.0,0.0,0.0,22,1,7,07/14/2024,2024-07-14,22:21:00
06/28/2024 09:45:00 AM,5.0,3,2,4,14,3,3,3,2,1,4,FOLLOWING TOO CLOSELY,2,2,0.0,0.0,0.0,0.0,0.0,5.0,9,6,6,06/28/2024,2024-06-28,09:45:00
05/03/2024 08:00:00 AM,5.0,4,2,4,3,3,4,3,2,1,2,FOLLOWING TOO CLOSELY,2,2,0.0,0.0,0.0,0.0,0.0,2.0,8,6,5,05/03/2024,2024-05-03,08:00:00
06/22/2024 06:58:00 PM,3.0,3,2,5,7,3,3,3,2,1,3,IMPROPER OVERTAKING/PASSING,2,2,0.0,0.0,0.0,0.0,0.0,2.0,18,7,6,06/22/2024,2024-06-22,18:58:00
03/01/2024 01:40:00 PM,5.0,3,2,6,5,3,3,3,2,1,4,UNABLE TO DETERMINE,2,2,0.0,0.0,0.0,0.0,0.0,2.0,13,6,3,03/01/2024,2024-03-01,13:40:00
08/03/2024 02:40:00 PM,5.0,3,2,3,6,3,3,3,2,1,2,DRIVING SKILLS/KNOWLEDGE/EXPERIENCE,2,2,0.0,0.0,0.0,0.0,0.0,3.0,14,7,8,08/03/2024,2024-08-03,14:40:00
02/07/2024 01:50:00 PM,5.0,3,2,11,4,3,3,3,2,1,4,IMPROPER TURNING/NO SIGNAL,2,2,0.0,0.0,0.0,0.0,0.0,1.0,13,4,2,02/07/2024,2024-02-07,13:50:00
01/14/2024 05:33:00 PM,5.0,3,5,13,5,3,2,1,3,1,4,DISTRACTION - FROM OUTSIDE VEHICLE,2,4,1.0,0.0,0.0,1.0,0.0,1.0,17,1,1,01/14/2024,2024-01-14,17:33:00
04/25/2024 06:05:00 PM,5.0,3,2,5,5,3,3,3,2,1,4,DISREGARDING TRAFFIC SIGNALS,2,2,0.0,0.0,0.0,0.0,0.0,2.0,18,5,4,04/25/2024,2024-04-25,18:05:00
06/22/2024 06:00:00 PM,7.0,3,2,5,5,3,3,3,3,1,4,DISREGARDING STOP SIGN,2,3,1.0,0.0,0.0,0.0,1.0,3.0,18,7,6,06/22/2024,2024-06-22,18:00:00
01/26/2024 11:55:00 AM,5.0,5,2,6,5,3,4,3,2,1,4,IMPROPER OVERTAKING/PASSING,2,2,0.0,0.0,0.0,0.0,0.0,2.0,11,6,1,01/26/2024,2024-01-26,11:55:00
06/09/2024 08:00:00 PM,7.0,3,6,4,3,3,3,1,2,1,3,FAILING TO YIELD RIGHT-OF-WAY,2,2,0.0,0.0,0.0,0.0,0.0,2.0,20,1,6,06/09/2024,2024-06-09,20:00:00
04/19/2024 05:32:00 PM,5.0,3,2,6,5,3,3,3,2,1,3,FAILING TO YIELD RIGHT-OF-WAY,2,2,0.0,0.0,0.0,0.0,0.0,3.0,17,6,4,04/19/2024,2024-04-19,17:32:00
02/03/2024 02:50:00 PM,5.0,3,2,8,6,3,1,1,2,1,3,DRIVING SKILLS/KNOWLEDGE/EXPERIENCE,2,2,0.0,0.0,0.0,0.0,0.0,3.0,14,7,2,02/03/2024,2024-02-03,14:50:00
07/27/2024 07:30:00 PM,5.0,3,2,4,4,3,3,3,2,1,4,DISREGARDING TRAFFIC SIGNALS,2,2,0.0,0.0,0.0,0.0,0.0,2.0,19,7,7,07/27/2024,2024-07-27,19:30:00
04/01/2024 05:10:00 PM,7.0,5,4,5,5,3,4,1,3,1,4,FAILING TO YIELD RIGHT-OF-WAY,2,2,0.0,0.0,0.0,0.0,0.0,2.0,17,2,4,04/01/2024,2024-04-01,17:10:00
01/31/2024 08:05:00 PM,3.0,3,5,8,7,3,3,3,3,1,4,IMPROPER LANE USAGE,2,2,0.0,0.0,0.0,0.0,0.0,2.0,20,4,1,01/31/2024,2024-01-31,20:05:00
04/07/2024 12:27:00 AM,7.0,3,5,6,5,3,3,3,3,1,4,"OPERATING VEHICLE IN ERRATIC, RECKLESS, CARELESS, NEGLIGENT OR AGGRESSIVE MANNER",2,2,0.0,0.0,0.0,0.0,0.0,2.0,0,1,4,04/07/2024,2024-04-07,00:27:00
04/12/2024 07:51:00 PM,5.0,3,6,9,5,3,3,3,3,1,4,UNDER THE INFLUENCE OF ALCOHOL/DRUGS (USE WHEN ARREST IS EFFECTED),2,3,1.0,0.0,0.0,0.0,1.0,3.0,19,6,4,04/12/2024,2024-04-12,19:51:00
05/15/2024 03:10:00 PM,5.0,3,2,6,4,3,1,1,2,1,4,FAILING TO YIELD RIGHT-OF-WAY,2,2,0.0,0.0,0.0,0.0,0.0,2.0,15,4,5,05/15/2024,2024-05-15,15:10:00
05/10/2024 06:10:00 PM,7.0,3,2,5,7,3,3,3,2,1,4,UNABLE TO DETERMINE,2,2,0.0,0.0,0.0,0.0,0.0,3.0,18,6,5,05/10/2024,2024-05-10,18:10:00
07/10/2024 05:03:00 PM,7.0,3,2,5,6,3,3,3,2,1,4,NOT APPLICABLE,2,2,0.0,0.0,0.0,0.0,0.0,2.0,17,4,7,07/10/2024,2024-07-10,17:03:00
01/09/2024 03:44:00 PM,7.0,6,5,5,5,3,5,3,3,1,4,DISREGARDING STOP SIGN,2,2,0.0,0.0,0.0,0.0,0.0,2.0,15,3,1,01/09/2024,2024-01-09,15:44:00
03/23/2024 06:30:00 PM,5.0,3,2,6,5,3,1,3,2,1,4,FAILING TO YIELD RIGHT-OF-WAY,2,2,0.0,0.0,0.0,0.0,0.0,2.0,18,7,3,03/23/2024,2024-03-23,18:30:00
03/16/2024 02:00:00 AM,3.0,3,6,3,10,3,3,3,2,0,4,IMPROPER LANE USAGE,2,2,0.0,0.0,0.0,0.0,0.0,2.0,2,7,3,03/16/2024,2024-03-16,02:00:00
04/02/2024 11:47:00 AM,5.0,5,2,5,5,3,4,3,2,1,4,FAILING TO YIELD RIGHT-OF-WAY,2,2,0.0,0.0,0.0,0.0,0.0,4.0,11,3,4,04/02/2024,2024-04-02,11:47:00
03/04/2024 08:00:00 PM,5.0,3,5,6,5,3,3,1,2,1,4,UNABLE TO DETERMINE,2,2,0.0,0.0,0.0,0.0,0.0,2.0,20,2,3,03/04/2024,2024-03-04,20:00:00
03/11/2024 09:45:00 AM,5.0,3,2,6,6,3,1,1,2,1,3,UNABLE TO DETERMINE,2,2,0.0,0.0,0.0,0.0,0.0,2.0,9,2,3,03/11/2024,2024-03-11,09:45:00
08/04/2024 11:50:00 AM,5.0,3,2,4,5,3,3,3,2,1,4,FOLLOWING TOO CLOSELY,2,2,0.0,0.0,0.0,0.0,0.0,3.0,11,1,8,08/04/2024,2024-08-04,11:50:00
02/29/2024 04:43:00 PM,5.0,3,2,13,5,3,3,3,3,1,2,UNABLE TO DETERMINE,2,5,1.0,0.0,1.0,0.0,0.0,1.0,16,5,2,02/29/2024,2024-02-29,16:43:00
05/28/2024 04:58:00 PM,7.0,5,2,6,6,3,4,1,3,1,4,FAILING TO YIELD RIGHT-OF-WAY,2,2,0.0,0.0,0.0,0.0,0.0,2.0,16,3,5,05/28/2024,2024-05-28,16:58:00
06/30/2024 11:40:00 AM,7.0,3,2,4,6,3,3,3,2,1,2,DISTRACTION - FROM OUTSIDE VEHICLE,2,2,0.0,0.0,0.0,0.0,0.0,2.0,11,1,6,06/30/2024,2024-06-30,11:40:00
06/10/2024 01:40:00 PM,7.0,3,2,13,4,3,3,3,3,1,2,FAILING TO YIELD RIGHT-OF-WAY,2,4,1.0,0.0,0.0,1.0,0.0,1.0,13,2,6,06/10/2024,2024-06-10,13:40:00
03/26/2024 11:15:00 AM,3.0,3,2,4,12,3,1,1,2,1,3,UNABLE TO DETERMINE,2,2,0.0,0.0,0.0,0.0,0.0,2.0,11,3,3,03/26/2024,2024-03-26,11:15:00
01/17/2024 08:30:00 PM,5.0,3,5,6,5,3,3,3,3,1,4,FAILING TO YIELD RIGHT-OF-WAY,2,4,1.0,0.0,0.0,1.0,0.0,3.0,20,4,1,01/17/2024,2024-01-17,20:30:00
03/30/2024 08:00:00 AM,5.0,3,2,5,6,3,4,3,3,1,4,UNABLE TO DETERMINE,2,2,0.0,0.0,0.0,0.0,0.0,2.0,8,7,3,03/30/2024,2024-03-30,08:00:00
05/22/2024 08:58:00 AM,5.0,3,2,6,4,3,3,3,2,1,4,UNABLE TO DETERMINE,2,2,0.0,0.0,0.0,0.0,0.0,2.0,8,4,5,05/22/2024,2024-05-22,08:58:00
07/31/2024 09:21:00 AM,5.0,3,2,13,6,3,3,3,3,1,3,FAILING TO YIELD RIGHT-OF-WAY,2,4,2.0,0.0,0.0,2.0,0.0,0.0,9,4,7,07/31/2024,2024-07-31,09:21:00
02/09/2024 11:40:00 AM,5.0,3,2,13,14,3,3,3,3,1,4,UNABLE TO DETERMINE,2,5,1.0,0.0,1.0,0.0,0.0,1.0,11,6,2,02/09/2024,2024-02-09,11:40:00
06/09/2024 05:15:00 PM,5.0,3,2,3,5,3,3,3,3,1,2,IMPROPER TURNING/NO SIGNAL,2,2,0.0,0.0,0.0,0.0,0.0,4.0,17,1,6,06/09/2024,2024-06-09,17:15:00
02/01/2024 06:55:00 AM,5.0,4,2,9,7,3,3,1,2,1,2,EQUIPMENT - VEHICLE CONDITION,2,2,0.0,0.0,0.0,0.0,0.0,2.0,6,5,2,02/01/2024,2024-02-01,06:55:00
06/28/2024 04:39:00 PM,7.0,5,2,6,4,3,4,3,3,1,4,FAILING TO YIELD RIGHT-OF-WAY,2,2,0.0,0.0,0.0,0.0,0.0,2.0,16,6,6,06/28/2024,2024-06-28,16:39:00
06/01/2024 08:29:00 PM,7.0,5,5,13,6,3,4,3,3,1,2,FAILING TO YIELD RIGHT-OF-WAY,2,4,1.0,0.0,0.0,1.0,0.0,1.0,20,7,6,06/01/2024,2024-06-01,20:29:00
04/08/2024 07:38:00 AM,7.0,3,2,5,5,3,3,3,2,1,4,FAILING TO YIELD RIGHT-OF-WAY,2,2,0.0,0.0,0.0,0.0,0.0,2.0,7,2,4,04/08/2024,2024-04-08,07:38:00
05/07/2024 10:00:00 AM,5.0,3,2,6,4,3,1,1,2,0,4,NOT APPLICABLE,2,2,0.0,0.0,0.0,0.0,0.0,2.0,10,3,5,05/07/2024,2024-05-07,10:00:00
07/18/2024 01:30:00 PM,3.0,3,2,4,7,3,3,3,3,1,4,FOLLOWING TOO CLOSELY,2,3,2.0,0.0,0.0,0.0,2.0,0.0,13,5,7,07/18/2024,2024-07-18,13:30:00
07/05/2024 09:45:00 AM,5.0,3,2,6,6,3,3,3,2,1,3,IMPROPER TURNING/NO SIGNAL,2,2,0.0,0.0,0.0,0.0,0.0,2.0,9,6,7,07/05/2024,2024-07-05,09:45:00
07/17/2024 11:00:00 AM,5.0,3,2,4,5,3,3,3,3,1,4,FOLLOWING TOO CLOSELY,2,4,2.0,0.0,0.0,2.0,0.0,0.0,11,4,7,07/17/2024,2024-07-17,11:00:00
02/25/2024 01:50:00 PM,5.0,3,2,6,5,3,3,3,3,1,4,IMPROPER TURNING/NO SIGNAL,2,2,0.0,0.0,0.0,0.0,0.0,2.0,13,1,2,02/25/2024,2024-02-25,13:50:00
07/20/2024 07:30:00 PM,5.0,3,4,6,5,3,1,1,2,1,4,IMPROPER TURNING/NO SIGNAL,2,2,0.0,0.0,0.0,0.0,0.0,2.0,19,7,7,07/20/2024,2024-07-20,19:30:00
04/26/2024 09:16:00 AM,7.0,3,2,5,5,3,3,1,3,1,4,FAILING TO YIELD RIGHT-OF-WAY,2,2,0.0,0.0,0.0,0.0,0.0,2.0,9,6,4,04/26/2024,2024-04-26,09:16:00
02/12/2024 05:20:00 PM,5.0,3,2,4,5,3,3,3,2,1,4,UNABLE TO DETERMINE,2,2,0.0,0.0,0.0,0.0,0.0,2.0,17,2,2,02/12/2024,2024-02-12,17:20:00
02/21/2024 09:33:00 AM,5.0,3,2,5,5,3,3,3,3,1,4,DISREGARDING TRAFFIC SIGNALS,2,2,0.0,0.0,0.0,0.0,0.0,3.0,9,4,2,02/21/2024,2024-02-21,09:33:00
07/21/2024 05:38:00 AM,1.0,3,2,13,2,3,1,1,3,1,4,UNABLE TO DETERMINE,2,5,1.0,0.0,1.0,0.0,0.0,1.0,5,1,7,07/21/2024,2024-07-21,05:38:00
05/12/2024 03:05:00 PM,7.0,3,2,6,7,3,1,1,2,1,4,UNABLE TO DETERMINE,2,2,0.0,0.0,0.0,0.0,0.0,4.0,15,1,5,05/12/2024,2024-05-12,15:05:00
06/21/2024 03:55:00 PM,5.0,3,2,4,4,3,3,3,2,1,3,FOLLOWING TOO CLOSELY,2,2,0.0,0.0,0.0,0.0,0.0,2.0,15,6,6,06/21/2024,2024-06-21,15:55:00
05/20/2024 12:29:00 AM,5.0,3,5,6,3,3,3,3,3,1,4,UNABLE TO DETERMINE,2,4,1.0,0.0,0.0,1.0,0.0,2.0,0,2,5,05/20/2024,2024-05-20,00:29:00
01/09/2024 04:45:00 PM,5.0,8,4,13,5,3,5,3,3,1,4,FAILING TO YIELD RIGHT-OF-WAY,2,4,1.0,0.0,0.0,1.0,0.0,1.0,16,3,1,01/09/2024,2024-01-09,16:45:00
04/28/2024 04:20:00 PM,7.0,3,2,5,4,3,1,1,2,1,4,UNABLE TO DETERMINE,2,2,0.0,0.0,0.0,0.0,0.0,3.0,16,1,4,04/28/2024,2024-04-28,16:20:00
08/08/2024 06:10:00 PM,5.0,3,2,3,4,3,3,3,2,0,4,DRIVING SKILLS/KNOWLEDGE/EXPERIENCE,2,2,0.0,0.0,0.0,0.0,0.0,2.0,18,5,8,08/08/2024,2024-08-08,18:10:00
05/15/2024 10:45:00 AM,7.0,3,2,5,5,3,3,3,3,1,4,FAILING TO YIELD RIGHT-OF-WAY,2,2,0.0,0.0,0.0,0.0,0.0,2.0,10,4,5,05/15/2024,2024-05-15,10:45:00
02/14/2024 08:00:00 AM,5.0,3,2,4,3,3,3,3,3,1,4,FOLLOWING TOO CLOSELY,2,3,1.0,0.0,0.0,0.0,1.0,2.0,8,4,2,02/14/2024,2024-02-14,08:00:00
01/01/2024 11:40:00 PM,5.0,3,5,5,5,3,3,3,2,1,4,DISREGARDING OTHER TRAFFIC SIGNS,2,2,0.0,0.0,0.0,0.0,0.0,3.0,23,2,1,01/01/2024,2024-01-01,23:40:00
07/02/2024 06:25:00 PM,7.0,3,2,14,7,3,3,3,3,1,2,"VISION OBSCURED (SIGNS, TREE LIMBS, BUILDINGS, ETC.)",2,4,1.0,0.0,0.0,1.0,0.0,1.0,18,3,7,07/02/2024,2024-07-02,18:25:00
07/07/2024 12:00:00 PM,5.0,3,2,4,6,3,3,3,2,1,4,FOLLOWING TOO CLOSELY,2,2,0.0,0.0,0.0,0.0,0.0,2.0,12,1,7,07/07/2024,2024-07-07,12:00:00
01/16/2024 01:27:00 PM,5.0,3,2,5,5,3,6,3,3,1,3,DISREGARDING TRAFFIC SIGNALS,2,3,1.0,0.0,0.0,0.0,1.0,2.0,13,3,1,01/16/2024,2024-01-16,13:27:00
07/31/2024 10:00:00 AM,7.0,3,2,6,5,3,1,1,2,1,4,FOLLOWING TOO CLOSELY,2,2,0.0,0.0,0.0,0.0,0.0,2.0,10,4,7,07/31/2024,2024-07-31,10:00:00
04/30/2024 12:10:00 PM,5.0,3,2,4,6,3,3,1,3,1,3,UNABLE TO DETERMINE,2,4,1.0,0.0,0.0,1.0,0.0,1.0,12,3,4,04/30/2024,2024-04-30,12:10:00
02/17/2024 12:19:00 PM,7.0,3,2,5,5,3,1,1,3,1,4,UNABLE TO DETERMINE,2,2,0.0,0.0,0.0,0.0,0.0,5.0,12,7,2,02/17/2024,2024-02-17,12:19:00
05/05/2024 09:30:00 AM,10.0,3,2,7,6,3,3,1,2,1,2,UNABLE TO DETERMINE,2,2,0.0,0.0,0.0,0.0,0.0,2.0,9,1,5,05/05/2024,2024-05-05,09:30:00
05/23/2024 03:24:00 PM,5.0,3,2,3,6,3,3,3,2,0,4,IMPROPER TURNING/NO SIGNAL,2,2,0.0,0.0,0.0,0.0,0.0,2.0,15,5,5,05/23/2024,2024-05-23,15:24:00
07/03/2024 03:40:00 PM,5.0,3,2,4,6,3,1,1,2,1,4,FAILING TO REDUCE SPEED TO AVOID CRASH,2,2,0.0,0.0,0.0,0.0,0.0,2.0,15,4,7,07/03/2024,2024-07-03,15:40:00
07/17/2024 01:01:00 PM,7.0,3,2,6,1,3,3,3,3,1,4,FAILING TO YIELD RIGHT-OF-WAY,2,2,0.0,0.0,0.0,0.0,0.0,2.0,13,4,7,07/17/2024,2024-07-17,13:01:00
05/10/2024 01:57:00 PM,5.0,3,2,3,4,3,3,1,2,1,4,FAILING TO REDUCE SPEED TO AVOID CRASH,2,2,0.0,0.0,0.0,0.0,0.0,2.0,13,6,5,05/10/2024,2024-05-10,13:57:00
01/14/2024 02:00:00 PM,5.0,10,2,6,5,3,3,7,2,1,4,UNABLE TO DETERMINE,2,2,0.0,0.0,0.0,0.0,0.0,2.0,14,1,1,01/14/2024,2024-01-14,14:00:00
06/29/2024 09:00:00 PM,5.0,3,5,3,6,3,3,2,2,1,4,ROAD CONSTRUCTION/MAINTENANCE,2,2,0.0,0.0,0.0,0.0,0.0,2.0,21,7,6,06/29/2024,2024-06-29,21:00:00
07/23/2024 08:34:00 AM,5.0,3,2,4,3,3,3,3,3,1,4,FOLLOWING TOO CLOSELY,2,3,1.0,0.0,0.0,0.0,1.0,1.0,8,3,7,07/23/2024,2024-07-23,08:34:00
02/13/2024 08:06:00 AM,5.0,3,2,4,4,3,1,1,2,1,4,UNABLE TO DETERMINE,2,2,0.0,0.0,0.0,0.0,0.0,2.0,8,3,2,02/13/2024,2024-02-13,08:06:00
06/28/2024 09:06:00 AM,1.0,3,2,3,7,3,1,1,2,0,4,UNABLE TO DETERMINE,2,2,0.0,0.0,0.0,0.0,0.0,2.0,9,6,6,06/28/2024,2024-06-28,09:06:00