crash_date,traffic_control_device,weather_condition,lighting_condition,first_crash_type,trafficway_type,alignment,roadway_surface_cond,road_defect,crash_type,intersection_related_i,damage,prim_contributory_cause,num_units,most_severe_injury,injuries_total,injuries_fatal,injuries_incapacitating,injuries_non_incapacitating,injuries_reported_not_evident,injuries_no_indication,crash_hour,crash_day_of_week,crash_month,parsed_datetime,date,time
03/08/2024 09:46:00 AM,5.0,5,2,7,5,3,4,3,3,1,4,FAILING TO YIELD RIGHT-OF-WAY,2,4,2.0,0.0,0.0,2.0,0.0,1.0,9,6,3,03/08/2024,2024-03-08,09:46:00
06/30/2024 09:22:00 PM,3.0,3,6,6,5,3,1,1,3,1,4,FAILING TO YIELD RIGHT-OF-WAY,2,4,1.0,0.0,0.0,1.0,0.0,4.0,21,1,6,06/30/2024,2024-06-30,21:22:00
04/09/2024 06:42:00 PM,3.0,3,4,6,5,3,3,1,3,1,4,UNABLE TO DETERMINE,2,2,0.0,0.0,0.0,0.0,0.0,5.0,18,3,4,04/09/2024,2024-04-09,18:42:00
04/12/2024 03:35:00 PM,3.0,3,2,6,6,3,3,1,2,1,4,UNABLE TO DETERMINE,2,2,0.0,0.0,0.0,0.0,0.0,2.0,15,6,4,04/12/2024,2024-04-12,15:35:00
06/14/2024 12:20:00 PM,7.0,3,2,4,4,3,3,3,2,1,4,UNABLE TO DETERMINE,2,2,0.0,0.0,0.0,0.0,0.0,2.0,12,6,6,06/14/2024,2024-06-14,12:20:00
05/15/2024 10:10:00 AM,5.0,3,2,5,5,3,3,3,3,1,4,DISREGARDING TRAFFIC SIGNALS,2,2,0.0,0.0,0.0,0.0,0.0,2.0,10,4,5,05/15/2024,2024-05-15,10:10:00
01/25/2024 08:30:00 AM,5.0,5,2,3,5,3,4,3,2,1,3,UNABLE TO DETERMINE,2,2,0.0,0.0,0.0,0.0,0.0,2.0,8,5,1,01/25/2024,2024-01-25,08:30:00
04/05/2024 02:45:00 PM,7.0,3,2,6,5,3,3,1,2,1,4,UNABLE TO DETERMINE,2,2,0.0,0.0,0.0,0.0,0.0,2.0,14,6,4,04/05/2024,2024-04-05,14:45:00
08/07/2024 04:18:00 PM,5.0,3,4,5,7,3,3,1,2,1,4,FAILING TO YIELD RIGHT-OF-WAY,2,2,0.0,0.0,0.0,0.0,0.0,3.0,16,4,8,08/07/2024,2024-08-07,16:18:00
04/30/2024 09:00:00 AM,5.0,3,2,4,4,3,3,3,2,0,4,FOLLOWING TOO CLOSELY,2,2,0.0,0.0,0.0,0.0,0.0,2.0,9,3,4,04/30/2024,2024-04-30,09:00:00
05/21/2024 06:50:00 PM,5.0,3,2,4,4,3,3,3,2,1,4,UNABLE TO DETERMINE,2,2,0.0,0.0,0.0,0.0,0.0,2.0,18,3,5,05/21/2024,2024-05-21,18:50:00
01/28/2024 11:14:00 PM,5.0,3,5,6,6,3,3,1,3,1,4,IMPROPER TURNING/NO SIGNAL,2,3,1.0,0.0,0.0,0.0,1.0,1.0,23,1,1,01/28/2024,2024-01-28,23:14:00
06/20/2024 03:40:00 PM,3.0,3,2,14,5,3,3,3,3,1,4,UNABLE TO DETERMINE,2,4,1.0,0.0,0.0,1.0,0.0,1.0,15,5,6,06/20/2024,2024-06-20,15:40:00
04/17/2024 08:10:00 AM,5.0,3,2,4,5,3,3,3,3,1,3,FOLLOWING TOO CLOSELY,2,2,0.0,0.0,0.0,0.0,0.0,3.0,8,4,4,04/17/2024,2024-04-17,08:10:00
02/21/2024 09:25:00 AM,5.0,3,2,6,5,3,3,3,3,1,4,FAILING TO YIELD RIGHT-OF-WAY,2,5,1.0,0.0,1.0,0.0,0.0,2.0,9,4,2,02/21/2024,2024-02-21,09:25:00
04/04/2024 01:30:00 PM,5.0,3,2,5,5,3,3,1,2,1,4,DISREGARDING TRAFFIC SIGNALS,2,2,0.0,0.0,0.0,0.0,0.0,2.0,13,5,4,04/04/2024,2024-04-04,13:30:00
07/08/2024 10:30:00 AM,1.0,3,2,4,5,3,3,3,2,1,3,FAILING TO REDUCE SPEED TO AVOID CRASH,2,2,0.0,0.0,0.0,0.0,0.0,2.0,10,2,7,07/08/2024,2024-07-08,10:30:00
06/21/2024 07:16:00 AM,5.0,3,2,3,7,3,3,3,2,1,4,UNABLE TO DETERMINE,2,2,0.0,0.0,0.0,0.0,0.0,4.0,7,6,6,06/21/2024,2024-06-21,07:16:00
07/14/2024 11:45:00 PM,5.0,5,6,6,5,3,4,3,3,1,4,UNABLE TO DETERMINE,2,4,1.0,0.0,0.0,1.0,0.0,2.0,23,1,7,07/14/2024,2024-07-14,23:45:00
02/09/2024 09:45:00 AM,7.0,3,2,5,5,3,1,1,2,1,3,UNABLE TO DETERMINE,2,2,0.0,0.0,0.0,0.0,0.0,4.0,9,6,2,02/09/2024,2024-02-09,09:45:00
06/02/2024 02:30:00 PM,5.0,3,2,4,5,3,3,7,2,1,3,IMPROPER BACKING,2,2,0.0,0.0,0.0,0.0,0.0,3.0,14,1,6,06/02/2024,2024-06-02,14:30:00
06/27/2024 07:25:00 AM,7.0,3,2,14,5,3,3,3,3,1,2,UNABLE TO DETERMINE,2,3,1.0,0.0,0.0,0.0,1.0,1.0,7,5,6,06/27/2024,2024-06-27,07:25:00
07/25/2024 10:20:00 AM,9.0,3,2,6,7,3,3,3,2,0,4,IMPROPER TURNING/NO SIGNAL,2,2,0.0,0.0,0.0,0.0,0.0,2.0,10,5,7,07/25/2024,2024-07-25,10:20:00
02/23/2024 07:00:00 PM,5.0,6,5,4,5,3,4,3,3,1,4,UNABLE TO DETERMINE,2,3,1.0,0.0,0.0,0.0,1.0,1.0,19,6,2,02/23/2024,2024-02-23,19:00:00
01/22/2024 08:47:00 PM,5.0,5,5,5,5,3,4,3,2,1,4,DISREGARDING TRAFFIC SIGNALS,2,2,0.0,0.0,0.0,0.0,0.0,2.0,20,2,1,01/22/2024,2024-01-22,20:47:00
07/16/2024 02:30:00 PM,7.0,3,2,5,6,3,1,1,3,1,3,UNABLE TO DETERMINE,2,3,1.0,0.0,0.0,0.0,1.0,2.0,14,3,7,07/16/2024,2024-07-16,14:30:00
06/27/2024 02:30:00 PM,5.0,3,2,6,6,3,3,1,2,1,4,FAILING TO YIELD RIGHT-OF-WAY,2,2,0.0,0.0,0.0,0.0,0.0,2.0,14,5,6,06/27/2024,2024-06-27,14:30:00
03/12/2024 03:56:00 PM,7.0,3,2,3,6,3,3,3,3,1,3,DRIVING SKILLS/KNOWLEDGE/EXPERIENCE,2,4,1.0,0.0,0.0,1.0,0.0,1.0,15,3,3,03/12/2024,2024-03-12,15:56:00
06/14/2024 01:10:00 AM,7.0,3,5,4,5,3,3,3,2,1,4,FOLLOWING TOO CLOSELY,2,2,0.0,0.0,0.0,0.0,0.0,2.0,1,6,6,06/14/2024,2024-06-14,01:10:00
04/12/2024 07:38:00 PM,7.0,3,4,6,6,3,3,3,3,1,4,FAILING TO YIELD RIGHT-OF-WAY,2,4,2.0,0.0,0.0,2.0,0.0,0.0,19,6,4,04/12/2024,2024-04-12,19:38:00
02/12/2024 05:30:00 PM,3.0,3,5,6,7,3,3,1,3,1,4,UNABLE TO DETERMINE,2,3,1.0,0.0,0.0,0.0,1.0,5.0,17,2,2,02/12/2024,2024-02-12,17:30:00
05/27/2024 03:30:00 PM,7.0,3,2,5,5,3,4,3,2,1,4,FAILING TO YIELD RIGHT-OF-WAY,2,2,0.0,0.0,0.0,0.0,0.0,2.0,15,2,5,05/27/2024,2024-05-27,15:30:00
04/23/2024 07:40:00 AM,5.0,3,2,4,5,3,3,3,2,1,4,UNABLE TO DETERMINE,2,2,0.0,0.0,0.0,0.0,0.0,2.0,7,3,4,04/23/2024,2024-04-23,07:40:00
02/07/2024 07:30:00 PM,3.0,3,5,6,4,3,3,3,2,1,4,IMPROPER TURNING/NO SIGNAL,2,2,0.0,0.0,0.0,0.0,0.0,3.0,19,4,2,02/07/2024,2024-02-07,19:30:00
05/14/2024 06:10:00 AM,7.0,3,2,7,5,3,3,1,2,1,4,UNABLE TO DETERMINE,2,2,0.0,0.0,0.0,0.0,0.0,3.0,6,3,5,05/14/2024,2024-05-14,06:10:00
04/07/2024 01:50:00 PM,5.0,5,2,6,6,3,4,3,2,1,4,IMPROPER TURNING/NO SIGNAL,2,2,0.0,0.0,0.0,0.0,0.0,2.0,13,1,4,04/07/2024,2024-04-07,13:50:00
05/09/2024 04:30:00 PM,5.0,5,3,4,5,3,4,1,2,1,4,FOLLOWING TOO CLOSELY,2,2,0.0,0.0,0.0,0.0,0.0,2.0,16,5,5,05/09/2024,2024-05-09,16:30:00
07/27/2024 01:34:00 AM,5.0,3,5,4,4,3,3,1,2,1,4,FOLLOWING TOO CLOSELY,2,2,0.0,0.0,0.0,0.0,0.0,3.0,1,7,7,07/27/2024,2024-07-27,01:34:00
06/03/2024 07:50:00 AM,5.0,3,2,13,6,3,3,3,3,1,2,UNABLE TO DETERMINE,2,4,1.0,0.0,0.0,1.0,0.0,1.0,7,2,6,06/03/2024,2024-06-03,07:50:00
04/08/2024 04:40:00 PM,5.0,3,2,6,5,3,3,3,3,1,4,FAILING TO REDUCE SPEED TO AVOID CRASH,2,2,0.0,0.0,0.0,0.0,0.0,2.0,16,2,4,04/08/2024,2024-04-08,16:40:00
05/11/2024 02:00:00 PM,3.0,3,2,4,6,3,3,3,3,0,4,UNABLE TO DETERMINE,2,2,0.0,0.0,0.0,0.0,0.0,3.0,14,7,5,05/11/2024,2024-05-11,14:00:00
07/16/2024 10:30:00 AM,3.0,3,2,6,6,3,3,3,2,1,4,UNABLE TO DETERMINE,2,2,0.0,0.0,0.0,0.0,0.0,2.0,10,3,7,07/16/2024,2024-07-16,10:30:00
05/31/2024 11:15:00 AM,5.0,3,2,4,5,3,3,1,2,1,4,FOLLOWING TOO CLOSELY,2,2,0.0,0.0,0.0,0.0,0.0,3.0,11,6,5,05/31/2024,2024-05-31,11:15:00
05/03/2024 07:18:00 PM,7.0,3,2,5,6,3,3,3,2,1,4,NOT APPLICABLE,2,2,0.0,0.0,0.0,0.0,0.0,2.0,19,6,5,05/03/2024,2024-05-03,19:18:00
07/07/2024 12:20:00 AM,5.0,3,5,4,5,3,3,3,2,1,3,FOLLOWING TOO CLOSELY,2,2,0.0,0.0,0.0,0.0,0.0,3.0,0,1,7,07/07/2024,2024-07-07,00:20:00
03/29/2024 08:12:00 PM,5.0,2,6,6,5,3,1,1,3,1,4,IMPROPER OVERTAKING/PASSING,2,2,0.0,0.0,0.0,0.0,0.0,5.0,20,6,3,03/29/2024,2024-03-29,20:12:00
02/23/2024 04:25:00 PM,5.0,3,2,4,6,3,1,2,2,1,4,FOLLOWING TOO CLOSELY,2,2,0.0,0.0,0.0,0.0,0.0,2.0,16,6,2,02/23/2024,2024-02-23,16:25:00
03/05/2024 09:40:00 AM,5.0,3,2,3,5,3,3,1,3,1,4,UNABLE TO DETERMINE,2,2,0.0,0.0,0.0,0.0,0.0,2.0,9,3,3,03/05/2024,2024-03-05,09:40:00
06/05/2024 04:10:00 PM,3.0,3,2,11,7,3,3,3,2,1,4,IMPROPER TURNING/NO SIGNAL,2,2,0.0,0.0,0.0,0.0,0.0,4.0,16,4,6,06/05/2024,2024-06-05,16:10:00
05/16/2024 04:00:00 PM,5.0,3,2,5,6,3,3,1,2,1,3,DISREGARDING TRAFFIC SIGNALS,2,2,0.0,0.0,0.0,0.0,0.0,2.0,16,5,5,05/16/2024,2024-05-16,16:00:00
05/08/2024 05:18:00 PM,7.0,3,2,6,5,3,3,3,2,1,3,"OPERATING VEHICLE IN ERRATIC, RECKLESS, CARELESS, NEGLIGENT OR AGGRESSIVE MANNER",2,2,0.0,0.0,0.0,0.0,0.0,2.0,17,4,5,05/08/2024,2024-05-08,17:18:00
03/26/2024 01:25:00 PM,3.0,4,2,11,10,3,4,3,2,0,4,IMPROPER OVERTAKING/PASSING,2,2,0.0,0.0,0.0,0.0,0.0,1.0,13,3,3,03/26/2024,2024-03-26,13:25:00
05/25/2024 08:29:00 PM,5.0,3,5,6,5,3,3,3,2,1,2,FAILING TO YIELD RIGHT-OF-WAY,2,2,0.0,0.0,0.0,0.0,0.0,2.0,20,7,5,05/25/2024,2024-05-25,20:29:00
01/24/2024 09:45:00 AM,3.0,5,2,5,4,3,4,3,3,1,3,FAILING TO YIELD RIGHT-OF-WAY,2,2,0.0,0.0,0.0,0.0,0.0,3.0,9,4,1,01/24/2024,2024-01-24,09:45:00
04/11/2024 09:53:00 PM,7.0,3,5,11,5,3,3,3,2,1,4,"OPERATING VEHICLE IN ERRATIC, RECKLESS, CARELESS, NEGLIGENT OR AGGRESSIVE MANNER",2,2,0.0,0.0,0.0,0.0,0.0,3.0,21,5,4,04/11/2024,2024-04-11,21:53:00
05/16/2024 11:30:00 AM,5.0,3,2,4,6,3,1,1,2,1,2,UNABLE TO DETERMINE,2,2,0.0,0.0,0.0,0.0,0.0,4.0,11,5,5,05/16/2024,2024-05-16,11:30:00
07/11/2024 02:55:00 AM,5.0,3,5,6,4,3,3,1,2,1,3,IMPROPER TURNING/NO SIGNAL,2,2,0.0,0.0,0.0,0.0,0.0,4.0,2,5,7,07/11/2024,2024-07-11,02:55:00
06/12/2024 05:23:00 PM,7.0,3,2,14,5,3,3,3,2,1,4,UNABLE TO DETERMINE,2,2,0.0,0.0,0.0,0.0,0.0,2.0,17,4,6,06/12/2024,2024-06-12,17:23:00
02/23/2024 05:00:00 PM,3.0,3,3,4,5,3,3,3,2,1,3,UNABLE TO DETERMINE,2,2,0.0,0.0,0.0,0.0,0.0,2.0,17,6,2,02/23/2024,2024-02-23,17:00:00
05/24/2024 02:15:00 PM,5.0,3,2,6,6,3,3,3,2,1,4,IMPROPER OVERTAKING/PASSING,2,2,0.0,0.0,0.0,0.0,0.0,2.0,14,6,5,05/24/2024,2024-05-24,14:15:00
05/05/2024 02:57:00 AM,3.0,3,5,4,10,3,3,3,2,1,4,UNABLE TO DETERMINE,2,2,0.0,0.0,0.0,0.0,0.0,2.0,2,1,5,05/05/2024,2024-05-05,02:57:00
06/22/2024 08:56:00 AM,5.0,3,2,4,5,3,1,1,2,1,3,UNABLE TO DETERMINE,2,2,0.0,0.0,0.0,0.0,0.0,2.0,8,7,6,06/22/2024,2024-06-22,08:56:00
05/07/2024 09:49:00 PM,5.0,3,5,3,5,3,4,1,3,1,4,IMPROPER OVERTAKING/PASSING,2,2,0.0,0.0,0.0,0.0,0.0,5.0,21,3,5,05/07/2024,2024-05-07,21:49:00
01/15/2024 10:21:00 PM,3.0,6,5,5,6,3,4,3,3,1,4,UNABLE TO DETERMINE,2,2,0.0,0.0,0.0,0.0,0.0,4.0,22,2,1,01/15/2024,2024-01-15,22:21:00
03/02/2024 06:45:00 AM,5.0,3,2,6,9,3,3,3,3,1,4,FAILING TO YIELD RIGHT-OF-WAY,2,3,2.0,0.0,0.0,0.0,2.0,0.0,6,7,3,03/02/2024,2024-03-02,06:45:00
04/13/2024 08:35:00 PM,3.0,3,6,5,5,3,3,3,3,1,4,FAILING TO YIELD RIGHT-OF-WAY,2,2,0.0,0.0,0.0,0.0,0.0,2.0,20,7,4,04/13/2024,2024-04-13,20:35:00
01/13/2024 05:01:00 AM,5.0,6,5,5,5,3,5,1,3,1,4,DISREGARDING TRAFFIC SIGNALS,2,3,1.0,0.0,0.0,0.0,1.0,1.0,5,7,1,01/13/2024,2024-01-13,05:01:00
07/31/2024 06:35:00 PM,5.0,3,2,5,5,3,3,3,3,1,4,DISREGARDING TRAFFIC SIGNALS,2,2,0.0,0.0,0.0,0.0,0.0,3.0,18,4,7,07/31/2024,2024-07-31,18:35:00
04/15/2024 09:38:00 PM,5.0,3,5,4,7,6,3,3,2,1,4,FOLLOWING TOO CLOSELY,2,2,0.0,0.0,0.0,0.0,0.0,2.0,21,2,4,04/15/2024,2024-04-15,21:38:00
04/24/2024 11:58:00 PM,7.0,3,2,11,5,3,1,1,3,1,4,UNABLE TO DETERMINE,2,2,0.0,0.0,0.0,0.0,0.0,1.0,23,4,4,04/24/2024,2024-04-24,23:58:00
06/15/2024 06:07:00 AM,5.0,3,3,3,5,3,3,3,2,1,4,IMPROPER OVERTAKING/PASSING,2,2,0.0,0.0,0.0,0.0,0.0,2.0,6,7,6,06/15/2024,2024-06-15,06:07:00
05/17/2024 03:22:00 PM,7.0,3,2,5,5,3,3,3,3,1,4,FAILING TO YIELD RIGHT-OF-WAY,2,2,0.0,0.0,0.0,0.0,0.0,2.0,15,6,5,05/17/2024,2024-05-17,15:22:00
07/16/2024 02:25:00 PM,5.0,3,2,5,5,3,3,3,2,1,4,DISREGARDING TRAFFIC SIGNALS,2,2,0.0,0.0,0.0,0.0,0.0,2.0,14,3,7,07/16/2024,2024-07-16,14:25:00
03/21/2024 05:28:00 PM,5.0,3,2,6,10,3,3,3,3,1,4,IMPROPER TURNING/NO SIGNAL,2,3,1.0,0.0,0.0,0.0,1.0,4.0,17,5,3,03/21/2024,2024-03-21,17:28:00
05/20/2024 03:13:00 PM,3.0,3,2,5,2,3,3,1,2,1,4,UNABLE TO DETERMINE,2,2,0.0,0.0,0.0,0.0,0.0,2.0,15,2,5,05/20/2024,2024-05-20,15:13:00
01/31/2024 02:30:00 PM,5.0,3,2,3,3,3,3,1,2,1,4,DRIVING SKILLS/KNOWLEDGE/EXPERIENCE,2,2,0.0,0.0,0.0,0.0,0.0,2.0,14,4,1,01/31/2024,2024-01-31,14:30:00
05/18/2024 10:20:00 PM,5.0,3,5,6,4,3,3,3,3,0,4,IMPROPER TURNING/NO SIGNAL,2,3,1.0,0.0,0.0,0.0,1.0,1.0,22,7,5,05/18/2024,2024-05-18,22:20:00
05/11/2024 01:50:00 PM,5.0,3,2,13,10,3,3,3,3,1,4,FAILING TO YIELD RIGHT-OF-WAY,2,4,1.0,0.0,0.0,1.0,0.0,1.0,13,7,5,05/11/2024,2024-05-11,13:50:00
06/04/2024 11:29:00 AM,7.0,3,2,5,5,3,3,3,3,1,4,DISTRACTION - FROM INSIDE VEHICLE,2,4,2.0,0.0,0.0,1.0,1.0,0.0,11,3,6,06/04/2024,2024-06-04,11:29:00
06/06/2024 07:59:00 PM,3.0,3,2,3,6,3,3,3,2,1,4,UNABLE TO DETERMINE,2,2,0.0,0.0,0.0,0.0,0.0,2.0,19,5,6,06/06/2024,2024-06-06,19:59:00
07/14/2024 12:00:00 AM,7.0,5,6,6,1,3,4,1,3,1,4,"OPERATING VEHICLE IN ERRATIC, RECKLESS, CARELESS, NEGLIGENT OR AGGRESSIVE MANNER",2,4,2.0,0.0,0.0,2.0,0.0,0.0,0,1,7,07/14/2024,2024-07-14,00:00:00
08/03/2024 11:20:00 AM,5.0,3,2,3,6,3,3,3,2,1,2,DRIVING SKILLS/KNOWLEDGE/EXPERIENCE,2,2,0.0,0.0,0.0,0.0,0.0,2.0,11,7,8,08/03/2024,2024-08-03,11:20:00
01/31/2024 11:00:00 AM,7.0,3,2,6,10,3,3,3,2,1,3,UNABLE TO DETERMINE,2,2,0.0,0.0,0.0,0.0,0.0,2.0,11,4,1,01/31/2024,2024-01-31,11:00:00
07/01/2024 02:26:00 PM,5.0,3,2,6,6,3,1,1,2,1,4,IMPROPER LANE USAGE,2,2,0.0,0.0,0.0,0.0,0.0,2.0,14,2,7,07/01/2024,2024-07-01,14:26:00
02/05/2024 07:30:00 PM,7.0,3,5,6,7,3,3,1,2,1,4,FAILING TO YIELD RIGHT-OF-WAY,2,2,0.0,0.0,0.0,0.0,0.0,2.0,19,2,2,02/05/2024,2024-02-05,19:30:00
08/11/2024 10:15:00 PM,5.0,3,6,6,10,3,3,3,2,1,4,UNABLE TO DETERMINE,2,2,0.0,0.0,0.0,0.0,0.0,3.0,22,1,8,08/11/2024,2024-08-11,22:15:00
05/11/2024 02:33:00 AM,5.0,5,5,5,5,3,4,1,2,1,4,DISREGARDING TRAFFIC SIGNALS,2,2,0.0,0.0,0.0,0.0,0.0,3.0,2,7,5,05/11/2024,2024-05-11,02:33:00
08/25/2024 05:36:00 PM,5.0,3,2,5,5,3,3,3,3,1,4,DISREGARDING TRAFFIC SIGNALS,2,3,2.0,0.0,0.0,0.0,2.0,2.0,17,1,8,08/25/2024,2024-08-25,17:36:00
01/16/2024 10:06:00 PM,5.0,3,5,4,6,3,3,1,3,1,4,CELL PHONE USE OTHER THAN TEXTING,2,3,1.0,0.0,0.0,0.0,1.0,1.0,22,3,1,01/16/2024,2024-01-16,22:06:00
04/25/2024 11:25:00 AM,5.0,3,2,4,6,3,3,3,2,1,4,FOLLOWING TOO CLOSELY,2,2,0.0,0.0,0.0,0.0,0.0,2.0,11,5,4,04/25/2024,2024-04-25,11:25:00
02/22/2024 09:20:00 PM,5.0,3,5,10,10,3,3,3,2,0,4,DRIVING ON WRONG SIDE/WRONG WAY,2,2,0.0,0.0,0.0,0.0,0.0,5.0,21,5,2,02/22/2024,2024-02-22,21:20:00
08/03/2024 09:25:00 PM,7.0,3,5,5,7,3,3,3,3,1,4,FAILING TO YIELD RIGHT-OF-WAY,2,2,0.0,0.0,0.0,0.0,0.0,2.0,21,7,8,08/03/2024,2024-08-03,21:25:00
07/21/2024 01:50:00 AM,5.0,3,5,6,5,3,3,3,2,1,3,IMPROPER LANE USAGE,2,2,0.0,0.0,0.0,0.0,0.0,2.0,1,1,7,07/21/2024,2024-07-21,01:50:00
04/18/2024 04:30:00 PM,5.0,3,2,3,6,3,3,3,2,1,4,UNABLE TO DETERMINE,2,2,0.0,0.0,0.0,0.0,0.0,2.0,16,5,4,04/18/2024,2024-04-18,16:30:00
08/01/2024 03:25:00 PM,5.0,3,2,6,7,3,3,3,3,1,4,IMPROPER LANE USAGE,2,2,0.0,0.0,0.0,0.0,0.0,2.0,15,5,8,08/01/2024,2024-08-01,15:25:00
02/17/2024 09:45:00 AM,5.0,3,2,5,5,3,3,3,2,1,4,DISREGARDING TRAFFIC SIGNALS,2,2,0.0,0.0,0.0,0.0,0.0,3.0,9,7,2,02/17/2024,2024-02-17,09:45:00
06/14/2024 05:20:00 PM,3.0,3,2,6,6,3,3,3,2,1,4,NOT APPLICABLE,2,2,0.0,0.0,0.0,0.0,0.0,2.0,17,6,6,06/14/2024,2024-06-14,17:20:00
07/01/2024 12:03:00 AM,5.0,3,5,6,5,3,3,3,2,1,3,FAILING TO YIELD RIGHT-OF-WAY,2,2,0.0,0.0,0.0,0.0,0.0,2.0,0,2,7,07/01/2024,2024-07-01,00:03:00
04/11/2024 03:55:00 PM,7.0,3,2,5,5,3,3,3,2,1,4,FAILING TO YIELD RIGHT-OF-WAY,2,2,0.0,0.0,0.0,0.0,0.0,3.0,15,5,4,04/11/2024,2024-04-11,15:55:00
04/18/2024 08:20:00 AM,5.0,3,2,8,12,3,1,1,2,0,3,IMPROPER BACKING,2,2,0.0,0.0,0.0,0.0,0.0,2.0,8,5,4,04/18/2024,2024-04-18,08:20:00
05/02/2024 04:30:00 PM,7.0,3,2,5,7,3,1,1,2,1,4,UNABLE TO DETERMINE,2,2,0.0,0.0,0.0,0.0,0.0,4.0,16,5,5,05/02/2024,2024-05-02,16:30:00
04/14/2024 06:45:00 PM,5.0,3,5,6,6,3,3,3,2,1,3,FOLLOWING TOO CLOSELY,2,2,0.0,0.0,0.0,0.0,0.0,2.0,18,1,4,04/14/2024,2024-04-14,18:45:00
08/11/2024 06:45:00 AM,5.0,3,2,6,7,3,3,3,3,1,4,DISREGARDING TRAFFIC SIGNALS,2,3,2.0,0.0,0.0,0.0,2.0,0.0,6,1,8,08/11/2024,2024-08-11,06:45:00
01/27/2024 03:29:00 PM,5.0,3,2,4,6,3,3,3,2,1,4,FOLLOWING TOO CLOSELY,2,2,0.0,0.0,0.0,0.0,0.0,2.0,15,7,1,01/27/2024,2024-01-27,15:29:00
05/29/2024 04:18:00 PM,7.0,3,2,5,5,3,3,3,2,1,4,UNABLE TO DETERMINE,2,2,0.0,0.0,0.0,0.0,0.0,2.0,16,4,5,05/29/2024,2024-05-29,16:18:00
03/03/2024 11:25:00 AM,5.0,3,2,6,5,3,3,3,2,1,4,IMPROPER TURNING/NO SIGNAL,2,2,0.0,0.0,0.0,0.0,0.0,2.0,11,1,3,03/03/2024,2024-03-03,11:25:00
04/20/2024 06:48:00 AM,5.0,3,2,3,6,3,3,3,2,1,4,DRIVING SKILLS/KNOWLEDGE/EXPERIENCE,2,2,0.0,0.0,0.0,0.0,0.0,3.0,6,7,4,04/20/2024,2024-04-20,06:48:00
06/21/2024 10:52:00 AM,7.0,3,2,14,6,3,3,3,3,1,4,DRIVING SKILLS/KNOWLEDGE/EXPERIENCE,2,4,1.0,0.0,0.0,1.0,0.0,1.0,10,6,6,06/21/2024,2024-06-21,10:52:00
01/26/2024 11:08:00 AM,3.0,5,2,3,6,3,4,1,2,0,4,FAILING TO YIELD RIGHT-OF-WAY,2,2,0.0,0.0,0.0,0.0,0.0,2.0,11,6,1,01/26/2024,2024-01-26,11:08:00
01/30/2024 09:59:00 AM,5.0,4,2,6,5,3,3,3,3,1,4,UNABLE TO DETERMINE,2,2,0.0,0.0,0.0,0.0,0.0,2.0,9,3,1,01/30/2024,2024-01-30,09:59:00
05/09/2024 08:07:00 AM,3.0,5,2,4,5,3,4,3,2,1,3,FOLLOWING TOO CLOSELY,2,2,0.0,0.0,0.0,0.0,0.0,2.0,8,5,5,05/09/2024,2024-05-09,08:07:00
05/06/2024 04:20:00 AM,5.0,3,5,5,5,3,3,3,3,1,4,UNABLE TO DETERMINE,2,2,0.0,0.0,0.0,0.0,0.0,2.0,4,2,5,05/06/2024,2024-05-06,04:20:00
08/10/2024 11:15:00 PM,5.0,3,5,3,5,3,3,3,2,1,4,UNABLE TO DETERMINE,2,2,0.0,0.0,0.0,0.0,0.0,3.0,23,7,8,08/10/2024,2024-08-10,23:15:00
05/24/2024 10:20:00 PM,7.0,5,5,5,2,3,4,1,3,1,4,FAILING TO YIELD RIGHT-OF-WAY,2,4,2.0,0.0,0.0,2.0,0.0,1.0,22,6,5,05/24/2024,2024-05-24,22:20:00
06/13/2024 06:55:00 PM,5.0,3,2,4,6,3,3,3,2,1,4,NOT APPLICABLE,2,2,0.0,0.0,0.0,0.0,0.0,2.0,18,5,6,06/13/2024,2024-06-13,18:55:00
07/31/2024 08:00:00 AM,7.0,3,2,6,7,3,3,3,2,1,4,IMPROPER OVERTAKING/PASSING,2,2,0.0,0.0,0.0,0.0,0.0,2.0,8,4,7,07/31/2024,2024-07-31,08:00:00
04/28/2024 03:55:00 PM,7.0,3,2,5,6,3,3,3,2,1,4,FAILING TO YIELD RIGHT-OF-WAY,2,2,0.0,0.0,0.0,0.0,0.0,3.0,15,1,4,04/28/2024,2024-04-28,15:55:00
03/21/2024 12:30:00 PM,5.0,3,2,6,5,3,3,3,2,1,4,FAILING TO YIELD RIGHT-OF-WAY,2,2,0.0,0.0,0.0,0.0,0.0,2.0,12,5,3,03/21/2024,2024-03-21,12:30:00
05/18/2024 05:10:00 PM,7.0,3,2,3,7,3,3,3,2,1,2,IMPROPER OVERTAKING/PASSING,2,2,0.0,0.0,0.0,0.0,0.0,2.0,17,7,5,05/18/2024,2024-05-18,17:10:00
07/18/2024 11:30:00 AM,5.0,3,2,6,5,3,3,3,2,1,4,TURNING RIGHT ON RED,2,2,0.0,0.0,0.0,0.0,0.0,2.0,11,5,7,07/18/2024,2024-07-18,11:30:00
08/03/2024 10:50:00 AM,7.0,3,2,5,3,3,3,3,2,1,4,DISREGARDING STOP SIGN,2,2,0.0,0.0,0.0,0.0,0.0,2.0,10,7,8,08/03/2024,2024-08-03,10:50:00