crash_date,traffic_control_device,weather_condition,lighting_condition,first_crash_type,trafficway_type,alignment,roadway_surface_cond,road_defect,crash_type,intersection_related_i,damage,prim_contributory_cause,num_units,most_severe_injury,injuries_total,injuries_fatal,injuries_incapacitating,injuries_non_incapacitating,injuries_reported_not_evident,injuries_no_indication,crash_hour,crash_day_of_week,crash_month,parsed_datetime,date,time
06/20/2024 06:02:00 PM,3.0,3,2,14,5,3,3,3,3,1,2,DISREGARDING OTHER TRAFFIC SIGNS,2,3,1.0,0.0,0.0,0.0,1.0,1.0,18,5,6,06/20/2024,2024-06-20,18:02:00
07/05/2024 02:57:00 PM,5.0,3,2,8,5,3,3,3,2,1,4,IMPROPER OVERTAKING/PASSING,2,2,0.0,0.0,0.0,0.0,0.0,2.0,14,6,7,07/05/2024,2024-07-05,14:57:00
08/02/2024 05:10:00 PM,9.0,3,2,3,3,3,3,3,2,1,3,UNABLE TO DETERMINE,2,2,0.0,0.0,0.0,0.0,0.0,2.0,17,6,8,08/02/2024,2024-08-02,17:10:00
06/07/2024 04:04:00 PM,7.0,3,2,5,5,3,3,3,3,1,4,DISREGARDING STOP SIGN,2,2,0.0,0.0,0.0,0.0,0.0,2.0,16,6,6,06/07/2024,2024-06-07,16:04:00
05/20/2024 03:30:00 PM,3.0,3,2,4,5,3,1,1,2,1,4,UNABLE TO DETERMINE,2,2,0.0,0.0,0.0,0.0,0.0,2.0,15,2,5,05/20/2024,2024-05-20,15:30:00
01/05/2024 11:04:00 AM,5.0,3,2,6,5,3,3,3,2,1,4,FAILING TO YIELD RIGHT-OF-WAY,2,2,0.0,0.0,0.0,0.0,0.0,2.0,11,6,1,01/05/2024,2024-01-05,11:04:00
06/06/2024 12:08:00 PM,5.0,3,2,4,6,3,3,3,2,1,4,FOLLOWING TOO CLOSELY,2,2,0.0,0.0,0.0,0.0,0.0,3.0,12,5,6,06/06/2024,2024-06-06,12:08:00
03/06/2024 11:28:00 AM,9.0,3,2,4,5,3,3,3,2,1,4,DRIVING SKILLS/KNOWLEDGE/EXPERIENCE,2,2,0.0,0.0,0.0,0.0,0.0,2.0,11,4,3,03/06/2024,2024-03-06,11:28:00
02/14/2024 09:20:00 AM,7.0,3,2,5,6,3,3,3,2,1,4,NOT APPLICABLE,2,2,0.0,0.0,0.0,0.0,0.0,3.0,9,4,2,02/14/2024,2024-02-14,09:20:00
04/25/2024 03:20:00 PM,7.0,3,2,5,5,3,3,3,3,1,4,EQUIPMENT - VEHICLE CONDITION,2,2,0.0,0.0,0.0,0.0,0.0,2.0,15,5,4,04/25/2024,2024-04-25,15:20:00
06/04/2024 03:30:00 PM,5.0,3,2,4,1,3,1,1,3,1,4,CELL PHONE USE OTHER THAN TEXTING,2,4,2.0,0.0,0.0,2.0,0.0,1.0,15,3,6,06/04/2024,2024-06-04,15:30:00
02/26/2024 04:10:00 PM,3.0,3,2,6,2,3,3,3,3,1,4,FAILING TO YIELD RIGHT-OF-WAY,2,2,0.0,0.0,0.0,0.0,0.0,2.0,16,2,2,02/26/2024,2024-02-26,16:10:00
02/16/2024 05:15:00 PM,1.0,3,2,3,10,3,1,1,2,1,4,UNABLE TO DETERMINE,2,2,0.0,0.0,0.0,0.0,0.0,2.0,17,6,2,02/16/2024,2024-02-16,17:15:00
04/11/2024 07:20:00 AM,7.0,5,2,5,1,3,4,3,2,1,4,FAILING TO YIELD RIGHT-OF-WAY,2,2,0.0,0.0,0.0,0.0,0.0,7.0,7,5,4,04/11/2024,2024-04-11,07:20:00
07/02/2024 02:25:00 PM,5.0,3,2,6,6,3,3,3,3,1,4,UNABLE TO DETERMINE,2,3,1.0,0.0,0.0,0.0,1.0,1.0,14,3,7,07/02/2024,2024-07-02,14:25:00
02/18/2024 03:50:00 PM,7.0,3,2,5,6,3,3,1,3,1,3,IMPROPER LANE USAGE,2,2,0.0,0.0,0.0,0.0,0.0,4.0,15,1,2,02/18/2024,2024-02-18,15:50:00
08/12/2024 06:45:00 AM,5.0,3,2,4,6,3,3,3,2,1,2,UNABLE TO DETERMINE,2,2,0.0,0.0,0.0,0.0,0.0,2.0,6,2,8,08/12/2024,2024-08-12,06:45:00
01/01/2024 01:35:00 AM,5.0,7,6,6,5,3,4,1,2,1,4,IMPROPER TURNING/NO SIGNAL,2,2,0.0,0.0,0.0,0.0,0.0,3.0,1,2,1,01/01/2024,2024-01-01,01:35:00
05/16/2024 10:46:00 PM,5.0,3,5,6,5,3,1,1,3,1,4,FAILING TO YIELD RIGHT-OF-WAY,2,3,2.0,0.0,0.0,0.0,2.0,2.0,22,5,5,05/16/2024,2024-05-16,22:46:00
01/19/2024 11:02:00 AM,5.0,6,5,5,5,3,5,3,2,1,4,DISREGARDING TRAFFIC SIGNALS,2,2,0.0,0.0,0.0,0.0,0.0,2.0,11,6,1,01/19/2024,2024-01-19,11:02:00
06/04/2024 06:08:00 AM,7.0,3,3,5,10,3,3,3,2,1,2,IMPROPER BACKING,2,2,0.0,0.0,0.0,0.0,0.0,3.0,6,3,6,06/04/2024,2024-06-04,06:08:00
02/08/2024 02:30:00 PM,5.0,3,2,3,7,3,2,1,2,1,3,UNABLE TO DETERMINE,2,2,0.0,0.0,0.0,0.0,0.0,2.0,14,5,2,02/08/2024,2024-02-08,14:30:00
06/13/2024 06:46:00 PM,3.0,3,2,3,3,3,3,3,2,0,4,FOLLOWING TOO CLOSELY,2,2,0.0,0.0,0.0,0.0,0.0,2.0,18,5,6,06/13/2024,2024-06-13,18:46:00
07/13/2024 01:42:00 AM,5.0,3,5,6,5,3,3,1,3,1,4,DISREGARDING TRAFFIC SIGNALS,2,4,2.0,0.0,0.0,1.0,1.0,1.0,1,7,7,07/13/2024,2024-07-13,01:42:00
05/25/2024 05:50:00 PM,7.0,3,2,5,5,3,3,3,3,1,4,DISREGARDING STOP SIGN,2,3,1.0,0.0,0.0,0.0,1.0,2.0,17,7,5,05/25/2024,2024-05-25,17:50:00
03/25/2024 03:00:00 PM,5.0,3,2,6,5,3,3,3,2,1,4,UNABLE TO DETERMINE,2,2,0.0,0.0,0.0,0.0,0.0,3.0,15,2,3,03/25/2024,2024-03-25,15:00:00
07/22/2024 09:57:00 PM,7.0,3,5,4,5,3,3,3,2,1,3,DISTRACTION - FROM INSIDE VEHICLE,2,2,0.0,0.0,0.0,0.0,0.0,2.0,21,2,7,07/22/2024,2024-07-22,21:57:00
04/04/2024 08:33:00 PM,7.0,3,6,5,5,3,4,1,3,1,4,FAILING TO YIELD RIGHT-OF-WAY,2,3,1.0,0.0,0.0,0.0,1.0,2.0,20,5,4,04/04/2024,2024-04-04,20:33:00
07/31/2024 10:30:00 PM,5.0,3,5,4,9,3,3,1,2,1,4,UNABLE TO DETERMINE,2,2,0.0,0.0,0.0,0.0,0.0,4.0,22,4,7,07/31/2024,2024-07-31,22:30:00
06/30/2024 12:00:00 PM,5.0,3,2,6,5,3,3,3,2,1,4,FOLLOWING TOO CLOSELY,2,2,0.0,0.0,0.0,0.0,0.0,2.0,12,1,6,06/30/2024,2024-06-30,12:00:00
08/09/2024 02:22:00 PM,3.0,3,2,6,9,6,1,1,3,1,4,UNABLE TO DETERMINE,2,4,1.0,0.0,0.0,1.0,0.0,1.0,14,6,8,08/09/2024,2024-08-09,14:22:00
05/11/2024 08:00:00 AM,1.0,3,2,6,5,3,3,1,2,1,4,NOT APPLICABLE,2,2,0.0,0.0,0.0,0.0,0.0,2.0,8,7,5,05/11/2024,2024-05-11,08:00:00
05/04/2024 10:42:00 PM,7.0,3,3,7,5,3,4,3,3,1,4,FAILING TO YIELD RIGHT-OF-WAY,2,2,0.0,0.0,0.0,0.0,0.0,4.0,22,7,5,05/04/2024,2024-05-04,22:42:00
01/29/2024 05:14:00 PM,7.0,3,2,4,6,3,3,3,2,1,4,FAILING TO REDUCE SPEED TO AVOID CRASH,2,2,0.0,0.0,0.0,0.0,0.0,2.0,17,2,1,01/29/2024,2024-01-29,17:14:00
01/11/2024 09:57:00 AM,3.0,3,2,6,6,3,3,3,3,1,4,UNABLE TO DETERMINE,2,4,1.0,0.0,0.0,1.0,0.0,2.0,9,5,1,01/11/2024,2024-01-11,09:57:00
01/25/2024 03:25:00 PM,3.0,9,2,4,6,3,3,3,2,1,4,FOLLOWING TOO CLOSELY,2,2,0.0,0.0,0.0,0.0,0.0,2.0,15,5,1,01/25/2024,2024-01-25,15:25:00
05/30/2024 06:10:00 PM,3.0,3,4,6,5,3,3,3,2,1,4,UNABLE TO DETERMINE,2,2,0.0,0.0,0.0,0.0,0.0,2.0,18,5,5,05/30/2024,2024-05-30,18:10:00
08/01/2024 04:05:00 PM,7.0,3,2,5,5,3,3,3,3,1,4,FAILING TO YIELD RIGHT-OF-WAY,2,4,1.0,0.0,0.0,1.0,0.0,3.0,16,5,8,08/01/2024,2024-08-01,16:05:00
02/11/2024 06:14:00 PM,5.0,3,5,6,6,3,3,3,3,1,4,NOT APPLICABLE,2,2,0.0,0.0,0.0,0.0,0.0,2.0,18,1,2,02/11/2024,2024-02-11,18:14:00
07/18/2024 12:19:00 AM,5.0,3,5,4,14,3,3,1,2,1,4,IMPROPER OVERTAKING/PASSING,2,2,0.0,0.0,0.0,0.0,0.0,2.0,0,5,7,07/18/2024,2024-07-18,00:19:00
06/06/2024 01:30:00 PM,7.0,3,2,5,6,3,3,3,2,1,4,UNABLE TO DETERMINE,2,2,0.0,0.0,0.0,0.0,0.0,2.0,13,5,6,06/06/2024,2024-06-06,13:30:00
05/09/2024 07:45:00 AM,5.0,5,2,4,5,3,4,3,2,1,4,FAILING TO REDUCE SPEED TO AVOID CRASH,2,2,0.0,0.0,0.0,0.0,0.0,2.0,7,5,5,05/09/2024,2024-05-09,07:45:00
01/02/2024 05:25:00 PM,5.0,3,5,6,5,3,3,3,3,1,4,DRIVING SKILLS/KNOWLEDGE/EXPERIENCE,2,5,1.0,0.0,1.0,0.0,0.0,1.0,17,3,1,01/02/2024,2024-01-02,17:25:00
06/05/2024 04:41:00 AM,1.0,5,5,5,5,3,4,3,3,1,4,DISREGARDING TRAFFIC SIGNALS,2,5,1.0,0.0,1.0,0.0,0.0,2.0,4,4,6,06/05/2024,2024-06-05,04:41:00
05/25/2024 12:30:00 PM,3.0,3,2,3,6,3,3,3,2,1,4,FAILING TO YIELD RIGHT-OF-WAY,2,2,0.0,0.0,0.0,0.0,0.0,2.0,12,7,5,05/25/2024,2024-05-25,12:30:00
01/02/2024 03:30:00 AM,5.0,3,5,5,3,3,3,3,3,1,4,NOT APPLICABLE,2,4,1.0,0.0,0.0,1.0,0.0,1.0,3,3,1,01/02/2024,2024-01-02,03:30:00
04/05/2024 04:35:00 PM,7.0,3,2,14,7,3,3,3,3,1,4,UNABLE TO DETERMINE,2,5,2.0,0.0,1.0,1.0,0.0,1.0,16,6,4,04/05/2024,2024-04-05,16:35:00
07/27/2024 10:00:00 AM,3.0,3,2,6,6,3,3,3,2,1,4,FAILING TO YIELD RIGHT-OF-WAY,2,2,0.0,0.0,0.0,0.0,0.0,2.0,10,7,7,07/27/2024,2024-07-27,10:00:00
07/16/2024 07:15:00 PM,5.0,3,2,4,5,3,1,1,2,1,4,FOLLOWING TOO CLOSELY,2,2,0.0,0.0,0.0,0.0,0.0,2.0,19,3,7,07/16/2024,2024-07-16,19:15:00
07/20/2024 12:53:00 PM,5.0,3,2,6,5,3,3,3,3,1,4,FAILING TO YIELD RIGHT-OF-WAY,2,3,1.0,0.0,0.0,0.0,1.0,4.0,12,7,7,07/20/2024,2024-07-20,12:53:00
06/02/2024 09:45:00 AM,7.0,3,2,5,5,3,1,1,3,1,3,FAILING TO YIELD RIGHT-OF-WAY,2,4,1.0,0.0,0.0,1.0,0.0,1.0,9,1,6,06/02/2024,2024-06-02,09:45:00
07/21/2024 11:05:00 AM,7.0,3,2,11,5,3,3,3,2,1,3,IMPROPER TURNING/NO SIGNAL,2,2,0.0,0.0,0.0,0.0,0.0,1.0,11,1,7,07/21/2024,2024-07-21,11:05:00
04/28/2024 03:11:00 PM,5.0,3,2,6,5,4,3,3,2,1,3,NOT APPLICABLE,2,2,0.0,0.0,0.0,0.0,0.0,2.0,15,1,4,04/28/2024,2024-04-28,15:11:00
06/01/2024 01:50:00 AM,7.0,3,5,5,5,3,3,3,3,1,4,UNDER THE INFLUENCE OF ALCOHOL/DRUGS (USE WHEN ARREST IS EFFECTED),2,2,0.0,0.0,0.0,0.0,0.0,4.0,1,7,6,06/01/2024,2024-06-01,01:50:00
03/09/2024 01:50:00 AM,5.0,5,5,5,6,3,4,3,2,1,4,DISREGARDING TRAFFIC SIGNALS,2,2,0.0,0.0,0.0,0.0,0.0,2.0,1,7,3,03/09/2024,2024-03-09,01:50:00
03/19/2024 11:28:00 AM,5.0,3,2,6,5,3,3,3,2,1,2,IMPROPER TURNING/NO SIGNAL,2,2,0.0,0.0,0.0,0.0,0.0,4.0,11,3,3,03/19/2024,2024-03-19,11:28:00
03/31/2024 08:20:00 PM,5.0,3,5,4,10,3,3,3,2,1,4,UNABLE TO DETERMINE,2,2,0.0,0.0,0.0,0.0,0.0,4.0,20,1,3,03/31/2024,2024-03-31,20:20:00
04/03/2024 06:40:00 PM,5.0,5,5,6,5,3,4,3,3,1,4,DISREGARDING TRAFFIC SIGNALS,2,2,0.0,0.0,0.0,0.0,0.0,2.0,18,4,4,04/03/2024,2024-04-03,18:40:00
01/09/2024 08:30:00 PM,7.0,3,2,11,5,3,1,1,3,1,4,UNABLE TO DETERMINE,2,2,0.0,0.0,0.0,0.0,0.0,1.0,20,3,1,01/09/2024,2024-01-09,20:30:00
07/07/2024 06:42:00 PM,7.0,5,2,4,5,3,4,1,2,1,4,UNABLE TO DETERMINE,2,2,0.0,0.0,0.0,0.0,0.0,4.0,18,1,7,07/07/2024,2024-07-07,18:42:00
08/05/2024 12:00:00 PM,7.0,3,2,5,6,3,1,1,2,1,3,UNABLE TO DETERMINE,2,2,0.0,0.0,0.0,0.0,0.0,2.0,12,2,8,08/05/2024,2024-08-05,12:00:00
01/14/2024 10:15:00 AM,13.0,3,2,8,6,3,5,3,2,1,4,UNABLE TO DETERMINE,2,2,0.0,0.0,0.0,0.0,0.0,5.0,10,1,1,01/14/2024,2024-01-14,10:15:00
08/27/2024 09:00:00 AM,7.0,3,2,11,6,3,3,3,2,1,4,UNABLE TO DETERMINE,2,2,0.0,0.0,0.0,0.0,0.0,1.0,9,3,8,08/27/2024,2024-08-27,09:00:00
07/31/2024 05:07:00 PM,5.0,3,2,5,5,3,1,1,2,1,4,UNABLE TO DETERMINE,2,2,0.0,0.0,0.0,0.0,0.0,2.0,17,4,7,07/31/2024,2024-07-31,17:07:00
07/12/2024 04:20:00 AM,5.0,3,2,6,4,3,1,1,2,1,4,FOLLOWING TOO CLOSELY,2,2,0.0,0.0,0.0,0.0,0.0,2.0,4,6,7,07/12/2024,2024-07-12,04:20:00
08/09/2024 02:15:00 PM,3.0,3,2,3,4,3,3,3,2,1,4,UNABLE TO DETERMINE,2,2,0.0,0.0,0.0,0.0,0.0,2.0,14,6,8,08/09/2024,2024-08-09,14:15:00
03/15/2024 10:05:00 AM,3.0,3,2,3,6,3,3,3,3,0,3,UNABLE TO DETERMINE,2,3,1.0,0.0,0.0,0.0,1.0,1.0,10,6,3,03/15/2024,2024-03-15,10:05:00
04/10/2024 06:50:00 AM,3.0,3,2,3,7,3,3,3,2,1,4,UNABLE TO DETERMINE,2,2,0.0,0.0,0.0,0.0,0.0,3.0,6,4,4,04/10/2024,2024-04-10,06:50:00
02/27/2024 06:10:00 PM,5.0,3,2,6,4,6,3,3,3,1,4,IMPROPER TURNING/NO SIGNAL,2,3,1.0,0.0,0.0,0.0,1.0,1.0,18,3,2,02/27/2024,2024-02-27,18:10:00
05/21/2024 07:20:00 PM,5.0,3,2,6,5,3,3,3,3,1,4,FAILING TO YIELD RIGHT-OF-WAY,2,3,2.0,0.0,0.0,0.0,2.0,0.0,19,3,5,05/21/2024,2024-05-21,19:20:00
05/18/2024 02:16:00 PM,5.0,3,2,6,5,3,3,3,2,1,4,IMPROPER TURNING/NO SIGNAL,2,2,0.0,0.0,0.0,0.0,0.0,2.0,14,7,5,05/18/2024,2024-05-18,14:16:00
04/16/2024 12:59:00 AM,5.0,3,5,5,6,3,3,3,3,1,4,UNABLE TO DETERMINE,2,4,1.0,0.0,0.0,1.0,0.0,1.0,0,3,4,04/16/2024,2024-04-16,00:59:00
02/05/2024 10:40:00 PM,5.0,3,5,14,4,3,3,3,2,1,2,FAILING TO YIELD RIGHT-OF-WAY,2,2,0.0,0.0,0.0,0.0,0.0,2.0,22,2,2,02/05/2024,2024-02-05,22:40:00
05/11/2024 10:00:00 AM,5.0,3,2,6,5,3,3,3,2,1,4,IMPROPER LANE USAGE,2,2,0.0,0.0,0.0,0.0,0.0,4.0,10,7,5,05/11/2024,2024-05-11,10:00:00
05/17/2024 07:10:00 AM,3.0,3,2,6,6,3,3,3,2,1,4,UNABLE TO DETERMINE,2,2,0.0,0.0,0.0,0.0,0.0,2.0,7,6,5,05/17/2024,2024-05-17,07:10:00
04/14/2024 05:33:00 PM,3.0,3,2,5,6,3,3,3,3,1,4,FAILING TO REDUCE SPEED TO AVOID CRASH,2,4,1.0,0.0,0.0,1.0,0.0,1.0,17,1,4,04/14/2024,2024-04-14,17:33:00
06/14/2024 07:05:00 PM,1.0,3,2,8,1,3,1,1,2,1,4,UNABLE TO DETERMINE,2,2,0.0,0.0,0.0,0.0,0.0,4.0,19,6,6,06/14/2024,2024-06-14,19:05:00
03/02/2024 02:50:00 PM,5.0,3,2,4,5,3,3,3,2,1,4,UNABLE TO DETERMINE,2,2,0.0,0.0,0.0,0.0,0.0,4.0,14,7,3,03/02/2024,2024-03-02,14:50:00
03/17/2024 03:09:00 PM,5.0,3,2,6,13,3,3,3,3,1,4,IMPROPER TURNING/NO SIGNAL,2,3,1.0,0.0,0.0,0.0,1.0,2.0,15,1,3,03/17/2024,2024-03-17,15:09:00
03/29/2024 12:05:00 PM,5.0,3,2,5,5,3,3,3,3,1,3,FAILING TO YIELD RIGHT-OF-WAY,2,2,0.0,0.0,0.0,0.0,0.0,3.0,12,6,3,03/29/2024,2024-03-29,12:05:00
06/18/2024 12:54:00 PM,5.0,3,2,6,5,3,3,3,3,1,4,UNABLE TO DETERMINE,2,2,0.0,0.0,0.0,0.0,0.0,4.0,12,3,6,06/18/2024,2024-06-18,12:54:00
02/06/2024 01:23:00 AM,3.0,3,5,6,5,3,3,3,3,1,4,UNABLE TO DETERMINE,2,2,0.0,0.0,0.0,0.0,0.0,2.0,1,3,2,02/06/2024,2024-02-06,01:23:00
04/20/2024 05:53:00 AM,5.0,3,3,5,5,3,3,3,3,1,4,DISREGARDING TRAFFIC SIGNALS,2,3,2.0,0.0,0.0,0.0,2.0,1.0,5,7,4,04/20/2024,2024-04-20,05:53:00
05/22/2024 08:45:00 AM,7.0,3,2,4,7,3,3,3,3,1,4,FOLLOWING TOO CLOSELY,2,3,1.0,0.0,0.0,0.0,1.0,1.0,8,4,5,05/22/2024,2024-05-22,08:45:00
03/18/2024 10:15:00 AM,7.0,3,2,6,6,3,3,3,3,1,2,FAILING TO YIELD RIGHT-OF-WAY,2,4,1.0,0.0,0.0,1.0,0.0,1.0,10,2,3,03/18/2024,2024-03-18,10:15:00
04/14/2024 04:00:00 PM,5.0,3,2,6,4,3,3,3,2,1,4,FAILING TO YIELD RIGHT-OF-WAY,2,2,0.0,0.0,0.0,0.0,0.0,2.0,16,1,4,04/14/2024,2024-04-14,16:00:00
06/04/2024 04:55:00 PM,7.0,3,2,11,5,3,3,3,2,1,3,IMPROPER TURNING/NO SIGNAL,2,2,0.0,0.0,0.0,0.0,0.0,2.0,16,3,6,06/04/2024,2024-06-04,16:55:00
05/15/2024 11:57:00 AM,7.0,3,2,5,5,3,3,3,3,0,4,DISREGARDING STOP SIGN,2,5,1.0,0.0,1.0,0.0,0.0,1.0,11,4,5,05/15/2024,2024-05-15,11:57:00
03/19/2024 03:13:00 AM,7.0,3,6,11,6,3,3,3,3,1,4,FAILING TO REDUCE SPEED TO AVOID CRASH,2,2,0.0,0.0,0.0,0.0,0.0,3.0,3,3,3,03/19/2024,2024-03-19,03:13:00
01/26/2024 04:34:00 PM,7.0,5,2,6,7,3,4,3,3,1,4,UNABLE TO DETERMINE,2,2,0.0,0.0,0.0,0.0,0.0,2.0,16,6,1,01/26/2024,2024-01-26,16:34:00
03/16/2024 02:10:00 AM,5.0,3,5,5,4,3,3,3,3,1,4,DISREGARDING TRAFFIC SIGNALS,2,2,0.0,0.0,0.0,0.0,0.0,2.0,2,7,3,03/16/2024,2024-03-16,02:10:00
07/05/2024 06:05:00 PM,5.0,3,4,14,5,3,3,1,3,1,2,FAILING TO REDUCE SPEED TO AVOID CRASH,2,4,1.0,0.0,0.0,1.0,0.0,1.0,18,6,7,07/05/2024,2024-07-05,18:05:00
06/22/2024 01:55:00 AM,5.0,3,6,4,4,3,3,3,2,1,4,UNABLE TO DETERMINE,2,2,0.0,0.0,0.0,0.0,0.0,2.0,1,7,6,06/22/2024,2024-06-22,01:55:00
01/24/2024 12:10:00 PM,5.0,5,2,6,3,3,4,3,2,1,3,UNABLE TO DETERMINE,2,2,0.0,0.0,0.0,0.0,0.0,2.0,12,4,1,01/24/2024,2024-01-24,12:10:00
07/07/2024 04:30:00 AM,3.0,3,5,6,7,3,3,3,2,1,4,FAILING TO YIELD RIGHT-OF-WAY,2,2,0.0,0.0,0.0,0.0,0.0,3.0,4,1,7,07/07/2024,2024-07-07,04:30:00
05/08/2024 07:30:00 AM,7.0,3,2,6,7,3,3,3,3,1,4,FAILING TO YIELD RIGHT-OF-WAY,2,3,1.0,0.0,0.0,0.0,1.0,1.0,7,4,5,05/08/2024,2024-05-08,07:30:00
05/10/2024 10:30:00 PM,3.0,3,5,6,4,3,3,3,3,1,4,FAILING TO YIELD RIGHT-OF-WAY,2,3,1.0,0.0,0.0,0.0,1.0,1.0,22,6,5,05/10/2024,2024-05-10,22:30:00
06/24/2024 05:15:00 PM,1.0,3,2,6,3,3,1,1,2,1,3,UNABLE TO DETERMINE,2,2,0.0,0.0,0.0,0.0,0.0,2.0,17,2,6,06/24/2024,2024-06-24,17:15:00
05/10/2024 05:58:00 AM,5.0,3,2,4,4,3,3,3,2,1,4,UNABLE TO DETERMINE,2,2,0.0,0.0,0.0,0.0,0.0,2.0,5,6,5,05/10/2024,2024-05-10,05:58:00
03/06/2024 09:04:00 PM,7.0,3,5,13,4,3,3,1,3,1,4,UNABLE TO DETERMINE,2,4,1.0,0.0,0.0,1.0,0.0,2.0,21,4,3,03/06/2024,2024-03-06,21:04:00
02/27/2024 04:45:00 PM,5.0,4,2,4,14,3,3,1,2,1,4,UNABLE TO DETERMINE,2,2,0.0,0.0,0.0,0.0,0.0,2.0,16,3,2,02/27/2024,2024-02-27,16:45:00
01/25/2024 08:25:00 AM,5.0,9,2,4,5,3,4,3,2,1,2,FAILING TO REDUCE SPEED TO AVOID CRASH,2,2,0.0,0.0,0.0,0.0,0.0,2.0,8,5,1,01/25/2024,2024-01-25,08:25:00
03/24/2024 04:26:00 PM,3.0,3,2,6,17,3,3,3,2,1,3,IMPROPER BACKING,2,2,0.0,0.0,0.0,0.0,0.0,2.0,16,1,3,03/24/2024,2024-03-24,16:26:00
06/28/2024 11:30:00 AM,1.0,3,2,4,6,3,1,1,2,0,4,NOT APPLICABLE,2,2,0.0,0.0,0.0,0.0,0.0,2.0,11,6,6,06/28/2024,2024-06-28,11:30:00
07/31/2024 04:46:00 PM,5.0,3,2,14,5,3,3,3,3,1,2,FAILING TO YIELD RIGHT-OF-WAY,2,4,1.0,0.0,0.0,1.0,0.0,1.0,16,4,7,07/31/2024,2024-07-31,16:46:00
06/06/2024 04:30:00 PM,5.0,3,2,3,6,3,1,1,2,1,4,UNABLE TO DETERMINE,2,2,0.0,0.0,0.0,0.0,0.0,3.0,16,5,6,06/06/2024,2024-06-06,16:30:00
02/28/2024 10:18:00 PM,1.0,3,4,6,6,3,3,1,2,1,3,IMPROPER LANE USAGE,2,2,0.0,0.0,0.0,0.0,0.0,3.0,22,4,2,02/28/2024,2024-02-28,22:18:00
02/19/2024 07:29:00 AM,3.0,3,2,6,7,3,3,3,3,1,4,FAILING TO YIELD RIGHT-OF-WAY,2,2,0.0,0.0,0.0,0.0,0.0,2.0,7,2,2,02/19/2024,2024-02-19,07:29:00
08/14/2024 05:37:00 PM,5.0,3,2,5,6,3,3,3,3,1,4,UNABLE TO DETERMINE,2,3,2.0,0.0,0.0,0.0,2.0,1.0,17,4,8,08/14/2024,2024-08-14,17:37:00
06/17/2024 05:15:00 AM,5.0,3,2,5,6,3,3,3,3,1,4,"OPERATING VEHICLE IN ERRATIC, RECKLESS, CARELESS, NEGLIGENT OR AGGRESSIVE MANNER",2,5,2.0,0.0,2.0,0.0,0.0,1.0,5,2,6,06/17/2024,2024-06-17,05:15:00
02/25/2024 12:00:00 PM,5.0,3,2,5,6,3,3,3,2,1,4,DISREGARDING TRAFFIC SIGNALS,2,2,0.0,0.0,0.0,0.0,0.0,2.0,12,1,2,02/25/2024,2024-02-25,12:00:00
04/18/2024 06:15:00 AM,7.0,3,2,4,5,3,1,1,2,1,4,UNABLE TO DETERMINE,2,2,0.0,0.0,0.0,0.0,0.0,2.0,6,5,4,04/18/2024,2024-04-18,06:15:00
04/26/2024 05:15:00 PM,5.0,5,2,3,6,3,4,3,2,1,3,UNABLE TO DETERMINE,2,2,0.0,0.0,0.0,0.0,0.0,3.0,17,6,4,04/26/2024,2024-04-26,17:15:00
03/04/2024 02:00:00 PM,5.0,3,2,5,5,3,3,3,2,1,4,NOT APPLICABLE,2,2,0.0,0.0,0.0,0.0,0.0,2.0,14,2,3,03/04/2024,2024-03-04,14:00:00
08/03/2024 10:46:00 PM,5.0,3,5,13,5,3,3,3,3,1,2,"VISION OBSCURED (SIGNS, TREE LIMBS, BUILDINGS, ETC.)",2,4,1.0,0.0,0.0,1.0,0.0,2.0,22,7,8,08/03/2024,2024-08-03,22:46:00
01/04/2024 11:20:00 AM,5.0,3,2,13,6,3,3,3,3,1,2,NOT APPLICABLE,2,4,1.0,0.0,0.0,1.0,0.0,1.0,11,5,1,01/04/2024,2024-01-04,11:20:00
06/26/2024 03:00:00 PM,5.0,3,2,3,5,3,3,3,2,1,4,FAILING TO REDUCE SPEED TO AVOID CRASH,2,2,0.0,0.0,0.0,0.0,0.0,2.0,15,4,6,06/26/2024,2024-06-26,15:00:00
02/17/2024 07:30:00 PM,7.0,3,5,5,5,3,3,3,2,1,4,FAILING TO YIELD RIGHT-OF-WAY,2,2,0.0,0.0,0.0,0.0,0.0,2.0,19,7,2,02/17/2024,2024-02-17,19:30:00
04/29/2024 05:00:00 PM,3.0,3,2,6,4,6,3,3,2,1,4,FOLLOWING TOO CLOSELY,2,2,0.0,0.0,0.0,0.0,0.0,2.0,17,2,4,04/29/2024,2024-04-29,17:00:00
03/27/2024 12:40:00 PM,5.0,3,2,3,6,3,3,3,2,1,4,IMPROPER OVERTAKING/PASSING,2,2,0.0,0.0,0.0,0.0,0.0,2.0,12,4,3,03/27/2024,2024-03-27,12:40:00
03/30/2024 02:00:00 AM,5.0,5,6,4,5,3,4,1,2,1,3,UNABLE TO DETERMINE,2,2,0.0,0.0,0.0,0.0,0.0,4.0,2,7,3,03/30/2024,2024-03-30,02:00:00
04/25/2024 11:44:00 PM,7.0,3,5,5,5,3,3,1,3,1,4,FAILING TO REDUCE SPEED TO AVOID CRASH,2,2,0.0,0.0,0.0,0.0,0.0,2.0,23,5,4,04/25/2024,2024-04-25,23:44:00