crash_date,traffic_control_device,weather_condition,lighting_condition,first_crash_type,trafficway_type,alignment,roadway_surface_cond,road_defect,crash_type,intersection_related_i,damage,prim_contributory_cause,num_units,most_severe_injury,injuries_total,injuries_fatal,injuries_incapacitating,injuries_non_incapacitating,injuries_reported_not_evident,injuries_no_indication,crash_hour,crash_day_of_week,crash_month,parsed_datetime,date,time
02/21/2024 06:40:00 AM,5.0,3,2,4,7,3,3,3,2,1,4,UNABLE TO DETERMINE,2,2,0.0,0.0,0.0,0.0,0.0,2.0,6,4,2,02/21/2024,2024-02-21,06:40:00
03/10/2024 04:27:00 AM,5.0,3,5,6,6,3,3,1,3,1,4,UNABLE TO DETERMINE,2,2,0.0,0.0,0.0,0.0,0.0,2.0,4,1,3,03/10/2024,2024-03-10,04:27:00
04/03/2024 02:38:00 PM,7.0,5,2,5,5,3,4,3,3,1,4,FAILING TO YIELD RIGHT-OF-WAY,2,2,0.0,0.0,0.0,0.0,0.0,4.0,14,4,4,04/03/2024,2024-04-03,14:38:00
07/01/2024 02:30:00 PM,5.0,3,2,5,5,3,1,1,2,1,3,UNABLE TO DETERMINE,2,2,0.0,0.0,0.0,0.0,0.0,2.0,14,2,7,07/01/2024,2024-07-01,14:30:00
01/30/2024 03:21:00 AM,7.0,5,6,5,7,3,4,3,3,1,4,DISREGARDING STOP SIGN,2,4,2.0,0.0,0.0,2.0,0.0,1.0,3,3,1,01/30/2024,2024-01-30,03:21:00
07/14/2024 05:30:00 AM,5.0,3,4,4,12,3,3,3,2,1,4,FOLLOWING TOO CLOSELY,2,2,0.0,0.0,0.0,0.0,0.0,2.0,5,1,7,07/14/2024,2024-07-14,05:30:00
05/12/2024 05:59:00 PM,7.0,3,2,5,5,3,3,3,3,1,4,UNABLE TO DETERMINE,2,3,1.0,0.0,0.0,0.0,1.0,1.0,17,1,5,05/12/2024,2024-05-12,17:59:00
01/20/2024 01:16:00 PM,1.0,3,2,5,5,3,1,1,2,1,4,UNABLE TO DETERMINE,2,2,0.0,0.0,0.0,0.0,0.0,2.0,13,7,1,01/20/2024,2024-01-20,13:16:00
06/26/2024 12:50:00 PM,5.0,3,2,3,6,3,3,3,2,1,4,UNABLE TO DETERMINE,2,2,0.0,0.0,0.0,0.0,0.0,2.0,12,4,6,06/26/2024,2024-06-26,12:50:00
06/22/2024 08:20:00 AM,3.0,3,2,4,6,3,3,3,2,1,4,FOLLOWING TOO CLOSELY,2,2,0.0,0.0,0.0,0.0,0.0,2.0,8,7,6,06/22/2024,2024-06-22,08:20:00
01/05/2024 09:20:00 PM,5.0,3,5,13,4,3,3,3,3,1,3,UNABLE TO DETERMINE,2,5,1.0,0.0,1.0,0.0,0.0,1.0,21,6,1,01/05/2024,2024-01-05,21:20:00
05/14/2024 09:30:00 AM,5.0,3,2,6,5,3,3,3,2,0,2,UNABLE TO DETERMINE,2,2,0.0,0.0,0.0,0.0,0.0,2.0,9,3,5,05/14/2024,2024-05-14,09:30:00
06/12/2024 02:32:00 PM,3.0,3,2,6,6,3,3,3,3,1,4,FAILING TO YIELD RIGHT-OF-WAY,2,3,1.0,0.0,0.0,0.0,1.0,6.0,14,4,6,06/12/2024,2024-06-12,14:32:00
03/14/2024 09:15:00 PM,3.0,3,5,11,7,3,3,3,2,1,4,IMPROPER LANE USAGE,2,2,0.0,0.0,0.0,0.0,0.0,1.0,21,5,3,03/14/2024,2024-03-14,21:15:00
03/21/2024 08:30:00 AM,7.0,3,2,5,5,3,3,3,2,1,4,UNABLE TO DETERMINE,2,2,0.0,0.0,0.0,0.0,0.0,2.0,8,5,3,03/21/2024,2024-03-21,08:30:00
06/22/2024 10:40:00 AM,5.0,3,2,6,14,3,3,3,3,1,4,UNABLE TO DETERMINE,2,2,0.0,0.0,0.0,0.0,0.0,3.0,10,7,6,06/22/2024,2024-06-22,10:40:00
04/27/2024 02:30:00 PM,5.0,3,2,4,4,3,3,3,2,1,4,FOLLOWING TOO CLOSELY,2,2,0.0,0.0,0.0,0.0,0.0,2.0,14,7,4,04/27/2024,2024-04-27,14:30:00
06/14/2024 07:45:00 PM,5.0,3,4,3,6,3,3,3,2,1,4,IMPROPER OVERTAKING/PASSING,2,2,0.0,0.0,0.0,0.0,0.0,2.0,19,6,6,06/14/2024,2024-06-14,19:45:00
04/23/2024 10:30:00 PM,5.0,3,5,7,5,3,3,3,3,1,4,DISREGARDING TRAFFIC SIGNALS,2,2,0.0,0.0,0.0,0.0,0.0,2.0,22,3,4,04/23/2024,2024-04-23,22:30:00
02/22/2024 05:51:00 PM,5.0,3,6,13,4,3,3,3,3,1,3,DRIVING SKILLS/KNOWLEDGE/EXPERIENCE,2,4,1.0,0.0,0.0,1.0,0.0,1.0,17,5,2,02/22/2024,2024-02-22,17:51:00
04/02/2024 02:58:00 PM,7.0,5,2,5,6,3,4,3,3,1,4,FAILING TO YIELD RIGHT-OF-WAY,2,4,1.0,0.0,0.0,1.0,0.0,1.0,14,3,4,04/02/2024,2024-04-02,14:58:00
01/09/2024 07:20:00 PM,5.0,5,5,4,4,3,4,3,2,1,2,WEATHER,2,2,0.0,0.0,0.0,0.0,0.0,2.0,19,3,1,01/09/2024,2024-01-09,19:20:00
06/27/2024 07:40:00 AM,5.0,3,2,6,5,3,3,3,2,1,4,FAILING TO YIELD RIGHT-OF-WAY,2,2,0.0,0.0,0.0,0.0,0.0,2.0,7,5,6,06/27/2024,2024-06-27,07:40:00
07/19/2024 01:30:00 PM,5.0,3,2,4,6,3,3,3,2,1,4,FOLLOWING TOO CLOSELY,2,2,0.0,0.0,0.0,0.0,0.0,2.0,13,6,7,07/19/2024,2024-07-19,13:30:00
01/04/2024 09:45:00 AM,5.0,3,2,3,5,3,3,3,2,1,4,IMPROPER LANE USAGE,2,2,0.0,0.0,0.0,0.0,0.0,2.0,9,5,1,01/04/2024,2024-01-04,09:45:00
06/20/2024 11:30:00 AM,5.0,3,2,4,5,3,3,3,2,1,4,UNABLE TO DETERMINE,2,2,0.0,0.0,0.0,0.0,0.0,2.0,11,5,6,06/20/2024,2024-06-20,11:30:00
04/14/2024 04:07:00 PM,5.0,3,2,4,6,3,3,3,2,0,4,FOLLOWING TOO CLOSELY,2,2,0.0,0.0,0.0,0.0,0.0,2.0,16,1,4,04/14/2024,2024-04-14,16:07:00
06/15/2024 07:53:00 AM,5.0,3,2,3,5,3,3,3,3,1,4,UNABLE TO DETERMINE,2,4,2.0,0.0,0.0,2.0,0.0,2.0,7,7,6,06/15/2024,2024-06-15,07:53:00
01/27/2024 02:05:00 AM,5.0,5,5,6,14,3,4,1,2,1,4,FAILING TO YIELD RIGHT-OF-WAY,2,2,0.0,0.0,0.0,0.0,0.0,2.0,2,7,1,01/27/2024,2024-01-27,02:05:00
06/07/2024 03:20:00 PM,5.0,3,2,3,7,3,1,2,2,1,2,UNABLE TO DETERMINE,2,2,0.0,0.0,0.0,0.0,0.0,2.0,15,6,6,06/07/2024,2024-06-07,15:20:00
04/17/2024 08:10:00 AM,5.0,3,2,4,6,3,3,1,2,1,4,FOLLOWING TOO CLOSELY,2,2,0.0,0.0,0.0,0.0,0.0,2.0,8,4,4,04/17/2024,2024-04-17,08:10:00
01/12/2024 06:00:00 PM,7.0,5,5,6,6,3,5,3,2,1,4,DISREGARDING STOP SIGN,2,2,0.0,0.0,0.0,0.0,0.0,2.0,18,6,1,01/12/2024,2024-01-12,18:00:00
03/08/2024 11:55:00 AM,5.0,5,2,8,1,3,4,1,2,1,2,UNABLE TO DETERMINE,2,2,0.0,0.0,0.0,0.0,0.0,2.0,11,6,3,03/08/2024,2024-03-08,11:55:00
01/05/2024 12:30:00 PM,5.0,3,2,6,5,3,3,3,2,1,3,IMPROPER TURNING/NO SIGNAL,2,2,0.0,0.0,0.0,0.0,0.0,2.0,12,6,1,01/05/2024,2024-01-05,12:30:00
04/29/2024 03:15:00 PM,3.0,3,2,14,7,3,3,3,2,1,4,UNABLE TO DETERMINE,2,2,0.0,0.0,0.0,0.0,0.0,2.0,15,2,4,04/29/2024,2024-04-29,15:15:00
03/02/2024 12:17:00 AM,1.0,3,5,4,6,3,3,3,2,1,4,FOLLOWING TOO CLOSELY,2,2,0.0,0.0,0.0,0.0,0.0,2.0,0,7,3,03/02/2024,2024-03-02,00:17:00
06/16/2024 07:48:00 AM,7.0,3,2,6,7,3,3,3,3,1,4,FAILING TO YIELD RIGHT-OF-WAY,2,3,1.0,0.0,0.0,0.0,1.0,2.0,7,1,6,06/16/2024,2024-06-16,07:48:00
05/30/2024 05:30:00 PM,5.0,3,2,6,5,3,3,1,2,1,4,IMPROPER TURNING/NO SIGNAL,2,2,0.0,0.0,0.0,0.0,0.0,3.0,17,5,5,05/30/2024,2024-05-30,17:30:00
04/16/2024 03:35:00 PM,5.0,3,2,6,6,3,3,3,3,1,4,DISREGARDING TRAFFIC SIGNALS,2,3,1.0,0.0,0.0,0.0,1.0,4.0,15,3,4,04/16/2024,2024-04-16,15:35:00
06/07/2024 05:55:00 PM,3.0,3,3,6,4,3,1,1,3,1,3,UNABLE TO DETERMINE,2,2,0.0,0.0,0.0,0.0,0.0,2.0,17,6,6,06/07/2024,2024-06-07,17:55:00
04/19/2024 11:57:00 AM,5.0,3,2,6,5,3,3,3,2,1,4,IMPROPER TURNING/NO SIGNAL,2,2,0.0,0.0,0.0,0.0,0.0,2.0,11,6,4,04/19/2024,2024-04-19,11:57:00
07/10/2024 08:45:00 PM,7.0,3,5,6,6,3,3,3,2,1,4,IMPROPER OVERTAKING/PASSING,2,2,0.0,0.0,0.0,0.0,0.0,3.0,20,4,7,07/10/2024,2024-07-10,20:45:00
05/01/2024 01:15:00 PM,7.0,3,2,4,6,3,3,3,2,1,4,UNABLE TO DETERMINE,2,2,0.0,0.0,0.0,0.0,0.0,4.0,13,4,5,05/01/2024,2024-05-01,13:15:00
02/28/2024 03:30:00 PM,3.0,3,2,5,5,3,1,1,2,1,3,UNABLE TO DETERMINE,2,2,0.0,0.0,0.0,0.0,0.0,2.0,15,4,2,02/28/2024,2024-02-28,15:30:00
02/23/2024 02:00:00 PM,3.0,3,2,14,5,3,3,3,2,1,2,DISREGARDING STOP SIGN,2,2,0.0,0.0,0.0,0.0,0.0,2.0,14,6,2,02/23/2024,2024-02-23,14:00:00
04/22/2024 06:50:00 AM,5.0,3,2,4,3,3,3,3,2,1,3,UNABLE TO DETERMINE,2,2,0.0,0.0,0.0,0.0,0.0,2.0,6,2,4,04/22/2024,2024-04-22,06:50:00
06/16/2024 05:10:00 PM,5.0,3,2,3,4,3,3,3,2,1,4,IMPROPER OVERTAKING/PASSING,2,2,0.0,0.0,0.0,0.0,0.0,2.0,17,1,6,06/16/2024,2024-06-16,17:10:00
08/08/2024 06:08:00 PM,7.0,3,2,5,6,3,3,3,2,1,4,UNABLE TO DETERMINE,2,2,0.0,0.0,0.0,0.0,0.0,2.0,18,5,8,08/08/2024,2024-08-08,18:08:00
07/21/2024 11:09:00 AM,5.0,3,2,4,5,3,3,3,3,1,4,NOT APPLICABLE,2,3,1.0,0.0,0.0,0.0,1.0,6.0,11,1,7,07/21/2024,2024-07-21,11:09:00
08/09/2024 11:35:00 PM,7.0,3,5,5,6,3,3,3,3,1,4,FAILING TO YIELD RIGHT-OF-WAY,2,3,1.0,0.0,0.0,0.0,1.0,2.0,23,6,8,08/09/2024,2024-08-09,23:35:00
02/27/2024 10:01:00 AM,7.0,3,2,6,5,3,3,3,3,1,4,DRIVING SKILLS/KNOWLEDGE/EXPERIENCE,2,2,0.0,0.0,0.0,0.0,0.0,3.0,10,3,2,02/27/2024,2024-02-27,10:01:00
05/31/2024 07:55:00 PM,5.0,3,2,6,5,3,3,1,3,1,4,DISREGARDING TRAFFIC SIGNALS,2,2,0.0,0.0,0.0,0.0,0.0,7.0,19,6,5,05/31/2024,2024-05-31,19:55:00
03/11/2024 09:11:00 AM,7.0,3,2,5,6,3,3,3,3,1,4,"VISION OBSCURED (SIGNS, TREE LIMBS, BUILDINGS, ETC.)",2,4,1.0,0.0,0.0,1.0,0.0,1.0,9,2,3,03/11/2024,2024-03-11,09:11:00
05/12/2024 12:00:00 PM,7.0,3,2,11,7,3,3,3,3,1,4,UNABLE TO DETERMINE,2,2,0.0,0.0,0.0,0.0,0.0,1.0,12,1,5,05/12/2024,2024-05-12,12:00:00
03/03/2024 12:45:00 PM,5.0,3,2,4,6,3,3,3,3,1,3,FAILING TO REDUCE SPEED TO AVOID CRASH,2,3,1.0,0.0,0.0,0.0,1.0,2.0,12,1,3,03/03/2024,2024-03-03,12:45:00
05/19/2024 03:00:00 PM,5.0,3,2,4,5,3,3,3,2,1,2,UNABLE TO DETERMINE,2,2,0.0,0.0,0.0,0.0,0.0,2.0,15,1,5,05/19/2024,2024-05-19,15:00:00
05/15/2024 04:05:00 PM,5.0,3,2,13,4,3,3,3,3,1,2,DISREGARDING TRAFFIC SIGNALS,2,4,1.0,0.0,0.0,1.0,0.0,1.0,16,4,5,05/15/2024,2024-05-15,16:05:00
06/07/2024 05:48:00 PM,5.0,3,2,5,5,3,3,3,3,1,4,UNABLE TO DETERMINE,2,2,0.0,0.0,0.0,0.0,0.0,3.0,17,6,6,06/07/2024,2024-06-07,17:48:00
07/13/2024 11:15:00 AM,7.0,3,2,6,7,3,3,1,2,1,4,FAILING TO YIELD RIGHT-OF-WAY,2,2,0.0,0.0,0.0,0.0,0.0,2.0,11,7,7,07/13/2024,2024-07-13,11:15:00
05/20/2024 06:15:00 PM,3.0,3,2,6,5,3,3,3,3,1,4,UNABLE TO DETERMINE,2,4,2.0,0.0,0.0,2.0,0.0,1.0,18,2,5,05/20/2024,2024-05-20,18:15:00
03/17/2024 02:25:00 PM,5.0,3,2,4,3,3,3,3,2,0,3,UNABLE TO DETERMINE,2,2,0.0,0.0,0.0,0.0,0.0,3.0,14,1,3,03/17/2024,2024-03-17,14:25:00
02/01/2024 06:45:00 PM,7.0,3,6,6,6,3,3,1,2,0,4,UNABLE TO DETERMINE,2,2,0.0,0.0,0.0,0.0,0.0,2.0,18,5,2,02/01/2024,2024-02-01,18:45:00
04/08/2024 05:07:00 PM,5.0,3,2,14,6,3,1,1,2,1,3,UNABLE TO DETERMINE,2,2,0.0,0.0,0.0,0.0,0.0,2.0,17,2,4,04/08/2024,2024-04-08,17:07:00
06/26/2024 05:45:00 PM,5.0,3,2,6,5,3,3,3,2,1,4,UNABLE TO DETERMINE,2,2,0.0,0.0,0.0,0.0,0.0,2.0,17,4,6,06/26/2024,2024-06-26,17:45:00
03/08/2024 02:15:00 PM,5.0,5,2,6,3,3,4,1,3,1,4,IMPROPER TURNING/NO SIGNAL,2,4,2.0,0.0,0.0,1.0,1.0,0.0,14,6,3,03/08/2024,2024-03-08,14:15:00
06/02/2024 10:47:00 AM,3.0,3,2,6,6,3,3,3,2,1,4,NOT APPLICABLE,2,2,0.0,0.0,0.0,0.0,0.0,4.0,10,1,6,06/02/2024,2024-06-02,10:47:00
05/28/2024 05:30:00 PM,5.0,3,2,6,5,3,3,3,2,1,4,FOLLOWING TOO CLOSELY,2,2,0.0,0.0,0.0,0.0,0.0,2.0,17,3,5,05/28/2024,2024-05-28,17:30:00
06/04/2024 03:58:00 AM,5.0,3,5,4,1,3,3,3,3,1,4,DISREGARDING TRAFFIC SIGNALS,2,5,1.0,0.0,1.0,0.0,0.0,1.0,3,3,6,06/04/2024,2024-06-04,03:58:00
06/17/2024 01:45:00 AM,3.0,3,5,6,6,3,3,3,3,1,4,IMPROPER OVERTAKING/PASSING,2,6,2.0,1.0,0.0,0.0,1.0,2.0,1,2,6,06/17/2024,2024-06-17,01:45:00
04/25/2024 06:02:00 PM,3.0,3,2,5,6,3,3,3,3,1,4,FAILING TO YIELD RIGHT-OF-WAY,2,4,1.0,0.0,0.0,1.0,0.0,1.0,18,5,4,04/25/2024,2024-04-25,18:02:00
06/25/2024 09:10:00 AM,3.0,3,2,6,6,3,4,3,2,0,4,FAILING TO YIELD RIGHT-OF-WAY,2,2,0.0,0.0,0.0,0.0,0.0,2.0,9,3,6,06/25/2024,2024-06-25,09:10:00
07/14/2024 03:51:00 AM,5.0,3,2,10,5,3,1,1,2,1,4,UNABLE TO DETERMINE,2,2,0.0,0.0,0.0,0.0,0.0,2.0,3,1,7,07/14/2024,2024-07-14,03:51:00
07/25/2024 01:00:00 PM,3.0,3,2,6,3,3,3,3,3,1,4,IMPROPER TURNING/NO SIGNAL,2,3,1.0,0.0,0.0,0.0,1.0,1.0,13,5,7,07/25/2024,2024-07-25,13:00:00
06/23/2024 07:36:00 PM,7.0,3,2,5,5,3,3,3,3,1,4,FAILING TO YIELD RIGHT-OF-WAY,2,4,1.0,0.0,0.0,1.0,0.0,3.0,19,1,6,06/23/2024,2024-06-23,19:36:00
04/13/2024 05:10:00 PM,5.0,3,2,4,4,3,3,3,3,1,4,PHYSICAL CONDITION OF DRIVER,2,3,1.0,0.0,0.0,0.0,1.0,1.0,17,7,4,04/13/2024,2024-04-13,17:10:00
06/01/2024 12:49:00 PM,5.0,5,2,6,5,3,4,1,2,1,4,NOT APPLICABLE,2,2,0.0,0.0,0.0,0.0,0.0,2.0,12,7,6,06/01/2024,2024-06-01,12:49:00
04/17/2024 09:30:00 AM,5.0,4,2,6,5,3,4,3,3,1,4,FAILING TO YIELD RIGHT-OF-WAY,2,4,1.0,0.0,0.0,1.0,0.0,1.0,9,4,4,04/17/2024,2024-04-17,09:30:00
07/24/2024 05:27:00 PM,5.0,3,2,13,5,3,3,3,3,1,4,FAILING TO YIELD RIGHT-OF-WAY,2,4,1.0,0.0,0.0,1.0,0.0,1.0,17,4,7,07/24/2024,2024-07-24,17:27:00
02/21/2024 03:15:00 PM,7.0,3,2,11,6,3,3,3,2,1,2,IMPROPER LANE USAGE,2,2,0.0,0.0,0.0,0.0,0.0,1.0,15,4,2,02/21/2024,2024-02-21,15:15:00
06/02/2024 10:35:00 PM,5.0,3,5,5,5,3,3,3,3,1,4,DISREGARDING OTHER TRAFFIC SIGNS,2,3,1.0,0.0,0.0,0.0,1.0,1.0,22,1,6,06/02/2024,2024-06-02,22:35:00
06/29/2024 03:46:00 PM,3.0,3,2,6,5,3,3,3,3,1,4,FAILING TO YIELD RIGHT-OF-WAY,2,2,0.0,0.0,0.0,0.0,0.0,2.0,15,7,6,06/29/2024,2024-06-29,15:46:00
03/22/2024 11:40:00 PM,7.0,3,5,9,7,3,4,3,2,1,4,DRIVING ON WRONG SIDE/WRONG WAY,2,2,0.0,0.0,0.0,0.0,0.0,2.0,23,6,3,03/22/2024,2024-03-22,23:40:00
03/07/2024 11:03:00 AM,5.0,3,2,13,5,3,3,3,3,1,2,FAILING TO YIELD RIGHT-OF-WAY,2,4,1.0,0.0,0.0,1.0,0.0,1.0,11,5,3,03/07/2024,2024-03-07,11:03:00
03/28/2024 02:00:00 PM,1.0,3,2,3,3,3,1,1,2,1,4,UNABLE TO DETERMINE,2,2,0.0,0.0,0.0,0.0,0.0,2.0,14,5,3,03/28/2024,2024-03-28,14:00:00
02/20/2024 06:35:00 PM,7.0,3,5,6,7,3,3,1,2,1,4,UNABLE TO DETERMINE,2,2,0.0,0.0,0.0,0.0,0.0,2.0,18,3,2,02/20/2024,2024-02-20,18:35:00
01/26/2024 05:30:00 PM,7.0,5,4,6,6,3,4,3,2,1,4,FAILING TO YIELD RIGHT-OF-WAY,2,2,0.0,0.0,0.0,0.0,0.0,2.0,17,6,1,01/26/2024,2024-01-26,17:30:00
08/13/2024 08:00:00 AM,5.0,3,2,6,5,3,3,3,3,1,4,FAILING TO YIELD RIGHT-OF-WAY,2,3,2.0,0.0,0.0,0.0,2.0,0.0,8,3,8,08/13/2024,2024-08-13,08:00:00
02/23/2024 10:22:00 AM,5.0,3,2,5,7,3,3,3,3,1,4,DISREGARDING TRAFFIC SIGNALS,2,2,0.0,0.0,0.0,0.0,0.0,2.0,10,6,2,02/23/2024,2024-02-23,10:22:00
06/26/2024 10:45:00 AM,7.0,3,2,4,7,3,3,3,2,1,4,FOLLOWING TOO CLOSELY,2,2,0.0,0.0,0.0,0.0,0.0,2.0,10,4,6,06/26/2024,2024-06-26,10:45:00
02/29/2024 09:30:00 AM,5.0,3,2,14,6,3,3,3,3,0,4,UNABLE TO DETERMINE,2,4,1.0,0.0,0.0,1.0,0.0,1.0,9,5,2,02/29/2024,2024-02-29,09:30:00
01/12/2024 08:30:00 AM,5.0,3,2,5,6,3,5,3,2,1,4,DISREGARDING TRAFFIC SIGNALS,2,2,0.0,0.0,0.0,0.0,0.0,2.0,8,6,1,01/12/2024,2024-01-12,08:30:00
05/09/2024 03:25:00 PM,7.0,4,2,6,6,3,4,3,3,1,4,FAILING TO YIELD RIGHT-OF-WAY,2,2,0.0,0.0,0.0,0.0,0.0,2.0,15,5,5,05/09/2024,2024-05-09,15:25:00
04/28/2024 04:57:00 PM,7.0,3,2,8,5,3,3,1,3,1,4,FAILING TO YIELD RIGHT-OF-WAY,2,2,0.0,0.0,0.0,0.0,0.0,6.0,16,1,4,04/28/2024,2024-04-28,16:57:00
07/12/2024 08:30:00 AM,7.0,3,2,5,1,3,3,3,2,1,4,FAILING TO YIELD RIGHT-OF-WAY,2,2,0.0,0.0,0.0,0.0,0.0,3.0,8,6,7,07/12/2024,2024-07-12,08:30:00
05/13/2024 04:17:00 PM,5.0,5,2,6,6,3,4,3,3,1,3,FAILING TO YIELD RIGHT-OF-WAY,2,2,0.0,0.0,0.0,0.0,0.0,6.0,16,2,5,05/13/2024,2024-05-13,16:17:00
05/18/2024 12:15:00 AM,5.0,3,5,3,5,3,3,3,3,1,3,EQUIPMENT - VEHICLE CONDITION,2,2,0.0,0.0,0.0,0.0,0.0,2.0,0,7,5,05/18/2024,2024-05-18,00:15:00
08/02/2024 11:15:00 PM,7.0,3,5,5,7,3,3,3,3,0,4,FAILING TO YIELD RIGHT-OF-WAY,2,4,1.0,0.0,0.0,1.0,0.0,1.0,23,6,8,08/02/2024,2024-08-02,23:15:00
05/12/2024 01:15:00 AM,5.0,3,2,5,6,3,1,1,2,1,4,UNABLE TO DETERMINE,2,2,0.0,0.0,0.0,0.0,0.0,2.0,1,1,5,05/12/2024,2024-05-12,01:15:00
03/10/2024 10:00:00 PM,5.0,3,5,6,6,3,3,3,2,1,3,IMPROPER TURNING/NO SIGNAL,2,2,0.0,0.0,0.0,0.0,0.0,2.0,22,1,3,03/10/2024,2024-03-10,22:00:00
06/10/2024 02:15:00 PM,3.0,3,2,6,6,3,3,3,2,1,4,DISTRACTION - FROM OUTSIDE VEHICLE,2,2,0.0,0.0,0.0,0.0,0.0,2.0,14,2,6,06/10/2024,2024-06-10,14:15:00
07/03/2024 02:15:00 PM,5.0,3,2,6,5,3,3,3,3,1,3,UNABLE TO DETERMINE,2,3,2.0,0.0,0.0,0.0,2.0,1.0,14,4,7,07/03/2024,2024-07-03,14:15:00
01/21/2024 08:06:00 PM,5.0,3,5,6,5,3,3,3,2,1,4,DRIVING SKILLS/KNOWLEDGE/EXPERIENCE,2,2,0.0,0.0,0.0,0.0,0.0,3.0,20,1,1,01/21/2024,2024-01-21,20:06:00
04/29/2024 07:55:00 AM,7.0,5,2,5,5,3,4,3,3,1,4,FAILING TO REDUCE SPEED TO AVOID CRASH,2,3,1.0,0.0,0.0,0.0,1.0,4.0,7,2,4,04/29/2024,2024-04-29,07:55:00
04/21/2024 05:38:00 PM,5.0,3,2,4,7,3,1,1,2,1,4,UNABLE TO DETERMINE,2,2,0.0,0.0,0.0,0.0,0.0,2.0,17,1,4,04/21/2024,2024-04-21,17:38:00
06/24/2024 10:45:00 PM,5.0,5,5,5,5,3,4,3,3,1,4,DISREGARDING TRAFFIC SIGNALS,2,4,1.0,0.0,0.0,1.0,0.0,1.0,22,2,6,06/24/2024,2024-06-24,22:45:00
03/05/2024 11:23:00 AM,3.0,3,2,4,3,3,3,3,3,0,4,FOLLOWING TOO CLOSELY,2,5,2.0,0.0,2.0,0.0,0.0,5.0,11,3,3,03/05/2024,2024-03-05,11:23:00
04/02/2024 09:23:00 AM,7.0,5,2,4,6,3,4,1,2,1,4,FOLLOWING TOO CLOSELY,2,2,0.0,0.0,0.0,0.0,0.0,2.0,9,3,4,04/02/2024,2024-04-02,09:23:00
04/20/2024 02:15:00 PM,5.0,3,2,4,6,3,3,3,2,1,4,FOLLOWING TOO CLOSELY,2,2,0.0,0.0,0.0,0.0,0.0,2.0,14,7,4,04/20/2024,2024-04-20,14:15:00
04/11/2024 08:00:00 AM,7.0,5,2,6,7,3,4,3,2,1,4,DISREGARDING STOP SIGN,2,2,0.0,0.0,0.0,0.0,0.0,2.0,8,5,4,04/11/2024,2024-04-11,08:00:00
01/30/2024 09:26:00 AM,3.0,5,2,6,7,3,4,3,2,1,3,FAILING TO YIELD RIGHT-OF-WAY,2,2,0.0,0.0,0.0,0.0,0.0,2.0,9,3,1,01/30/2024,2024-01-30,09:26:00
02/01/2024 12:33:00 AM,5.0,3,5,8,6,3,1,1,2,1,3,IMPROPER BACKING,2,2,0.0,0.0,0.0,0.0,0.0,2.0,0,5,2,02/01/2024,2024-02-01,00:33:00
03/30/2024 10:00:00 AM,5.0,3,2,6,6,3,3,3,2,1,4,FAILING TO YIELD RIGHT-OF-WAY,2,2,0.0,0.0,0.0,0.0,0.0,3.0,10,7,3,03/30/2024,2024-03-30,10:00:00
06/07/2024 12:30:00 PM,3.0,3,2,4,4,3,3,1,2,1,4,UNABLE TO DETERMINE,2,2,0.0,0.0,0.0,0.0,0.0,2.0,12,6,6,06/07/2024,2024-06-07,12:30:00
06/06/2024 02:51:00 PM,3.0,3,2,4,7,3,3,3,3,1,4,UNABLE TO DETERMINE,2,2,0.0,0.0,0.0,0.0,0.0,2.0,14,5,6,06/06/2024,2024-06-06,14:51:00
01/14/2024 01:45:00 PM,7.0,4,2,5,5,3,3,3,3,1,4,DISREGARDING STOP SIGN,2,2,0.0,0.0,0.0,0.0,0.0,4.0,13,1,1,01/14/2024,2024-01-14,13:45:00
07/20/2024 03:04:00 PM,7.0,3,2,5,5,3,3,3,3,1,4,FAILING TO YIELD RIGHT-OF-WAY,2,2,0.0,0.0,0.0,0.0,0.0,2.0,15,7,7,07/20/2024,2024-07-20,15:04:00
03/19/2024 07:45:00 AM,5.0,3,2,6,6,3,3,1,2,1,4,IMPROPER LANE USAGE,2,2,0.0,0.0,0.0,0.0,0.0,2.0,7,3,3,03/19/2024,2024-03-19,07:45:00
02/02/2024 08:30:00 AM,7.0,3,2,8,7,3,3,3,2,1,3,IMPROPER BACKING,2,2,0.0,0.0,0.0,0.0,0.0,2.0,8,6,2,02/02/2024,2024-02-02,08:30:00
04/08/2024 04:45:00 PM,7.0,3,2,3,5,3,3,3,2,1,4,FAILING TO REDUCE SPEED TO AVOID CRASH,2,2,0.0,0.0,0.0,0.0,0.0,2.0,16,2,4,04/08/2024,2024-04-08,16:45:00
07/15/2024 09:10:00 PM,5.0,3,5,3,5,3,3,3,2,1,4,"OPERATING VEHICLE IN ERRATIC, RECKLESS, CARELESS, NEGLIGENT OR AGGRESSIVE MANNER",2,2,0.0,0.0,0.0,0.0,0.0,2.0,21,2,7,07/15/2024,2024-07-15,21:10:00
03/25/2024 02:15:00 PM,5.0,3,2,13,5,3,3,3,3,1,2,UNABLE TO DETERMINE,2,4,1.0,0.0,0.0,1.0,0.0,1.0,14,2,3,03/25/2024,2024-03-25,14:15:00
05/25/2024 08:35:00 PM,5.0,3,5,4,5,3,3,3,2,1,2,UNABLE TO DETERMINE,2,2,0.0,0.0,0.0,0.0,0.0,2.0,20,7,5,05/25/2024,2024-05-25,20:35:00
04/02/2024 03:15:00 PM,5.0,3,2,13,5,3,1,1,3,1,4,UNABLE TO DETERMINE,2,4,1.0,0.0,0.0,1.0,0.0,1.0,15,3,4,04/02/2024,2024-04-02,15:15:00