crash_date,traffic_control_device,weather_condition,lighting_condition,first_crash_type,trafficway_type,alignment,roadway_surface_cond,road_defect,crash_type,intersection_related_i,damage,prim_contributory_cause,num_units,most_severe_injury,injuries_total,injuries_fatal,injuries_incapacitating,injuries_non_incapacitating,injuries_reported_not_evident,injuries_no_indication,crash_hour,crash_day_of_week,crash_month,parsed_datetime,date,time
03/13/2024 07:44:00 PM,5.0,3,6,13,5,3,3,3,3,1,4,IMPROPER TURNING/NO SIGNAL,2,3,1.0,0.0,0.0,0.0,1.0,1.0,19,4,3,03/13/2024,2024-03-13,19:44:00
02/05/2024 06:37:00 PM,5.0,3,5,4,6,3,3,3,2,1,4,FOLLOWING TOO CLOSELY,2,2,0.0,0.0,0.0,0.0,0.0,3.0,18,2,2,02/05/2024,2024-02-05,18:37:00
04/27/2024 12:35:00 AM,5.0,5,5,4,12,3,4,3,3,1,4,FOLLOWING TOO CLOSELY,2,2,0.0,0.0,0.0,0.0,0.0,2.0,0,7,4,04/27/2024,2024-04-27,00:35:00
07/06/2024 11:30:00 PM,5.0,3,5,6,4,3,1,1,3,1,4,DISREGARDING TRAFFIC SIGNALS,2,4,1.0,0.0,0.0,1.0,0.0,1.0,23,7,7,07/06/2024,2024-07-06,23:30:00
02/16/2024 11:40:00 AM,5.0,3,2,5,5,3,3,3,3,1,4,DISREGARDING TRAFFIC SIGNALS,2,2,0.0,0.0,0.0,0.0,0.0,4.0,11,6,2,02/16/2024,2024-02-16,11:40:00
06/28/2024 09:15:00 PM,5.0,3,5,6,5,3,3,3,2,1,4,IMPROPER TURNING/NO SIGNAL,2,2,0.0,0.0,0.0,0.0,0.0,2.0,21,6,6,06/28/2024,2024-06-28,21:15:00
07/24/2024 05:45:00 PM,7.0,3,2,4,6,3,3,3,2,1,4,UNABLE TO DETERMINE,2,2,0.0,0.0,0.0,0.0,0.0,2.0,17,4,7,07/24/2024,2024-07-24,17:45:00
03/05/2024 05:33:00 PM,5.0,3,5,6,3,3,3,3,3,1,4,FAILING TO YIELD RIGHT-OF-WAY,2,2,0.0,0.0,0.0,0.0,0.0,3.0,17,3,3,03/05/2024,2024-03-05,17:33:00
01/02/2024 02:40:00 PM,7.0,3,2,5,5,3,3,3,3,1,4,DISREGARDING STOP SIGN,2,4,2.0,0.0,0.0,2.0,0.0,1.0,14,3,1,01/02/2024,2024-01-02,14:40:00
07/13/2024 07:58:00 AM,7.0,3,2,5,1,3,3,3,3,1,4,UNABLE TO DETERMINE,2,2,0.0,0.0,0.0,0.0,0.0,2.0,7,7,7,07/13/2024,2024-07-13,07:58:00
04/25/2024 07:21:00 PM,7.0,3,2,5,5,3,3,3,3,1,4,DRIVING SKILLS/KNOWLEDGE/EXPERIENCE,2,2,0.0,0.0,0.0,0.0,0.0,2.0,19,5,4,04/25/2024,2024-04-25,19:21:00
04/29/2024 09:51:00 PM,5.0,3,5,5,5,3,3,7,3,1,4,DISREGARDING TRAFFIC SIGNALS,2,2,0.0,0.0,0.0,0.0,0.0,2.0,21,2,4,04/29/2024,2024-04-29,21:51:00
01/13/2024 08:40:00 AM,5.0,6,2,5,5,3,5,3,2,1,4,FAILING TO REDUCE SPEED TO AVOID CRASH,2,2,0.0,0.0,0.0,0.0,0.0,5.0,8,7,1,01/13/2024,2024-01-13,08:40:00
02/04/2024 12:46:00 AM,7.0,3,5,5,4,3,3,3,3,1,3,FAILING TO REDUCE SPEED TO AVOID CRASH,2,2,0.0,0.0,0.0,0.0,0.0,2.0,0,1,2,02/04/2024,2024-02-04,00:46:00
04/28/2024 05:38:00 PM,7.0,3,2,5,5,3,3,3,2,1,4,DISREGARDING STOP SIGN,2,2,0.0,0.0,0.0,0.0,0.0,2.0,17,1,4,04/28/2024,2024-04-28,17:38:00
03/08/2024 08:14:00 PM,5.0,5,5,6,5,3,4,3,3,1,4,FAILING TO YIELD RIGHT-OF-WAY,2,2,0.0,0.0,0.0,0.0,0.0,2.0,20,6,3,03/08/2024,2024-03-08,20:14:00
04/23/2024 02:23:00 PM,5.0,3,2,4,6,3,3,3,3,1,4,DRIVING SKILLS/KNOWLEDGE/EXPERIENCE,2,4,1.0,0.0,0.0,1.0,0.0,1.0,14,3,4,04/23/2024,2024-04-23,14:23:00
03/04/2024 09:20:00 AM,7.0,4,2,5,5,3,3,3,2,1,4,UNABLE TO DETERMINE,2,2,0.0,0.0,0.0,0.0,0.0,2.0,9,2,3,03/04/2024,2024-03-04,09:20:00
07/26/2024 11:38:00 AM,5.0,3,2,5,5,3,3,3,3,1,4,FAILING TO REDUCE SPEED TO AVOID CRASH,2,5,2.0,0.0,1.0,0.0,1.0,3.0,11,6,7,07/26/2024,2024-07-26,11:38:00
05/14/2024 08:21:00 AM,3.0,3,2,5,10,3,3,3,3,1,4,UNABLE TO DETERMINE,2,2,0.0,0.0,0.0,0.0,0.0,2.0,8,3,5,05/14/2024,2024-05-14,08:21:00
05/16/2024 08:08:00 PM,7.0,3,2,13,7,3,3,3,3,1,2,FAILING TO YIELD RIGHT-OF-WAY,2,4,1.0,0.0,0.0,1.0,0.0,1.0,20,5,5,05/16/2024,2024-05-16,20:08:00
02/27/2024 09:51:00 AM,7.0,3,2,5,5,3,3,3,3,1,4,DISREGARDING STOP SIGN,2,4,1.0,0.0,0.0,1.0,0.0,2.0,9,3,2,02/27/2024,2024-02-27,09:51:00
01/16/2024 09:15:00 AM,5.0,3,2,5,5,3,3,3,3,1,4,UNABLE TO DETERMINE,2,2,0.0,0.0,0.0,0.0,0.0,2.0,9,3,1,01/16/2024,2024-01-16,09:15:00
06/13/2024 04:11:00 PM,3.0,3,2,6,7,3,3,3,3,0,4,UNABLE TO DETERMINE,2,2,0.0,0.0,0.0,0.0,0.0,2.0,16,5,6,06/13/2024,2024-06-13,16:11:00
02/03/2024 08:40:00 PM,7.0,3,5,13,5,3,1,1,3,1,4,UNABLE TO DETERMINE,2,4,1.0,0.0,0.0,1.0,0.0,1.0,20,7,2,02/03/2024,2024-02-03,20:40:00
08/06/2024 05:50:00 PM,3.0,3,2,3,6,3,3,3,2,1,3,UNABLE TO DETERMINE,2,2,0.0,0.0,0.0,0.0,0.0,2.0,17,3,8,08/06/2024,2024-08-06,17:50:00
07/05/2024 04:00:00 AM,7.0,3,5,11,7,3,3,3,2,1,4,UNABLE TO DETERMINE,2,2,0.0,0.0,0.0,0.0,0.0,1.0,4,6,7,07/05/2024,2024-07-05,04:00:00
08/11/2024 05:15:00 AM,5.0,3,3,5,5,3,3,3,2,1,4,DISREGARDING TRAFFIC SIGNALS,2,2,0.0,0.0,0.0,0.0,0.0,2.0,5,1,8,08/11/2024,2024-08-11,05:15:00
01/23/2024 04:10:00 PM,7.0,5,5,6,6,3,4,3,2,1,4,FAILING TO YIELD RIGHT-OF-WAY,2,2,0.0,0.0,0.0,0.0,0.0,2.0,16,3,1,01/23/2024,2024-01-23,16:10:00
08/05/2024 02:34:00 PM,5.0,3,2,6,5,3,3,1,3,1,4,UNABLE TO DETERMINE,2,4,1.0,0.0,0.0,1.0,0.0,1.0,14,2,8,08/05/2024,2024-08-05,14:34:00
03/11/2024 07:30:00 AM,5.0,3,2,6,6,3,3,3,2,1,4,DISREGARDING TRAFFIC SIGNALS,2,2,0.0,0.0,0.0,0.0,0.0,3.0,7,2,3,03/11/2024,2024-03-11,07:30:00
06/26/2024 06:33:00 AM,5.0,3,2,5,13,3,3,3,2,1,4,DISREGARDING TRAFFIC SIGNALS,2,2,0.0,0.0,0.0,0.0,0.0,3.0,6,4,6,06/26/2024,2024-06-26,06:33:00
08/08/2024 02:10:00 PM,5.0,3,2,6,5,3,3,3,2,1,4,IMPROPER TURNING/NO SIGNAL,2,2,0.0,0.0,0.0,0.0,0.0,2.0,14,5,8,08/08/2024,2024-08-08,14:10:00
04/04/2024 05:10:00 PM,5.0,3,2,14,6,3,1,1,2,1,3,FOLLOWING TOO CLOSELY,2,2,0.0,0.0,0.0,0.0,0.0,2.0,17,5,4,04/04/2024,2024-04-04,17:10:00
05/27/2024 11:04:00 AM,5.0,3,2,5,5,3,3,1,3,1,4,DISREGARDING TRAFFIC SIGNALS,2,2,0.0,0.0,0.0,0.0,0.0,2.0,11,2,5,05/27/2024,2024-05-27,11:04:00
02/25/2024 03:34:00 PM,5.0,3,2,6,4,3,3,1,3,1,4,"OPERATING VEHICLE IN ERRATIC, RECKLESS, CARELESS, NEGLIGENT OR AGGRESSIVE MANNER",2,2,0.0,0.0,0.0,0.0,0.0,5.0,15,1,2,02/25/2024,2024-02-25,15:34:00
04/23/2024 05:20:00 PM,3.0,3,2,5,7,3,1,1,2,1,4,UNABLE TO DETERMINE,2,2,0.0,0.0,0.0,0.0,0.0,2.0,17,3,4,04/23/2024,2024-04-23,17:20:00
02/25/2024 11:20:00 AM,5.0,3,2,14,6,3,3,3,2,1,4,UNABLE TO DETERMINE,2,2,0.0,0.0,0.0,0.0,0.0,2.0,11,1,2,02/25/2024,2024-02-25,11:20:00
06/01/2024 08:26:00 PM,7.0,5,5,5,5,3,4,3,2,1,4,FAILING TO YIELD RIGHT-OF-WAY,2,2,0.0,0.0,0.0,0.0,0.0,2.0,20,7,6,06/01/2024,2024-06-01,20:26:00
05/26/2024 02:20:00 PM,5.0,3,2,6,6,3,1,1,2,1,4,FAILING TO YIELD RIGHT-OF-WAY,2,2,0.0,0.0,0.0,0.0,0.0,2.0,14,1,5,05/26/2024,2024-05-26,14:20:00
02/18/2024 12:09:00 AM,5.0,3,5,5,5,3,3,3,3,1,4,DISREGARDING TRAFFIC SIGNALS,2,4,1.0,0.0,0.0,1.0,0.0,2.0,0,1,2,02/18/2024,2024-02-18,00:09:00
02/18/2024 08:45:00 PM,5.0,3,5,4,5,3,3,3,2,1,4,UNABLE TO DETERMINE,2,2,0.0,0.0,0.0,0.0,0.0,3.0,20,1,2,02/18/2024,2024-02-18,20:45:00
04/18/2024 03:30:00 PM,3.0,3,2,6,5,3,3,3,2,1,4,DRIVING SKILLS/KNOWLEDGE/EXPERIENCE,2,2,0.0,0.0,0.0,0.0,0.0,6.0,15,5,4,04/18/2024,2024-04-18,15:30:00
05/17/2024 04:15:00 PM,5.0,3,2,6,4,3,3,3,2,1,2,FAILING TO YIELD RIGHT-OF-WAY,2,2,0.0,0.0,0.0,0.0,0.0,2.0,16,6,5,05/17/2024,2024-05-17,16:15:00
01/30/2024 08:15:00 PM,5.0,3,5,6,5,3,3,1,3,1,4,TURNING RIGHT ON RED,2,4,1.0,0.0,0.0,1.0,0.0,2.0,20,3,1,01/30/2024,2024-01-30,20:15:00
07/17/2024 10:36:00 PM,5.0,3,5,5,13,3,3,3,3,1,4,FAILING TO YIELD RIGHT-OF-WAY,2,2,0.0,0.0,0.0,0.0,0.0,2.0,22,4,7,07/17/2024,2024-07-17,22:36:00
02/08/2024 07:45:00 AM,7.0,3,2,5,10,3,3,3,2,1,3,FAILING TO YIELD RIGHT-OF-WAY,2,2,0.0,0.0,0.0,0.0,0.0,2.0,7,5,2,02/08/2024,2024-02-08,07:45:00
02/06/2024 03:35:00 PM,7.0,3,2,5,4,3,3,3,3,1,4,UNABLE TO DETERMINE,2,2,0.0,0.0,0.0,0.0,0.0,2.0,15,3,2,02/06/2024,2024-02-06,15:35:00
05/17/2024 02:38:00 PM,3.0,3,2,6,6,3,3,3,2,0,4,UNABLE TO DETERMINE,2,2,0.0,0.0,0.0,0.0,0.0,3.0,14,6,5,05/17/2024,2024-05-17,14:38:00
05/31/2024 09:50:00 PM,5.0,3,5,4,3,3,1,1,3,1,4,FOLLOWING TOO CLOSELY,2,3,1.0,0.0,0.0,0.0,1.0,1.0,21,6,5,05/31/2024,2024-05-31,21:50:00
04/11/2024 09:56:00 AM,5.0,5,2,3,6,3,4,3,3,1,4,IMPROPER LANE USAGE,2,2,0.0,0.0,0.0,0.0,0.0,2.0,9,5,4,04/11/2024,2024-04-11,09:56:00
07/21/2024 06:00:00 PM,7.0,3,2,4,6,3,3,3,2,1,4,FOLLOWING TOO CLOSELY,2,2,0.0,0.0,0.0,0.0,0.0,2.0,18,1,7,07/21/2024,2024-07-21,18:00:00
01/27/2024 06:51:00 AM,5.0,5,5,6,5,3,4,3,3,1,4,DISREGARDING ROAD MARKINGS,2,3,2.0,0.0,0.0,0.0,2.0,0.0,6,7,1,01/27/2024,2024-01-27,06:51:00
05/16/2024 08:49:00 AM,3.0,3,2,3,4,3,3,3,2,1,4,UNABLE TO DETERMINE,2,2,0.0,0.0,0.0,0.0,0.0,2.0,8,5,5,05/16/2024,2024-05-16,08:49:00
01/29/2024 04:21:00 PM,5.0,3,2,8,4,3,3,3,2,1,4,UNABLE TO DETERMINE,2,2,0.0,0.0,0.0,0.0,0.0,2.0,16,2,1,01/29/2024,2024-01-29,16:21:00
07/21/2024 07:21:00 PM,5.0,3,2,6,5,3,3,3,2,1,4,UNABLE TO DETERMINE,2,2,0.0,0.0,0.0,0.0,0.0,6.0,19,1,7,07/21/2024,2024-07-21,19:21:00
02/01/2024 08:55:00 AM,7.0,3,2,14,5,3,3,3,2,1,2,"VISION OBSCURED (SIGNS, TREE LIMBS, BUILDINGS, ETC.)",2,2,0.0,0.0,0.0,0.0,0.0,2.0,8,5,2,02/01/2024,2024-02-01,08:55:00
04/18/2024 06:12:00 AM,7.0,3,2,5,5,3,3,3,2,1,3,FAILING TO YIELD RIGHT-OF-WAY,2,2,0.0,0.0,0.0,0.0,0.0,2.0,6,5,4,04/18/2024,2024-04-18,06:12:00
04/16/2024 08:14:00 AM,5.0,3,2,5,6,3,3,3,3,1,4,DISREGARDING TRAFFIC SIGNALS,2,4,2.0,0.0,0.0,1.0,1.0,0.0,8,3,4,04/16/2024,2024-04-16,08:14:00
02/24/2024 12:20:00 PM,5.0,3,2,6,6,3,3,3,2,1,4,IMPROPER TURNING/NO SIGNAL,2,2,0.0,0.0,0.0,0.0,0.0,3.0,12,7,2,02/24/2024,2024-02-24,12:20:00
06/03/2024 09:00:00 PM,7.0,3,5,5,5,3,3,3,3,1,4,FAILING TO YIELD RIGHT-OF-WAY,2,4,2.0,0.0,0.0,2.0,0.0,1.0,21,2,6,06/03/2024,2024-06-03,21:00:00
05/14/2024 08:01:00 AM,3.0,5,2,6,5,3,4,3,2,1,4,FAILING TO YIELD RIGHT-OF-WAY,2,2,0.0,0.0,0.0,0.0,0.0,2.0,8,3,5,05/14/2024,2024-05-14,08:01:00
07/08/2024 02:15:00 PM,5.0,3,2,5,5,3,3,1,3,1,4,DISREGARDING TRAFFIC SIGNALS,2,3,1.0,0.0,0.0,0.0,1.0,1.0,14,2,7,07/08/2024,2024-07-08,14:15:00
04/25/2024 02:45:00 PM,7.0,3,2,5,6,3,3,3,3,1,4,FAILING TO YIELD RIGHT-OF-WAY,2,4,2.0,0.0,0.0,1.0,1.0,1.0,14,5,4,04/25/2024,2024-04-25,14:45:00
07/14/2024 12:20:00 AM,5.0,5,5,4,6,3,4,3,2,1,4,FOLLOWING TOO CLOSELY,2,2,0.0,0.0,0.0,0.0,0.0,3.0,0,1,7,07/14/2024,2024-07-14,00:20:00
05/11/2024 05:40:00 PM,7.0,3,2,5,5,3,3,3,2,1,4,FAILING TO YIELD RIGHT-OF-WAY,2,2,0.0,0.0,0.0,0.0,0.0,2.0,17,7,5,05/11/2024,2024-05-11,17:40:00
07/27/2024 06:30:00 PM,3.0,3,2,3,6,3,3,3,2,1,4,UNABLE TO DETERMINE,2,2,0.0,0.0,0.0,0.0,0.0,2.0,18,7,7,07/27/2024,2024-07-27,18:30:00
03/19/2024 11:22:00 PM,5.0,3,5,6,5,3,3,3,3,1,4,DISREGARDING TRAFFIC SIGNALS,2,4,2.0,0.0,0.0,2.0,0.0,3.0,23,3,3,03/19/2024,2024-03-19,23:22:00
04/19/2024 01:30:00 PM,5.0,3,2,3,6,3,3,3,2,1,4,FAILING TO YIELD RIGHT-OF-WAY,2,2,0.0,0.0,0.0,0.0,0.0,3.0,13,6,4,04/19/2024,2024-04-19,13:30:00
05/14/2024 06:50:00 PM,7.0,3,2,5,5,3,3,3,3,1,4,FAILING TO YIELD RIGHT-OF-WAY,2,2,0.0,0.0,0.0,0.0,0.0,2.0,18,3,5,05/14/2024,2024-05-14,18:50:00
04/15/2024 07:00:00 AM,5.0,3,2,3,14,3,3,3,2,1,4,FAILING TO YIELD RIGHT-OF-WAY,2,2,0.0,0.0,0.0,0.0,0.0,2.0,7,2,4,04/15/2024,2024-04-15,07:00:00
08/02/2024 10:23:00 PM,7.0,3,5,14,6,3,3,3,3,1,3,"VISION OBSCURED (SIGNS, TREE LIMBS, BUILDINGS, ETC.)",2,4,1.0,0.0,0.0,1.0,0.0,2.0,22,6,8,08/02/2024,2024-08-02,22:23:00
02/05/2024 02:59:00 PM,7.0,3,2,10,5,3,3,3,2,1,3,UNABLE TO DETERMINE,2,2,0.0,0.0,0.0,0.0,0.0,3.0,14,2,2,02/05/2024,2024-02-05,14:59:00
06/16/2024 07:20:00 PM,5.0,3,2,7,5,3,3,5,3,1,4,DISREGARDING TRAFFIC SIGNALS,2,3,1.0,0.0,0.0,0.0,1.0,1.0,19,1,6,06/16/2024,2024-06-16,19:20:00
07/23/2024 05:10:00 PM,5.0,3,4,4,6,3,1,1,2,1,4,FOLLOWING TOO CLOSELY,2,2,0.0,0.0,0.0,0.0,0.0,2.0,17,3,7,07/23/2024,2024-07-23,17:10:00
06/26/2024 09:25:00 AM,5.0,4,2,4,5,3,3,3,2,1,4,UNABLE TO DETERMINE,2,2,0.0,0.0,0.0,0.0,0.0,3.0,9,4,6,06/26/2024,2024-06-26,09:25:00
05/29/2024 10:13:00 AM,7.0,3,2,5,1,3,3,3,3,1,4,UNABLE TO DETERMINE,2,4,1.0,0.0,0.0,1.0,0.0,2.0,10,4,5,05/29/2024,2024-05-29,10:13:00
01/17/2024 11:16:00 AM,5.0,3,2,5,3,3,3,3,3,1,2,DISREGARDING TRAFFIC SIGNALS,2,2,0.0,0.0,0.0,0.0,0.0,3.0,11,4,1,01/17/2024,2024-01-17,11:16:00
07/31/2024 09:53:00 PM,5.0,3,2,4,1,3,1,1,2,1,4,DRIVING SKILLS/KNOWLEDGE/EXPERIENCE,2,2,0.0,0.0,0.0,0.0,0.0,4.0,21,4,7,07/31/2024,2024-07-31,21:53:00
05/15/2024 07:40:00 AM,3.0,3,2,5,5,3,3,3,2,1,4,UNABLE TO DETERMINE,2,2,0.0,0.0,0.0,0.0,0.0,4.0,7,4,5,05/15/2024,2024-05-15,07:40:00
01/17/2024 07:48:00 AM,5.0,3,2,6,7,3,1,1,2,1,4,FAILING TO YIELD RIGHT-OF-WAY,2,2,0.0,0.0,0.0,0.0,0.0,2.0,7,4,1,01/17/2024,2024-01-17,07:48:00
05/23/2024 09:45:00 AM,5.0,3,2,6,5,3,3,3,2,1,3,FAILING TO YIELD RIGHT-OF-WAY,2,2,0.0,0.0,0.0,0.0,0.0,2.0,9,5,5,05/23/2024,2024-05-23,09:45:00
07/18/2024 02:50:00 PM,7.0,3,2,5,6,3,3,3,3,1,4,UNABLE TO DETERMINE,2,2,0.0,0.0,0.0,0.0,0.0,2.0,14,5,7,07/18/2024,2024-07-18,14:50:00
01/12/2024 03:15:00 PM,5.0,8,4,5,5,3,4,1,2,1,4,ROAD ENGINEERING/SURFACE/MARKING DEFECTS,2,2,0.0,0.0,0.0,0.0,0.0,3.0,15,6,1,01/12/2024,2024-01-12,15:15:00
04/11/2024 05:20:00 AM,5.0,5,3,4,7,3,4,1,2,1,4,FOLLOWING TOO CLOSELY,2,2,0.0,0.0,0.0,0.0,0.0,2.0,5,5,4,04/11/2024,2024-04-11,05:20:00
06/18/2024 07:26:00 AM,5.0,3,2,5,5,3,3,3,2,1,4,UNABLE TO DETERMINE,2,2,0.0,0.0,0.0,0.0,0.0,2.0,7,3,6,06/18/2024,2024-06-18,07:26:00
02/24/2024 08:39:00 AM,7.0,3,2,6,5,3,3,3,2,1,4,FAILING TO YIELD RIGHT-OF-WAY,2,2,0.0,0.0,0.0,0.0,0.0,2.0,8,7,2,02/24/2024,2024-02-24,08:39:00
03/14/2024 09:31:00 AM,3.0,5,2,6,5,3,4,3,3,1,4,FAILING TO YIELD RIGHT-OF-WAY,2,5,1.0,0.0,1.0,0.0,0.0,2.0,9,5,3,03/14/2024,2024-03-14,09:31:00
08/05/2024 12:00:00 PM,5.0,3,2,13,5,3,3,3,3,1,4,UNABLE TO DETERMINE,2,4,1.0,0.0,0.0,1.0,0.0,1.0,12,2,8,08/05/2024,2024-08-05,12:00:00
04/03/2024 08:08:00 AM,5.0,8,2,5,5,3,4,3,3,1,4,DISREGARDING TRAFFIC SIGNALS,2,2,0.0,0.0,0.0,0.0,0.0,3.0,8,4,4,04/03/2024,2024-04-03,08:08:00
03/03/2024 03:30:00 AM,2.0,3,5,5,10,3,3,3,2,1,4,DRIVING ON WRONG SIDE/WRONG WAY,2,2,0.0,0.0,0.0,0.0,0.0,3.0,3,1,3,03/03/2024,2024-03-03,03:30:00
07/30/2024 09:50:00 PM,5.0,3,5,9,5,3,1,1,2,1,4,DISREGARDING TRAFFIC SIGNALS,2,2,0.0,0.0,0.0,0.0,0.0,2.0,21,3,7,07/30/2024,2024-07-30,21:50:00
01/19/2024 07:30:00 AM,3.0,6,2,5,4,3,5,3,2,1,4,FAILING TO YIELD RIGHT-OF-WAY,2,2,0.0,0.0,0.0,0.0,0.0,3.0,7,6,1,01/19/2024,2024-01-19,07:30:00
02/07/2024 03:18:00 PM,7.0,4,2,13,5,3,3,3,3,1,2,FAILING TO YIELD RIGHT-OF-WAY,2,4,1.0,0.0,0.0,1.0,0.0,1.0,15,4,2,02/07/2024,2024-02-07,15:18:00
08/14/2024 09:17:00 AM,7.0,3,2,14,7,3,3,3,3,1,4,UNABLE TO DETERMINE,2,4,1.0,0.0,0.0,1.0,0.0,2.0,9,4,8,08/14/2024,2024-08-14,09:17:00
05/19/2024 04:50:00 PM,2.0,3,2,5,5,3,3,3,3,1,4,UNABLE TO DETERMINE,2,2,0.0,0.0,0.0,0.0,0.0,5.0,16,1,5,05/19/2024,2024-05-19,16:50:00
01/04/2024 06:14:00 PM,5.0,3,5,6,1,7,3,3,2,1,3,IMPROPER LANE USAGE,2,2,0.0,0.0,0.0,0.0,0.0,2.0,18,5,1,01/04/2024,2024-01-04,18:14:00
04/12/2024 06:00:00 PM,5.0,3,2,6,5,3,3,3,2,1,3,"OPERATING VEHICLE IN ERRATIC, RECKLESS, CARELESS, NEGLIGENT OR AGGRESSIVE MANNER",2,2,0.0,0.0,0.0,0.0,0.0,2.0,18,6,4,04/12/2024,2024-04-12,18:00:00
05/07/2024 08:04:00 AM,5.0,4,2,3,5,3,3,3,2,1,3,IMPROPER OVERTAKING/PASSING,2,2,0.0,0.0,0.0,0.0,0.0,2.0,8,3,5,05/07/2024,2024-05-07,08:04:00
06/02/2024 08:26:00 PM,5.0,3,4,4,5,3,3,1,3,1,4,DRIVING SKILLS/KNOWLEDGE/EXPERIENCE,2,2,0.0,0.0,0.0,0.0,0.0,3.0,20,1,6,06/02/2024,2024-06-02,20:26:00
06/09/2024 05:00:00 PM,5.0,3,2,4,4,3,3,3,2,0,3,FAILING TO YIELD RIGHT-OF-WAY,2,2,0.0,0.0,0.0,0.0,0.0,2.0,17,1,6,06/09/2024,2024-06-09,17:00:00
07/16/2024 07:10:00 AM,5.0,3,2,6,6,3,3,3,2,1,4,UNABLE TO DETERMINE,2,2,0.0,0.0,0.0,0.0,0.0,2.0,7,3,7,07/16/2024,2024-07-16,07:10:00
05/22/2024 06:02:00 PM,7.0,3,2,5,6,3,3,3,3,1,4,FAILING TO YIELD RIGHT-OF-WAY,2,4,1.0,0.0,0.0,1.0,0.0,2.0,18,4,5,05/22/2024,2024-05-22,18:02:00
05/22/2024 07:45:00 AM,5.0,3,2,6,6,6,3,3,2,1,3,UNABLE TO DETERMINE,2,2,0.0,0.0,0.0,0.0,0.0,3.0,7,4,5,05/22/2024,2024-05-22,07:45:00
02/29/2024 04:50:00 PM,5.0,3,2,4,6,3,3,1,3,1,4,FOLLOWING TOO CLOSELY,2,3,1.0,0.0,0.0,0.0,1.0,1.0,16,5,2,02/29/2024,2024-02-29,16:50:00
05/21/2024 06:00:00 PM,5.0,3,2,3,4,3,3,3,2,1,4,FAILING TO YIELD RIGHT-OF-WAY,2,2,0.0,0.0,0.0,0.0,0.0,3.0,18,3,5,05/21/2024,2024-05-21,18:00:00
08/01/2024 02:15:00 PM,5.0,3,2,6,6,3,1,1,2,1,4,FAILING TO YIELD RIGHT-OF-WAY,2,2,0.0,0.0,0.0,0.0,0.0,2.0,14,5,8,08/01/2024,2024-08-01,14:15:00
02/01/2024 06:45:00 PM,7.0,3,5,6,6,3,3,3,2,1,4,UNABLE TO DETERMINE,2,2,0.0,0.0,0.0,0.0,0.0,2.0,18,5,2,02/01/2024,2024-02-01,18:45:00
01/17/2024 04:51:00 AM,5.0,3,5,4,6,3,3,1,2,1,4,UNABLE TO DETERMINE,2,2,0.0,0.0,0.0,0.0,0.0,4.0,4,4,1,01/17/2024,2024-01-17,04:51:00
03/01/2024 09:45:00 AM,5.0,3,2,6,5,3,3,3,3,1,4,FAILING TO YIELD RIGHT-OF-WAY,2,4,1.0,0.0,0.0,1.0,0.0,1.0,9,6,3,03/01/2024,2024-03-01,09:45:00
07/14/2024 07:00:00 PM,5.0,3,2,6,5,3,3,1,2,1,4,IMPROPER TURNING/NO SIGNAL,2,2,0.0,0.0,0.0,0.0,0.0,2.0,19,1,7,07/14/2024,2024-07-14,19:00:00
02/17/2024 09:40:00 AM,3.0,3,2,13,6,3,3,3,3,0,2,UNABLE TO DETERMINE,2,4,1.0,0.0,0.0,1.0,0.0,1.0,9,7,2,02/17/2024,2024-02-17,09:40:00
03/16/2024 03:00:00 PM,5.0,3,2,4,6,3,1,1,3,0,4,FOLLOWING TOO CLOSELY,2,3,1.0,0.0,0.0,0.0,1.0,1.0,15,7,3,03/16/2024,2024-03-16,15:00:00
04/01/2024 03:22:00 PM,3.0,5,2,6,7,3,4,1,3,1,4,UNABLE TO DETERMINE,2,4,1.0,0.0,0.0,1.0,0.0,1.0,15,2,4,04/01/2024,2024-04-01,15:22:00
07/04/2024 11:10:00 PM,5.0,3,6,4,5,3,3,3,2,1,4,UNABLE TO DETERMINE,2,2,0.0,0.0,0.0,0.0,0.0,2.0,23,5,7,07/04/2024,2024-07-04,23:10:00
05/04/2024 04:25:00 PM,7.0,3,2,5,7,3,3,1,2,1,4,UNABLE TO DETERMINE,2,2,0.0,0.0,0.0,0.0,0.0,3.0,16,7,5,05/04/2024,2024-05-04,16:25:00
04/10/2024 03:05:00 PM,3.0,3,2,3,7,3,3,3,3,1,2,UNDER THE INFLUENCE OF ALCOHOL/DRUGS (USE WHEN ARREST IS EFFECTED),2,2,0.0,0.0,0.0,0.0,0.0,3.0,15,4,4,04/10/2024,2024-04-10,15:05:00
05/13/2024 02:16:00 PM,7.0,3,2,5,7,3,3,3,3,1,4,FAILING TO YIELD RIGHT-OF-WAY,2,3,2.0,0.0,0.0,0.0,2.0,1.0,14,2,5,05/13/2024,2024-05-13,14:16:00
07/11/2024 04:05:00 PM,5.0,3,2,5,5,3,3,3,3,1,4,FAILING TO YIELD RIGHT-OF-WAY,2,3,2.0,0.0,0.0,0.0,2.0,1.0,16,5,7,07/11/2024,2024-07-11,16:05:00
08/03/2024 03:30:00 AM,5.0,3,6,5,6,3,3,3,3,0,4,DISREGARDING TRAFFIC SIGNALS,2,2,0.0,0.0,0.0,0.0,0.0,2.0,3,7,8,08/03/2024,2024-08-03,03:30:00
06/10/2024 03:30:00 PM,7.0,3,2,5,5,3,3,3,2,1,4,UNABLE TO DETERMINE,2,2,0.0,0.0,0.0,0.0,0.0,3.0,15,2,6,06/10/2024,2024-06-10,15:30:00