crash_date,traffic_control_device,weather_condition,lighting_condition,first_crash_type,trafficway_type,alignment,roadway_surface_cond,road_defect,crash_type,intersection_related_i,damage,prim_contributory_cause,num_units,most_severe_injury,injuries_total,injuries_fatal,injuries_incapacitating,injuries_non_incapacitating,injuries_reported_not_evident,injuries_no_indication,crash_hour,crash_day_of_week,crash_month,parsed_datetime,date,time
05/05/2024 12:01:00 AM,5.0,3,5,4,5,3,3,3,2,1,4,FOLLOWING TOO CLOSELY,2,2,0.0,0.0,0.0,0.0,0.0,2.0,0,1,5,05/05/2024,2024-05-05,00:01:00
07/17/2024 04:00:00 PM,1.0,3,2,3,6,3,1,1,2,1,3,IMPROPER LANE USAGE,2,2,0.0,0.0,0.0,0.0,0.0,2.0,16,4,7,07/17/2024,2024-07-17,16:00:00
01/10/2024 10:29:00 PM,5.0,3,5,6,3,3,3,3,3,1,4,FAILING TO YIELD RIGHT-OF-WAY,2,2,0.0,0.0,0.0,0.0,0.0,2.0,22,4,1,01/10/2024,2024-01-10,22:29:00
06/30/2024 03:09:00 PM,3.0,3,2,4,6,3,3,3,3,1,4,NOT APPLICABLE,2,2,0.0,0.0,0.0,0.0,0.0,2.0,15,1,6,06/30/2024,2024-06-30,15:09:00
03/22/2024 04:55:00 PM,7.0,6,2,6,5,3,5,3,2,1,4,UNABLE TO DETERMINE,2,2,0.0,0.0,0.0,0.0,0.0,3.0,16,6,3,03/22/2024,2024-03-22,16:55:00
07/10/2024 02:05:00 PM,7.0,3,2,6,6,3,1,1,3,1,4,FAILING TO YIELD RIGHT-OF-WAY,2,2,0.0,0.0,0.0,0.0,0.0,3.0,14,4,7,07/10/2024,2024-07-10,14:05:00
02/03/2024 10:05:00 AM,5.0,3,2,6,5,3,3,1,2,1,4,UNABLE TO DETERMINE,2,2,0.0,0.0,0.0,0.0,0.0,2.0,10,7,2,02/03/2024,2024-02-03,10:05:00
02/13/2024 07:15:00 PM,1.0,3,5,6,6,3,3,1,2,1,4,IMPROPER OVERTAKING/PASSING,2,2,0.0,0.0,0.0,0.0,0.0,2.0,19,3,2,02/13/2024,2024-02-13,19:15:00
05/18/2024 02:33:00 AM,3.0,3,5,5,6,3,3,3,3,1,4,UNABLE TO DETERMINE,2,2,0.0,0.0,0.0,0.0,0.0,2.0,2,7,5,05/18/2024,2024-05-18,02:33:00
06/21/2024 03:39:00 PM,7.0,3,2,13,5,3,3,3,3,1,4,FAILING TO YIELD RIGHT-OF-WAY,2,4,1.0,0.0,0.0,1.0,0.0,1.0,15,6,6,06/21/2024,2024-06-21,15:39:00
03/06/2024 04:20:00 PM,7.0,3,2,6,6,3,1,1,2,1,3,UNABLE TO DETERMINE,2,2,0.0,0.0,0.0,0.0,0.0,4.0,16,4,3,03/06/2024,2024-03-06,16:20:00
01/31/2024 12:33:00 PM,3.0,3,2,5,6,3,3,3,2,1,4,UNABLE TO DETERMINE,2,2,0.0,0.0,0.0,0.0,0.0,2.0,12,4,1,01/31/2024,2024-01-31,12:33:00
08/01/2024 02:50:00 PM,5.0,3,2,4,4,3,3,3,2,1,2,NOT APPLICABLE,2,2,0.0,0.0,0.0,0.0,0.0,2.0,14,5,8,08/01/2024,2024-08-01,14:50:00
02/13/2024 05:50:00 PM,7.0,3,5,6,5,3,3,3,2,1,4,FAILING TO YIELD RIGHT-OF-WAY,2,2,0.0,0.0,0.0,0.0,0.0,2.0,17,3,2,02/13/2024,2024-02-13,17:50:00
07/31/2024 08:40:00 PM,3.0,3,5,5,7,3,3,3,2,1,4,DRIVING ON WRONG SIDE/WRONG WAY,2,2,0.0,0.0,0.0,0.0,0.0,2.0,20,4,7,07/31/2024,2024-07-31,20:40:00
02/26/2024 05:30:00 PM,5.0,3,2,6,6,3,1,1,2,1,4,IMPROPER TURNING/NO SIGNAL,2,2,0.0,0.0,0.0,0.0,0.0,3.0,17,2,2,02/26/2024,2024-02-26,17:30:00
04/24/2024 08:40:00 PM,5.0,3,5,3,3,3,3,1,3,1,4,IMPROPER LANE USAGE,2,3,1.0,0.0,0.0,0.0,1.0,4.0,20,4,4,04/24/2024,2024-04-24,20:40:00
02/25/2024 08:30:00 AM,5.0,3,2,4,7,3,3,3,2,1,3,FOLLOWING TOO CLOSELY,2,2,0.0,0.0,0.0,0.0,0.0,2.0,8,1,2,02/25/2024,2024-02-25,08:30:00
07/10/2024 07:00:00 AM,5.0,5,2,5,6,3,4,3,3,1,4,FAILING TO YIELD RIGHT-OF-WAY,2,4,1.0,0.0,0.0,1.0,0.0,1.0,7,4,7,07/10/2024,2024-07-10,07:00:00
01/27/2024 07:35:00 PM,7.0,5,6,13,4,3,4,3,3,1,4,DISREGARDING STOP SIGN,2,3,1.0,0.0,0.0,0.0,1.0,1.0,19,7,1,01/27/2024,2024-01-27,19:35:00
06/22/2024 05:59:00 PM,5.0,3,2,6,6,3,3,3,3,1,4,UNABLE TO DETERMINE,2,5,2.0,0.0,2.0,0.0,0.0,0.0,17,7,6,06/22/2024,2024-06-22,17:59:00
07/17/2024 11:50:00 AM,5.0,3,2,6,3,3,3,3,2,1,4,UNABLE TO DETERMINE,2,2,0.0,0.0,0.0,0.0,0.0,2.0,11,4,7,07/17/2024,2024-07-17,11:50:00
04/29/2024 08:08:00 AM,7.0,3,2,4,5,3,4,3,2,1,4,FAILING TO REDUCE SPEED TO AVOID CRASH,2,2,0.0,0.0,0.0,0.0,0.0,2.0,8,2,4,04/29/2024,2024-04-29,08:08:00
08/10/2024 05:45:00 PM,5.0,3,2,3,5,3,3,3,2,1,2,IMPROPER OVERTAKING/PASSING,2,2,0.0,0.0,0.0,0.0,0.0,2.0,17,7,8,08/10/2024,2024-08-10,17:45:00
01/23/2024 07:00:00 AM,5.0,3,2,6,5,3,6,3,2,1,3,IMPROPER LANE USAGE,2,2,0.0,0.0,0.0,0.0,0.0,2.0,7,3,1,01/23/2024,2024-01-23,07:00:00
04/10/2024 05:23:00 PM,5.0,3,3,5,5,3,3,3,3,1,4,UNABLE TO DETERMINE,2,2,0.0,0.0,0.0,0.0,0.0,2.0,17,4,4,04/10/2024,2024-04-10,17:23:00
05/13/2024 03:40:00 PM,7.0,5,2,5,5,3,4,3,3,1,4,FAILING TO YIELD RIGHT-OF-WAY,2,3,1.0,0.0,0.0,0.0,1.0,1.0,15,2,5,05/13/2024,2024-05-13,15:40:00
01/14/2024 04:30:00 PM,5.0,6,4,3,4,3,5,1,2,1,4,UNABLE TO DETERMINE,2,2,0.0,0.0,0.0,0.0,0.0,2.0,16,1,1,01/14/2024,2024-01-14,16:30:00
08/09/2024 04:45:00 PM,3.0,3,2,4,6,3,3,3,2,1,4,UNABLE TO DETERMINE,2,2,0.0,0.0,0.0,0.0,0.0,2.0,16,6,8,08/09/2024,2024-08-09,16:45:00
06/30/2024 02:00:00 PM,5.0,3,2,4,4,3,3,3,3,0,2,FAILING TO REDUCE SPEED TO AVOID CRASH,2,3,1.0,0.0,0.0,0.0,1.0,2.0,14,1,6,06/30/2024,2024-06-30,14:00:00
07/05/2024 12:45:00 PM,5.0,3,2,3,5,3,3,3,2,1,3,DRIVING SKILLS/KNOWLEDGE/EXPERIENCE,2,2,0.0,0.0,0.0,0.0,0.0,2.0,12,6,7,07/05/2024,2024-07-05,12:45:00
05/17/2024 07:09:00 PM,7.0,3,2,5,10,3,3,3,2,1,4,FAILING TO YIELD RIGHT-OF-WAY,2,2,0.0,0.0,0.0,0.0,0.0,3.0,19,6,5,05/17/2024,2024-05-17,19:09:00
04/04/2024 06:09:00 PM,5.0,3,5,6,3,3,3,3,3,1,4,IMPROPER TURNING/NO SIGNAL,2,3,1.0,0.0,0.0,0.0,1.0,1.0,18,5,4,04/04/2024,2024-04-04,18:09:00
05/11/2024 04:49:00 AM,3.0,3,5,5,6,3,3,3,3,1,4,DISREGARDING TRAFFIC SIGNALS,2,4,1.0,0.0,0.0,1.0,0.0,1.0,4,7,5,05/11/2024,2024-05-11,04:49:00
01/29/2024 12:42:00 AM,3.0,3,6,5,6,3,3,3,3,1,4,DRIVING ON WRONG SIDE/WRONG WAY,2,5,1.0,0.0,1.0,0.0,0.0,3.0,0,2,1,01/29/2024,2024-01-29,00:42:00
01/05/2024 03:36:00 PM,5.0,3,2,5,5,3,3,3,2,1,4,UNABLE TO DETERMINE,2,2,0.0,0.0,0.0,0.0,0.0,3.0,15,6,1,01/05/2024,2024-01-05,15:36:00
06/20/2024 10:20:00 AM,5.0,3,2,3,10,3,3,3,2,1,4,IMPROPER OVERTAKING/PASSING,2,2,0.0,0.0,0.0,0.0,0.0,3.0,10,5,6,06/20/2024,2024-06-20,10:20:00
03/29/2024 12:30:00 PM,7.0,3,2,5,5,3,3,3,2,1,4,IMPROPER TURNING/NO SIGNAL,2,2,0.0,0.0,0.0,0.0,0.0,2.0,12,6,3,03/29/2024,2024-03-29,12:30:00
07/16/2024 06:10:00 PM,5.0,3,2,4,5,3,3,3,2,1,4,FOLLOWING TOO CLOSELY,2,2,0.0,0.0,0.0,0.0,0.0,2.0,18,3,7,07/16/2024,2024-07-16,18:10:00
01/08/2024 10:58:00 PM,3.0,3,5,6,6,3,4,3,2,1,4,IMPROPER TURNING/NO SIGNAL,2,2,0.0,0.0,0.0,0.0,0.0,2.0,22,2,1,01/08/2024,2024-01-08,22:58:00
01/22/2024 11:38:00 AM,5.0,5,2,5,5,3,4,3,3,1,4,FAILING TO YIELD RIGHT-OF-WAY,2,3,2.0,0.0,0.0,0.0,2.0,1.0,11,2,1,01/22/2024,2024-01-22,11:38:00
07/13/2024 11:35:00 AM,5.0,3,2,6,7,3,3,3,2,1,4,UNABLE TO DETERMINE,2,2,0.0,0.0,0.0,0.0,0.0,2.0,11,7,7,07/13/2024,2024-07-13,11:35:00
04/25/2024 01:00:00 AM,7.0,3,5,5,5,3,3,3,3,1,4,FAILING TO YIELD RIGHT-OF-WAY,2,2,0.0,0.0,0.0,0.0,0.0,6.0,1,5,4,04/25/2024,2024-04-25,01:00:00
06/30/2024 10:36:00 PM,3.0,3,5,3,6,3,3,3,2,1,2,UNABLE TO DETERMINE,2,2,0.0,0.0,0.0,0.0,0.0,2.0,22,1,6,06/30/2024,2024-06-30,22:36:00
02/29/2024 01:30:00 PM,7.0,3,2,6,7,3,3,3,2,1,4,IMPROPER OVERTAKING/PASSING,2,2,0.0,0.0,0.0,0.0,0.0,3.0,13,5,2,02/29/2024,2024-02-29,13:30:00
06/01/2024 02:23:00 PM,1.0,3,2,6,5,3,1,1,2,0,3,NOT APPLICABLE,2,2,0.0,0.0,0.0,0.0,0.0,3.0,14,7,6,06/01/2024,2024-06-01,14:23:00
05/11/2024 03:26:00 PM,5.0,3,2,6,6,3,1,1,2,1,4,FAILING TO YIELD RIGHT-OF-WAY,2,2,0.0,0.0,0.0,0.0,0.0,3.0,15,7,5,05/11/2024,2024-05-11,15:26:00
05/29/2024 09:55:00 AM,5.0,3,2,14,5,3,1,1,3,1,4,FAILING TO YIELD RIGHT-OF-WAY,2,4,1.0,0.0,0.0,1.0,0.0,1.0,9,4,5,05/29/2024,2024-05-29,09:55:00
02/18/2024 05:49:00 AM,9.0,3,3,11,4,3,3,3,2,0,4,UNABLE TO DETERMINE,2,2,0.0,0.0,0.0,0.0,0.0,1.0,5,1,2,02/18/2024,2024-02-18,05:49:00
08/02/2024 03:30:00 PM,3.0,3,2,9,17,3,3,3,2,1,4,UNABLE TO DETERMINE,2,2,0.0,0.0,0.0,0.0,0.0,2.0,15,6,8,08/02/2024,2024-08-02,15:30:00
03/22/2024 06:11:00 AM,5.0,5,6,3,6,3,4,3,2,1,3,IMPROPER LANE USAGE,2,2,0.0,0.0,0.0,0.0,0.0,2.0,6,6,3,03/22/2024,2024-03-22,06:11:00
07/03/2024 10:39:00 AM,5.0,3,2,6,3,3,3,1,2,1,4,IMPROPER LANE USAGE,2,2,0.0,0.0,0.0,0.0,0.0,2.0,10,4,7,07/03/2024,2024-07-03,10:39:00
07/29/2024 06:26:00 PM,7.0,3,2,6,7,3,1,1,2,1,4,FAILING TO YIELD RIGHT-OF-WAY,2,2,0.0,0.0,0.0,0.0,0.0,2.0,18,2,7,07/29/2024,2024-07-29,18:26:00
05/29/2024 02:46:00 PM,7.0,3,2,5,5,3,3,3,3,1,4,DRIVING SKILLS/KNOWLEDGE/EXPERIENCE,2,4,2.0,0.0,0.0,1.0,1.0,1.0,14,4,5,05/29/2024,2024-05-29,14:46:00
04/26/2024 06:13:00 PM,7.0,3,2,6,7,3,3,1,3,1,4,IMPROPER OVERTAKING/PASSING,2,2,0.0,0.0,0.0,0.0,0.0,3.0,18,6,4,04/26/2024,2024-04-26,18:13:00
02/10/2024 02:32:00 PM,7.0,3,2,6,5,3,3,3,2,1,4,IMPROPER TURNING/NO SIGNAL,2,2,0.0,0.0,0.0,0.0,0.0,2.0,14,7,2,02/10/2024,2024-02-10,14:32:00
07/29/2024 07:19:00 PM,7.0,3,2,5,6,3,3,1,3,1,4,UNABLE TO DETERMINE,2,2,0.0,0.0,0.0,0.0,0.0,3.0,19,2,7,07/29/2024,2024-07-29,19:19:00
06/20/2024 11:30:00 AM,5.0,3,2,4,6,3,3,3,2,1,4,FOLLOWING TOO CLOSELY,2,2,0.0,0.0,0.0,0.0,0.0,2.0,11,5,6,06/20/2024,2024-06-20,11:30:00
07/05/2024 05:41:00 PM,7.0,3,2,13,6,3,3,3,3,1,2,FAILING TO YIELD RIGHT-OF-WAY,2,5,1.0,0.0,1.0,0.0,0.0,1.0,17,6,7,07/05/2024,2024-07-05,17:41:00
03/07/2024 01:10:00 PM,5.0,3,2,6,5,3,3,3,3,1,4,UNABLE TO DETERMINE,2,3,1.0,0.0,0.0,0.0,1.0,1.0,13,5,3,03/07/2024,2024-03-07,13:10:00
02/26/2024 06:36:00 PM,5.0,3,5,9,7,3,3,3,3,1,4,UNABLE TO DETERMINE,2,4,1.0,0.0,0.0,1.0,0.0,1.0,18,2,2,02/26/2024,2024-02-26,18:36:00
06/13/2024 05:20:00 AM,5.0,3,2,5,5,3,3,3,2,1,4,UNABLE TO DETERMINE,2,2,0.0,0.0,0.0,0.0,0.0,3.0,5,5,6,06/13/2024,2024-06-13,05:20:00
04/11/2024 10:48:00 PM,7.0,3,5,5,6,3,4,1,3,1,4,FAILING TO YIELD RIGHT-OF-WAY,2,2,0.0,0.0,0.0,0.0,0.0,2.0,22,5,4,04/11/2024,2024-04-11,22:48:00
06/03/2024 05:21:00 PM,7.0,3,2,5,5,3,3,3,3,1,4,DISREGARDING STOP SIGN,2,4,1.0,0.0,0.0,1.0,0.0,2.0,17,2,6,06/03/2024,2024-06-03,17:21:00
01/13/2024 02:10:00 PM,5.0,3,2,6,5,3,3,3,3,1,4,UNABLE TO DETERMINE,2,2,0.0,0.0,0.0,0.0,0.0,2.0,14,7,1,01/13/2024,2024-01-13,14:10:00
07/27/2024 11:50:00 PM,5.0,3,5,5,5,3,3,3,2,1,4,DISREGARDING TRAFFIC SIGNALS,2,2,0.0,0.0,0.0,0.0,0.0,5.0,23,7,7,07/27/2024,2024-07-27,23:50:00
03/19/2024 08:45:00 AM,7.0,3,2,5,4,3,3,3,3,1,4,EQUIPMENT - VEHICLE CONDITION,2,2,0.0,0.0,0.0,0.0,0.0,3.0,8,3,3,03/19/2024,2024-03-19,08:45:00
04/14/2024 10:00:00 AM,5.0,3,2,6,4,3,3,1,3,1,4,UNABLE TO DETERMINE,2,4,2.0,0.0,0.0,2.0,0.0,1.0,10,1,4,04/14/2024,2024-04-14,10:00:00
03/21/2024 08:35:00 AM,5.0,3,2,6,6,3,3,3,2,1,4,IMPROPER LANE USAGE,2,2,0.0,0.0,0.0,0.0,0.0,2.0,8,5,3,03/21/2024,2024-03-21,08:35:00
05/09/2024 03:45:00 PM,5.0,3,2,3,3,3,3,3,2,1,4,NOT APPLICABLE,2,2,0.0,0.0,0.0,0.0,0.0,2.0,15,5,5,05/09/2024,2024-05-09,15:45:00
05/13/2024 08:04:00 AM,3.0,3,2,6,6,3,3,3,3,1,4,UNABLE TO DETERMINE,2,4,1.0,0.0,0.0,1.0,0.0,1.0,8,2,5,05/13/2024,2024-05-13,08:04:00
05/25/2024 09:30:00 PM,5.0,3,2,6,5,3,1,2,2,1,4,UNABLE TO DETERMINE,2,2,0.0,0.0,0.0,0.0,0.0,2.0,21,7,5,05/25/2024,2024-05-25,21:30:00
05/17/2024 12:59:00 PM,5.0,3,2,6,3,3,3,3,3,1,4,IMPROPER TURNING/NO SIGNAL,2,2,0.0,0.0,0.0,0.0,0.0,2.0,12,6,5,05/17/2024,2024-05-17,12:59:00
06/10/2024 08:56:00 AM,5.0,3,2,6,5,3,3,3,3,1,4,FAILING TO YIELD RIGHT-OF-WAY,2,3,1.0,0.0,0.0,0.0,1.0,1.0,8,2,6,06/10/2024,2024-06-10,08:56:00
07/11/2024 06:15:00 PM,5.0,3,2,4,9,4,3,3,2,1,3,UNABLE TO DETERMINE,2,2,0.0,0.0,0.0,0.0,0.0,2.0,18,5,7,07/11/2024,2024-07-11,18:15:00
05/28/2024 10:20:00 PM,5.0,5,5,6,5,3,4,3,3,1,3,FAILING TO YIELD RIGHT-OF-WAY,2,2,0.0,0.0,0.0,0.0,0.0,6.0,22,3,5,05/28/2024,2024-05-28,22:20:00
05/18/2024 12:15:00 PM,5.0,3,2,6,6,3,1,1,2,1,4,UNABLE TO DETERMINE,2,2,0.0,0.0,0.0,0.0,0.0,2.0,12,7,5,05/18/2024,2024-05-18,12:15:00
06/09/2024 09:45:00 PM,3.0,3,5,6,7,3,3,3,2,1,4,FAILING TO YIELD RIGHT-OF-WAY,2,2,0.0,0.0,0.0,0.0,0.0,2.0,21,1,6,06/09/2024,2024-06-09,21:45:00
01/07/2024 08:00:00 PM,5.0,3,5,5,6,3,3,3,3,1,4,DISREGARDING TRAFFIC SIGNALS,2,2,0.0,0.0,0.0,0.0,0.0,2.0,20,1,1,01/07/2024,2024-01-07,20:00:00
03/18/2024 09:07:00 AM,5.0,4,2,6,4,3,3,3,3,1,4,UNABLE TO DETERMINE,2,2,0.0,0.0,0.0,0.0,0.0,2.0,9,2,3,03/18/2024,2024-03-18,09:07:00
08/13/2024 11:00:00 AM,5.0,3,2,14,6,3,1,1,2,1,4,FAILING TO YIELD RIGHT-OF-WAY,2,2,0.0,0.0,0.0,0.0,0.0,2.0,11,3,8,08/13/2024,2024-08-13,11:00:00
04/27/2024 12:04:00 PM,5.0,3,2,6,6,3,3,3,3,1,4,UNABLE TO DETERMINE,2,2,0.0,0.0,0.0,0.0,0.0,2.0,12,7,4,04/27/2024,2024-04-27,12:04:00
02/17/2024 10:45:00 AM,5.0,3,2,5,5,3,3,3,2,1,3,FAILING TO REDUCE SPEED TO AVOID CRASH,2,2,0.0,0.0,0.0,0.0,0.0,4.0,10,7,2,02/17/2024,2024-02-17,10:45:00
06/11/2024 06:56:00 PM,5.0,4,2,14,7,3,3,3,3,1,2,IMPROPER LANE USAGE,2,3,1.0,0.0,0.0,0.0,1.0,1.0,18,3,6,06/11/2024,2024-06-11,18:56:00
01/18/2024 05:30:00 PM,7.0,3,5,5,5,3,3,3,2,1,4,UNABLE TO DETERMINE,2,2,0.0,0.0,0.0,0.0,0.0,2.0,17,5,1,01/18/2024,2024-01-18,17:30:00
04/30/2024 09:20:00 AM,7.0,3,2,5,9,3,3,3,3,1,4,FAILING TO YIELD RIGHT-OF-WAY,2,2,0.0,0.0,0.0,0.0,0.0,2.0,9,3,4,04/30/2024,2024-04-30,09:20:00
01/29/2024 05:26:00 PM,5.0,3,5,6,5,3,3,3,3,1,4,FAILING TO YIELD RIGHT-OF-WAY,2,2,0.0,0.0,0.0,0.0,0.0,2.0,17,2,1,01/29/2024,2024-01-29,17:26:00
05/18/2024 03:51:00 AM,5.0,3,5,5,5,3,3,3,3,1,4,PHYSICAL CONDITION OF DRIVER,2,2,0.0,0.0,0.0,0.0,0.0,2.0,3,7,5,05/18/2024,2024-05-18,03:51:00
01/11/2024 07:40:00 AM,1.0,3,2,3,6,3,1,1,2,1,4,UNABLE TO DETERMINE,2,2,0.0,0.0,0.0,0.0,0.0,2.0,7,5,1,01/11/2024,2024-01-11,07:40:00
04/27/2024 07:30:00 AM,3.0,3,2,6,6,3,3,3,3,1,4,FAILING TO YIELD RIGHT-OF-WAY,2,4,1.0,0.0,0.0,1.0,0.0,2.0,7,7,4,04/27/2024,2024-04-27,07:30:00
06/30/2024 03:09:00 AM,5.0,3,5,5,5,3,3,3,3,1,4,DISREGARDING TRAFFIC SIGNALS,2,4,2.0,0.0,0.0,1.0,1.0,3.0,3,1,6,06/30/2024,2024-06-30,03:09:00
07/18/2024 07:53:00 AM,5.0,3,2,6,4,3,3,3,3,1,4,UNABLE TO DETERMINE,2,5,1.0,0.0,1.0,0.0,0.0,1.0,7,5,7,07/18/2024,2024-07-18,07:53:00
04/06/2024 12:33:00 PM,5.0,3,2,3,6,3,3,3,2,1,4,IMPROPER OVERTAKING/PASSING,2,2,0.0,0.0,0.0,0.0,0.0,2.0,12,7,4,04/06/2024,2024-04-06,12:33:00
07/15/2024 10:40:00 PM,1.0,5,5,5,5,3,4,1,2,1,4,UNABLE TO DETERMINE,2,2,0.0,0.0,0.0,0.0,0.0,2.0,22,2,7,07/15/2024,2024-07-15,22:40:00
04/19/2024 06:00:00 PM,5.0,3,2,6,5,3,3,3,2,1,3,FOLLOWING TOO CLOSELY,2,2,0.0,0.0,0.0,0.0,0.0,2.0,18,6,4,04/19/2024,2024-04-19,18:00:00
02/19/2024 05:40:00 PM,5.0,3,2,3,6,3,3,3,2,1,4,UNABLE TO DETERMINE,2,2,0.0,0.0,0.0,0.0,0.0,4.0,17,2,2,02/19/2024,2024-02-19,17:40:00
01/07/2024 12:30:00 AM,5.0,6,5,4,5,3,4,1,2,1,4,FOLLOWING TOO CLOSELY,2,2,0.0,0.0,0.0,0.0,0.0,3.0,0,1,1,01/07/2024,2024-01-07,00:30:00
07/19/2024 03:15:00 PM,5.0,3,2,3,5,3,3,3,2,1,2,UNABLE TO DETERMINE,2,2,0.0,0.0,0.0,0.0,0.0,2.0,15,6,7,07/19/2024,2024-07-19,15:15:00
04/16/2024 09:30:00 PM,7.0,5,6,5,6,3,4,1,2,1,4,UNABLE TO DETERMINE,2,2,0.0,0.0,0.0,0.0,0.0,3.0,21,3,4,04/16/2024,2024-04-16,21:30:00
05/16/2024 07:45:00 AM,3.0,3,2,14,5,3,3,3,3,1,2,UNABLE TO DETERMINE,2,5,1.0,0.0,1.0,0.0,0.0,1.0,7,5,5,05/16/2024,2024-05-16,07:45:00
02/03/2024 01:00:00 PM,5.0,3,2,5,5,3,3,3,2,1,3,DISREGARDING TRAFFIC SIGNALS,2,2,0.0,0.0,0.0,0.0,0.0,3.0,13,7,2,02/03/2024,2024-02-03,13:00:00
06/23/2024 05:43:00 AM,5.0,3,2,6,6,3,3,3,3,1,4,UNABLE TO DETERMINE,2,4,1.0,0.0,0.0,1.0,0.0,2.0,5,1,6,06/23/2024,2024-06-23,05:43:00
06/02/2024 12:34:00 AM,3.0,5,5,11,10,3,3,3,3,1,4,UNABLE TO DETERMINE,2,4,1.0,0.0,0.0,1.0,0.0,0.0,0,1,6,06/02/2024,2024-06-02,00:34:00
07/22/2024 08:05:00 PM,5.0,3,4,13,5,3,3,1,3,1,4,UNABLE TO DETERMINE,2,4,1.0,0.0,0.0,1.0,0.0,5.0,20,2,7,07/22/2024,2024-07-22,20:05:00
03/04/2024 09:15:00 PM,5.0,5,5,6,5,3,4,2,2,1,3,FAILING TO YIELD RIGHT-OF-WAY,2,2,0.0,0.0,0.0,0.0,0.0,2.0,21,2,3,03/04/2024,2024-03-04,21:15:00
05/11/2024 07:55:00 AM,5.0,3,2,5,5,3,3,3,3,1,4,DISREGARDING TRAFFIC SIGNALS,2,3,2.0,0.0,0.0,0.0,2.0,1.0,7,7,5,05/11/2024,2024-05-11,07:55:00
02/09/2024 12:00:00 PM,5.0,3,2,5,5,3,3,3,2,1,4,FAILING TO YIELD RIGHT-OF-WAY,2,2,0.0,0.0,0.0,0.0,0.0,2.0,12,6,2,02/09/2024,2024-02-09,12:00:00
04/02/2024 09:15:00 AM,5.0,4,2,13,6,3,1,3,3,1,2,UNABLE TO DETERMINE,2,4,1.0,0.0,0.0,1.0,0.0,1.0,9,3,4,04/02/2024,2024-04-02,09:15:00
05/29/2024 07:03:00 AM,7.0,3,2,6,4,3,3,3,2,1,4,FAILING TO YIELD RIGHT-OF-WAY,2,2,0.0,0.0,0.0,0.0,0.0,2.0,7,4,5,05/29/2024,2024-05-29,07:03:00
06/19/2024 08:07:00 AM,7.0,3,2,5,5,3,3,1,2,1,3,FAILING TO YIELD RIGHT-OF-WAY,2,2,0.0,0.0,0.0,0.0,0.0,3.0,8,4,6,06/19/2024,2024-06-19,08:07:00
06/16/2024 12:05:00 PM,5.0,3,2,5,7,3,3,1,2,1,4,DISREGARDING TRAFFIC SIGNALS,2,2,0.0,0.0,0.0,0.0,0.0,2.0,12,1,6,06/16/2024,2024-06-16,12:05:00
07/26/2024 05:35:00 PM,5.0,3,2,13,5,3,1,1,3,1,4,UNABLE TO DETERMINE,2,4,1.0,0.0,0.0,1.0,0.0,1.0,17,6,7,07/26/2024,2024-07-26,17:35:00
05/23/2024 06:40:00 AM,5.0,3,2,4,5,3,3,3,2,1,4,FOLLOWING TOO CLOSELY,2,2,0.0,0.0,0.0,0.0,0.0,2.0,6,5,5,05/23/2024,2024-05-23,06:40:00
04/27/2024 07:56:00 PM,7.0,3,4,6,7,3,3,3,2,1,4,IMPROPER TURNING/NO SIGNAL,2,2,0.0,0.0,0.0,0.0,0.0,2.0,19,7,4,04/27/2024,2024-04-27,19:56:00
08/07/2024 01:30:00 PM,5.0,3,2,6,3,3,3,3,2,1,4,IMPROPER TURNING/NO SIGNAL,2,2,0.0,0.0,0.0,0.0,0.0,2.0,13,4,8,08/07/2024,2024-08-07,13:30:00
02/15/2024 06:09:00 AM,5.0,5,3,13,6,3,4,1,3,1,4,IMPROPER TURNING/NO SIGNAL,2,4,1.0,0.0,0.0,1.0,0.0,1.0,6,5,2,02/15/2024,2024-02-15,06:09:00
04/09/2024 09:20:00 AM,7.0,3,2,5,6,4,3,3,2,1,4,FAILING TO YIELD RIGHT-OF-WAY,2,2,0.0,0.0,0.0,0.0,0.0,2.0,9,3,4,04/09/2024,2024-04-09,09:20:00
01/25/2024 09:50:00 PM,5.0,5,5,5,5,3,4,1,2,1,4,UNABLE TO DETERMINE,2,2,0.0,0.0,0.0,0.0,0.0,2.0,21,5,1,01/25/2024,2024-01-25,21:50:00
01/31/2024 06:15:00 PM,3.0,3,5,5,6,3,3,3,2,1,4,UNABLE TO DETERMINE,2,2,0.0,0.0,0.0,0.0,0.0,2.0,18,4,1,01/31/2024,2024-01-31,18:15:00
04/12/2024 06:25:00 PM,7.0,3,2,4,6,3,3,1,3,0,4,UNABLE TO DETERMINE,2,3,2.0,0.0,0.0,0.0,2.0,1.0,18,6,4,04/12/2024,2024-04-12,18:25:00
04/18/2024 03:05:00 AM,5.0,3,5,4,8,3,3,3,2,1,4,FOLLOWING TOO CLOSELY,2,2,0.0,0.0,0.0,0.0,0.0,3.0,3,5,4,04/18/2024,2024-04-18,03:05:00
02/05/2024 06:58:00 PM,5.0,3,5,8,4,3,3,3,3,1,4,FAILING TO YIELD RIGHT-OF-WAY,2,4,2.0,0.0,0.0,1.0,1.0,0.0,18,2,2,02/05/2024,2024-02-05,18:58:00
07/28/2024 02:15:00 AM,3.0,3,5,6,6,3,3,3,3,1,4,IMPROPER TURNING/NO SIGNAL,2,4,2.0,0.0,0.0,2.0,0.0,1.0,2,1,7,07/28/2024,2024-07-28,02:15:00