crash_date,traffic_control_device,weather_condition,lighting_condition,first_crash_type,trafficway_type,alignment,roadway_surface_cond,road_defect,crash_type,intersection_related_i,damage,prim_contributory_cause,num_units,most_severe_injury,injuries_total,injuries_fatal,injuries_incapacitating,injuries_non_incapacitating,injuries_reported_not_evident,injuries_no_indication,crash_hour,crash_day_of_week,crash_month,parsed_datetime,date,time
03/22/2024 09:45:00 AM,5.0,6,2,4,5,3,5,1,2,1,4,FOLLOWING TOO CLOSELY,2,2,0.0,0.0,0.0,0.0,0.0,2.0,9,6,3,03/22/2024,2024-03-22,09:45:00
04/05/2024 02:30:00 PM,7.0,3,2,4,5,3,3,3,3,1,3,FOLLOWING TOO CLOSELY,2,3,1.0,0.0,0.0,0.0,1.0,3.0,14,6,4,04/05/2024,2024-04-05,14:30:00
01/30/2024 07:44:00 AM,5.0,5,2,5,5,3,4,1,3,1,4,UNABLE TO DETERMINE,2,2,0.0,0.0,0.0,0.0,0.0,2.0,7,3,1,01/30/2024,2024-01-30,07:44:00
07/21/2024 06:30:00 PM,3.0,3,2,14,5,3,1,3,3,1,2,UNABLE TO DETERMINE,2,3,1.0,0.0,0.0,0.0,1.0,1.0,18,1,7,07/21/2024,2024-07-21,18:30:00
08/10/2024 01:28:00 AM,7.0,3,5,5,7,3,3,3,3,1,4,FAILING TO YIELD RIGHT-OF-WAY,2,2,0.0,0.0,0.0,0.0,0.0,3.0,1,7,8,08/10/2024,2024-08-10,01:28:00
03/19/2024 05:57:00 PM,7.0,3,4,3,10,3,3,1,2,1,4,FAILING TO YIELD RIGHT-OF-WAY,2,2,0.0,0.0,0.0,0.0,0.0,2.0,17,3,3,03/19/2024,2024-03-19,17:57:00
07/11/2024 10:52:00 AM,5.0,3,2,6,5,3,3,3,2,1,3,DISREGARDING ROAD MARKINGS,2,2,0.0,0.0,0.0,0.0,0.0,2.0,10,5,7,07/11/2024,2024-07-11,10:52:00
01/24/2024 04:05:00 PM,5.0,5,2,3,6,3,4,3,2,1,4,FAILING TO YIELD RIGHT-OF-WAY,2,2,0.0,0.0,0.0,0.0,0.0,2.0,16,4,1,01/24/2024,2024-01-24,16:05:00
04/15/2024 07:45:00 AM,7.0,3,2,4,5,3,3,3,2,1,4,FAILING TO YIELD RIGHT-OF-WAY,2,2,0.0,0.0,0.0,0.0,0.0,2.0,7,2,4,04/15/2024,2024-04-15,07:45:00
04/12/2024 02:21:00 PM,2.0,3,2,5,5,3,3,1,2,1,3,UNABLE TO DETERMINE,2,2,0.0,0.0,0.0,0.0,0.0,5.0,14,6,4,04/12/2024,2024-04-12,14:21:00
05/25/2024 10:30:00 AM,5.0,3,2,6,6,3,3,3,2,1,2,UNABLE TO DETERMINE,2,2,0.0,0.0,0.0,0.0,0.0,2.0,10,7,5,05/25/2024,2024-05-25,10:30:00
06/14/2024 01:15:00 AM,7.0,3,5,7,5,3,3,3,2,1,4,UNABLE TO DETERMINE,2,2,0.0,0.0,0.0,0.0,0.0,2.0,1,6,6,06/14/2024,2024-06-14,01:15:00
06/01/2024 01:04:00 AM,5.0,3,5,3,4,3,3,3,2,1,4,FOLLOWING TOO CLOSELY,2,2,0.0,0.0,0.0,0.0,0.0,2.0,1,7,6,06/01/2024,2024-06-01,01:04:00
06/20/2024 11:58:00 PM,5.0,3,5,5,6,3,3,3,3,1,4,DISREGARDING TRAFFIC SIGNALS,2,6,1.0,1.0,0.0,0.0,0.0,3.0,23,5,6,06/20/2024,2024-06-20,23:58:00
04/05/2024 08:00:00 AM,5.0,4,2,5,5,3,3,3,3,1,4,DISREGARDING TRAFFIC SIGNALS,2,4,2.0,0.0,0.0,1.0,1.0,1.0,8,6,4,04/05/2024,2024-04-05,08:00:00
05/28/2024 05:30:00 PM,7.0,3,2,5,6,3,3,3,2,1,4,FAILING TO YIELD RIGHT-OF-WAY,2,2,0.0,0.0,0.0,0.0,0.0,2.0,17,3,5,05/28/2024,2024-05-28,17:30:00
03/30/2024 04:26:00 AM,5.0,5,5,5,6,3,4,3,2,1,4,DISREGARDING TRAFFIC SIGNALS,2,2,0.0,0.0,0.0,0.0,0.0,2.0,4,7,3,03/30/2024,2024-03-30,04:26:00
03/03/2024 03:42:00 PM,5.0,3,2,4,5,3,3,1,2,1,3,UNABLE TO DETERMINE,2,2,0.0,0.0,0.0,0.0,0.0,3.0,15,1,3,03/03/2024,2024-03-03,15:42:00
06/06/2024 02:25:00 PM,4.0,3,2,5,10,3,3,3,2,1,4,FAILING TO YIELD RIGHT-OF-WAY,2,2,0.0,0.0,0.0,0.0,0.0,2.0,14,5,6,06/06/2024,2024-06-06,14:25:00
06/14/2024 09:00:00 AM,5.0,3,2,4,5,3,3,1,2,1,2,FOLLOWING TOO CLOSELY,2,2,0.0,0.0,0.0,0.0,0.0,2.0,9,6,6,06/14/2024,2024-06-14,09:00:00
07/18/2024 03:18:00 PM,7.0,3,2,2,5,3,3,3,3,1,4,FAILING TO YIELD RIGHT-OF-WAY,2,2,0.0,0.0,0.0,0.0,0.0,5.0,15,5,7,07/18/2024,2024-07-18,15:18:00
01/06/2024 05:29:00 PM,5.0,6,4,6,5,3,4,3,2,1,3,IMPROPER OVERTAKING/PASSING,2,2,0.0,0.0,0.0,0.0,0.0,2.0,17,7,1,01/06/2024,2024-01-06,17:29:00
01/08/2024 12:40:00 PM,5.0,3,2,5,5,3,3,3,2,1,2,FAILING TO YIELD RIGHT-OF-WAY,2,2,0.0,0.0,0.0,0.0,0.0,2.0,12,2,1,01/08/2024,2024-01-08,12:40:00
08/01/2024 07:35:00 PM,7.0,5,2,5,6,3,4,3,3,1,4,UNABLE TO DETERMINE,2,3,1.0,0.0,0.0,0.0,1.0,1.0,19,5,8,08/01/2024,2024-08-01,19:35:00
03/08/2024 11:31:00 AM,3.0,5,2,3,5,3,4,3,2,1,4,UNABLE TO DETERMINE,2,2,0.0,0.0,0.0,0.0,0.0,4.0,11,6,3,03/08/2024,2024-03-08,11:31:00
06/30/2024 03:34:00 PM,5.0,3,2,5,5,3,3,3,3,1,4,DISREGARDING TRAFFIC SIGNALS,2,2,0.0,0.0,0.0,0.0,0.0,2.0,15,1,6,06/30/2024,2024-06-30,15:34:00
07/18/2024 09:52:00 PM,5.0,3,5,5,5,3,3,3,3,1,4,DISREGARDING TRAFFIC SIGNALS,2,4,2.0,0.0,0.0,1.0,1.0,1.0,21,5,7,07/18/2024,2024-07-18,21:52:00
04/08/2024 05:48:00 PM,5.0,3,2,5,5,3,3,3,3,1,4,DISREGARDING TRAFFIC SIGNALS,2,4,1.0,0.0,0.0,1.0,0.0,1.0,17,2,4,04/08/2024,2024-04-08,17:48:00
02/15/2024 08:30:00 AM,7.0,3,2,5,5,3,3,3,3,1,4,FAILING TO YIELD RIGHT-OF-WAY,2,2,0.0,0.0,0.0,0.0,0.0,2.0,8,5,2,02/15/2024,2024-02-15,08:30:00
04/30/2024 04:30:00 PM,3.0,3,2,6,1,3,3,3,3,1,3,IMPROPER OVERTAKING/PASSING,2,3,1.0,0.0,0.0,0.0,1.0,5.0,16,3,4,04/30/2024,2024-04-30,16:30:00
04/21/2024 12:30:00 PM,5.0,3,2,3,10,3,3,3,2,1,4,IMPROPER OVERTAKING/PASSING,2,2,0.0,0.0,0.0,0.0,0.0,3.0,12,1,4,04/21/2024,2024-04-21,12:30:00
08/04/2024 01:30:00 AM,7.0,3,5,6,4,3,3,3,2,1,4,IMPROPER BACKING,2,2,0.0,0.0,0.0,0.0,0.0,2.0,1,1,8,08/04/2024,2024-08-04,01:30:00
01/09/2024 03:09:00 PM,5.0,5,2,5,5,3,4,1,2,1,4,UNABLE TO DETERMINE,2,2,0.0,0.0,0.0,0.0,0.0,2.0,15,3,1,01/09/2024,2024-01-09,15:09:00
06/27/2024 08:14:00 AM,5.0,3,2,4,3,3,3,3,2,1,4,FOLLOWING TOO CLOSELY,2,2,0.0,0.0,0.0,0.0,0.0,2.0,8,5,6,06/27/2024,2024-06-27,08:14:00
07/13/2024 01:42:00 AM,5.0,3,5,5,5,3,3,3,3,1,4,"EVASIVE ACTION DUE TO ANIMAL, OBJECT, NONMOTORIST",2,2,0.0,0.0,0.0,0.0,0.0,2.0,1,7,7,07/13/2024,2024-07-13,01:42:00
02/23/2024 08:28:00 AM,3.0,3,2,6,6,3,1,1,2,1,3,UNABLE TO DETERMINE,2,2,0.0,0.0,0.0,0.0,0.0,3.0,8,6,2,02/23/2024,2024-02-23,08:28:00
06/16/2024 07:30:00 PM,5.0,3,2,3,4,3,3,1,2,1,4,UNABLE TO DETERMINE,2,2,0.0,0.0,0.0,0.0,0.0,2.0,19,1,6,06/16/2024,2024-06-16,19:30:00
04/02/2024 03:15:00 PM,7.0,3,2,4,4,3,3,3,2,1,4,FOLLOWING TOO CLOSELY,2,2,0.0,0.0,0.0,0.0,0.0,2.0,15,3,4,04/02/2024,2024-04-02,15:15:00
07/09/2024 08:32:00 PM,7.0,5,5,2,10,3,4,1,3,1,4,UNABLE TO DETERMINE,2,4,1.0,0.0,0.0,1.0,0.0,1.0,20,3,7,07/09/2024,2024-07-09,20:32:00
06/06/2024 06:28:00 PM,5.0,3,2,6,4,3,3,3,2,1,4,FAILING TO YIELD RIGHT-OF-WAY,2,2,0.0,0.0,0.0,0.0,0.0,2.0,18,5,6,06/06/2024,2024-06-06,18:28:00
03/20/2024 09:00:00 AM,3.0,3,2,6,5,3,3,3,2,1,4,UNABLE TO DETERMINE,2,2,0.0,0.0,0.0,0.0,0.0,2.0,9,4,3,03/20/2024,2024-03-20,09:00:00
02/07/2024 04:18:00 PM,7.0,3,2,5,7,3,3,3,2,1,4,FAILING TO YIELD RIGHT-OF-WAY,2,2,0.0,0.0,0.0,0.0,0.0,2.0,16,4,2,02/07/2024,2024-02-07,16:18:00
05/16/2024 11:00:00 AM,5.0,3,2,6,5,3,3,3,2,1,4,UNABLE TO DETERMINE,2,2,0.0,0.0,0.0,0.0,0.0,2.0,11,5,5,05/16/2024,2024-05-16,11:00:00
06/11/2024 05:30:00 PM,3.0,3,2,5,10,3,3,3,3,0,4,FAILING TO YIELD RIGHT-OF-WAY,2,3,1.0,0.0,0.0,0.0,1.0,2.0,17,3,6,06/11/2024,2024-06-11,17:30:00
08/13/2024 10:50:00 PM,5.0,3,5,11,2,3,1,1,2,0,2,IMPROPER LANE USAGE,2,2,0.0,0.0,0.0,0.0,0.0,2.0,22,3,8,08/13/2024,2024-08-13,22:50:00
04/23/2024 08:30:00 AM,7.0,3,2,4,5,3,3,3,3,1,2,FAILING TO REDUCE SPEED TO AVOID CRASH,2,3,1.0,0.0,0.0,0.0,1.0,5.0,8,3,4,04/23/2024,2024-04-23,08:30:00
04/14/2024 11:14:00 AM,5.0,3,2,13,5,3,3,3,3,1,2,UNABLE TO DETERMINE,2,4,1.0,0.0,0.0,1.0,0.0,1.0,11,1,4,04/14/2024,2024-04-14,11:14:00
01/29/2024 08:00:00 PM,7.0,3,5,5,7,3,1,1,3,1,4,UNABLE TO DETERMINE,2,2,0.0,0.0,0.0,0.0,0.0,2.0,20,2,1,01/29/2024,2024-01-29,20:00:00
07/13/2024 08:42:00 AM,5.0,3,2,5,6,3,3,3,3,1,4,DISREGARDING TRAFFIC SIGNALS,2,2,0.0,0.0,0.0,0.0,0.0,2.0,8,7,7,07/13/2024,2024-07-13,08:42:00
07/16/2024 07:40:00 AM,3.0,3,2,6,6,3,3,1,3,1,3,IMPROPER TURNING/NO SIGNAL,2,2,0.0,0.0,0.0,0.0,0.0,2.0,7,3,7,07/16/2024,2024-07-16,07:40:00
07/29/2024 01:15:00 AM,5.0,3,2,5,5,3,1,1,3,1,4,UNABLE TO DETERMINE,2,2,0.0,0.0,0.0,0.0,0.0,2.0,1,2,7,07/29/2024,2024-07-29,01:15:00
05/05/2024 05:48:00 AM,7.0,3,2,6,6,3,3,3,2,1,2,IMPROPER OVERTAKING/PASSING,2,2,0.0,0.0,0.0,0.0,0.0,2.0,5,1,5,05/05/2024,2024-05-05,05:48:00
04/29/2024 06:45:00 AM,5.0,5,2,5,5,3,4,1,3,1,3,UNABLE TO DETERMINE,2,2,0.0,0.0,0.0,0.0,0.0,2.0,6,2,4,04/29/2024,2024-04-29,06:45:00
02/04/2024 03:55:00 PM,3.0,3,2,5,5,3,3,1,3,0,4,UNABLE TO DETERMINE,2,4,1.0,0.0,0.0,1.0,0.0,1.0,15,1,2,02/04/2024,2024-02-04,15:55:00
02/09/2024 06:20:00 PM,5.0,3,2,3,1,3,3,3,2,1,2,UNABLE TO DETERMINE,2,2,0.0,0.0,0.0,0.0,0.0,2.0,18,6,2,02/09/2024,2024-02-09,18:20:00
04/22/2024 07:30:00 AM,7.0,3,2,5,6,3,3,3,3,1,4,FAILING TO YIELD RIGHT-OF-WAY,2,2,0.0,0.0,0.0,0.0,0.0,4.0,7,2,4,04/22/2024,2024-04-22,07:30:00
03/22/2024 11:32:00 AM,7.0,3,2,5,5,3,3,1,3,1,3,FAILING TO YIELD RIGHT-OF-WAY,2,2,0.0,0.0,0.0,0.0,0.0,4.0,11,6,3,03/22/2024,2024-03-22,11:32:00
05/21/2024 09:24:00 PM,7.0,3,5,6,7,3,3,3,2,1,4,PHYSICAL CONDITION OF DRIVER,2,2,0.0,0.0,0.0,0.0,0.0,3.0,21,3,5,05/21/2024,2024-05-21,21:24:00
07/03/2024 09:11:00 PM,5.0,3,5,5,5,3,3,3,3,1,4,UNABLE TO DETERMINE,2,2,0.0,0.0,0.0,0.0,0.0,2.0,21,4,7,07/03/2024,2024-07-03,21:11:00
02/20/2024 06:20:00 PM,5.0,3,4,4,6,3,1,1,2,1,4,UNABLE TO DETERMINE,2,2,0.0,0.0,0.0,0.0,0.0,2.0,18,3,2,02/20/2024,2024-02-20,18:20:00
03/21/2024 02:44:00 PM,7.0,3,2,5,7,3,3,3,2,1,4,UNABLE TO DETERMINE,2,2,0.0,0.0,0.0,0.0,0.0,2.0,14,5,3,03/21/2024,2024-03-21,14:44:00
05/04/2024 02:51:00 PM,7.0,3,2,5,5,3,3,1,3,1,4,FAILING TO YIELD RIGHT-OF-WAY,2,4,1.0,0.0,0.0,1.0,0.0,1.0,14,7,5,05/04/2024,2024-05-04,14:51:00
01/20/2024 10:55:00 PM,5.0,6,5,13,5,3,4,3,3,1,4,UNABLE TO DETERMINE,2,4,1.0,0.0,0.0,1.0,0.0,1.0,22,7,1,01/20/2024,2024-01-20,22:55:00
03/01/2024 04:00:00 PM,5.0,3,2,6,7,3,1,1,2,1,4,UNABLE TO DETERMINE,2,2,0.0,0.0,0.0,0.0,0.0,3.0,16,6,3,03/01/2024,2024-03-01,16:00:00
05/04/2024 11:00:00 AM,7.0,3,2,6,7,3,3,3,3,1,4,DRIVING SKILLS/KNOWLEDGE/EXPERIENCE,2,4,2.0,0.0,0.0,1.0,1.0,0.0,11,7,5,05/04/2024,2024-05-04,11:00:00
06/07/2024 09:04:00 AM,3.0,3,2,6,6,3,3,3,3,1,4,FAILING TO YIELD RIGHT-OF-WAY,2,5,1.0,0.0,1.0,0.0,0.0,1.0,9,6,6,06/07/2024,2024-06-07,09:04:00
05/04/2024 07:00:00 PM,7.0,3,2,6,5,3,1,1,2,1,4,UNABLE TO DETERMINE,2,2,0.0,0.0,0.0,0.0,0.0,4.0,19,7,5,05/04/2024,2024-05-04,19:00:00
02/10/2024 08:19:00 PM,5.0,3,5,4,3,3,3,3,2,1,4,FAILING TO REDUCE SPEED TO AVOID CRASH,2,2,0.0,0.0,0.0,0.0,0.0,5.0,20,7,2,02/10/2024,2024-02-10,20:19:00
05/17/2024 06:39:00 PM,5.0,3,2,13,4,3,3,3,3,1,4,FAILING TO YIELD RIGHT-OF-WAY,2,4,1.0,0.0,0.0,1.0,0.0,1.0,18,6,5,05/17/2024,2024-05-17,18:39:00
05/11/2024 12:20:00 AM,5.0,5,5,3,10,3,4,3,2,1,4,UNABLE TO DETERMINE,2,2,0.0,0.0,0.0,0.0,0.0,3.0,0,7,5,05/11/2024,2024-05-11,00:20:00
07/13/2024 11:53:00 PM,5.0,5,5,4,6,3,4,3,2,1,3,UNABLE TO DETERMINE,2,2,0.0,0.0,0.0,0.0,0.0,3.0,23,7,7,07/13/2024,2024-07-13,23:53:00
08/13/2024 07:50:00 AM,5.0,3,2,6,5,3,3,3,2,1,4,IMPROPER TURNING/NO SIGNAL,2,2,0.0,0.0,0.0,0.0,0.0,2.0,7,3,8,08/13/2024,2024-08-13,07:50:00
04/13/2024 02:10:00 AM,3.0,3,5,4,6,3,3,3,2,0,4,FAILING TO REDUCE SPEED TO AVOID CRASH,2,2,0.0,0.0,0.0,0.0,0.0,2.0,2,7,4,04/13/2024,2024-04-13,02:10:00
05/12/2024 10:15:00 PM,5.0,3,5,4,7,3,3,3,2,1,4,FAILING TO REDUCE SPEED TO AVOID CRASH,2,2,0.0,0.0,0.0,0.0,0.0,6.0,22,1,5,05/12/2024,2024-05-12,22:15:00
02/03/2024 12:35:00 PM,5.0,3,2,4,2,3,1,1,2,1,4,UNABLE TO DETERMINE,2,2,0.0,0.0,0.0,0.0,0.0,2.0,12,7,2,02/03/2024,2024-02-03,12:35:00
04/17/2024 06:03:00 AM,5.0,4,2,13,5,3,1,1,3,1,4,UNABLE TO DETERMINE,2,4,1.0,0.0,0.0,1.0,0.0,1.0,6,4,4,04/17/2024,2024-04-17,06:03:00
06/15/2024 03:05:00 PM,7.0,3,2,6,4,3,3,3,3,1,4,FAILING TO YIELD RIGHT-OF-WAY,2,2,0.0,0.0,0.0,0.0,0.0,2.0,15,7,6,06/15/2024,2024-06-15,15:05:00
07/12/2024 06:20:00 PM,5.0,3,2,6,5,3,3,1,2,1,2,UNABLE TO DETERMINE,2,2,0.0,0.0,0.0,0.0,0.0,2.0,18,6,7,07/12/2024,2024-07-12,18:20:00
01/07/2024 03:05:00 PM,3.0,3,2,4,6,3,3,3,2,1,4,UNABLE TO DETERMINE,2,2,0.0,0.0,0.0,0.0,0.0,2.0,15,1,1,01/07/2024,2024-01-07,15:05:00
03/18/2024 10:40:00 PM,5.0,3,5,13,5,3,3,3,3,1,4,UNABLE TO DETERMINE,2,3,1.0,0.0,0.0,0.0,1.0,1.0,22,2,3,03/18/2024,2024-03-18,22:40:00
06/26/2024 08:30:00 AM,7.0,3,2,5,7,3,3,3,2,1,4,FAILING TO YIELD RIGHT-OF-WAY,2,2,0.0,0.0,0.0,0.0,0.0,2.0,8,4,6,06/26/2024,2024-06-26,08:30:00
03/20/2024 08:15:00 AM,5.0,3,5,5,5,3,3,3,3,1,4,DISREGARDING TRAFFIC SIGNALS,2,3,1.0,0.0,0.0,0.0,1.0,1.0,8,4,3,03/20/2024,2024-03-20,08:15:00
08/10/2024 12:20:00 AM,5.0,3,6,10,6,3,3,3,2,1,4,UNABLE TO DETERMINE,2,2,0.0,0.0,0.0,0.0,0.0,4.0,0,7,8,08/10/2024,2024-08-10,00:20:00
04/14/2024 06:30:00 PM,5.0,3,2,6,10,3,3,3,2,1,4,IMPROPER TURNING/NO SIGNAL,2,2,0.0,0.0,0.0,0.0,0.0,2.0,18,1,4,04/14/2024,2024-04-14,18:30:00
04/23/2024 10:35:00 AM,7.0,3,2,4,4,3,3,3,2,1,4,NOT APPLICABLE,2,2,0.0,0.0,0.0,0.0,0.0,2.0,10,3,4,04/23/2024,2024-04-23,10:35:00
02/13/2024 05:30:00 PM,1.0,3,2,4,6,3,3,1,3,1,4,FOLLOWING TOO CLOSELY,2,2,0.0,0.0,0.0,0.0,0.0,2.0,17,3,2,02/13/2024,2024-02-13,17:30:00
06/22/2024 12:15:00 PM,5.0,3,2,6,6,3,3,3,3,1,4,UNABLE TO DETERMINE,2,4,1.0,0.0,0.0,1.0,0.0,2.0,12,7,6,06/22/2024,2024-06-22,12:15:00
02/11/2024 01:01:00 PM,3.0,3,2,6,7,3,3,3,3,1,4,FAILING TO YIELD RIGHT-OF-WAY,2,2,0.0,0.0,0.0,0.0,0.0,3.0,13,1,2,02/11/2024,2024-02-11,13:01:00
05/10/2024 03:30:00 PM,5.0,3,2,6,3,3,3,3,3,1,4,IMPROPER TURNING/NO SIGNAL,2,2,0.0,0.0,0.0,0.0,0.0,2.0,15,6,5,05/10/2024,2024-05-10,15:30:00
06/11/2024 07:15:00 AM,7.0,3,2,5,7,3,3,3,2,1,4,FAILING TO YIELD RIGHT-OF-WAY,2,2,0.0,0.0,0.0,0.0,0.0,2.0,7,3,6,06/11/2024,2024-06-11,07:15:00
06/04/2024 03:22:00 AM,5.0,3,5,3,6,3,3,3,3,0,4,UNABLE TO DETERMINE,2,2,0.0,0.0,0.0,0.0,0.0,2.0,3,3,6,06/04/2024,2024-06-04,03:22:00
07/16/2024 06:30:00 PM,5.0,3,2,6,5,3,3,3,3,1,4,UNABLE TO DETERMINE,2,2,0.0,0.0,0.0,0.0,0.0,5.0,18,3,7,07/16/2024,2024-07-16,18:30:00
05/25/2024 03:50:00 PM,5.0,3,2,5,5,3,3,1,3,1,4,DISREGARDING TRAFFIC SIGNALS,2,4,2.0,0.0,0.0,1.0,1.0,0.0,15,7,5,05/25/2024,2024-05-25,15:50:00
08/13/2024 02:41:00 PM,5.0,3,2,6,6,3,3,3,3,1,4,DISREGARDING TRAFFIC SIGNALS,2,3,1.0,0.0,0.0,0.0,1.0,1.0,14,3,8,08/13/2024,2024-08-13,14:41:00
06/12/2024 09:11:00 PM,5.0,3,5,3,2,3,3,3,2,1,2,IMPROPER OVERTAKING/PASSING,2,2,0.0,0.0,0.0,0.0,0.0,2.0,21,4,6,06/12/2024,2024-06-12,21:11:00
01/24/2024 04:30:00 PM,5.0,5,2,4,5,3,4,3,3,1,4,FOLLOWING TOO CLOSELY,2,3,1.0,0.0,0.0,0.0,1.0,1.0,16,4,1,01/24/2024,2024-01-24,16:30:00
03/26/2024 10:30:00 AM,5.0,5,2,6,4,3,4,3,3,1,4,UNABLE TO DETERMINE,2,5,1.0,0.0,1.0,0.0,0.0,1.0,10,3,3,03/26/2024,2024-03-26,10:30:00
04/12/2024 05:00:00 AM,7.0,3,3,13,5,3,3,3,3,1,2,FAILING TO YIELD RIGHT-OF-WAY,2,5,1.0,0.0,1.0,0.0,0.0,1.0,5,6,4,04/12/2024,2024-04-12,05:00:00
06/21/2024 07:10:00 PM,7.0,3,3,6,7,3,3,3,3,1,4,UNABLE TO DETERMINE,2,4,1.0,0.0,0.0,1.0,0.0,1.0,19,6,6,06/21/2024,2024-06-21,19:10:00
08/10/2024 10:30:00 PM,5.0,3,6,6,4,3,3,1,2,1,4,FAILING TO YIELD RIGHT-OF-WAY,2,2,0.0,0.0,0.0,0.0,0.0,2.0,22,7,8,08/10/2024,2024-08-10,22:30:00
03/13/2024 01:30:00 PM,7.0,3,2,5,6,3,3,3,2,0,3,UNABLE TO DETERMINE,2,2,0.0,0.0,0.0,0.0,0.0,2.0,13,4,3,03/13/2024,2024-03-13,13:30:00
05/04/2024 11:55:00 AM,5.0,3,5,5,5,3,3,3,2,1,4,UNABLE TO DETERMINE,2,2,0.0,0.0,0.0,0.0,0.0,3.0,11,7,5,05/04/2024,2024-05-04,11:55:00
04/18/2024 03:40:00 PM,5.0,3,2,9,5,3,3,3,3,1,4,"DISTRACTION - OTHER ELECTRONIC DEVICE (NAVIGATION DEVICE, DVD PLAYER, ETC.)",2,2,0.0,0.0,0.0,0.0,0.0,3.0,15,5,4,04/18/2024,2024-04-18,15:40:00
03/24/2024 01:12:00 AM,5.0,3,5,6,5,3,3,3,3,1,4,IMPROPER TURNING/NO SIGNAL,2,2,0.0,0.0,0.0,0.0,0.0,2.0,1,1,3,03/24/2024,2024-03-24,01:12:00
03/18/2024 10:02:00 AM,5.0,3,5,6,4,8,3,3,2,1,4,FAILING TO YIELD RIGHT-OF-WAY,2,2,0.0,0.0,0.0,0.0,0.0,3.0,10,2,3,03/18/2024,2024-03-18,10:02:00
08/08/2024 04:40:00 PM,3.0,3,2,6,6,3,3,3,2,1,3,FAILING TO YIELD RIGHT-OF-WAY,2,2,0.0,0.0,0.0,0.0,0.0,2.0,16,5,8,08/08/2024,2024-08-08,16:40:00
07/17/2024 04:45:00 PM,5.0,3,2,3,6,3,3,1,2,1,4,FAILING TO YIELD RIGHT-OF-WAY,2,2,0.0,0.0,0.0,0.0,0.0,2.0,16,4,7,07/17/2024,2024-07-17,16:45:00
01/18/2024 03:35:00 PM,7.0,3,2,6,6,3,6,3,2,1,3,UNABLE TO DETERMINE,2,2,0.0,0.0,0.0,0.0,0.0,2.0,15,5,1,01/18/2024,2024-01-18,15:35:00
05/16/2024 03:19:00 PM,5.0,3,2,6,5,3,3,3,3,1,4,FAILING TO YIELD RIGHT-OF-WAY,2,4,2.0,0.0,0.0,1.0,1.0,0.0,15,5,5,05/16/2024,2024-05-16,15:19:00
03/10/2024 02:37:00 PM,5.0,3,2,6,5,3,3,3,3,1,4,FAILING TO YIELD RIGHT-OF-WAY,2,2,0.0,0.0,0.0,0.0,0.0,4.0,14,1,3,03/10/2024,2024-03-10,14:37:00
03/24/2024 06:30:00 PM,5.0,3,4,6,5,3,3,3,2,1,4,DISREGARDING TRAFFIC SIGNALS,2,2,0.0,0.0,0.0,0.0,0.0,2.0,18,1,3,03/24/2024,2024-03-24,18:30:00
02/08/2024 04:41:00 PM,7.0,3,4,5,6,3,3,3,2,1,4,FAILING TO YIELD RIGHT-OF-WAY,2,2,0.0,0.0,0.0,0.0,0.0,4.0,16,5,2,02/08/2024,2024-02-08,16:41:00
03/04/2024 09:30:00 PM,5.0,5,5,13,5,3,4,3,3,1,2,FAILING TO YIELD RIGHT-OF-WAY,2,4,1.0,0.0,0.0,1.0,0.0,3.0,21,2,3,03/04/2024,2024-03-04,21:30:00
05/19/2024 08:32:00 AM,5.0,3,2,5,5,3,3,3,3,1,4,DISREGARDING TRAFFIC SIGNALS,2,4,1.0,0.0,0.0,1.0,0.0,1.0,8,1,5,05/19/2024,2024-05-19,08:32:00
03/21/2024 05:30:00 PM,5.0,3,2,4,6,3,3,1,2,1,4,UNABLE TO DETERMINE,2,2,0.0,0.0,0.0,0.0,0.0,2.0,17,5,3,03/21/2024,2024-03-21,17:30:00
06/06/2024 05:40:00 PM,3.0,3,2,4,5,3,3,1,2,1,4,UNABLE TO DETERMINE,2,2,0.0,0.0,0.0,0.0,0.0,2.0,17,5,6,06/06/2024,2024-06-06,17:40:00
02/09/2024 02:00:00 PM,7.0,3,2,6,6,3,3,1,3,0,4,FAILING TO YIELD RIGHT-OF-WAY,2,3,2.0,0.0,0.0,0.0,2.0,0.0,14,6,2,02/09/2024,2024-02-09,14:00:00
04/23/2024 07:20:00 AM,3.0,3,2,6,6,3,3,3,2,1,4,UNABLE TO DETERMINE,2,2,0.0,0.0,0.0,0.0,0.0,2.0,7,3,4,04/23/2024,2024-04-23,07:20:00
06/04/2024 02:50:00 PM,5.0,3,2,5,5,3,3,3,2,1,3,UNABLE TO DETERMINE,2,2,0.0,0.0,0.0,0.0,0.0,2.0,14,3,6,06/04/2024,2024-06-04,14:50:00
03/08/2024 01:30:00 PM,5.0,5,2,6,4,3,4,3,2,1,3,UNABLE TO DETERMINE,2,2,0.0,0.0,0.0,0.0,0.0,4.0,13,6,3,03/08/2024,2024-03-08,13:30:00
01/12/2024 07:56:00 AM,7.0,6,2,5,4,3,5,3,3,1,4,WEATHER,2,2,0.0,0.0,0.0,0.0,0.0,2.0,7,6,1,01/12/2024,2024-01-12,07:56:00
01/01/2024 03:00:00 AM,5.0,6,5,5,7,3,4,3,3,1,4,UNABLE TO DETERMINE,2,2,0.0,0.0,0.0,0.0,0.0,2.0,3,2,1,01/01/2024,2024-01-01,03:00:00
07/21/2024 12:05:00 AM,1.0,3,4,6,7,3,3,1,2,1,3,DRIVING ON WRONG SIDE/WRONG WAY,2,2,0.0,0.0,0.0,0.0,0.0,2.0,0,1,7,07/21/2024,2024-07-21,00:05:00