crash_date,traffic_control_device,weather_condition,lighting_condition,first_crash_type,trafficway_type,alignment,roadway_surface_cond,road_defect,crash_type,intersection_related_i,damage,prim_contributory_cause,num_units,most_severe_injury,injuries_total,injuries_fatal,injuries_incapacitating,injuries_non_incapacitating,injuries_reported_not_evident,injuries_no_indication,crash_hour,crash_day_of_week,crash_month,parsed_datetime,date,time
01/07/2024 03:40:00 PM,3.0,3,3,7,5,3,3,3,3,1,4,FAILING TO REDUCE SPEED TO AVOID CRASH,2,2,0.0,0.0,0.0,0.0,0.0,3.0,15,1,1,01/07/2024,2024-01-07,15:40:00
05/07/2024 11:58:00 AM,5.0,3,2,6,5,3,3,3,2,1,4,UNABLE TO DETERMINE,2,2,0.0,0.0,0.0,0.0,0.0,2.0,11,3,5,05/07/2024,2024-05-07,11:58:00
02/21/2024 08:20:00 AM,5.0,3,2,6,5,3,3,3,2,1,4,IMPROPER LANE USAGE,2,2,0.0,0.0,0.0,0.0,0.0,2.0,8,4,2,02/21/2024,2024-02-21,08:20:00
01/27/2024 10:30:00 PM,7.0,5,5,5,5,3,4,1,2,1,4,DISREGARDING TRAFFIC SIGNALS,2,2,0.0,0.0,0.0,0.0,0.0,3.0,22,7,1,01/27/2024,2024-01-27,22:30:00
03/01/2024 10:15:00 PM,5.0,3,5,5,5,3,3,7,3,1,4,DISREGARDING TRAFFIC SIGNALS,2,3,1.0,0.0,0.0,0.0,1.0,2.0,22,6,3,03/01/2024,2024-03-01,22:15:00
02/24/2024 01:23:00 PM,5.0,3,2,6,5,3,3,3,2,1,3,FOLLOWING TOO CLOSELY,2,2,0.0,0.0,0.0,0.0,0.0,2.0,13,7,2,02/24/2024,2024-02-24,13:23:00
02/15/2024 07:02:00 PM,5.0,3,6,6,5,3,3,3,3,1,4,UNABLE TO DETERMINE,2,2,0.0,0.0,0.0,0.0,0.0,2.0,19,5,2,02/15/2024,2024-02-15,19:02:00
01/27/2024 12:27:00 PM,5.0,3,2,4,6,3,3,3,2,1,4,FAILING TO YIELD RIGHT-OF-WAY,2,2,0.0,0.0,0.0,0.0,0.0,2.0,12,7,1,01/27/2024,2024-01-27,12:27:00
05/04/2024 09:15:00 PM,3.0,3,6,4,6,3,3,3,2,1,4,UNABLE TO DETERMINE,2,2,0.0,0.0,0.0,0.0,0.0,2.0,21,7,5,05/04/2024,2024-05-04,21:15:00
03/05/2024 07:54:00 AM,5.0,4,2,6,6,3,1,1,2,1,3,UNABLE TO DETERMINE,2,2,0.0,0.0,0.0,0.0,0.0,2.0,7,3,3,03/05/2024,2024-03-05,07:54:00
05/25/2024 03:42:00 PM,5.0,3,2,6,5,3,3,3,3,1,4,DISTRACTION - FROM OUTSIDE VEHICLE,2,2,0.0,0.0,0.0,0.0,0.0,3.0,15,7,5,05/25/2024,2024-05-25,15:42:00
03/22/2024 08:03:00 AM,7.0,6,2,5,5,3,4,1,3,1,4,FAILING TO YIELD RIGHT-OF-WAY,2,5,2.0,0.0,1.0,1.0,0.0,0.0,8,6,3,03/22/2024,2024-03-22,08:03:00
02/26/2024 05:00:00 AM,5.0,3,5,4,5,3,3,1,2,1,4,FOLLOWING TOO CLOSELY,2,2,0.0,0.0,0.0,0.0,0.0,3.0,5,2,2,02/26/2024,2024-02-26,05:00:00
08/04/2024 01:16:00 AM,5.0,3,4,3,6,3,3,3,2,1,3,IMPROPER LANE USAGE,2,2,0.0,0.0,0.0,0.0,0.0,2.0,1,1,8,08/04/2024,2024-08-04,01:16:00
06/09/2024 08:48:00 PM,7.0,3,5,4,4,3,3,7,3,0,2,UNABLE TO DETERMINE,2,4,1.0,0.0,0.0,1.0,0.0,4.0,20,1,6,06/09/2024,2024-06-09,20:48:00
06/27/2024 11:30:00 AM,5.0,3,2,4,6,3,3,3,2,1,2,NOT APPLICABLE,2,2,0.0,0.0,0.0,0.0,0.0,2.0,11,5,6,06/27/2024,2024-06-27,11:30:00
07/23/2024 10:00:00 AM,7.0,3,2,4,6,3,3,3,2,1,3,FOLLOWING TOO CLOSELY,2,2,0.0,0.0,0.0,0.0,0.0,2.0,10,3,7,07/23/2024,2024-07-23,10:00:00
06/12/2024 05:50:00 PM,5.0,3,2,6,10,3,3,3,2,1,3,UNABLE TO DETERMINE,2,2,0.0,0.0,0.0,0.0,0.0,3.0,17,4,6,06/12/2024,2024-06-12,17:50:00
04/11/2024 10:30:00 AM,7.0,3,2,5,6,3,3,3,2,1,4,NOT APPLICABLE,2,2,0.0,0.0,0.0,0.0,0.0,2.0,10,5,4,04/11/2024,2024-04-11,10:30:00
07/11/2024 01:20:00 PM,5.0,3,2,6,5,3,3,3,2,1,3,IMPROPER LANE USAGE,2,2,0.0,0.0,0.0,0.0,0.0,3.0,13,5,7,07/11/2024,2024-07-11,13:20:00
06/16/2024 04:50:00 PM,5.0,3,2,3,6,3,3,3,2,1,4,IMPROPER LANE USAGE,2,2,0.0,0.0,0.0,0.0,0.0,5.0,16,1,6,06/16/2024,2024-06-16,16:50:00
02/16/2024 07:35:00 PM,5.0,3,5,4,10,3,3,3,2,1,4,FAILING TO REDUCE SPEED TO AVOID CRASH,2,2,0.0,0.0,0.0,0.0,0.0,3.0,19,6,2,02/16/2024,2024-02-16,19:35:00
01/16/2024 12:40:00 PM,5.0,3,2,5,5,3,3,3,3,1,4,ROAD CONSTRUCTION/MAINTENANCE,2,2,0.0,0.0,0.0,0.0,0.0,2.0,12,3,1,01/16/2024,2024-01-16,12:40:00
06/26/2024 09:50:00 AM,5.0,3,2,6,6,3,3,3,2,1,4,FAILING TO YIELD RIGHT-OF-WAY,2,2,0.0,0.0,0.0,0.0,0.0,2.0,9,4,6,06/26/2024,2024-06-26,09:50:00
03/02/2024 07:45:00 AM,5.0,3,2,5,5,3,3,3,2,1,4,FAILING TO YIELD RIGHT-OF-WAY,2,2,0.0,0.0,0.0,0.0,0.0,2.0,7,7,3,03/02/2024,2024-03-02,07:45:00
01/04/2024 02:25:00 PM,5.0,3,2,3,5,3,3,3,3,0,4,IMPROPER OVERTAKING/PASSING,2,4,1.0,0.0,0.0,1.0,0.0,3.0,14,5,1,01/04/2024,2024-01-04,14:25:00
07/20/2024 03:10:00 AM,5.0,3,5,5,5,3,3,3,2,1,4,DISREGARDING ROAD MARKINGS,2,2,0.0,0.0,0.0,0.0,0.0,2.0,3,7,7,07/20/2024,2024-07-20,03:10:00
07/08/2024 07:24:00 AM,5.0,5,2,6,5,3,4,1,3,1,4,IMPROPER TURNING/NO SIGNAL,2,4,1.0,0.0,0.0,1.0,0.0,1.0,7,2,7,07/08/2024,2024-07-08,07:24:00
01/30/2024 03:56:00 PM,7.0,3,5,6,6,3,3,1,2,1,4,DISREGARDING STOP SIGN,2,2,0.0,0.0,0.0,0.0,0.0,2.0,15,3,1,01/30/2024,2024-01-30,15:56:00
01/21/2024 05:40:00 AM,5.0,3,5,5,5,3,4,3,3,1,4,DISREGARDING TRAFFIC SIGNALS,2,2,0.0,0.0,0.0,0.0,0.0,2.0,5,1,1,01/21/2024,2024-01-21,05:40:00
04/04/2024 10:01:00 AM,5.0,5,2,13,7,3,1,1,3,1,2,FAILING TO YIELD RIGHT-OF-WAY,2,4,1.0,0.0,0.0,1.0,0.0,1.0,10,5,4,04/04/2024,2024-04-04,10:01:00
03/14/2024 01:10:00 PM,7.0,4,2,5,5,3,3,3,3,1,4,UNABLE TO DETERMINE,2,3,2.0,0.0,0.0,0.0,2.0,0.0,13,5,3,03/14/2024,2024-03-14,13:10:00
04/02/2024 05:38:00 PM,3.0,4,2,6,16,3,3,3,2,1,3,IMPROPER TURNING/NO SIGNAL,2,2,0.0,0.0,0.0,0.0,0.0,3.0,17,3,4,04/02/2024,2024-04-02,17:38:00
04/22/2024 11:10:00 AM,5.0,3,2,6,3,3,3,3,2,1,4,IMPROPER TURNING/NO SIGNAL,2,2,0.0,0.0,0.0,0.0,0.0,3.0,11,2,4,04/22/2024,2024-04-22,11:10:00
06/29/2024 11:17:00 AM,7.0,3,5,5,5,3,3,3,3,1,4,DISREGARDING STOP SIGN,2,2,0.0,0.0,0.0,0.0,0.0,2.0,11,7,6,06/29/2024,2024-06-29,11:17:00
01/19/2024 11:00:00 AM,7.0,3,2,11,5,3,5,3,2,1,4,"VISION OBSCURED (SIGNS, TREE LIMBS, BUILDINGS, ETC.)",2,2,0.0,0.0,0.0,0.0,0.0,1.0,11,6,1,01/19/2024,2024-01-19,11:00:00
07/18/2024 03:30:00 PM,5.0,3,2,4,1,3,3,5,2,1,3,FAILING TO REDUCE SPEED TO AVOID CRASH,2,2,0.0,0.0,0.0,0.0,0.0,3.0,15,5,7,07/18/2024,2024-07-18,15:30:00
04/07/2024 03:39:00 PM,3.0,5,2,5,5,3,4,3,3,1,4,FAILING TO YIELD RIGHT-OF-WAY,2,4,1.0,0.0,0.0,1.0,0.0,2.0,15,1,4,04/07/2024,2024-04-07,15:39:00
05/06/2024 08:31:00 PM,2.0,3,5,5,5,3,3,3,2,1,4,FAILING TO YIELD RIGHT-OF-WAY,2,2,0.0,0.0,0.0,0.0,0.0,2.0,20,2,5,05/06/2024,2024-05-06,20:31:00
05/18/2024 01:40:00 PM,5.0,3,2,4,4,3,1,1,2,1,4,UNABLE TO DETERMINE,2,2,0.0,0.0,0.0,0.0,0.0,3.0,13,7,5,05/18/2024,2024-05-18,13:40:00
05/09/2024 08:45:00 AM,5.0,5,2,6,5,3,4,3,3,1,4,FAILING TO YIELD RIGHT-OF-WAY,2,2,0.0,0.0,0.0,0.0,0.0,2.0,8,5,5,05/09/2024,2024-05-09,08:45:00
08/06/2024 08:59:00 AM,7.0,4,2,6,5,3,3,3,3,1,4,FAILING TO YIELD RIGHT-OF-WAY,2,2,0.0,0.0,0.0,0.0,0.0,2.0,8,3,8,08/06/2024,2024-08-06,08:59:00
04/27/2024 05:45:00 PM,7.0,3,2,5,5,3,3,3,3,1,4,FAILING TO YIELD RIGHT-OF-WAY,2,3,1.0,0.0,0.0,0.0,1.0,4.0,17,7,4,04/27/2024,2024-04-27,17:45:00
07/18/2024 03:40:00 PM,3.0,3,2,6,6,3,3,3,2,1,4,IMPROPER TURNING/NO SIGNAL,2,2,0.0,0.0,0.0,0.0,0.0,2.0,15,5,7,07/18/2024,2024-07-18,15:40:00
03/17/2024 04:35:00 PM,7.0,3,2,5,5,3,3,3,3,1,4,FAILING TO YIELD RIGHT-OF-WAY,2,3,1.0,0.0,0.0,0.0,1.0,1.0,16,1,3,03/17/2024,2024-03-17,16:35:00
06/27/2024 11:30:00 AM,7.0,3,2,14,5,3,3,1,3,1,4,FAILING TO YIELD RIGHT-OF-WAY,2,4,1.0,0.0,0.0,1.0,0.0,1.0,11,5,6,06/27/2024,2024-06-27,11:30:00
04/11/2024 08:00:00 AM,7.0,5,2,5,6,3,4,3,3,1,4,DISREGARDING STOP SIGN,2,2,0.0,0.0,0.0,0.0,0.0,2.0,8,5,4,04/11/2024,2024-04-11,08:00:00
04/06/2024 02:50:00 PM,5.0,3,2,13,5,3,3,3,3,1,2,FAILING TO YIELD RIGHT-OF-WAY,2,4,1.0,0.0,0.0,1.0,0.0,1.0,14,7,4,04/06/2024,2024-04-06,14:50:00
01/21/2024 02:20:00 PM,7.0,3,2,5,6,3,5,3,2,1,4,UNABLE TO DETERMINE,2,2,0.0,0.0,0.0,0.0,0.0,2.0,14,1,1,01/21/2024,2024-01-21,14:20:00
03/04/2024 03:58:00 PM,5.0,3,2,3,6,3,3,3,2,1,4,IMPROPER LANE USAGE,2,2,0.0,0.0,0.0,0.0,0.0,2.0,15,2,3,03/04/2024,2024-03-04,15:58:00
06/29/2024 04:24:00 PM,5.0,3,2,13,4,3,3,3,3,1,3,FAILING TO YIELD RIGHT-OF-WAY,2,4,1.0,0.0,0.0,1.0,0.0,2.0,16,7,6,06/29/2024,2024-06-29,16:24:00
05/27/2024 09:45:00 AM,5.0,3,2,13,1,3,3,1,3,1,2,FAILING TO REDUCE SPEED TO AVOID CRASH,2,4,1.0,0.0,0.0,1.0,0.0,1.0,9,2,5,05/27/2024,2024-05-27,09:45:00
04/15/2024 07:18:00 AM,5.0,3,2,5,6,3,3,3,2,1,4,DISREGARDING OTHER TRAFFIC SIGNS,2,2,0.0,0.0,0.0,0.0,0.0,2.0,7,2,4,04/15/2024,2024-04-15,07:18:00
07/14/2024 10:26:00 PM,5.0,3,6,14,5,3,3,3,2,1,4,NOT APPLICABLE,2,2,0.0,0.0,0.0,0.0,0.0,2.0,22,1,7,07/14/2024,2024-07-14,22:26:00
07/02/2024 09:14:00 PM,5.0,3,5,6,5,3,3,3,2,1,4,UNABLE TO DETERMINE,2,2,0.0,0.0,0.0,0.0,0.0,6.0,21,3,7,07/02/2024,2024-07-02,21:14:00
01/25/2024 07:40:00 PM,7.0,5,5,6,4,3,4,3,2,1,4,FAILING TO YIELD RIGHT-OF-WAY,2,2,0.0,0.0,0.0,0.0,0.0,3.0,19,5,1,01/25/2024,2024-01-25,19:40:00
02/26/2024 02:00:00 PM,5.0,3,2,4,4,3,3,3,3,1,4,IMPROPER OVERTAKING/PASSING,2,3,1.0,0.0,0.0,0.0,1.0,1.0,14,2,2,02/26/2024,2024-02-26,14:00:00
05/19/2024 02:22:00 PM,7.0,3,2,5,6,3,3,3,3,1,4,UNABLE TO DETERMINE,2,2,0.0,0.0,0.0,0.0,0.0,3.0,14,1,5,05/19/2024,2024-05-19,14:22:00
06/10/2024 12:30:00 PM,5.0,3,2,4,5,3,3,3,2,1,3,FOLLOWING TOO CLOSELY,2,2,0.0,0.0,0.0,0.0,0.0,2.0,12,2,6,06/10/2024,2024-06-10,12:30:00
02/20/2024 07:30:00 PM,3.0,3,5,13,6,3,3,3,3,1,4,FAILING TO YIELD RIGHT-OF-WAY,2,4,1.0,0.0,0.0,1.0,0.0,1.0,19,3,2,02/20/2024,2024-02-20,19:30:00
01/06/2024 06:10:00 PM,1.0,3,2,6,5,3,1,1,2,1,4,UNABLE TO DETERMINE,2,2,0.0,0.0,0.0,0.0,0.0,3.0,18,7,1,01/06/2024,2024-01-06,18:10:00
03/01/2024 06:30:00 PM,5.0,3,6,4,4,3,3,3,2,1,4,UNABLE TO DETERMINE,2,2,0.0,0.0,0.0,0.0,0.0,3.0,18,6,3,03/01/2024,2024-03-01,18:30:00
08/05/2024 04:02:00 PM,7.0,3,2,14,5,3,3,3,3,1,2,FAILING TO YIELD RIGHT-OF-WAY,2,4,1.0,0.0,0.0,1.0,0.0,1.0,16,2,8,08/05/2024,2024-08-05,16:02:00
05/17/2024 09:30:00 PM,7.0,3,5,8,7,3,3,3,2,1,4,UNABLE TO DETERMINE,2,2,0.0,0.0,0.0,0.0,0.0,3.0,21,6,5,05/17/2024,2024-05-17,21:30:00
04/25/2024 12:05:00 PM,5.0,3,2,9,5,3,3,3,2,1,4,UNABLE TO DETERMINE,2,2,0.0,0.0,0.0,0.0,0.0,2.0,12,5,4,04/25/2024,2024-04-25,12:05:00
05/11/2024 08:02:00 AM,5.0,3,2,4,5,3,3,3,2,1,4,PHYSICAL CONDITION OF DRIVER,2,2,0.0,0.0,0.0,0.0,0.0,2.0,8,7,5,05/11/2024,2024-05-11,08:02:00
06/06/2024 03:40:00 PM,5.0,3,2,3,6,3,3,3,2,1,4,NOT APPLICABLE,2,2,0.0,0.0,0.0,0.0,0.0,2.0,15,5,6,06/06/2024,2024-06-06,15:40:00
01/15/2024 11:52:00 AM,5.0,3,2,6,5,3,4,3,2,1,4,IMPROPER OVERTAKING/PASSING,2,2,0.0,0.0,0.0,0.0,0.0,2.0,11,2,1,01/15/2024,2024-01-15,11:52:00
08/03/2024 08:30:00 PM,3.0,3,4,3,17,3,3,3,2,1,3,IMPROPER LANE USAGE,2,2,0.0,0.0,0.0,0.0,0.0,2.0,20,7,8,08/03/2024,2024-08-03,20:30:00
07/01/2024 04:47:00 PM,7.0,3,2,5,5,3,3,1,2,1,4,FAILING TO YIELD RIGHT-OF-WAY,2,2,0.0,0.0,0.0,0.0,0.0,2.0,16,2,7,07/01/2024,2024-07-01,16:47:00
05/20/2024 05:14:00 PM,5.0,4,2,2,5,3,1,1,2,1,4,UNABLE TO DETERMINE,2,2,0.0,0.0,0.0,0.0,0.0,3.0,17,2,5,05/20/2024,2024-05-20,17:14:00
07/09/2024 05:59:00 PM,5.0,5,2,3,6,3,4,3,2,1,4,IMPROPER LANE USAGE,2,2,0.0,0.0,0.0,0.0,0.0,2.0,17,3,7,07/09/2024,2024-07-09,17:59:00
06/11/2024 10:55:00 AM,3.0,3,2,13,16,3,3,3,2,1,2,FAILING TO YIELD RIGHT-OF-WAY,2,2,0.0,0.0,0.0,0.0,0.0,2.0,10,3,6,06/11/2024,2024-06-11,10:55:00
04/20/2024 04:26:00 PM,5.0,3,2,5,5,3,3,3,3,1,4,DISREGARDING TRAFFIC SIGNALS,2,4,1.0,0.0,0.0,1.0,0.0,1.0,16,7,4,04/20/2024,2024-04-20,16:26:00
04/02/2024 03:02:00 PM,5.0,5,2,5,6,3,4,1,2,1,2,UNABLE TO DETERMINE,2,2,0.0,0.0,0.0,0.0,0.0,3.0,15,3,4,04/02/2024,2024-04-02,15:02:00
04/11/2024 03:35:00 PM,5.0,3,2,3,4,3,1,1,2,1,3,UNABLE TO DETERMINE,2,2,0.0,0.0,0.0,0.0,0.0,2.0,15,5,4,04/11/2024,2024-04-11,15:35:00
02/03/2024 06:38:00 PM,5.0,3,5,4,6,3,3,3,2,1,2,IMPROPER LANE USAGE,2,2,0.0,0.0,0.0,0.0,0.0,4.0,18,7,2,02/03/2024,2024-02-03,18:38:00
04/09/2024 08:15:00 PM,5.0,3,6,4,4,3,3,1,3,0,3,FOLLOWING TOO CLOSELY,2,3,1.0,0.0,0.0,0.0,1.0,2.0,20,3,4,04/09/2024,2024-04-09,20:15:00
01/01/2024 02:00:00 AM,7.0,3,5,5,5,3,1,1,3,1,4,UNABLE TO DETERMINE,2,2,0.0,0.0,0.0,0.0,0.0,2.0,2,2,1,01/01/2024,2024-01-01,02:00:00
08/12/2024 02:05:00 PM,3.0,3,2,3,6,3,3,3,2,0,4,NOT APPLICABLE,2,2,0.0,0.0,0.0,0.0,0.0,2.0,14,2,8,08/12/2024,2024-08-12,14:05:00
02/16/2024 12:27:00 PM,5.0,3,2,4,10,3,3,1,2,0,4,FOLLOWING TOO CLOSELY,2,2,0.0,0.0,0.0,0.0,0.0,3.0,12,6,2,02/16/2024,2024-02-16,12:27:00
03/08/2024 09:30:00 PM,5.0,5,5,3,6,3,4,1,2,1,4,IMPROPER LANE USAGE,2,2,0.0,0.0,0.0,0.0,0.0,3.0,21,6,3,03/08/2024,2024-03-08,21:30:00
07/05/2024 02:30:00 PM,7.0,3,2,5,5,3,3,3,3,1,4,"VISION OBSCURED (SIGNS, TREE LIMBS, BUILDINGS, ETC.)",2,2,0.0,0.0,0.0,0.0,0.0,4.0,14,6,7,07/05/2024,2024-07-05,14:30:00
07/24/2024 08:10:00 PM,5.0,3,5,3,6,3,3,3,2,0,4,UNABLE TO DETERMINE,2,2,0.0,0.0,0.0,0.0,0.0,5.0,20,4,7,07/24/2024,2024-07-24,20:10:00
01/26/2024 05:35:00 AM,5.0,3,5,14,5,3,4,3,3,1,4,UNABLE TO DETERMINE,2,5,1.0,0.0,1.0,0.0,0.0,1.0,5,6,1,01/26/2024,2024-01-26,05:35:00
04/03/2024 03:22:00 AM,5.0,3,5,6,5,3,4,3,3,1,4,IMPROPER OVERTAKING/PASSING,2,3,1.0,0.0,0.0,0.0,1.0,1.0,3,4,4,04/03/2024,2024-04-03,03:22:00
02/09/2024 12:13:00 AM,5.0,2,5,5,6,3,4,3,3,1,4,UNABLE TO DETERMINE,2,3,1.0,0.0,0.0,0.0,1.0,2.0,0,6,2,02/09/2024,2024-02-09,00:13:00
03/21/2024 11:30:00 AM,7.0,3,2,5,5,3,3,3,3,1,4,DISREGARDING TRAFFIC SIGNALS,2,4,2.0,0.0,0.0,2.0,0.0,1.0,11,5,3,03/21/2024,2024-03-21,11:30:00
03/07/2024 03:25:00 PM,3.0,3,2,5,5,3,3,3,3,1,4,FAILING TO YIELD RIGHT-OF-WAY,2,2,0.0,0.0,0.0,0.0,0.0,2.0,15,5,3,03/07/2024,2024-03-07,15:25:00
01/28/2024 02:20:00 AM,5.0,3,4,5,6,3,1,1,2,1,4,DISREGARDING TRAFFIC SIGNALS,2,2,0.0,0.0,0.0,0.0,0.0,2.0,2,1,1,01/28/2024,2024-01-28,02:20:00
03/03/2024 06:22:00 PM,5.0,3,5,4,4,3,3,3,2,1,4,FOLLOWING TOO CLOSELY,2,2,0.0,0.0,0.0,0.0,0.0,5.0,18,1,3,03/03/2024,2024-03-03,18:22:00
07/15/2024 09:15:00 PM,5.0,3,4,3,6,3,3,3,2,1,2,IMPROPER LANE USAGE,2,2,0.0,0.0,0.0,0.0,0.0,2.0,21,2,7,07/15/2024,2024-07-15,21:15:00
06/27/2024 04:00:00 PM,5.0,3,2,3,6,3,1,1,2,1,3,FAILING TO YIELD RIGHT-OF-WAY,2,2,0.0,0.0,0.0,0.0,0.0,3.0,16,5,6,06/27/2024,2024-06-27,16:00:00
01/04/2024 01:06:00 PM,7.0,3,2,3,6,3,3,3,3,1,4,IMPROPER LANE USAGE,2,4,1.0,0.0,0.0,1.0,0.0,2.0,13,5,1,01/04/2024,2024-01-04,13:06:00
02/25/2024 09:10:00 PM,5.0,3,5,5,6,3,3,3,2,1,4,FAILING TO YIELD RIGHT-OF-WAY,2,2,0.0,0.0,0.0,0.0,0.0,2.0,21,1,2,02/25/2024,2024-02-25,21:10:00
07/20/2024 05:28:00 PM,3.0,3,2,6,4,3,3,3,3,1,4,FAILING TO YIELD RIGHT-OF-WAY,2,2,0.0,0.0,0.0,0.0,0.0,4.0,17,7,7,07/20/2024,2024-07-20,17:28:00
06/11/2024 08:30:00 AM,7.0,3,2,6,5,3,3,3,3,1,4,UNABLE TO DETERMINE,2,3,1.0,0.0,0.0,0.0,1.0,1.0,8,3,6,06/11/2024,2024-06-11,08:30:00
08/13/2024 04:01:00 PM,7.0,3,2,6,6,3,3,3,3,1,4,FAILING TO YIELD RIGHT-OF-WAY,2,2,0.0,0.0,0.0,0.0,0.0,2.0,16,3,8,08/13/2024,2024-08-13,16:01:00
05/08/2024 05:57:00 PM,5.0,3,2,3,3,3,3,3,2,1,4,IMPROPER LANE USAGE,2,2,0.0,0.0,0.0,0.0,0.0,2.0,17,4,5,05/08/2024,2024-05-08,17:57:00
04/12/2024 02:30:00 PM,7.0,3,2,13,7,3,1,1,3,1,2,NOT APPLICABLE,2,3,1.0,0.0,0.0,0.0,1.0,1.0,14,6,4,04/12/2024,2024-04-12,14:30:00
01/17/2024 08:09:00 AM,7.0,4,2,5,5,3,6,3,3,1,4,FAILING TO YIELD RIGHT-OF-WAY,2,2,0.0,0.0,0.0,0.0,0.0,2.0,8,4,1,01/17/2024,2024-01-17,08:09:00
06/26/2024 07:24:00 AM,7.0,3,2,14,5,3,3,3,3,1,4,"VISION OBSCURED (SIGNS, TREE LIMBS, BUILDINGS, ETC.)",2,4,1.0,0.0,0.0,1.0,0.0,1.0,7,4,6,06/26/2024,2024-06-26,07:24:00
08/12/2024 11:40:00 PM,3.0,3,5,6,4,3,3,3,3,1,4,IMPROPER LANE USAGE,2,4,1.0,0.0,0.0,1.0,0.0,1.0,23,2,8,08/12/2024,2024-08-12,23:40:00
03/06/2024 03:50:00 PM,5.0,3,2,13,5,3,3,3,3,1,2,UNABLE TO DETERMINE,2,3,1.0,0.0,0.0,0.0,1.0,1.0,15,4,3,03/06/2024,2024-03-06,15:50:00
01/15/2024 08:42:00 PM,3.0,3,5,6,6,3,3,3,2,1,4,DRIVING SKILLS/KNOWLEDGE/EXPERIENCE,2,2,0.0,0.0,0.0,0.0,0.0,2.0,20,2,1,01/15/2024,2024-01-15,20:42:00
01/19/2024 01:11:00 PM,1.0,3,2,3,3,3,1,1,2,1,4,UNABLE TO DETERMINE,2,2,0.0,0.0,0.0,0.0,0.0,2.0,13,6,1,01/19/2024,2024-01-19,13:11:00
06/21/2024 04:40:00 PM,5.0,3,2,5,5,3,3,3,2,1,4,DISREGARDING TRAFFIC SIGNALS,2,2,0.0,0.0,0.0,0.0,0.0,2.0,16,6,6,06/21/2024,2024-06-21,16:40:00
06/26/2024 08:30:00 AM,5.0,3,2,6,9,3,3,3,2,1,3,UNABLE TO DETERMINE,2,2,0.0,0.0,0.0,0.0,0.0,2.0,8,4,6,06/26/2024,2024-06-26,08:30:00
04/09/2024 01:15:00 PM,5.0,3,2,6,4,3,3,3,3,1,4,"VISION OBSCURED (SIGNS, TREE LIMBS, BUILDINGS, ETC.)",2,2,0.0,0.0,0.0,0.0,0.0,2.0,13,3,4,04/09/2024,2024-04-09,13:15:00
01/13/2024 12:56:00 PM,5.0,3,2,5,5,3,4,3,2,1,4,FAILING TO YIELD RIGHT-OF-WAY,2,2,0.0,0.0,0.0,0.0,0.0,2.0,12,7,1,01/13/2024,2024-01-13,12:56:00
05/03/2024 10:55:00 AM,7.0,4,2,5,4,3,3,3,3,1,4,UNABLE TO DETERMINE,2,2,0.0,0.0,0.0,0.0,0.0,2.0,10,6,5,05/03/2024,2024-05-03,10:55:00
03/16/2024 01:00:00 PM,5.0,3,2,6,4,3,3,3,2,1,3,UNABLE TO DETERMINE,2,2,0.0,0.0,0.0,0.0,0.0,2.0,13,7,3,03/16/2024,2024-03-16,13:00:00
05/27/2024 01:00:00 PM,1.0,3,2,6,6,3,3,1,3,1,4,UNABLE TO DETERMINE,2,2,0.0,0.0,0.0,0.0,0.0,2.0,13,2,5,05/27/2024,2024-05-27,13:00:00
06/14/2024 12:59:00 PM,5.0,3,2,9,4,3,3,3,2,0,4,DRIVING ON WRONG SIDE/WRONG WAY,2,2,0.0,0.0,0.0,0.0,0.0,2.0,12,6,6,06/14/2024,2024-06-14,12:59:00
07/05/2024 02:40:00 PM,5.0,3,2,4,6,4,1,1,2,1,4,FOLLOWING TOO CLOSELY,2,2,0.0,0.0,0.0,0.0,0.0,2.0,14,6,7,07/05/2024,2024-07-05,14:40:00
05/09/2024 06:04:00 PM,5.0,5,2,4,4,3,4,3,3,1,4,UNABLE TO DETERMINE,2,3,1.0,0.0,0.0,0.0,1.0,3.0,18,5,5,05/09/2024,2024-05-09,18:04:00
06/12/2024 01:30:00 PM,5.0,3,2,5,5,3,3,3,3,1,4,FAILING TO REDUCE SPEED TO AVOID CRASH,2,2,0.0,0.0,0.0,0.0,0.0,4.0,13,4,6,06/12/2024,2024-06-12,13:30:00
05/20/2024 01:40:00 AM,5.0,3,2,3,5,3,3,3,3,1,4,FAILING TO YIELD RIGHT-OF-WAY,2,4,2.0,0.0,0.0,2.0,0.0,2.0,1,2,5,05/20/2024,2024-05-20,01:40:00
06/01/2024 11:30:00 PM,5.0,5,5,8,5,3,4,3,2,1,4,DISREGARDING TRAFFIC SIGNALS,2,2,0.0,0.0,0.0,0.0,0.0,3.0,23,7,6,06/01/2024,2024-06-01,23:30:00
05/05/2024 08:09:00 AM,5.0,3,2,6,5,3,3,3,3,1,4,FAILING TO YIELD RIGHT-OF-WAY,2,2,0.0,0.0,0.0,0.0,0.0,3.0,8,1,5,05/05/2024,2024-05-05,08:09:00
07/17/2024 02:09:00 PM,3.0,3,2,4,6,3,3,3,3,1,4,UNABLE TO DETERMINE,2,4,2.0,0.0,0.0,2.0,0.0,1.0,14,4,7,07/17/2024,2024-07-17,14:09:00
07/09/2024 04:21:00 PM,7.0,5,2,6,6,3,4,3,2,1,4,FAILING TO YIELD RIGHT-OF-WAY,2,2,0.0,0.0,0.0,0.0,0.0,2.0,16,3,7,07/09/2024,2024-07-09,16:21:00