crash_date,traffic_control_device,weather_condition,lighting_condition,first_crash_type,trafficway_type,alignment,roadway_surface_cond,road_defect,crash_type,intersection_related_i,damage,prim_contributory_cause,num_units,most_severe_injury,injuries_total,injuries_fatal,injuries_incapacitating,injuries_non_incapacitating,injuries_reported_not_evident,injuries_no_indication,crash_hour,crash_day_of_week,crash_month,parsed_datetime,date,time
05/25/2024 05:11:00 PM,7.0,3,2,5,5,3,3,1,2,1,3,FAILING TO YIELD RIGHT-OF-WAY,2,2,0.0,0.0,0.0,0.0,0.0,2.0,17,7,5,05/25/2024,2024-05-25,17:11:00
06/29/2024 07:00:00 PM,5.0,3,2,5,5,3,3,3,2,1,4,FAILING TO REDUCE SPEED TO AVOID CRASH,2,2,0.0,0.0,0.0,0.0,0.0,3.0,19,7,6,06/29/2024,2024-06-29,19:00:00
05/20/2024 07:55:00 AM,5.0,3,2,3,3,3,3,3,2,1,3,FAILING TO YIELD RIGHT-OF-WAY,2,2,0.0,0.0,0.0,0.0,0.0,2.0,7,2,5,05/20/2024,2024-05-20,07:55:00
07/13/2024 02:07:00 PM,5.0,3,2,14,6,3,3,3,2,1,4,FAILING TO YIELD RIGHT-OF-WAY,2,2,0.0,0.0,0.0,0.0,0.0,2.0,14,7,7,07/13/2024,2024-07-13,14:07:00
01/08/2024 05:00:00 PM,3.0,3,2,3,6,3,1,1,2,1,4,UNABLE TO DETERMINE,2,2,0.0,0.0,0.0,0.0,0.0,3.0,17,2,1,01/08/2024,2024-01-08,17:00:00
05/28/2024 07:00:00 PM,7.0,3,2,8,4,3,3,3,2,1,4,IMPROPER BACKING,2,2,0.0,0.0,0.0,0.0,0.0,2.0,19,3,5,05/28/2024,2024-05-28,19:00:00
05/15/2024 06:40:00 PM,7.0,3,4,5,5,3,1,1,3,1,4,UNABLE TO DETERMINE,2,2,0.0,0.0,0.0,0.0,0.0,2.0,18,4,5,05/15/2024,2024-05-15,18:40:00
04/01/2024 11:55:00 AM,5.0,3,2,6,5,3,3,3,3,1,4,UNABLE TO DETERMINE,2,3,1.0,0.0,0.0,0.0,1.0,1.0,11,2,4,04/01/2024,2024-04-01,11:55:00
01/14/2024 12:30:00 PM,5.0,3,2,4,5,3,4,3,3,1,4,UNABLE TO DETERMINE,2,2,0.0,0.0,0.0,0.0,0.0,2.0,12,1,1,01/14/2024,2024-01-14,12:30:00
05/11/2024 08:30:00 AM,5.0,3,2,4,5,3,3,3,2,1,4,UNABLE TO DETERMINE,2,2,0.0,0.0,0.0,0.0,0.0,3.0,8,7,5,05/11/2024,2024-05-11,08:30:00
07/10/2024 04:48:00 PM,5.0,3,2,6,10,3,3,3,2,1,2,UNABLE TO DETERMINE,2,2,0.0,0.0,0.0,0.0,0.0,2.0,16,4,7,07/10/2024,2024-07-10,16:48:00
01/29/2024 11:00:00 AM,3.0,3,2,6,7,3,3,3,3,1,4,IMPROPER OVERTAKING/PASSING,2,2,0.0,0.0,0.0,0.0,0.0,2.0,11,2,1,01/29/2024,2024-01-29,11:00:00
05/24/2024 02:00:00 AM,7.0,3,5,5,7,3,3,1,2,1,4,FAILING TO YIELD RIGHT-OF-WAY,2,2,0.0,0.0,0.0,0.0,0.0,2.0,2,6,5,05/24/2024,2024-05-24,02:00:00
07/22/2024 08:22:00 AM,5.0,3,2,4,5,3,3,3,2,1,3,UNABLE TO DETERMINE,2,2,0.0,0.0,0.0,0.0,0.0,2.0,8,2,7,07/22/2024,2024-07-22,08:22:00
04/18/2024 02:09:00 PM,3.0,3,2,11,6,3,3,3,2,1,4,UNABLE TO DETERMINE,2,2,0.0,0.0,0.0,0.0,0.0,1.0,14,5,4,04/18/2024,2024-04-18,14:09:00
01/21/2024 01:31:00 PM,5.0,3,2,6,5,3,3,3,3,1,3,FAILING TO YIELD RIGHT-OF-WAY,2,4,2.0,0.0,0.0,1.0,1.0,1.0,13,1,1,01/21/2024,2024-01-21,13:31:00
02/06/2024 02:30:00 PM,7.0,3,2,5,5,3,3,3,3,1,3,DISREGARDING STOP SIGN,2,3,1.0,0.0,0.0,0.0,1.0,4.0,14,3,2,02/06/2024,2024-02-06,14:30:00
07/27/2024 07:30:00 PM,1.0,3,2,3,6,3,1,1,2,1,4,UNABLE TO DETERMINE,2,2,0.0,0.0,0.0,0.0,0.0,2.0,19,7,7,07/27/2024,2024-07-27,19:30:00
07/22/2024 09:00:00 AM,7.0,3,2,4,7,3,3,3,2,1,4,FOLLOWING TOO CLOSELY,2,2,0.0,0.0,0.0,0.0,0.0,3.0,9,2,7,07/22/2024,2024-07-22,09:00:00
03/03/2024 01:53:00 PM,5.0,3,2,3,4,3,3,3,2,1,3,UNABLE TO DETERMINE,2,2,0.0,0.0,0.0,0.0,0.0,2.0,13,1,3,03/03/2024,2024-03-03,13:53:00
02/01/2024 08:10:00 AM,3.0,3,2,13,6,3,3,3,3,1,3,"VISION OBSCURED (SIGNS, TREE LIMBS, BUILDINGS, ETC.)",2,5,1.0,0.0,1.0,0.0,0.0,1.0,8,5,2,02/01/2024,2024-02-01,08:10:00
07/30/2024 11:55:00 AM,5.0,3,2,6,5,3,3,3,2,1,2,IMPROPER TURNING/NO SIGNAL,2,2,0.0,0.0,0.0,0.0,0.0,2.0,11,3,7,07/30/2024,2024-07-30,11:55:00
06/24/2024 08:00:00 AM,5.0,3,2,6,6,3,3,3,2,1,4,IMPROPER LANE USAGE,2,2,0.0,0.0,0.0,0.0,0.0,2.0,8,2,6,06/24/2024,2024-06-24,08:00:00
03/15/2024 08:45:00 AM,5.0,3,2,4,5,3,1,1,2,1,4,DISTRACTION - FROM INSIDE VEHICLE,2,2,0.0,0.0,0.0,0.0,0.0,2.0,8,6,3,03/15/2024,2024-03-15,08:45:00
01/02/2024 01:20:00 PM,3.0,3,2,5,4,3,3,3,2,1,4,"VISION OBSCURED (SIGNS, TREE LIMBS, BUILDINGS, ETC.)",2,2,0.0,0.0,0.0,0.0,0.0,2.0,13,3,1,01/02/2024,2024-01-02,13:20:00
05/28/2024 04:02:00 PM,3.0,3,2,5,6,3,4,3,2,1,4,"VISION OBSCURED (SIGNS, TREE LIMBS, BUILDINGS, ETC.)",2,2,0.0,0.0,0.0,0.0,0.0,2.0,16,3,5,05/28/2024,2024-05-28,16:02:00
07/23/2024 02:39:00 PM,5.0,3,2,6,5,3,3,3,2,1,4,IMPROPER LANE USAGE,2,2,0.0,0.0,0.0,0.0,0.0,4.0,14,3,7,07/23/2024,2024-07-23,14:39:00
08/09/2024 12:45:00 PM,5.0,3,2,4,5,3,1,1,3,1,4,FOLLOWING TOO CLOSELY,2,4,1.0,0.0,0.0,1.0,0.0,2.0,12,6,8,08/09/2024,2024-08-09,12:45:00
03/10/2024 07:00:00 PM,5.0,3,6,6,5,3,3,1,2,1,4,FAILING TO YIELD RIGHT-OF-WAY,2,2,0.0,0.0,0.0,0.0,0.0,2.0,19,1,3,03/10/2024,2024-03-10,19:00:00
05/24/2024 11:35:00 PM,7.0,3,2,5,10,3,1,1,3,1,4,UNABLE TO DETERMINE,2,3,2.0,0.0,0.0,0.0,2.0,3.0,23,6,5,05/24/2024,2024-05-24,23:35:00
03/09/2024 10:55:00 AM,7.0,3,2,5,6,3,3,3,2,1,4,FAILING TO YIELD RIGHT-OF-WAY,2,2,0.0,0.0,0.0,0.0,0.0,4.0,10,7,3,03/09/2024,2024-03-09,10:55:00
03/17/2024 02:25:00 AM,5.0,3,5,4,12,3,3,3,3,1,4,FAILING TO REDUCE SPEED TO AVOID CRASH,2,2,0.0,0.0,0.0,0.0,0.0,2.0,2,1,3,03/17/2024,2024-03-17,02:25:00
05/17/2024 02:00:00 AM,7.0,3,2,11,10,3,3,3,2,1,4,IMPROPER OVERTAKING/PASSING,2,2,0.0,0.0,0.0,0.0,0.0,1.0,2,6,5,05/17/2024,2024-05-17,02:00:00
01/12/2024 07:35:00 PM,5.0,2,5,5,5,3,4,1,3,1,3,UNABLE TO DETERMINE,2,4,1.0,0.0,0.0,1.0,0.0,1.0,19,6,1,01/12/2024,2024-01-12,19:35:00
01/31/2024 06:30:00 AM,3.0,3,2,5,10,3,3,3,2,1,4,UNABLE TO DETERMINE,2,2,0.0,0.0,0.0,0.0,0.0,2.0,6,4,1,01/31/2024,2024-01-31,06:30:00
04/18/2024 01:30:00 PM,5.0,3,2,6,5,3,3,3,2,1,4,IMPROPER TURNING/NO SIGNAL,2,2,0.0,0.0,0.0,0.0,0.0,2.0,13,5,4,04/18/2024,2024-04-18,13:30:00
07/10/2024 12:55:00 PM,5.0,3,2,6,6,3,3,3,3,1,4,UNABLE TO DETERMINE,2,4,2.0,0.0,0.0,1.0,1.0,0.0,12,4,7,07/10/2024,2024-07-10,12:55:00
08/03/2024 04:05:00 PM,7.0,3,2,5,7,3,3,3,2,1,2,FAILING TO YIELD RIGHT-OF-WAY,2,2,0.0,0.0,0.0,0.0,0.0,3.0,16,7,8,08/03/2024,2024-08-03,16:05:00
01/18/2024 03:09:00 PM,7.0,3,2,6,5,3,5,3,2,1,3,UNABLE TO DETERMINE,2,2,0.0,0.0,0.0,0.0,0.0,4.0,15,5,1,01/18/2024,2024-01-18,15:09:00
06/30/2024 05:00:00 AM,5.0,3,2,5,5,3,3,3,3,1,4,UNABLE TO DETERMINE,2,4,1.0,0.0,0.0,1.0,0.0,1.0,5,1,6,06/30/2024,2024-06-30,05:00:00
05/02/2024 02:11:00 PM,5.0,3,2,6,5,3,3,3,2,1,4,FOLLOWING TOO CLOSELY,2,2,0.0,0.0,0.0,0.0,0.0,2.0,14,5,5,05/02/2024,2024-05-02,14:11:00
06/09/2024 06:35:00 PM,7.0,3,2,5,5,3,3,3,3,1,4,FAILING TO YIELD RIGHT-OF-WAY,2,2,0.0,0.0,0.0,0.0,0.0,3.0,18,1,6,06/09/2024,2024-06-09,18:35:00
01/29/2024 01:25:00 PM,5.0,3,2,6,5,3,3,3,3,1,4,"OPERATING VEHICLE IN ERRATIC, RECKLESS, CARELESS, NEGLIGENT OR AGGRESSIVE MANNER",2,2,0.0,0.0,0.0,0.0,0.0,2.0,13,2,1,01/29/2024,2024-01-29,13:25:00
03/20/2024 08:54:00 AM,5.0,3,2,4,5,3,3,1,3,1,4,FOLLOWING TOO CLOSELY,2,5,2.0,0.0,1.0,1.0,0.0,1.0,8,4,3,03/20/2024,2024-03-20,08:54:00
02/02/2024 06:50:00 PM,7.0,3,5,6,5,3,3,3,2,1,4,IMPROPER TURNING/NO SIGNAL,2,2,0.0,0.0,0.0,0.0,0.0,3.0,18,6,2,02/02/2024,2024-02-02,18:50:00
02/23/2024 07:30:00 PM,7.0,6,5,13,4,3,4,3,3,1,4,DISREGARDING STOP SIGN,2,3,1.0,0.0,0.0,0.0,1.0,1.0,19,6,2,02/23/2024,2024-02-23,19:30:00
04/12/2024 02:20:00 PM,7.0,5,2,5,10,3,4,1,2,1,4,FAILING TO YIELD RIGHT-OF-WAY,2,2,0.0,0.0,0.0,0.0,0.0,2.0,14,6,4,04/12/2024,2024-04-12,14:20:00
02/07/2024 03:43:00 PM,7.0,3,2,5,5,3,3,1,2,1,4,UNABLE TO DETERMINE,2,2,0.0,0.0,0.0,0.0,0.0,3.0,15,4,2,02/07/2024,2024-02-07,15:43:00
06/01/2024 10:38:00 PM,5.0,5,6,5,1,3,4,3,3,1,4,FAILING TO YIELD RIGHT-OF-WAY,2,4,1.0,0.0,0.0,1.0,0.0,1.0,22,7,6,06/01/2024,2024-06-01,22:38:00
06/29/2024 02:50:00 PM,7.0,3,2,6,4,3,3,3,3,1,4,FAILING TO YIELD RIGHT-OF-WAY,2,4,2.0,0.0,0.0,1.0,1.0,1.0,14,7,6,06/29/2024,2024-06-29,14:50:00
07/21/2024 09:00:00 PM,5.0,3,5,6,4,3,1,1,2,0,4,IMPROPER TURNING/NO SIGNAL,2,2,0.0,0.0,0.0,0.0,0.0,2.0,21,1,7,07/21/2024,2024-07-21,21:00:00
07/28/2024 03:40:00 PM,7.0,3,2,6,5,3,4,3,3,1,4,FAILING TO YIELD RIGHT-OF-WAY,2,2,0.0,0.0,0.0,0.0,0.0,2.0,15,1,7,07/28/2024,2024-07-28,15:40:00
05/18/2024 05:58:00 PM,7.0,3,2,5,3,3,3,1,2,0,4,IMPROPER OVERTAKING/PASSING,2,2,0.0,0.0,0.0,0.0,0.0,2.0,17,7,5,05/18/2024,2024-05-18,17:58:00
03/22/2024 08:30:00 AM,7.0,6,2,6,5,3,4,3,2,1,4,UNABLE TO DETERMINE,2,2,0.0,0.0,0.0,0.0,0.0,2.0,8,6,3,03/22/2024,2024-03-22,08:30:00
03/15/2024 03:40:00 PM,7.0,3,2,3,9,3,3,1,3,1,4,UNDER THE INFLUENCE OF ALCOHOL/DRUGS (USE WHEN ARREST IS EFFECTED),2,2,0.0,0.0,0.0,0.0,0.0,3.0,15,6,3,03/15/2024,2024-03-15,15:40:00
04/07/2024 05:50:00 PM,7.0,3,2,7,5,3,1,1,3,1,4,FAILING TO YIELD RIGHT-OF-WAY,2,2,0.0,0.0,0.0,0.0,0.0,3.0,17,1,4,04/07/2024,2024-04-07,17:50:00
08/06/2024 04:10:00 PM,5.0,4,2,8,14,3,3,3,2,1,3,NOT APPLICABLE,2,2,0.0,0.0,0.0,0.0,0.0,4.0,16,3,8,08/06/2024,2024-08-06,16:10:00
04/24/2024 01:08:00 PM,7.0,3,2,5,5,3,3,3,2,1,4,DISREGARDING STOP SIGN,2,2,0.0,0.0,0.0,0.0,0.0,2.0,13,4,4,04/24/2024,2024-04-24,13:08:00
07/18/2024 06:35:00 AM,5.0,3,2,5,5,3,3,3,3,1,4,FAILING TO YIELD RIGHT-OF-WAY,2,4,2.0,0.0,0.0,2.0,0.0,0.0,6,5,7,07/18/2024,2024-07-18,06:35:00
01/09/2024 12:20:00 PM,5.0,5,2,5,5,3,4,1,2,1,4,DRIVING SKILLS/KNOWLEDGE/EXPERIENCE,2,2,0.0,0.0,0.0,0.0,0.0,2.0,12,3,1,01/09/2024,2024-01-09,12:20:00
05/01/2024 05:50:00 PM,1.0,3,2,6,7,3,1,1,2,1,4,UNABLE TO DETERMINE,2,2,0.0,0.0,0.0,0.0,0.0,2.0,17,4,5,05/01/2024,2024-05-01,17:50:00
06/23/2024 12:14:00 AM,5.0,5,5,7,5,3,4,3,3,1,3,FAILING TO YIELD RIGHT-OF-WAY,2,4,1.0,0.0,0.0,1.0,0.0,3.0,0,1,6,06/23/2024,2024-06-23,00:14:00
04/11/2024 04:15:00 PM,7.0,3,2,5,5,3,3,3,2,1,3,FAILING TO REDUCE SPEED TO AVOID CRASH,2,2,0.0,0.0,0.0,0.0,0.0,2.0,16,5,4,04/11/2024,2024-04-11,16:15:00
05/10/2024 12:15:00 PM,5.0,3,2,4,5,3,3,3,2,1,2,FOLLOWING TOO CLOSELY,2,2,0.0,0.0,0.0,0.0,0.0,3.0,12,6,5,05/10/2024,2024-05-10,12:15:00
07/04/2024 01:20:00 PM,5.0,3,2,5,4,3,3,1,2,1,4,FAILING TO YIELD RIGHT-OF-WAY,2,2,0.0,0.0,0.0,0.0,0.0,3.0,13,5,7,07/04/2024,2024-07-04,13:20:00
07/27/2024 10:20:00 AM,3.0,3,2,3,4,3,3,3,2,1,4,IMPROPER LANE USAGE,2,2,0.0,0.0,0.0,0.0,0.0,2.0,10,7,7,07/27/2024,2024-07-27,10:20:00
03/01/2024 04:15:00 PM,5.0,3,2,4,5,3,3,3,3,1,4,UNABLE TO DETERMINE,2,4,2.0,0.0,0.0,2.0,0.0,2.0,16,6,3,03/01/2024,2024-03-01,16:15:00
02/28/2024 06:20:00 PM,7.0,3,6,6,10,3,3,1,3,1,4,UNABLE TO DETERMINE,2,2,0.0,0.0,0.0,0.0,0.0,2.0,18,4,2,02/28/2024,2024-02-28,18:20:00
03/15/2024 12:30:00 PM,5.0,3,2,5,4,3,3,3,3,1,4,DISREGARDING TRAFFIC SIGNALS,2,4,1.0,0.0,0.0,1.0,0.0,1.0,12,6,3,03/15/2024,2024-03-15,12:30:00
02/16/2024 10:20:00 AM,7.0,4,2,5,4,3,3,3,3,1,4,UNABLE TO DETERMINE,2,2,0.0,0.0,0.0,0.0,0.0,3.0,10,6,2,02/16/2024,2024-02-16,10:20:00
02/14/2024 03:00:00 PM,5.0,3,2,4,4,3,3,1,2,1,4,UNABLE TO DETERMINE,2,2,0.0,0.0,0.0,0.0,0.0,2.0,15,4,2,02/14/2024,2024-02-14,15:00:00
03/08/2024 08:33:00 AM,3.0,5,2,6,4,3,4,3,3,0,3,FAILING TO YIELD RIGHT-OF-WAY,2,3,1.0,0.0,0.0,0.0,1.0,2.0,8,6,3,03/08/2024,2024-03-08,08:33:00
05/03/2024 02:57:00 PM,5.0,3,2,3,5,3,3,3,3,1,4,UNABLE TO DETERMINE,2,2,0.0,0.0,0.0,0.0,0.0,2.0,14,6,5,05/03/2024,2024-05-03,14:57:00
05/11/2024 09:23:00 AM,14.0,3,2,5,5,3,3,3,3,1,4,DISREGARDING OTHER TRAFFIC SIGNS,2,2,0.0,0.0,0.0,0.0,0.0,4.0,9,7,5,05/11/2024,2024-05-11,09:23:00
06/11/2024 01:20:00 PM,5.0,3,2,4,10,3,1,1,3,1,4,UNABLE TO DETERMINE,2,3,2.0,0.0,0.0,0.0,2.0,2.0,13,3,6,06/11/2024,2024-06-11,13:20:00
03/02/2024 12:45:00 PM,5.0,3,2,4,6,3,3,3,2,1,4,IMPROPER BACKING,2,2,0.0,0.0,0.0,0.0,0.0,2.0,12,7,3,03/02/2024,2024-03-02,12:45:00
04/25/2024 05:57:00 PM,5.0,3,2,6,9,3,3,3,2,1,4,FAILING TO YIELD RIGHT-OF-WAY,2,2,0.0,0.0,0.0,0.0,0.0,2.0,17,5,4,04/25/2024,2024-04-25,17:57:00
07/31/2024 08:00:00 PM,5.0,3,4,3,5,3,3,3,2,1,4,UNABLE TO DETERMINE,2,2,0.0,0.0,0.0,0.0,0.0,2.0,20,4,7,07/31/2024,2024-07-31,20:00:00
04/03/2024 05:45:00 PM,5.0,5,2,3,5,3,4,1,2,1,4,UNABLE TO DETERMINE,2,2,0.0,0.0,0.0,0.0,0.0,3.0,17,4,4,04/03/2024,2024-04-03,17:45:00
06/20/2024 06:05:00 PM,5.0,3,2,3,10,3,3,3,3,1,4,IMPROPER TURNING/NO SIGNAL,2,2,0.0,0.0,0.0,0.0,0.0,3.0,18,5,6,06/20/2024,2024-06-20,18:05:00
01/11/2024 07:00:00 AM,5.0,4,3,13,5,3,4,1,3,1,4,UNABLE TO DETERMINE,2,4,1.0,0.0,0.0,1.0,0.0,1.0,7,5,1,01/11/2024,2024-01-11,07:00:00
06/16/2024 10:00:00 PM,5.0,3,5,5,5,3,1,3,3,1,4,UNABLE TO DETERMINE,2,4,1.0,0.0,0.0,1.0,0.0,2.0,22,1,6,06/16/2024,2024-06-16,22:00:00
03/02/2024 10:00:00 PM,7.0,3,5,5,5,3,3,1,3,1,4,UNABLE TO DETERMINE,2,2,0.0,0.0,0.0,0.0,0.0,4.0,22,7,3,03/02/2024,2024-03-02,22:00:00
05/15/2024 02:45:00 PM,5.0,3,2,4,6,3,3,3,2,1,4,FOLLOWING TOO CLOSELY,2,2,0.0,0.0,0.0,0.0,0.0,2.0,14,4,5,05/15/2024,2024-05-15,14:45:00
03/27/2024 03:16:00 PM,5.0,3,2,6,5,3,3,1,2,1,3,UNABLE TO DETERMINE,2,2,0.0,0.0,0.0,0.0,0.0,3.0,15,4,3,03/27/2024,2024-03-27,15:16:00
01/14/2024 02:36:00 PM,7.0,3,2,3,4,3,1,1,2,1,4,FAILING TO YIELD RIGHT-OF-WAY,2,2,0.0,0.0,0.0,0.0,0.0,2.0,14,1,1,01/14/2024,2024-01-14,14:36:00
03/08/2024 11:04:00 AM,5.0,5,2,5,10,3,4,3,3,1,4,DISREGARDING TRAFFIC SIGNALS,2,4,1.0,0.0,0.0,1.0,0.0,1.0,11,6,3,03/08/2024,2024-03-08,11:04:00
08/01/2024 10:41:00 AM,5.0,3,2,6,4,3,3,1,3,1,4,FAILING TO YIELD RIGHT-OF-WAY,2,4,2.0,0.0,0.0,2.0,0.0,1.0,10,5,8,08/01/2024,2024-08-01,10:41:00
05/09/2024 01:43:00 PM,3.0,4,2,6,7,4,4,3,3,1,4,UNABLE TO DETERMINE,2,2,0.0,0.0,0.0,0.0,0.0,2.0,13,5,5,05/09/2024,2024-05-09,13:43:00
03/23/2024 11:15:00 AM,5.0,3,2,4,5,3,3,3,3,1,4,UNABLE TO DETERMINE,2,4,2.0,0.0,0.0,2.0,0.0,1.0,11,7,3,03/23/2024,2024-03-23,11:15:00
04/14/2024 05:20:00 PM,5.0,3,2,4,7,3,1,1,3,1,4,FOLLOWING TOO CLOSELY,2,3,1.0,0.0,0.0,0.0,1.0,1.0,17,1,4,04/14/2024,2024-04-14,17:20:00
01/28/2024 05:59:00 PM,5.0,4,5,6,5,3,3,3,2,1,3,DISREGARDING TRAFFIC SIGNALS,2,2,0.0,0.0,0.0,0.0,0.0,2.0,17,1,1,01/28/2024,2024-01-28,17:59:00
03/20/2024 09:15:00 PM,7.0,3,4,7,5,3,3,3,3,1,4,FAILING TO YIELD RIGHT-OF-WAY,2,4,2.0,0.0,0.0,1.0,1.0,0.0,21,4,3,03/20/2024,2024-03-20,21:15:00
04/29/2024 01:50:00 PM,7.0,4,2,13,7,3,3,3,3,1,4,FAILING TO REDUCE SPEED TO AVOID CRASH,2,5,1.0,0.0,1.0,0.0,0.0,1.0,13,2,4,04/29/2024,2024-04-29,13:50:00
05/16/2024 06:53:00 AM,7.0,3,2,5,4,3,3,3,3,1,4,UNABLE TO DETERMINE,2,2,0.0,0.0,0.0,0.0,0.0,2.0,6,5,5,05/16/2024,2024-05-16,06:53:00
05/24/2024 04:40:00 PM,5.0,3,2,3,6,3,3,3,2,1,4,IMPROPER OVERTAKING/PASSING,2,2,0.0,0.0,0.0,0.0,0.0,2.0,16,6,5,05/24/2024,2024-05-24,16:40:00
03/01/2024 08:37:00 PM,5.0,3,6,3,6,3,3,3,2,1,4,IMPROPER OVERTAKING/PASSING,2,2,0.0,0.0,0.0,0.0,0.0,2.0,20,6,3,03/01/2024,2024-03-01,20:37:00
03/08/2024 11:06:00 PM,5.0,5,5,5,5,3,4,3,3,1,4,DISREGARDING TRAFFIC SIGNALS,2,2,0.0,0.0,0.0,0.0,0.0,4.0,23,6,3,03/08/2024,2024-03-08,23:06:00
04/04/2024 10:00:00 AM,5.0,8,3,6,5,3,4,3,2,1,4,WEATHER,2,2,0.0,0.0,0.0,0.0,0.0,2.0,10,5,4,04/04/2024,2024-04-04,10:00:00
07/07/2024 10:25:00 AM,7.0,3,2,6,6,3,3,3,3,1,4,DISREGARDING STOP SIGN,2,4,1.0,0.0,0.0,1.0,0.0,1.0,10,1,7,07/07/2024,2024-07-07,10:25:00
06/17/2024 02:07:00 PM,7.0,3,2,5,5,3,3,1,3,1,4,"VISION OBSCURED (SIGNS, TREE LIMBS, BUILDINGS, ETC.)",2,2,0.0,0.0,0.0,0.0,0.0,2.0,14,2,6,06/17/2024,2024-06-17,14:07:00
02/23/2024 08:00:00 PM,7.0,5,5,5,6,3,4,3,2,1,4,UNABLE TO DETERMINE,2,2,0.0,0.0,0.0,0.0,0.0,2.0,20,6,2,02/23/2024,2024-02-23,20:00:00
05/15/2024 02:15:00 PM,5.0,3,2,3,5,3,3,3,3,1,4,UNABLE TO DETERMINE,2,4,1.0,0.0,0.0,1.0,0.0,2.0,14,4,5,05/15/2024,2024-05-15,14:15:00
04/08/2024 07:09:00 AM,5.0,3,2,5,5,3,3,3,3,1,4,PHYSICAL CONDITION OF DRIVER,2,3,1.0,0.0,0.0,0.0,1.0,3.0,7,2,4,04/08/2024,2024-04-08,07:09:00
01/13/2024 06:40:00 PM,5.0,6,5,6,4,3,5,3,3,1,4,UNABLE TO DETERMINE,2,2,0.0,0.0,0.0,0.0,0.0,4.0,18,7,1,01/13/2024,2024-01-13,18:40:00
02/04/2024 12:00:00 AM,7.0,3,6,5,5,3,3,3,3,1,4,DISREGARDING STOP SIGN,2,2,0.0,0.0,0.0,0.0,0.0,5.0,0,1,2,02/04/2024,2024-02-04,00:00:00
04/05/2024 05:45:00 PM,3.0,3,2,6,5,3,3,3,2,1,3,UNABLE TO DETERMINE,2,2,0.0,0.0,0.0,0.0,0.0,2.0,17,6,4,04/05/2024,2024-04-05,17:45:00
06/08/2024 05:31:00 AM,5.0,3,2,9,12,3,3,3,3,1,4,IMPROPER OVERTAKING/PASSING,2,3,1.0,0.0,0.0,0.0,1.0,1.0,5,7,6,06/08/2024,2024-06-08,05:31:00
02/28/2024 02:00:00 PM,3.0,3,2,6,6,3,1,1,2,1,2,UNABLE TO DETERMINE,2,2,0.0,0.0,0.0,0.0,0.0,2.0,14,4,2,02/28/2024,2024-02-28,14:00:00
07/08/2024 05:55:00 PM,3.0,3,2,6,6,3,3,3,3,1,4,IMPROPER LANE USAGE,2,4,2.0,0.0,0.0,2.0,0.0,1.0,17,2,7,07/08/2024,2024-07-08,17:55:00
02/24/2024 01:54:00 PM,5.0,3,2,4,6,3,3,3,2,0,4,FOLLOWING TOO CLOSELY,2,2,0.0,0.0,0.0,0.0,0.0,2.0,13,7,2,02/24/2024,2024-02-24,13:54:00
05/25/2024 11:05:00 PM,5.0,3,5,11,6,3,3,3,2,1,4,IMPROPER BACKING,2,2,0.0,0.0,0.0,0.0,0.0,1.0,23,7,5,05/25/2024,2024-05-25,23:05:00
01/09/2024 07:02:00 PM,5.0,5,5,13,4,3,5,3,3,1,4,FAILING TO YIELD RIGHT-OF-WAY,2,4,1.0,0.0,0.0,1.0,0.0,1.0,19,3,1,01/09/2024,2024-01-09,19:02:00
08/11/2024 08:23:00 PM,5.0,3,5,14,5,3,3,3,3,1,2,FAILING TO YIELD RIGHT-OF-WAY,2,4,1.0,0.0,0.0,1.0,0.0,2.0,20,1,8,08/11/2024,2024-08-11,20:23:00
02/27/2024 10:33:00 AM,5.0,3,2,6,5,3,3,3,3,1,4,IMPROPER LANE USAGE,2,2,0.0,0.0,0.0,0.0,0.0,2.0,10,3,2,02/27/2024,2024-02-27,10:33:00
01/03/2024 11:00:00 AM,5.0,3,2,3,5,3,3,1,2,1,3,UNABLE TO DETERMINE,2,2,0.0,0.0,0.0,0.0,0.0,2.0,11,4,1,01/03/2024,2024-01-03,11:00:00
02/06/2024 03:49:00 PM,1.0,3,4,6,5,3,3,3,3,1,4,UNABLE TO DETERMINE,2,2,0.0,0.0,0.0,0.0,0.0,2.0,15,3,2,02/06/2024,2024-02-06,15:49:00
02/01/2024 12:30:00 PM,5.0,3,2,5,5,3,3,3,3,1,4,UNABLE TO DETERMINE,2,3,1.0,0.0,0.0,0.0,1.0,1.0,12,5,2,02/01/2024,2024-02-01,12:30:00
04/29/2024 07:57:00 AM,5.0,5,2,14,5,3,4,3,3,1,4,IMPROPER TURNING/NO SIGNAL,2,4,1.0,0.0,0.0,1.0,0.0,1.0,7,2,4,04/29/2024,2024-04-29,07:57:00
01/03/2024 12:12:00 PM,5.0,3,2,4,5,3,3,3,2,1,4,FOLLOWING TOO CLOSELY,2,2,0.0,0.0,0.0,0.0,0.0,4.0,12,4,1,01/03/2024,2024-01-03,12:12:00
06/21/2024 12:30:00 PM,5.0,3,2,13,5,3,3,1,3,1,4,FAILING TO YIELD RIGHT-OF-WAY,2,5,1.0,0.0,1.0,0.0,0.0,1.0,12,6,6,06/21/2024,2024-06-21,12:30:00
06/07/2024 02:01:00 PM,5.0,3,2,7,5,3,3,3,3,1,4,DISREGARDING TRAFFIC SIGNALS,2,4,1.0,0.0,0.0,1.0,0.0,2.0,14,6,6,06/07/2024,2024-06-07,14:01:00