crash_date,traffic_control_device,weather_condition,lighting_condition,first_crash_type,trafficway_type,alignment,roadway_surface_cond,road_defect,crash_type,intersection_related_i,damage,prim_contributory_cause,num_units,most_severe_injury,injuries_total,injuries_fatal,injuries_incapacitating,injuries_non_incapacitating,injuries_reported_not_evident,injuries_no_indication,crash_hour,crash_day_of_week,crash_month,parsed_datetime,date,time
04/03/2024 11:50:00 AM,5.0,6,2,6,5,3,4,1,2,1,4,DISREGARDING TRAFFIC SIGNALS,2,2,0.0,0.0,0.0,0.0,0.0,2.0,11,4,4,04/03/2024,2024-04-03,11:50:00
03/13/2024 03:01:00 PM,5.0,3,2,6,5,3,3,3,3,1,4,FAILING TO YIELD RIGHT-OF-WAY,2,4,2.0,0.0,0.0,2.0,0.0,0.0,15,4,3,03/13/2024,2024-03-13,15:01:00
06/19/2024 02:20:00 PM,5.0,3,2,4,3,3,3,3,3,1,4,FOLLOWING TOO CLOSELY,2,3,2.0,0.0,0.0,0.0,2.0,1.0,14,4,6,06/19/2024,2024-06-19,14:20:00
05/02/2024 04:30:00 PM,5.0,3,2,5,6,3,4,1,3,1,4,DISREGARDING TRAFFIC SIGNALS,2,3,2.0,0.0,0.0,0.0,2.0,1.0,16,5,5,05/02/2024,2024-05-02,16:30:00
03/06/2024 05:50:00 PM,5.0,3,5,6,5,3,3,3,3,1,4,IMPROPER TURNING/NO SIGNAL,2,4,1.0,0.0,0.0,1.0,0.0,1.0,17,4,3,03/06/2024,2024-03-06,17:50:00
07/12/2024 09:50:00 AM,5.0,3,2,4,5,3,3,3,3,1,4,FOLLOWING TOO CLOSELY,2,3,1.0,0.0,0.0,0.0,1.0,1.0,9,6,7,07/12/2024,2024-07-12,09:50:00
06/04/2024 05:30:00 PM,5.0,3,2,6,5,3,3,1,2,1,3,FOLLOWING TOO CLOSELY,2,2,0.0,0.0,0.0,0.0,0.0,2.0,17,3,6,06/04/2024,2024-06-04,17:30:00
01/16/2024 10:30:00 AM,5.0,3,2,5,6,3,3,3,2,1,4,DISREGARDING TRAFFIC SIGNALS,2,2,0.0,0.0,0.0,0.0,0.0,2.0,10,3,1,01/16/2024,2024-01-16,10:30:00
07/26/2024 03:55:00 PM,5.0,3,2,5,4,3,3,3,3,1,4,FAILING TO YIELD RIGHT-OF-WAY,2,4,2.0,0.0,0.0,1.0,1.0,2.0,15,6,7,07/26/2024,2024-07-26,15:55:00
02/04/2024 08:50:00 PM,7.0,3,5,6,5,3,3,1,2,1,4,FAILING TO YIELD RIGHT-OF-WAY,2,2,0.0,0.0,0.0,0.0,0.0,2.0,20,1,2,02/04/2024,2024-02-04,20:50:00
04/01/2024 08:35:00 PM,3.0,5,5,6,3,3,4,1,2,1,4,UNABLE TO DETERMINE,2,2,0.0,0.0,0.0,0.0,0.0,2.0,20,2,4,04/01/2024,2024-04-01,20:35:00
02/13/2024 07:40:00 AM,5.0,3,2,5,5,3,3,3,2,1,3,DISREGARDING TRAFFIC SIGNALS,2,2,0.0,0.0,0.0,0.0,0.0,2.0,7,3,2,02/13/2024,2024-02-13,07:40:00
03/31/2024 08:18:00 PM,5.0,5,6,6,5,3,4,3,3,1,4,UNABLE TO DETERMINE,2,4,1.0,0.0,0.0,1.0,0.0,1.0,20,1,3,03/31/2024,2024-03-31,20:18:00
05/31/2024 11:09:00 AM,5.0,3,2,4,6,3,3,3,2,1,4,IMPROPER OVERTAKING/PASSING,2,2,0.0,0.0,0.0,0.0,0.0,2.0,11,6,5,05/31/2024,2024-05-31,11:09:00
04/15/2024 04:10:00 PM,5.0,3,2,3,9,3,1,1,2,1,4,UNABLE TO DETERMINE,2,2,0.0,0.0,0.0,0.0,0.0,3.0,16,2,4,04/15/2024,2024-04-15,16:10:00
05/07/2024 03:10:00 PM,5.0,3,2,4,3,3,4,3,2,1,4,FOLLOWING TOO CLOSELY,2,2,0.0,0.0,0.0,0.0,0.0,2.0,15,3,5,05/07/2024,2024-05-07,15:10:00
04/13/2024 12:00:00 AM,5.0,3,5,5,6,3,3,3,2,1,4,FAILING TO YIELD RIGHT-OF-WAY,2,2,0.0,0.0,0.0,0.0,0.0,2.0,0,7,4,04/13/2024,2024-04-13,00:00:00
07/06/2024 03:23:00 PM,5.0,3,2,3,3,3,3,3,2,1,4,NOT APPLICABLE,2,2,0.0,0.0,0.0,0.0,0.0,3.0,15,7,7,07/06/2024,2024-07-06,15:23:00
02/27/2024 07:55:00 AM,5.0,3,2,4,5,3,1,1,2,1,4,FOLLOWING TOO CLOSELY,2,2,0.0,0.0,0.0,0.0,0.0,2.0,7,3,2,02/27/2024,2024-02-27,07:55:00
04/24/2024 04:45:00 PM,5.0,3,2,3,6,3,3,3,2,1,2,FAILING TO YIELD RIGHT-OF-WAY,2,2,0.0,0.0,0.0,0.0,0.0,2.0,16,4,4,04/24/2024,2024-04-24,16:45:00
06/04/2024 08:20:00 AM,3.0,3,2,6,6,3,3,3,2,1,4,IMPROPER TURNING/NO SIGNAL,2,2,0.0,0.0,0.0,0.0,0.0,3.0,8,3,6,06/04/2024,2024-06-04,08:20:00
07/18/2024 06:08:00 PM,7.0,3,2,14,6,3,3,3,3,1,4,DRIVING SKILLS/KNOWLEDGE/EXPERIENCE,2,4,1.0,0.0,0.0,1.0,0.0,1.0,18,5,7,07/18/2024,2024-07-18,18:08:00
05/30/2024 08:50:00 AM,7.0,3,2,6,7,3,3,3,2,1,4,DISREGARDING STOP SIGN,2,2,0.0,0.0,0.0,0.0,0.0,2.0,8,5,5,05/30/2024,2024-05-30,08:50:00
05/17/2024 05:15:00 PM,7.0,3,2,5,13,3,3,3,3,1,4,FAILING TO REDUCE SPEED TO AVOID CRASH,2,2,0.0,0.0,0.0,0.0,0.0,2.0,17,6,5,05/17/2024,2024-05-17,17:15:00
05/14/2024 06:20:00 PM,5.0,3,2,6,6,3,3,3,3,1,4,UNABLE TO DETERMINE,2,4,2.0,0.0,0.0,2.0,0.0,1.0,18,3,5,05/14/2024,2024-05-14,18:20:00
04/03/2024 07:25:00 PM,7.0,5,6,5,6,3,4,1,2,1,3,UNABLE TO DETERMINE,2,2,0.0,0.0,0.0,0.0,0.0,2.0,19,4,4,04/03/2024,2024-04-03,19:25:00
02/22/2024 07:25:00 AM,5.0,4,2,6,5,3,4,3,3,1,4,UNABLE TO DETERMINE,2,2,0.0,0.0,0.0,0.0,0.0,2.0,7,5,2,02/22/2024,2024-02-22,07:25:00
02/23/2024 04:45:00 PM,3.0,3,2,6,6,3,3,1,2,1,4,NOT APPLICABLE,2,2,0.0,0.0,0.0,0.0,0.0,2.0,16,6,2,02/23/2024,2024-02-23,16:45:00
05/20/2024 05:56:00 PM,5.0,3,2,3,18,3,3,1,2,1,3,IMPROPER OVERTAKING/PASSING,2,2,0.0,0.0,0.0,0.0,0.0,2.0,17,2,5,05/20/2024,2024-05-20,17:56:00
03/15/2024 03:26:00 PM,3.0,3,2,4,6,3,3,3,3,1,4,FOLLOWING TOO CLOSELY,2,2,0.0,0.0,0.0,0.0,0.0,2.0,15,6,3,03/15/2024,2024-03-15,15:26:00
07/21/2024 01:20:00 PM,7.0,3,2,6,6,3,3,3,2,1,4,IMPROPER TURNING/NO SIGNAL,2,2,0.0,0.0,0.0,0.0,0.0,2.0,13,1,7,07/21/2024,2024-07-21,13:20:00
07/09/2024 07:00:00 PM,5.0,5,2,4,6,3,4,3,2,1,4,FAILING TO REDUCE SPEED TO AVOID CRASH,2,2,0.0,0.0,0.0,0.0,0.0,2.0,19,3,7,07/09/2024,2024-07-09,19:00:00
06/14/2024 09:30:00 AM,5.0,3,2,5,10,3,3,3,2,1,4,DISREGARDING TRAFFIC SIGNALS,2,2,0.0,0.0,0.0,0.0,0.0,2.0,9,6,6,06/14/2024,2024-06-14,09:30:00
07/06/2024 04:30:00 PM,3.0,3,2,4,5,3,3,3,2,1,2,FOLLOWING TOO CLOSELY,2,2,0.0,0.0,0.0,0.0,0.0,3.0,16,7,7,07/06/2024,2024-07-06,16:30:00
05/18/2024 10:40:00 AM,5.0,3,2,5,5,3,3,3,3,1,4,UNABLE TO DETERMINE,2,4,1.0,0.0,0.0,1.0,0.0,1.0,10,7,5,05/18/2024,2024-05-18,10:40:00
04/13/2024 04:08:00 AM,1.0,3,5,4,5,3,3,1,2,0,4,NOT APPLICABLE,2,2,0.0,0.0,0.0,0.0,0.0,2.0,4,7,4,04/13/2024,2024-04-13,04:08:00
02/03/2024 07:10:00 AM,5.0,3,2,4,5,3,3,3,3,1,4,UNABLE TO DETERMINE,2,2,0.0,0.0,0.0,0.0,0.0,2.0,7,7,2,02/03/2024,2024-02-03,07:10:00
05/05/2024 03:45:00 PM,5.0,3,2,5,5,3,3,3,2,1,4,FAILING TO YIELD RIGHT-OF-WAY,2,2,0.0,0.0,0.0,0.0,0.0,3.0,15,1,5,05/05/2024,2024-05-05,15:45:00
05/24/2024 11:05:00 AM,5.0,3,2,14,6,3,3,3,2,1,2,FAILING TO YIELD RIGHT-OF-WAY,2,2,0.0,0.0,0.0,0.0,0.0,2.0,11,6,5,05/24/2024,2024-05-24,11:05:00
03/31/2024 01:45:00 PM,1.0,3,2,5,6,3,3,3,2,1,4,FAILING TO YIELD RIGHT-OF-WAY,2,2,0.0,0.0,0.0,0.0,0.0,4.0,13,1,3,03/31/2024,2024-03-31,13:45:00
01/19/2024 10:12:00 AM,5.0,6,2,3,5,3,5,3,2,1,2,IMPROPER OVERTAKING/PASSING,2,2,0.0,0.0,0.0,0.0,0.0,2.0,10,6,1,01/19/2024,2024-01-19,10:12:00
06/12/2024 12:15:00 PM,5.0,3,2,4,1,3,3,3,2,1,4,FAILING TO REDUCE SPEED TO AVOID CRASH,2,2,0.0,0.0,0.0,0.0,0.0,2.0,12,4,6,06/12/2024,2024-06-12,12:15:00
03/29/2024 07:02:00 AM,5.0,3,2,4,4,3,3,3,2,1,4,FOLLOWING TOO CLOSELY,2,2,0.0,0.0,0.0,0.0,0.0,2.0,7,6,3,03/29/2024,2024-03-29,07:02:00
02/03/2024 11:35:00 AM,1.0,3,2,5,4,3,1,1,2,0,3,UNABLE TO DETERMINE,2,2,0.0,0.0,0.0,0.0,0.0,2.0,11,7,2,02/03/2024,2024-02-03,11:35:00
05/02/2024 12:15:00 PM,3.0,3,2,11,6,3,3,3,2,1,3,IMPROPER BACKING,2,2,0.0,0.0,0.0,0.0,0.0,1.0,12,5,5,05/02/2024,2024-05-02,12:15:00
01/17/2024 03:15:00 PM,5.0,3,2,6,6,3,3,3,3,1,4,IMPROPER TURNING/NO SIGNAL,2,2,0.0,0.0,0.0,0.0,0.0,3.0,15,4,1,01/17/2024,2024-01-17,15:15:00
03/14/2024 07:40:00 AM,5.0,5,6,3,6,3,4,3,2,1,2,FAILING TO YIELD RIGHT-OF-WAY,2,2,0.0,0.0,0.0,0.0,0.0,2.0,7,5,3,03/14/2024,2024-03-14,07:40:00
02/12/2024 09:30:00 AM,7.0,3,2,4,4,3,3,3,2,1,2,UNABLE TO DETERMINE,2,2,0.0,0.0,0.0,0.0,0.0,2.0,9,2,2,02/12/2024,2024-02-12,09:30:00
06/04/2024 07:00:00 PM,5.0,3,2,5,5,3,3,3,2,1,3,DISREGARDING TRAFFIC SIGNALS,2,2,0.0,0.0,0.0,0.0,0.0,5.0,19,3,6,06/04/2024,2024-06-04,19:00:00
02/07/2024 07:33:00 PM,10.0,3,2,6,5,3,3,3,2,1,4,FAILING TO YIELD RIGHT-OF-WAY,2,2,0.0,0.0,0.0,0.0,0.0,2.0,19,4,2,02/07/2024,2024-02-07,19:33:00
05/02/2024 03:45:00 PM,5.0,4,2,10,6,3,1,1,2,1,3,UNABLE TO DETERMINE,2,2,0.0,0.0,0.0,0.0,0.0,3.0,15,5,5,05/02/2024,2024-05-02,15:45:00
05/11/2024 12:30:00 PM,3.0,3,2,6,5,3,3,3,2,1,4,UNABLE TO DETERMINE,2,2,0.0,0.0,0.0,0.0,0.0,3.0,12,7,5,05/11/2024,2024-05-11,12:30:00
05/03/2024 10:30:00 PM,1.0,3,2,3,6,3,1,1,2,0,4,NOT APPLICABLE,2,2,0.0,0.0,0.0,0.0,0.0,3.0,22,6,5,05/03/2024,2024-05-03,22:30:00
05/07/2024 12:30:00 PM,5.0,3,2,6,6,3,4,3,2,1,4,NOT APPLICABLE,2,2,0.0,0.0,0.0,0.0,0.0,2.0,12,3,5,05/07/2024,2024-05-07,12:30:00
08/21/2024 02:30:00 PM,5.0,3,2,4,4,3,3,3,3,1,4,UNABLE TO DETERMINE,2,3,2.0,0.0,0.0,0.0,2.0,1.0,14,4,8,08/21/2024,2024-08-21,14:30:00
07/15/2024 09:20:00 AM,5.0,3,2,4,6,3,3,3,2,1,2,FOLLOWING TOO CLOSELY,2,2,0.0,0.0,0.0,0.0,0.0,2.0,9,2,7,07/15/2024,2024-07-15,09:20:00
03/09/2024 04:52:00 PM,7.0,3,2,4,5,3,3,3,2,0,3,FOLLOWING TOO CLOSELY,2,2,0.0,0.0,0.0,0.0,0.0,2.0,16,7,3,03/09/2024,2024-03-09,16:52:00
05/09/2024 11:20:00 AM,5.0,3,6,6,1,3,3,3,2,1,4,NOT APPLICABLE,2,2,0.0,0.0,0.0,0.0,0.0,2.0,11,5,5,05/09/2024,2024-05-09,11:20:00
01/26/2024 07:50:00 AM,5.0,5,2,4,5,3,4,1,2,1,3,UNABLE TO DETERMINE,2,2,0.0,0.0,0.0,0.0,0.0,2.0,7,6,1,01/26/2024,2024-01-26,07:50:00
07/13/2024 07:03:00 PM,5.0,3,2,14,5,3,3,1,3,1,3,FAILING TO YIELD RIGHT-OF-WAY,2,5,1.0,0.0,1.0,0.0,0.0,1.0,19,7,7,07/13/2024,2024-07-13,19:03:00
06/09/2024 03:50:00 PM,5.0,3,2,6,5,3,3,3,2,1,4,IMPROPER TURNING/NO SIGNAL,2,2,0.0,0.0,0.0,0.0,0.0,2.0,15,1,6,06/09/2024,2024-06-09,15:50:00
06/22/2024 06:38:00 PM,7.0,3,2,5,5,3,3,3,3,1,4,FAILING TO YIELD RIGHT-OF-WAY,2,3,2.0,0.0,0.0,0.0,2.0,0.0,18,7,6,06/22/2024,2024-06-22,18:38:00
01/26/2024 06:57:00 AM,7.0,5,2,6,6,3,4,3,3,1,4,UNABLE TO DETERMINE,2,3,1.0,0.0,0.0,0.0,1.0,2.0,6,6,1,01/26/2024,2024-01-26,06:57:00
05/03/2024 07:15:00 AM,7.0,5,3,5,5,3,4,1,2,1,4,FAILING TO YIELD RIGHT-OF-WAY,2,2,0.0,0.0,0.0,0.0,0.0,2.0,7,6,5,05/03/2024,2024-05-03,07:15:00
05/19/2024 10:15:00 AM,5.0,3,2,4,4,3,3,3,2,0,3,UNABLE TO DETERMINE,2,2,0.0,0.0,0.0,0.0,0.0,2.0,10,1,5,05/19/2024,2024-05-19,10:15:00
01/03/2024 01:08:00 PM,5.0,4,2,6,5,3,3,3,3,1,4,FAILING TO REDUCE SPEED TO AVOID CRASH,2,2,0.0,0.0,0.0,0.0,0.0,2.0,13,4,1,01/03/2024,2024-01-03,13:08:00
07/25/2024 12:53:00 PM,7.0,3,2,5,6,3,3,3,2,1,4,FAILING TO YIELD RIGHT-OF-WAY,2,2,0.0,0.0,0.0,0.0,0.0,2.0,12,5,7,07/25/2024,2024-07-25,12:53:00
06/17/2024 04:00:00 AM,5.0,3,6,6,5,3,3,3,2,1,4,IMPROPER OVERTAKING/PASSING,2,2,0.0,0.0,0.0,0.0,0.0,2.0,4,2,6,06/17/2024,2024-06-17,04:00:00
07/25/2024 10:25:00 PM,5.0,3,5,6,6,3,3,3,3,1,4,DISREGARDING TRAFFIC SIGNALS,2,2,0.0,0.0,0.0,0.0,0.0,3.0,22,5,7,07/25/2024,2024-07-25,22:25:00
07/01/2024 07:12:00 PM,5.0,3,2,14,5,3,3,3,3,1,2,FAILING TO YIELD RIGHT-OF-WAY,2,5,1.0,0.0,1.0,0.0,0.0,1.0,19,2,7,07/01/2024,2024-07-01,19:12:00
01/25/2024 05:56:00 PM,5.0,5,4,6,4,3,4,3,2,1,4,IMPROPER TURNING/NO SIGNAL,2,2,0.0,0.0,0.0,0.0,0.0,4.0,17,5,1,01/25/2024,2024-01-25,17:56:00
04/23/2024 02:50:00 PM,3.0,4,2,6,5,3,3,3,2,1,4,"EVASIVE ACTION DUE TO ANIMAL, OBJECT, NONMOTORIST",2,2,0.0,0.0,0.0,0.0,0.0,8.0,14,3,4,04/23/2024,2024-04-23,14:50:00
06/13/2024 08:55:00 AM,5.0,3,2,3,5,3,3,3,2,1,2,UNABLE TO DETERMINE,2,2,0.0,0.0,0.0,0.0,0.0,4.0,8,5,6,06/13/2024,2024-06-13,08:55:00
01/30/2024 07:30:00 AM,3.0,3,2,5,6,3,3,3,3,1,4,UNABLE TO DETERMINE,2,2,0.0,0.0,0.0,0.0,0.0,2.0,7,3,1,01/30/2024,2024-01-30,07:30:00
06/09/2024 10:44:00 AM,7.0,3,5,5,5,3,3,3,3,1,4,DISREGARDING STOP SIGN,2,3,1.0,0.0,0.0,0.0,1.0,1.0,10,1,6,06/09/2024,2024-06-09,10:44:00
01/24/2024 10:00:00 AM,5.0,8,2,4,5,3,4,3,2,1,4,FOLLOWING TOO CLOSELY,2,2,0.0,0.0,0.0,0.0,0.0,2.0,10,4,1,01/24/2024,2024-01-24,10:00:00
04/02/2024 02:30:00 PM,7.0,3,2,5,5,3,1,1,2,1,4,UNABLE TO DETERMINE,2,2,0.0,0.0,0.0,0.0,0.0,3.0,14,3,4,04/02/2024,2024-04-02,14:30:00
05/18/2024 10:43:00 AM,5.0,3,2,3,4,3,3,1,3,1,4,"OPERATING VEHICLE IN ERRATIC, RECKLESS, CARELESS, NEGLIGENT OR AGGRESSIVE MANNER",2,4,2.0,0.0,0.0,2.0,0.0,1.0,10,7,5,05/18/2024,2024-05-18,10:43:00
02/10/2024 12:57:00 AM,7.0,3,5,3,6,3,3,3,3,1,4,IMPROPER LANE USAGE,2,2,0.0,0.0,0.0,0.0,0.0,2.0,0,7,2,02/10/2024,2024-02-10,00:57:00
06/09/2024 07:40:00 AM,5.0,3,2,5,7,3,3,3,3,1,4,FAILING TO YIELD RIGHT-OF-WAY,2,2,0.0,0.0,0.0,0.0,0.0,3.0,7,1,6,06/09/2024,2024-06-09,07:40:00
06/25/2024 07:25:00 PM,5.0,3,2,14,5,3,3,3,3,1,4,FAILING TO YIELD RIGHT-OF-WAY,2,5,1.0,0.0,1.0,0.0,0.0,1.0,19,3,6,06/25/2024,2024-06-25,19:25:00
05/23/2024 05:53:00 PM,5.0,3,2,2,5,3,3,3,3,1,2,UNABLE TO DETERMINE,2,5,1.0,0.0,1.0,0.0,0.0,1.0,17,5,5,05/23/2024,2024-05-23,17:53:00
05/27/2024 06:50:00 PM,7.0,3,2,6,4,3,3,3,2,1,4,UNABLE TO DETERMINE,2,2,0.0,0.0,0.0,0.0,0.0,3.0,18,2,5,05/27/2024,2024-05-27,18:50:00
02/04/2024 03:25:00 AM,5.0,3,6,8,6,3,3,3,3,1,4,FAILING TO REDUCE SPEED TO AVOID CRASH,2,2,0.0,0.0,0.0,0.0,0.0,4.0,3,1,2,02/04/2024,2024-02-04,03:25:00
01/21/2024 08:30:00 PM,7.0,3,5,6,7,3,1,3,3,1,4,FAILING TO YIELD RIGHT-OF-WAY,2,2,0.0,0.0,0.0,0.0,0.0,3.0,20,1,1,01/21/2024,2024-01-21,20:30:00
03/26/2024 01:57:00 AM,5.0,5,5,5,5,3,4,1,3,1,4,DISREGARDING TRAFFIC SIGNALS,2,6,2.0,1.0,1.0,0.0,0.0,2.0,1,3,3,03/26/2024,2024-03-26,01:57:00
07/31/2024 10:30:00 PM,5.0,3,5,9,5,3,3,3,2,1,4,UNABLE TO DETERMINE,2,2,0.0,0.0,0.0,0.0,0.0,2.0,22,4,7,07/31/2024,2024-07-31,22:30:00
05/28/2024 05:45:00 PM,5.0,5,2,4,5,3,4,1,2,1,4,UNABLE TO DETERMINE,2,2,0.0,0.0,0.0,0.0,0.0,2.0,17,3,5,05/28/2024,2024-05-28,17:45:00
05/29/2024 06:30:00 PM,5.0,3,2,6,7,3,3,3,2,1,3,IMPROPER TURNING/NO SIGNAL,2,2,0.0,0.0,0.0,0.0,0.0,2.0,18,4,5,05/29/2024,2024-05-29,18:30:00
04/03/2024 08:23:00 PM,5.0,5,5,6,5,3,4,3,3,1,4,FAILING TO YIELD RIGHT-OF-WAY,2,2,0.0,0.0,0.0,0.0,0.0,2.0,20,4,4,04/03/2024,2024-04-03,20:23:00
04/21/2024 02:16:00 AM,5.0,3,5,5,6,3,1,1,3,1,4,DISREGARDING TRAFFIC SIGNALS,2,4,1.0,0.0,0.0,1.0,0.0,1.0,2,1,4,04/21/2024,2024-04-21,02:16:00
01/04/2024 06:13:00 PM,5.0,3,4,14,5,3,3,3,3,1,2,DISREGARDING TRAFFIC SIGNALS,2,3,1.0,0.0,0.0,0.0,1.0,1.0,18,5,1,01/04/2024,2024-01-04,18:13:00
01/28/2024 02:30:00 AM,5.0,5,5,6,5,3,4,3,3,1,4,FAILING TO YIELD RIGHT-OF-WAY,2,2,0.0,0.0,0.0,0.0,0.0,2.0,2,1,1,01/28/2024,2024-01-28,02:30:00
08/05/2024 02:30:00 PM,5.0,3,2,6,12,3,1,1,2,1,4,DISTRACTION - FROM INSIDE VEHICLE,2,2,0.0,0.0,0.0,0.0,0.0,3.0,14,2,8,08/05/2024,2024-08-05,14:30:00
04/03/2024 05:01:00 PM,3.0,5,2,9,6,3,4,1,3,0,4,PHYSICAL CONDITION OF DRIVER,2,2,0.0,0.0,0.0,0.0,0.0,2.0,17,4,4,04/03/2024,2024-04-03,17:01:00
03/20/2024 02:15:00 PM,3.0,3,2,3,1,3,3,3,2,1,4,FAILING TO YIELD RIGHT-OF-WAY,2,2,0.0,0.0,0.0,0.0,0.0,2.0,14,4,3,03/20/2024,2024-03-20,14:15:00
05/11/2024 01:04:00 PM,5.0,3,2,4,5,3,3,3,2,1,3,UNABLE TO DETERMINE,2,2,0.0,0.0,0.0,0.0,0.0,2.0,13,7,5,05/11/2024,2024-05-11,13:04:00
01/18/2024 04:50:00 PM,5.0,4,2,6,5,3,1,1,2,1,4,UNABLE TO DETERMINE,2,2,0.0,0.0,0.0,0.0,0.0,3.0,16,5,1,01/18/2024,2024-01-18,16:50:00
05/24/2024 03:15:00 PM,7.0,3,2,5,7,3,3,3,3,1,4,FAILING TO YIELD RIGHT-OF-WAY,2,3,1.0,0.0,0.0,0.0,1.0,2.0,15,6,5,05/24/2024,2024-05-24,15:15:00
02/04/2024 12:36:00 AM,7.0,3,5,6,6,3,3,3,3,1,4,DISREGARDING STOP SIGN,2,2,0.0,0.0,0.0,0.0,0.0,2.0,0,1,2,02/04/2024,2024-02-04,00:36:00
01/29/2024 04:30:00 PM,7.0,3,2,4,4,3,1,1,2,1,4,FOLLOWING TOO CLOSELY,2,2,0.0,0.0,0.0,0.0,0.0,2.0,16,2,1,01/29/2024,2024-01-29,16:30:00
01/11/2024 06:45:00 PM,3.0,3,6,6,6,3,3,3,2,1,4,IMPROPER TURNING/NO SIGNAL,2,2,0.0,0.0,0.0,0.0,0.0,2.0,18,5,1,01/11/2024,2024-01-11,18:45:00
04/08/2024 09:45:00 PM,5.0,3,5,3,5,3,3,1,2,1,4,UNABLE TO DETERMINE,2,2,0.0,0.0,0.0,0.0,0.0,8.0,21,2,4,04/08/2024,2024-04-08,21:45:00
07/12/2024 07:25:00 PM,7.0,3,2,6,3,3,3,3,3,1,4,UNABLE TO DETERMINE,2,2,0.0,0.0,0.0,0.0,0.0,3.0,19,6,7,07/12/2024,2024-07-12,19:25:00
01/30/2024 08:30:00 AM,5.0,3,2,6,6,3,4,3,2,1,4,FAILING TO YIELD RIGHT-OF-WAY,2,2,0.0,0.0,0.0,0.0,0.0,2.0,8,3,1,01/30/2024,2024-01-30,08:30:00
07/11/2024 06:00:00 PM,1.0,3,2,6,5,3,1,1,3,1,4,UNABLE TO DETERMINE,2,2,0.0,0.0,0.0,0.0,0.0,2.0,18,5,7,07/11/2024,2024-07-11,18:00:00
07/01/2024 07:00:00 PM,5.0,3,2,4,10,3,3,3,2,1,4,FOLLOWING TOO CLOSELY,2,2,0.0,0.0,0.0,0.0,0.0,2.0,19,2,7,07/01/2024,2024-07-01,19:00:00
03/13/2024 04:40:00 PM,5.0,4,2,5,5,3,3,3,2,1,4,FAILING TO YIELD RIGHT-OF-WAY,2,2,0.0,0.0,0.0,0.0,0.0,2.0,16,4,3,03/13/2024,2024-03-13,16:40:00
04/17/2024 01:47:00 PM,3.0,3,2,6,10,3,1,1,2,1,4,IMPROPER LANE USAGE,2,2,0.0,0.0,0.0,0.0,0.0,2.0,13,4,4,04/17/2024,2024-04-17,13:47:00
02/14/2024 05:00:00 PM,5.0,3,5,6,5,3,3,3,3,1,4,UNABLE TO DETERMINE,2,3,1.0,0.0,0.0,0.0,1.0,4.0,17,4,2,02/14/2024,2024-02-14,17:00:00
06/02/2024 08:05:00 PM,5.0,3,2,4,7,3,3,3,2,1,4,FAILING TO YIELD RIGHT-OF-WAY,2,2,0.0,0.0,0.0,0.0,0.0,3.0,20,1,6,06/02/2024,2024-06-02,20:05:00
02/07/2024 06:00:00 PM,5.0,3,5,6,6,3,3,3,2,1,4,UNABLE TO DETERMINE,2,2,0.0,0.0,0.0,0.0,0.0,2.0,18,4,2,02/07/2024,2024-02-07,18:00:00
04/11/2024 03:47:00 PM,5.0,3,2,3,6,3,3,3,2,1,2,RELATED TO BUS STOP,2,2,0.0,0.0,0.0,0.0,0.0,2.0,15,5,4,04/11/2024,2024-04-11,15:47:00
06/02/2024 11:52:00 PM,5.0,3,5,5,5,3,3,3,3,1,4,DISREGARDING TRAFFIC SIGNALS,2,2,0.0,0.0,0.0,0.0,0.0,4.0,23,1,6,06/02/2024,2024-06-02,23:52:00
03/05/2024 07:46:00 AM,5.0,5,2,6,4,3,4,3,3,1,4,FAILING TO YIELD RIGHT-OF-WAY,2,5,2.0,0.0,1.0,1.0,0.0,1.0,7,3,3,03/05/2024,2024-03-05,07:46:00
05/04/2024 12:45:00 PM,7.0,3,2,5,5,3,3,3,2,1,4,FAILING TO YIELD RIGHT-OF-WAY,2,2,0.0,0.0,0.0,0.0,0.0,2.0,12,7,5,05/04/2024,2024-05-04,12:45:00
05/18/2024 04:14:00 PM,7.0,3,2,5,5,3,3,3,3,1,4,DISREGARDING STOP SIGN,2,4,2.0,0.0,0.0,2.0,0.0,0.0,16,7,5,05/18/2024,2024-05-18,16:14:00
08/09/2024 04:00:00 PM,2.0,4,2,6,4,3,3,3,3,1,4,IMPROPER OVERTAKING/PASSING,2,4,1.0,0.0,0.0,1.0,0.0,1.0,16,6,8,08/09/2024,2024-08-09,16:00:00
04/25/2024 05:15:00 PM,3.0,3,2,5,5,3,3,3,2,1,4,FAILING TO YIELD RIGHT-OF-WAY,2,2,0.0,0.0,0.0,0.0,0.0,2.0,17,5,4,04/25/2024,2024-04-25,17:15:00
06/21/2024 04:27:00 PM,5.0,3,2,5,5,3,3,3,3,1,4,DISREGARDING TRAFFIC SIGNALS,2,4,2.0,0.0,0.0,2.0,0.0,1.0,16,6,6,06/21/2024,2024-06-21,16:27:00
07/18/2024 12:25:00 PM,5.0,3,2,5,5,3,3,3,2,1,4,IMPROPER LANE USAGE,2,2,0.0,0.0,0.0,0.0,0.0,2.0,12,5,7,07/18/2024,2024-07-18,12:25:00
06/21/2024 11:19:00 AM,7.0,3,2,5,6,3,3,3,2,1,4,FAILING TO YIELD RIGHT-OF-WAY,2,2,0.0,0.0,0.0,0.0,0.0,2.0,11,6,6,06/21/2024,2024-06-21,11:19:00