crash_date,traffic_control_device,weather_condition,lighting_condition,first_crash_type,trafficway_type,alignment,roadway_surface_cond,road_defect,crash_type,intersection_related_i,damage,prim_contributory_cause,num_units,most_severe_injury,injuries_total,injuries_fatal,injuries_incapacitating,injuries_non_incapacitating,injuries_reported_not_evident,injuries_no_indication,crash_hour,crash_day_of_week,crash_month,parsed_datetime,date,time
01/17/2024 05:30:00 AM,5.0,3,5,6,5,3,3,3,2,1,4,FAILING TO YIELD RIGHT-OF-WAY,2,2,0.0,0.0,0.0,0.0,0.0,2.0,5,4,1,01/17/2024,2024-01-17,05:30:00
06/26/2024 11:09:00 AM,3.0,4,2,4,3,3,3,3,3,0,4,FAILING TO REDUCE SPEED TO AVOID CRASH,2,2,0.0,0.0,0.0,0.0,0.0,3.0,11,4,6,06/26/2024,2024-06-26,11:09:00
06/24/2024 09:45:00 AM,7.0,3,2,5,1,3,3,3,3,1,3,FAILING TO YIELD RIGHT-OF-WAY,2,2,0.0,0.0,0.0,0.0,0.0,2.0,9,2,6,06/24/2024,2024-06-24,09:45:00
04/20/2024 02:00:00 PM,5.0,3,2,3,6,3,3,3,2,1,4,IMPROPER LANE USAGE,2,2,0.0,0.0,0.0,0.0,0.0,3.0,14,7,4,04/20/2024,2024-04-20,14:00:00
07/15/2024 06:50:00 AM,5.0,3,2,5,5,3,3,1,3,1,4,FAILING TO REDUCE SPEED TO AVOID CRASH,2,2,0.0,0.0,0.0,0.0,0.0,3.0,6,2,7,07/15/2024,2024-07-15,06:50:00
04/21/2024 07:00:00 PM,5.0,3,2,4,4,3,1,1,2,1,4,FOLLOWING TOO CLOSELY,2,2,0.0,0.0,0.0,0.0,0.0,2.0,19,1,4,04/21/2024,2024-04-21,19:00:00
01/11/2024 07:50:00 PM,3.0,3,5,5,6,3,3,3,2,1,4,IMPROPER OVERTAKING/PASSING,2,2,0.0,0.0,0.0,0.0,0.0,2.0,19,5,1,01/11/2024,2024-01-11,19:50:00
03/13/2024 02:34:00 PM,5.0,3,2,6,5,3,3,3,3,1,4,IMPROPER TURNING/NO SIGNAL,2,3,2.0,0.0,0.0,0.0,2.0,0.0,14,4,3,03/13/2024,2024-03-13,14:34:00
02/01/2024 10:10:00 AM,3.0,3,2,13,6,3,3,3,3,1,2,UNABLE TO DETERMINE,2,5,1.0,0.0,1.0,0.0,0.0,1.0,10,5,2,02/01/2024,2024-02-01,10:10:00
07/26/2024 01:40:00 PM,7.0,3,2,5,6,3,3,3,3,1,4,UNABLE TO DETERMINE,2,2,0.0,0.0,0.0,0.0,0.0,2.0,13,6,7,07/26/2024,2024-07-26,13:40:00
04/13/2024 10:45:00 PM,5.0,3,5,4,4,3,3,3,3,1,4,FAILING TO REDUCE SPEED TO AVOID CRASH,2,3,1.0,0.0,0.0,0.0,1.0,3.0,22,7,4,04/13/2024,2024-04-13,22:45:00
07/05/2024 12:50:00 PM,5.0,3,2,14,5,3,3,3,3,1,4,UNABLE TO DETERMINE,2,4,1.0,0.0,0.0,1.0,0.0,1.0,12,6,7,07/05/2024,2024-07-05,12:50:00
06/21/2024 04:11:00 PM,5.0,3,2,6,4,3,3,1,3,1,4,FAILING TO YIELD RIGHT-OF-WAY,2,4,1.0,0.0,0.0,1.0,0.0,1.0,16,6,6,06/21/2024,2024-06-21,16:11:00
01/08/2024 11:00:00 PM,7.0,6,5,5,5,3,4,3,3,1,4,NOT APPLICABLE,2,2,0.0,0.0,0.0,0.0,0.0,2.0,23,2,1,01/08/2024,2024-01-08,23:00:00
04/01/2024 05:18:00 PM,5.0,5,4,6,14,3,4,3,3,1,4,FAILING TO YIELD RIGHT-OF-WAY,2,3,1.0,0.0,0.0,0.0,1.0,2.0,17,2,4,04/01/2024,2024-04-01,17:18:00
06/03/2024 02:20:00 PM,1.0,3,2,6,12,3,3,3,2,0,4,IMPROPER TURNING/NO SIGNAL,2,2,0.0,0.0,0.0,0.0,0.0,2.0,14,2,6,06/03/2024,2024-06-03,14:20:00
07/07/2024 07:15:00 PM,1.0,5,4,6,6,3,4,1,3,1,4,FAILING TO YIELD RIGHT-OF-WAY,2,2,0.0,0.0,0.0,0.0,0.0,5.0,19,1,7,07/07/2024,2024-07-07,19:15:00
05/16/2024 02:58:00 PM,5.0,4,2,6,5,3,1,1,2,1,4,UNABLE TO DETERMINE,2,2,0.0,0.0,0.0,0.0,0.0,2.0,14,5,5,05/16/2024,2024-05-16,14:58:00
07/19/2024 01:50:00 PM,5.0,3,2,4,5,3,3,3,2,1,2,FOLLOWING TOO CLOSELY,2,2,0.0,0.0,0.0,0.0,0.0,2.0,13,6,7,07/19/2024,2024-07-19,13:50:00
06/02/2024 06:14:00 PM,5.0,3,2,14,6,3,3,1,3,1,4,FAILING TO REDUCE SPEED TO AVOID CRASH,2,4,1.0,0.0,0.0,1.0,0.0,1.0,18,1,6,06/02/2024,2024-06-02,18:14:00
01/10/2024 07:50:00 AM,3.0,3,2,10,5,3,3,1,2,1,4,UNABLE TO DETERMINE,2,2,0.0,0.0,0.0,0.0,0.0,3.0,7,4,1,01/10/2024,2024-01-10,07:50:00
03/11/2024 01:00:00 PM,5.0,3,2,6,4,3,3,3,3,1,4,IMPROPER OVERTAKING/PASSING,2,3,1.0,0.0,0.0,0.0,1.0,1.0,13,2,3,03/11/2024,2024-03-11,13:00:00
07/02/2024 05:40:00 PM,5.0,3,2,4,4,3,3,3,2,1,4,FOLLOWING TOO CLOSELY,2,2,0.0,0.0,0.0,0.0,0.0,3.0,17,3,7,07/02/2024,2024-07-02,17:40:00
05/24/2024 04:01:00 PM,3.0,4,2,6,5,3,3,1,3,1,4,"OPERATING VEHICLE IN ERRATIC, RECKLESS, CARELESS, NEGLIGENT OR AGGRESSIVE MANNER",2,4,1.0,0.0,0.0,1.0,0.0,1.0,16,6,5,05/24/2024,2024-05-24,16:01:00
07/23/2024 02:45:00 PM,3.0,3,2,4,4,3,3,3,2,1,4,FOLLOWING TOO CLOSELY,2,2,0.0,0.0,0.0,0.0,0.0,4.0,14,3,7,07/23/2024,2024-07-23,14:45:00
05/29/2024 07:33:00 PM,5.0,3,2,14,6,3,3,3,2,1,2,FAILING TO YIELD RIGHT-OF-WAY,2,2,0.0,0.0,0.0,0.0,0.0,3.0,19,4,5,05/29/2024,2024-05-29,19:33:00
02/13/2024 06:42:00 AM,5.0,3,2,4,6,3,3,3,2,1,4,UNABLE TO DETERMINE,2,2,0.0,0.0,0.0,0.0,0.0,2.0,6,3,2,02/13/2024,2024-02-13,06:42:00
05/10/2024 01:26:00 PM,5.0,3,2,6,13,3,1,1,3,1,4,FAILING TO YIELD RIGHT-OF-WAY,2,2,0.0,0.0,0.0,0.0,0.0,3.0,13,6,5,05/10/2024,2024-05-10,13:26:00
07/27/2024 01:30:00 PM,5.0,3,2,6,9,3,3,1,2,1,4,FAILING TO YIELD RIGHT-OF-WAY,2,2,0.0,0.0,0.0,0.0,0.0,2.0,13,7,7,07/27/2024,2024-07-27,13:30:00
03/06/2024 07:05:00 PM,7.0,3,5,5,7,3,3,3,3,1,4,UNABLE TO DETERMINE,2,3,2.0,0.0,0.0,0.0,2.0,1.0,19,4,3,03/06/2024,2024-03-06,19:05:00
02/19/2024 05:18:00 PM,5.0,3,2,9,6,3,1,1,2,1,4,UNABLE TO DETERMINE,2,2,0.0,0.0,0.0,0.0,0.0,3.0,17,2,2,02/19/2024,2024-02-19,17:18:00
07/27/2024 11:30:00 AM,5.0,3,3,6,5,3,3,1,3,1,4,IMPROPER TURNING/NO SIGNAL,2,3,1.0,0.0,0.0,0.0,1.0,2.0,11,7,7,07/27/2024,2024-07-27,11:30:00
01/21/2024 05:45:00 PM,5.0,3,2,4,6,3,1,1,2,1,4,UNABLE TO DETERMINE,2,2,0.0,0.0,0.0,0.0,0.0,2.0,17,1,1,01/21/2024,2024-01-21,17:45:00
03/18/2024 11:16:00 AM,7.0,3,2,4,9,3,3,1,2,1,3,FAILING TO YIELD RIGHT-OF-WAY,2,2,0.0,0.0,0.0,0.0,0.0,5.0,11,2,3,03/18/2024,2024-03-18,11:16:00
05/28/2024 05:45:00 PM,3.0,5,2,4,5,3,4,1,2,1,2,FAILING TO REDUCE SPEED TO AVOID CRASH,2,2,0.0,0.0,0.0,0.0,0.0,3.0,17,3,5,05/28/2024,2024-05-28,17:45:00
07/25/2024 04:05:00 AM,5.0,3,5,13,5,3,3,1,3,1,2,IMPROPER TURNING/NO SIGNAL,2,5,1.0,0.0,1.0,0.0,0.0,1.0,4,5,7,07/25/2024,2024-07-25,04:05:00
04/27/2024 10:50:00 PM,5.0,3,5,6,5,3,3,3,2,1,4,IMPROPER TURNING/NO SIGNAL,2,2,0.0,0.0,0.0,0.0,0.0,2.0,22,7,4,04/27/2024,2024-04-27,22:50:00
03/13/2024 12:10:00 AM,5.0,3,5,5,7,3,3,1,3,1,4,DISREGARDING TRAFFIC SIGNALS,2,2,0.0,0.0,0.0,0.0,0.0,3.0,0,4,3,03/13/2024,2024-03-13,00:10:00
02/12/2024 11:25:00 AM,5.0,3,2,13,5,3,3,3,3,1,3,DISREGARDING OTHER TRAFFIC SIGNS,2,5,1.0,0.0,1.0,0.0,0.0,1.0,11,2,2,02/12/2024,2024-02-12,11:25:00
04/05/2024 08:00:00 PM,7.0,3,6,5,1,3,3,3,3,1,4,DISREGARDING STOP SIGN,2,5,2.0,0.0,1.0,1.0,0.0,0.0,20,6,4,04/05/2024,2024-04-05,20:00:00
05/02/2024 09:45:00 AM,5.0,3,2,5,6,3,3,3,3,1,2,IMPROPER OVERTAKING/PASSING,2,3,1.0,0.0,0.0,0.0,1.0,1.0,9,5,5,05/02/2024,2024-05-02,09:45:00
02/24/2024 04:40:00 PM,5.0,4,2,6,6,3,1,1,3,1,4,UNABLE TO DETERMINE,2,2,0.0,0.0,0.0,0.0,0.0,2.0,16,7,2,02/24/2024,2024-02-24,16:40:00
07/10/2024 10:00:00 AM,3.0,3,6,3,5,3,3,3,2,1,4,FAILING TO YIELD RIGHT-OF-WAY,2,2,0.0,0.0,0.0,0.0,0.0,6.0,10,4,7,07/10/2024,2024-07-10,10:00:00
07/15/2024 06:20:00 PM,5.0,3,2,14,10,3,3,3,3,1,2,FAILING TO YIELD RIGHT-OF-WAY,2,4,1.0,0.0,0.0,1.0,0.0,1.0,18,2,7,07/15/2024,2024-07-15,18:20:00
04/29/2024 06:30:00 AM,5.0,5,2,4,6,3,4,3,2,1,4,FOLLOWING TOO CLOSELY,2,2,0.0,0.0,0.0,0.0,0.0,2.0,6,2,4,04/29/2024,2024-04-29,06:30:00
07/26/2024 05:45:00 PM,5.0,3,2,4,5,3,3,3,2,1,4,FOLLOWING TOO CLOSELY,2,2,0.0,0.0,0.0,0.0,0.0,3.0,17,6,7,07/26/2024,2024-07-26,17:45:00
03/06/2024 06:50:00 AM,3.0,3,3,13,3,3,3,3,3,1,2,UNABLE TO DETERMINE,2,5,1.0,0.0,1.0,0.0,0.0,1.0,6,4,3,03/06/2024,2024-03-06,06:50:00
06/30/2024 12:00:00 PM,1.0,3,2,4,1,3,3,1,2,1,4,UNABLE TO DETERMINE,2,2,0.0,0.0,0.0,0.0,0.0,3.0,12,1,6,06/30/2024,2024-06-30,12:00:00
05/31/2024 07:15:00 AM,3.0,3,2,6,7,3,3,3,3,1,4,FAILING TO REDUCE SPEED TO AVOID CRASH,2,2,0.0,0.0,0.0,0.0,0.0,2.0,7,6,5,05/31/2024,2024-05-31,07:15:00
08/03/2024 12:40:00 PM,3.0,3,2,14,3,3,3,3,3,1,2,DRIVING ON WRONG SIDE/WRONG WAY,2,4,1.0,0.0,0.0,1.0,0.0,1.0,12,7,8,08/03/2024,2024-08-03,12:40:00
07/05/2024 11:00:00 AM,7.0,3,2,6,6,3,3,3,2,1,4,FAILING TO YIELD RIGHT-OF-WAY,2,2,0.0,0.0,0.0,0.0,0.0,2.0,11,6,7,07/05/2024,2024-07-05,11:00:00
04/03/2024 07:58:00 PM,7.0,5,5,3,7,3,4,3,2,1,4,UNABLE TO DETERMINE,2,2,0.0,0.0,0.0,0.0,0.0,2.0,19,4,4,04/03/2024,2024-04-03,19:58:00
08/04/2024 02:15:00 PM,5.0,3,2,6,4,3,3,3,3,1,4,IMPROPER TURNING/NO SIGNAL,2,3,1.0,0.0,0.0,0.0,1.0,1.0,14,1,8,08/04/2024,2024-08-04,14:15:00
05/09/2024 09:00:00 AM,7.0,5,2,5,5,3,4,3,3,1,4,FAILING TO YIELD RIGHT-OF-WAY,2,2,0.0,0.0,0.0,0.0,0.0,2.0,9,5,5,05/09/2024,2024-05-09,09:00:00
01/23/2024 04:45:00 PM,5.0,3,2,5,2,3,1,1,2,1,4,UNABLE TO DETERMINE,2,2,0.0,0.0,0.0,0.0,0.0,2.0,16,3,1,01/23/2024,2024-01-23,16:45:00
05/23/2024 04:18:00 PM,7.0,3,2,4,5,3,3,1,2,1,2,UNABLE TO DETERMINE,2,2,0.0,0.0,0.0,0.0,0.0,2.0,16,5,5,05/23/2024,2024-05-23,16:18:00
06/18/2024 04:20:00 PM,5.0,3,2,5,5,3,3,3,2,1,4,UNABLE TO DETERMINE,2,2,0.0,0.0,0.0,0.0,0.0,2.0,16,3,6,06/18/2024,2024-06-18,16:20:00
02/13/2024 06:15:00 PM,5.0,3,5,3,5,3,3,3,2,1,2,FAILING TO YIELD RIGHT-OF-WAY,2,2,0.0,0.0,0.0,0.0,0.0,2.0,18,3,2,02/13/2024,2024-02-13,18:15:00
06/19/2024 03:30:00 PM,5.0,3,2,4,6,3,3,1,3,1,4,UNABLE TO DETERMINE,2,4,1.0,0.0,0.0,1.0,0.0,1.0,15,4,6,06/19/2024,2024-06-19,15:30:00
07/05/2024 05:48:00 PM,7.0,3,2,14,5,3,3,3,3,1,4,DRIVING SKILLS/KNOWLEDGE/EXPERIENCE,2,4,1.0,0.0,0.0,1.0,0.0,2.0,17,6,7,07/05/2024,2024-07-05,17:48:00
03/06/2024 11:16:00 AM,7.0,3,2,4,12,3,3,3,2,1,2,FOLLOWING TOO CLOSELY,2,2,0.0,0.0,0.0,0.0,0.0,3.0,11,4,3,03/06/2024,2024-03-06,11:16:00
02/27/2024 06:48:00 PM,5.0,3,5,5,7,3,3,3,3,1,4,FAILING TO YIELD RIGHT-OF-WAY,2,4,1.0,0.0,0.0,1.0,0.0,2.0,18,3,2,02/27/2024,2024-02-27,18:48:00
06/09/2024 06:20:00 PM,5.0,3,2,3,5,3,3,3,2,1,4,UNABLE TO DETERMINE,2,2,0.0,0.0,0.0,0.0,0.0,2.0,18,1,6,06/09/2024,2024-06-09,18:20:00
03/22/2024 12:35:00 PM,5.0,3,2,3,5,3,1,3,2,1,4,IMPROPER LANE USAGE,2,2,0.0,0.0,0.0,0.0,0.0,2.0,12,6,3,03/22/2024,2024-03-22,12:35:00
08/05/2024 09:15:00 PM,5.0,5,5,14,5,3,4,1,3,1,3,FAILING TO YIELD RIGHT-OF-WAY,2,3,1.0,0.0,0.0,0.0,1.0,1.0,21,2,8,08/05/2024,2024-08-05,21:15:00
07/31/2024 06:00:00 AM,7.0,3,2,5,5,3,3,3,2,1,3,FAILING TO YIELD RIGHT-OF-WAY,2,2,0.0,0.0,0.0,0.0,0.0,2.0,6,4,7,07/31/2024,2024-07-31,06:00:00
07/05/2024 02:40:00 AM,7.0,3,6,7,6,3,3,3,2,1,4,DISREGARDING STOP SIGN,2,2,0.0,0.0,0.0,0.0,0.0,2.0,2,6,7,07/05/2024,2024-07-05,02:40:00
04/24/2024 05:20:00 PM,5.0,3,2,6,5,3,3,3,3,1,4,TEXTING,2,2,0.0,0.0,0.0,0.0,0.0,2.0,17,4,4,04/24/2024,2024-04-24,17:20:00
01/19/2024 06:10:00 PM,7.0,6,5,5,5,3,5,1,2,1,4,UNABLE TO DETERMINE,2,2,0.0,0.0,0.0,0.0,0.0,2.0,18,6,1,01/19/2024,2024-01-19,18:10:00
02/06/2024 05:20:00 PM,5.0,3,6,6,5,3,3,3,3,1,4,FAILING TO YIELD RIGHT-OF-WAY,2,3,2.0,0.0,0.0,0.0,2.0,2.0,17,3,2,02/06/2024,2024-02-06,17:20:00
02/22/2024 02:38:00 PM,3.0,3,2,6,7,3,3,3,2,1,4,FAILING TO YIELD RIGHT-OF-WAY,2,2,0.0,0.0,0.0,0.0,0.0,2.0,14,5,2,02/22/2024,2024-02-22,14:38:00
03/09/2024 12:00:00 PM,3.0,3,2,6,6,3,3,3,3,1,4,FAILING TO YIELD RIGHT-OF-WAY,2,4,1.0,0.0,0.0,1.0,0.0,1.0,12,7,3,03/09/2024,2024-03-09,12:00:00
07/08/2024 02:00:00 PM,5.0,3,2,8,4,3,3,3,2,1,4,UNABLE TO DETERMINE,2,2,0.0,0.0,0.0,0.0,0.0,2.0,14,2,7,07/08/2024,2024-07-08,14:00:00
04/15/2024 07:36:00 AM,7.0,3,2,5,5,3,3,3,3,1,4,DRIVING SKILLS/KNOWLEDGE/EXPERIENCE,2,3,2.0,0.0,0.0,0.0,2.0,3.0,7,2,4,04/15/2024,2024-04-15,07:36:00
01/09/2024 11:10:00 PM,5.0,5,5,6,5,3,4,3,3,1,4,FAILING TO YIELD RIGHT-OF-WAY,2,2,0.0,0.0,0.0,0.0,0.0,3.0,23,3,1,01/09/2024,2024-01-09,23:10:00
06/23/2024 11:55:00 AM,5.0,3,2,5,5,3,3,3,2,1,4,DISREGARDING TRAFFIC SIGNALS,2,2,0.0,0.0,0.0,0.0,0.0,2.0,11,1,6,06/23/2024,2024-06-23,11:55:00
05/20/2024 08:41:00 AM,7.0,3,2,6,6,3,3,1,3,1,4,IMPROPER OVERTAKING/PASSING,2,2,0.0,0.0,0.0,0.0,0.0,2.0,8,2,5,05/20/2024,2024-05-20,08:41:00
01/15/2024 01:15:00 PM,5.0,3,2,5,6,3,6,3,3,1,4,DISREGARDING TRAFFIC SIGNALS,2,4,1.0,0.0,0.0,1.0,0.0,2.0,13,2,1,01/15/2024,2024-01-15,13:15:00
08/06/2024 07:45:00 AM,5.0,5,2,4,12,3,4,3,2,0,2,DRIVING SKILLS/KNOWLEDGE/EXPERIENCE,2,2,0.0,0.0,0.0,0.0,0.0,2.0,7,3,8,08/06/2024,2024-08-06,07:45:00
04/30/2024 05:27:00 PM,5.0,3,2,3,5,3,3,3,3,1,4,IMPROPER LANE USAGE,2,3,1.0,0.0,0.0,0.0,1.0,1.0,17,3,4,04/30/2024,2024-04-30,17:27:00
02/16/2024 04:00:00 PM,5.0,4,2,6,5,3,3,3,2,1,3,IMPROPER TURNING/NO SIGNAL,2,2,0.0,0.0,0.0,0.0,0.0,2.0,16,6,2,02/16/2024,2024-02-16,16:00:00
03/18/2024 05:55:00 PM,5.0,3,2,6,6,3,3,1,2,1,3,IMPROPER TURNING/NO SIGNAL,2,2,0.0,0.0,0.0,0.0,0.0,2.0,17,2,3,03/18/2024,2024-03-18,17:55:00
07/16/2024 10:00:00 AM,1.0,3,2,6,5,3,3,1,2,1,4,UNABLE TO DETERMINE,2,2,0.0,0.0,0.0,0.0,0.0,2.0,10,3,7,07/16/2024,2024-07-16,10:00:00
05/22/2024 11:30:00 AM,1.0,3,2,4,1,3,1,1,2,1,4,UNABLE TO DETERMINE,2,2,0.0,0.0,0.0,0.0,0.0,2.0,11,4,5,05/22/2024,2024-05-22,11:30:00
01/23/2024 07:00:00 PM,5.0,3,5,6,5,3,4,1,2,1,2,UNABLE TO DETERMINE,2,2,0.0,0.0,0.0,0.0,0.0,2.0,19,3,1,01/23/2024,2024-01-23,19:00:00
08/05/2024 02:30:00 AM,1.0,3,5,4,6,3,3,3,2,1,4,FOLLOWING TOO CLOSELY,2,2,0.0,0.0,0.0,0.0,0.0,3.0,2,2,8,08/05/2024,2024-08-05,02:30:00
05/22/2024 04:30:00 AM,3.0,3,6,5,6,3,3,1,3,1,4,UNABLE TO DETERMINE,2,4,1.0,0.0,0.0,1.0,0.0,3.0,4,4,5,05/22/2024,2024-05-22,04:30:00
01/04/2024 05:13:00 PM,5.0,3,6,5,6,3,3,3,3,1,4,UNABLE TO DETERMINE,2,2,0.0,0.0,0.0,0.0,0.0,2.0,17,5,1,01/04/2024,2024-01-04,17:13:00
08/11/2024 01:30:00 AM,5.0,3,5,5,3,3,3,3,3,1,4,DISREGARDING OTHER TRAFFIC SIGNS,2,2,0.0,0.0,0.0,0.0,0.0,2.0,1,1,8,08/11/2024,2024-08-11,01:30:00
06/29/2024 12:17:00 AM,5.0,5,6,10,3,3,4,3,2,1,3,IMPROPER BACKING,2,2,0.0,0.0,0.0,0.0,0.0,4.0,0,7,6,06/29/2024,2024-06-29,00:17:00
02/21/2024 09:50:00 PM,5.0,3,5,5,5,3,3,3,2,1,4,UNABLE TO DETERMINE,2,2,0.0,0.0,0.0,0.0,0.0,2.0,21,4,2,02/21/2024,2024-02-21,21:50:00
05/13/2024 04:00:00 PM,5.0,3,2,4,6,3,3,3,2,1,4,FOLLOWING TOO CLOSELY,2,2,0.0,0.0,0.0,0.0,0.0,2.0,16,2,5,05/13/2024,2024-05-13,16:00:00
04/16/2024 09:47:00 PM,7.0,3,5,3,5,3,4,3,2,1,3,UNABLE TO DETERMINE,2,2,0.0,0.0,0.0,0.0,0.0,2.0,21,3,4,04/16/2024,2024-04-16,21:47:00
07/25/2024 04:07:00 PM,3.0,3,2,6,6,3,3,3,2,1,4,IMPROPER OVERTAKING/PASSING,2,2,0.0,0.0,0.0,0.0,0.0,3.0,16,5,7,07/25/2024,2024-07-25,16:07:00
05/29/2024 07:00:00 PM,1.0,3,2,6,6,3,1,1,2,1,4,UNABLE TO DETERMINE,2,2,0.0,0.0,0.0,0.0,0.0,2.0,19,4,5,05/29/2024,2024-05-29,19:00:00
01/09/2024 03:23:00 PM,5.0,8,2,6,5,3,4,3,2,1,4,DISREGARDING ROAD MARKINGS,2,2,0.0,0.0,0.0,0.0,0.0,2.0,15,3,1,01/09/2024,2024-01-09,15:23:00
06/17/2024 12:45:00 AM,5.0,3,5,5,5,3,3,3,3,1,4,TURNING RIGHT ON RED,2,2,0.0,0.0,0.0,0.0,0.0,2.0,0,2,6,06/17/2024,2024-06-17,00:45:00
07/31/2024 07:07:00 AM,5.0,3,2,5,5,3,3,3,3,1,4,FAILING TO REDUCE SPEED TO AVOID CRASH,2,3,1.0,0.0,0.0,0.0,1.0,1.0,7,4,7,07/31/2024,2024-07-31,07:07:00
03/09/2024 11:54:00 PM,5.0,3,5,6,5,3,3,3,2,1,4,DISREGARDING TRAFFIC SIGNALS,2,2,0.0,0.0,0.0,0.0,0.0,3.0,23,7,3,03/09/2024,2024-03-09,23:54:00
04/23/2024 10:00:00 AM,5.0,3,2,8,6,3,3,3,2,1,4,IMPROPER BACKING,2,2,0.0,0.0,0.0,0.0,0.0,2.0,10,3,4,04/23/2024,2024-04-23,10:00:00
07/27/2024 01:15:00 PM,5.0,3,2,3,3,3,3,3,2,1,3,IMPROPER OVERTAKING/PASSING,2,2,0.0,0.0,0.0,0.0,0.0,2.0,13,7,7,07/27/2024,2024-07-27,13:15:00
06/07/2024 09:05:00 AM,5.0,3,2,3,5,3,3,3,2,1,3,IMPROPER OVERTAKING/PASSING,2,2,0.0,0.0,0.0,0.0,0.0,2.0,9,6,6,06/07/2024,2024-06-07,09:05:00
04/08/2024 05:19:00 PM,6.0,3,2,4,6,3,3,3,3,1,4,FOLLOWING TOO CLOSELY,2,2,0.0,0.0,0.0,0.0,0.0,2.0,17,2,4,04/08/2024,2024-04-08,17:19:00
07/28/2024 02:17:00 AM,5.0,3,5,9,14,3,3,3,3,1,4,UNDER THE INFLUENCE OF ALCOHOL/DRUGS (USE WHEN ARREST IS EFFECTED),2,4,1.0,0.0,0.0,1.0,0.0,1.0,2,1,7,07/28/2024,2024-07-28,02:17:00
06/03/2024 06:00:00 PM,5.0,3,2,4,5,3,3,3,2,1,4,FOLLOWING TOO CLOSELY,2,2,0.0,0.0,0.0,0.0,0.0,2.0,18,2,6,06/03/2024,2024-06-03,18:00:00
07/21/2024 03:41:00 AM,7.0,3,5,5,5,3,3,1,2,1,4,FAILING TO YIELD RIGHT-OF-WAY,2,2,0.0,0.0,0.0,0.0,0.0,2.0,3,1,7,07/21/2024,2024-07-21,03:41:00
07/06/2024 06:05:00 PM,7.0,3,2,5,5,3,3,3,2,1,4,DISREGARDING STOP SIGN,2,2,0.0,0.0,0.0,0.0,0.0,5.0,18,7,7,07/06/2024,2024-07-06,18:05:00
07/07/2024 07:00:00 PM,5.0,5,2,6,6,3,4,3,2,1,4,WEATHER,2,2,0.0,0.0,0.0,0.0,0.0,2.0,19,1,7,07/07/2024,2024-07-07,19:00:00
07/22/2024 09:29:00 AM,7.0,3,2,5,5,3,3,3,3,1,4,UNABLE TO DETERMINE,2,4,1.0,0.0,0.0,1.0,0.0,2.0,9,2,7,07/22/2024,2024-07-22,09:29:00
01/27/2024 05:01:00 PM,5.0,4,3,6,5,3,4,1,3,1,4,FAILING TO YIELD RIGHT-OF-WAY,2,4,2.0,0.0,0.0,2.0,0.0,0.0,17,7,1,01/27/2024,2024-01-27,17:01:00
05/30/2024 09:35:00 AM,5.0,3,2,3,6,3,3,3,2,1,4,IMPROPER OVERTAKING/PASSING,2,2,0.0,0.0,0.0,0.0,0.0,2.0,9,5,5,05/30/2024,2024-05-30,09:35:00
05/28/2024 01:00:00 AM,5.0,4,5,5,5,3,3,3,3,1,4,DISREGARDING TRAFFIC SIGNALS,2,2,0.0,0.0,0.0,0.0,0.0,2.0,1,3,5,05/28/2024,2024-05-28,01:00:00
05/13/2024 09:00:00 AM,3.0,3,2,6,6,3,3,3,2,1,4,UNABLE TO DETERMINE,2,2,0.0,0.0,0.0,0.0,0.0,2.0,9,2,5,05/13/2024,2024-05-13,09:00:00
01/23/2024 03:18:00 PM,5.0,5,4,6,5,3,4,3,3,1,4,IMPROPER TURNING/NO SIGNAL,2,3,1.0,0.0,0.0,0.0,1.0,1.0,15,3,1,01/23/2024,2024-01-23,15:18:00
06/01/2024 11:59:00 PM,5.0,5,5,6,4,3,4,3,2,1,3,IMPROPER TURNING/NO SIGNAL,2,2,0.0,0.0,0.0,0.0,0.0,2.0,23,7,6,06/01/2024,2024-06-01,23:59:00
02/21/2024 01:30:00 PM,5.0,3,2,6,6,3,3,3,2,1,4,UNABLE TO DETERMINE,2,2,0.0,0.0,0.0,0.0,0.0,2.0,13,4,2,02/21/2024,2024-02-21,13:30:00
04/28/2024 09:57:00 AM,7.0,3,2,6,5,3,4,3,2,1,4,UNABLE TO DETERMINE,2,2,0.0,0.0,0.0,0.0,0.0,2.0,9,1,4,04/28/2024,2024-04-28,09:57:00
05/03/2024 11:30:00 AM,5.0,3,2,4,6,3,3,1,2,1,3,UNABLE TO DETERMINE,2,2,0.0,0.0,0.0,0.0,0.0,3.0,11,6,5,05/03/2024,2024-05-03,11:30:00
05/06/2024 02:37:00 PM,3.0,3,2,6,5,3,3,3,2,1,4,IMPROPER LANE USAGE,2,2,0.0,0.0,0.0,0.0,0.0,2.0,14,2,5,05/06/2024,2024-05-06,14:37:00
05/24/2024 01:15:00 PM,5.0,4,2,4,5,3,4,3,2,1,3,FOLLOWING TOO CLOSELY,2,2,0.0,0.0,0.0,0.0,0.0,2.0,13,6,5,05/24/2024,2024-05-24,13:15:00
01/26/2024 11:45:00 PM,5.0,5,5,5,5,3,4,3,2,1,4,DISREGARDING TRAFFIC SIGNALS,2,2,0.0,0.0,0.0,0.0,0.0,3.0,23,6,1,01/26/2024,2024-01-26,23:45:00