crash_date,traffic_control_device,weather_condition,lighting_condition,first_crash_type,trafficway_type,alignment,roadway_surface_cond,road_defect,crash_type,intersection_related_i,damage,prim_contributory_cause,num_units,most_severe_injury,injuries_total,injuries_fatal,injuries_incapacitating,injuries_non_incapacitating,injuries_reported_not_evident,injuries_no_indication,crash_hour,crash_day_of_week,crash_month,parsed_datetime,date,time
08/09/2024 09:22:00 AM,3.0,3,2,3,18,3,3,3,3,1,3,FAILING TO YIELD RIGHT-OF-WAY,2,2,0.0,0.0,0.0,0.0,0.0,2.0,9,6,8,08/09/2024,2024-08-09,09:22:00
07/31/2024 08:40:00 AM,5.0,2,2,3,10,3,3,1,2,1,2,FOLLOWING TOO CLOSELY,2,2,0.0,0.0,0.0,0.0,0.0,2.0,8,4,7,07/31/2024,2024-07-31,08:40:00
03/03/2024 02:22:00 PM,5.0,3,2,6,5,3,3,3,3,1,3,DISREGARDING TRAFFIC SIGNALS,2,3,1.0,0.0,0.0,0.0,1.0,4.0,14,1,3,03/03/2024,2024-03-03,14:22:00
08/04/2024 04:20:00 AM,5.0,3,5,5,1,3,3,3,3,1,4,FAILING TO REDUCE SPEED TO AVOID CRASH,2,4,2.0,0.0,0.0,2.0,0.0,3.0,4,1,8,08/04/2024,2024-08-04,04:20:00
06/07/2024 11:30:00 AM,5.0,3,2,8,6,3,3,3,2,1,4,IMPROPER BACKING,2,2,0.0,0.0,0.0,0.0,0.0,2.0,11,6,6,06/07/2024,2024-06-07,11:30:00
01/18/2024 12:17:00 PM,5.0,6,2,6,5,3,5,1,3,1,4,IMPROPER TURNING/NO SIGNAL,2,2,0.0,0.0,0.0,0.0,0.0,2.0,12,5,1,01/18/2024,2024-01-18,12:17:00
08/01/2024 04:05:00 PM,7.0,3,2,5,5,3,3,3,2,1,2,FAILING TO YIELD RIGHT-OF-WAY,2,2,0.0,0.0,0.0,0.0,0.0,2.0,16,5,8,08/01/2024,2024-08-01,16:05:00
04/10/2024 09:00:00 PM,7.0,3,5,6,7,3,1,1,3,1,4,FAILING TO YIELD RIGHT-OF-WAY,2,4,2.0,0.0,0.0,2.0,0.0,1.0,21,4,4,04/10/2024,2024-04-10,21:00:00
07/15/2024 03:55:00 PM,5.0,3,2,6,7,3,3,3,3,1,4,FAILING TO REDUCE SPEED TO AVOID CRASH,2,3,1.0,0.0,0.0,0.0,1.0,2.0,15,2,7,07/15/2024,2024-07-15,15:55:00
02/01/2024 02:35:00 PM,5.0,3,2,3,5,3,1,1,2,1,4,IMPROPER OVERTAKING/PASSING,2,2,0.0,0.0,0.0,0.0,0.0,2.0,14,5,2,02/01/2024,2024-02-01,14:35:00
05/30/2024 02:55:00 PM,3.0,3,2,3,6,3,3,3,2,1,4,IMPROPER OVERTAKING/PASSING,2,2,0.0,0.0,0.0,0.0,0.0,2.0,14,5,5,05/30/2024,2024-05-30,14:55:00
04/23/2024 07:30:00 PM,5.0,3,5,3,5,3,3,3,2,1,4,UNABLE TO DETERMINE,2,2,0.0,0.0,0.0,0.0,0.0,2.0,19,3,4,04/23/2024,2024-04-23,19:30:00
03/08/2024 01:50:00 PM,5.0,5,2,4,7,3,4,3,3,1,4,WEATHER,2,4,1.0,0.0,0.0,1.0,0.0,3.0,13,6,3,03/08/2024,2024-03-08,13:50:00
02/19/2024 05:50:00 PM,5.0,3,6,6,5,3,3,3,2,1,4,FAILING TO YIELD RIGHT-OF-WAY,2,2,0.0,0.0,0.0,0.0,0.0,2.0,17,2,2,02/19/2024,2024-02-19,17:50:00
01/06/2024 08:04:00 AM,5.0,6,2,13,6,3,4,3,3,1,4,UNABLE TO DETERMINE,2,4,1.0,0.0,0.0,1.0,0.0,1.0,8,7,1,01/06/2024,2024-01-06,08:04:00
04/03/2024 11:44:00 AM,5.0,5,2,5,5,3,4,7,3,1,4,DISREGARDING TRAFFIC SIGNALS,2,2,0.0,0.0,0.0,0.0,0.0,2.0,11,4,4,04/03/2024,2024-04-03,11:44:00
03/30/2024 10:09:00 PM,7.0,3,5,6,5,3,3,3,3,1,3,UNABLE TO DETERMINE,2,2,0.0,0.0,0.0,0.0,0.0,4.0,22,7,3,03/30/2024,2024-03-30,22:09:00
04/24/2024 07:10:00 AM,3.0,3,3,4,6,3,3,3,2,1,4,IMPROPER BACKING,2,2,0.0,0.0,0.0,0.0,0.0,2.0,7,4,4,04/24/2024,2024-04-24,07:10:00
03/08/2024 04:54:00 PM,5.0,5,5,6,6,3,4,3,3,1,4,IMPROPER TURNING/NO SIGNAL,2,2,0.0,0.0,0.0,0.0,0.0,2.0,16,6,3,03/08/2024,2024-03-08,16:54:00
04/02/2024 01:30:00 AM,7.0,3,5,5,5,3,4,3,2,1,4,UNABLE TO DETERMINE,2,2,0.0,0.0,0.0,0.0,0.0,2.0,1,3,4,04/02/2024,2024-04-02,01:30:00
04/04/2024 07:05:00 PM,5.0,3,4,5,6,3,4,3,3,1,4,UNABLE TO DETERMINE,2,2,0.0,0.0,0.0,0.0,0.0,4.0,19,5,4,04/04/2024,2024-04-04,19:05:00
02/17/2024 06:35:00 PM,5.0,3,5,4,5,3,3,3,2,1,4,FAILING TO REDUCE SPEED TO AVOID CRASH,2,2,0.0,0.0,0.0,0.0,0.0,3.0,18,7,2,02/17/2024,2024-02-17,18:35:00
05/28/2024 07:14:00 AM,5.0,3,2,4,4,3,3,3,2,1,3,FOLLOWING TOO CLOSELY,2,2,0.0,0.0,0.0,0.0,0.0,7.0,7,3,5,05/28/2024,2024-05-28,07:14:00
05/07/2024 01:30:00 PM,5.0,3,2,6,6,3,3,3,3,1,4,UNABLE TO DETERMINE,2,3,1.0,0.0,0.0,0.0,1.0,2.0,13,3,5,05/07/2024,2024-05-07,13:30:00
03/09/2024 10:25:00 AM,7.0,3,2,5,5,3,3,3,3,1,4,DISREGARDING TRAFFIC SIGNALS,2,4,1.0,0.0,0.0,1.0,0.0,1.0,10,7,3,03/09/2024,2024-03-09,10:25:00
02/04/2024 03:34:00 PM,7.0,3,2,6,6,3,3,6,3,1,4,FAILING TO YIELD RIGHT-OF-WAY,2,2,0.0,0.0,0.0,0.0,0.0,3.0,15,1,2,02/04/2024,2024-02-04,15:34:00
06/14/2024 08:06:00 PM,5.0,3,6,6,4,3,3,1,2,1,4,UNABLE TO DETERMINE,2,2,0.0,0.0,0.0,0.0,0.0,3.0,20,6,6,06/14/2024,2024-06-14,20:06:00
01/24/2024 03:30:00 PM,5.0,5,2,4,5,3,4,1,2,1,2,UNABLE TO DETERMINE,2,2,0.0,0.0,0.0,0.0,0.0,2.0,15,4,1,01/24/2024,2024-01-24,15:30:00
03/13/2024 05:14:00 PM,5.0,3,2,5,1,3,1,1,2,1,4,UNABLE TO DETERMINE,2,2,0.0,0.0,0.0,0.0,0.0,2.0,17,4,3,03/13/2024,2024-03-13,17:14:00
01/19/2024 05:17:00 AM,3.0,6,5,5,9,3,5,3,2,0,3,WEATHER,2,2,0.0,0.0,0.0,0.0,0.0,2.0,5,6,1,01/19/2024,2024-01-19,05:17:00
02/01/2024 12:44:00 PM,7.0,3,2,5,5,3,3,3,2,1,4,FAILING TO YIELD RIGHT-OF-WAY,2,2,0.0,0.0,0.0,0.0,0.0,2.0,12,5,2,02/01/2024,2024-02-01,12:44:00
08/04/2024 01:00:00 AM,5.0,3,5,6,4,3,3,3,2,1,4,FAILING TO YIELD RIGHT-OF-WAY,2,2,0.0,0.0,0.0,0.0,0.0,2.0,1,1,8,08/04/2024,2024-08-04,01:00:00
04/28/2024 01:42:00 AM,5.0,5,5,4,13,3,4,3,3,1,4,FAILING TO REDUCE SPEED TO AVOID CRASH,2,2,0.0,0.0,0.0,0.0,0.0,2.0,1,1,4,04/28/2024,2024-04-28,01:42:00
05/21/2024 08:03:00 AM,7.0,3,2,5,5,3,3,3,2,1,4,FAILING TO YIELD RIGHT-OF-WAY,2,2,0.0,0.0,0.0,0.0,0.0,4.0,8,3,5,05/21/2024,2024-05-21,08:03:00
03/27/2024 01:15:00 PM,7.0,3,2,5,5,3,1,1,2,1,4,UNABLE TO DETERMINE,2,2,0.0,0.0,0.0,0.0,0.0,2.0,13,4,3,03/27/2024,2024-03-27,13:15:00
03/15/2024 06:30:00 PM,5.0,3,2,4,4,3,1,1,2,1,4,UNABLE TO DETERMINE,2,2,0.0,0.0,0.0,0.0,0.0,5.0,18,6,3,03/15/2024,2024-03-15,18:30:00
04/02/2024 09:47:00 AM,3.0,5,2,5,7,3,4,3,2,1,4,IMPROPER OVERTAKING/PASSING,2,2,0.0,0.0,0.0,0.0,0.0,2.0,9,3,4,04/02/2024,2024-04-02,09:47:00
05/30/2024 02:30:00 PM,5.0,3,2,13,9,3,3,1,3,1,2,UNABLE TO DETERMINE,2,3,1.0,0.0,0.0,0.0,1.0,1.0,14,5,5,05/30/2024,2024-05-30,14:30:00
08/06/2024 01:30:00 PM,5.0,3,2,3,6,3,3,3,2,0,3,IMPROPER OVERTAKING/PASSING,2,2,0.0,0.0,0.0,0.0,0.0,2.0,13,3,8,08/06/2024,2024-08-06,13:30:00
02/22/2024 05:45:00 AM,5.0,5,3,5,2,3,4,3,3,1,4,DISREGARDING TRAFFIC SIGNALS,2,2,0.0,0.0,0.0,0.0,0.0,2.0,5,5,2,02/22/2024,2024-02-22,05:45:00
02/28/2024 07:45:00 AM,5.0,3,2,6,5,3,1,1,2,1,4,FOLLOWING TOO CLOSELY,2,2,0.0,0.0,0.0,0.0,0.0,2.0,7,4,2,02/28/2024,2024-02-28,07:45:00
04/27/2024 10:52:00 AM,5.0,3,3,8,7,3,3,3,2,1,3,FAILING TO REDUCE SPEED TO AVOID CRASH,2,2,0.0,0.0,0.0,0.0,0.0,2.0,10,7,4,04/27/2024,2024-04-27,10:52:00
05/11/2024 12:08:00 PM,7.0,3,2,5,5,3,3,3,3,1,4,"OPERATING VEHICLE IN ERRATIC, RECKLESS, CARELESS, NEGLIGENT OR AGGRESSIVE MANNER",2,2,0.0,0.0,0.0,0.0,0.0,2.0,12,7,5,05/11/2024,2024-05-11,12:08:00
03/08/2024 05:45:00 PM,7.0,5,5,6,5,3,4,3,3,1,4,IMPROPER TURNING/NO SIGNAL,2,2,0.0,0.0,0.0,0.0,0.0,2.0,17,6,3,03/08/2024,2024-03-08,17:45:00
08/06/2024 06:10:00 PM,5.0,3,2,3,3,3,1,1,2,1,4,DRIVING SKILLS/KNOWLEDGE/EXPERIENCE,2,2,0.0,0.0,0.0,0.0,0.0,4.0,18,3,8,08/06/2024,2024-08-06,18:10:00
04/27/2024 06:17:00 PM,3.0,3,2,11,10,3,3,3,2,0,4,UNABLE TO DETERMINE,2,2,0.0,0.0,0.0,0.0,0.0,1.0,18,7,4,04/27/2024,2024-04-27,18:17:00
06/25/2024 12:15:00 AM,5.0,3,2,5,4,3,1,1,3,1,4,FAILING TO REDUCE SPEED TO AVOID CRASH,2,4,1.0,0.0,0.0,1.0,0.0,1.0,0,3,6,06/25/2024,2024-06-25,00:15:00
03/22/2024 11:05:00 AM,5.0,4,2,5,5,3,3,3,2,1,3,FAILING TO YIELD RIGHT-OF-WAY,2,2,0.0,0.0,0.0,0.0,0.0,2.0,11,6,3,03/22/2024,2024-03-22,11:05:00
01/06/2024 08:08:00 AM,5.0,6,2,5,5,3,4,3,3,1,4,DISREGARDING TRAFFIC SIGNALS,2,4,2.0,0.0,0.0,2.0,0.0,1.0,8,7,1,01/06/2024,2024-01-06,08:08:00
06/29/2024 03:04:00 AM,5.0,5,5,5,10,3,4,3,3,1,4,DISREGARDING TRAFFIC SIGNALS,2,4,2.0,0.0,0.0,2.0,0.0,1.0,3,7,6,06/29/2024,2024-06-29,03:04:00
07/19/2024 03:15:00 PM,3.0,3,4,3,6,3,3,3,2,1,2,IMPROPER LANE USAGE,2,2,0.0,0.0,0.0,0.0,0.0,2.0,15,6,7,07/19/2024,2024-07-19,15:15:00
07/02/2024 01:15:00 PM,1.0,3,2,3,6,3,3,3,2,0,2,"OPERATING VEHICLE IN ERRATIC, RECKLESS, CARELESS, NEGLIGENT OR AGGRESSIVE MANNER",2,2,0.0,0.0,0.0,0.0,0.0,4.0,13,3,7,07/02/2024,2024-07-02,13:15:00
03/20/2024 07:45:00 AM,6.0,3,2,13,3,3,3,3,3,1,3,UNABLE TO DETERMINE,2,4,1.0,0.0,0.0,1.0,0.0,2.0,7,4,3,03/20/2024,2024-03-20,07:45:00
07/09/2024 06:30:00 PM,5.0,5,2,4,10,3,4,3,2,1,4,FOLLOWING TOO CLOSELY,2,2,0.0,0.0,0.0,0.0,0.0,2.0,18,3,7,07/09/2024,2024-07-09,18:30:00
03/08/2024 06:30:00 PM,5.0,5,5,13,5,3,4,3,3,1,3,WEATHER,2,4,1.0,0.0,0.0,1.0,0.0,1.0,18,6,3,03/08/2024,2024-03-08,18:30:00
01/25/2024 09:08:00 PM,5.0,5,5,14,6,3,4,3,3,1,2,IMPROPER TURNING/NO SIGNAL,2,4,1.0,0.0,0.0,1.0,0.0,2.0,21,5,1,01/25/2024,2024-01-25,21:08:00
02/07/2024 06:30:00 PM,7.0,3,2,5,5,3,3,3,2,1,4,UNABLE TO DETERMINE,2,2,0.0,0.0,0.0,0.0,0.0,3.0,18,4,2,02/07/2024,2024-02-07,18:30:00
07/17/2024 07:15:00 PM,5.0,3,4,6,4,4,3,3,2,1,4,FAILING TO YIELD RIGHT-OF-WAY,2,2,0.0,0.0,0.0,0.0,0.0,3.0,19,4,7,07/17/2024,2024-07-17,19:15:00
01/13/2024 08:55:00 AM,7.0,3,2,5,7,3,5,3,2,1,4,UNABLE TO DETERMINE,2,2,0.0,0.0,0.0,0.0,0.0,3.0,8,7,1,01/13/2024,2024-01-13,08:55:00
07/18/2024 05:45:00 PM,7.0,3,2,5,6,3,3,3,2,1,4,FAILING TO YIELD RIGHT-OF-WAY,2,2,0.0,0.0,0.0,0.0,0.0,2.0,17,5,7,07/18/2024,2024-07-18,17:45:00
03/04/2024 07:50:00 AM,7.0,3,2,8,10,3,3,1,2,1,4,UNABLE TO DETERMINE,2,2,0.0,0.0,0.0,0.0,0.0,2.0,7,2,3,03/04/2024,2024-03-04,07:50:00
04/07/2024 03:13:00 PM,3.0,5,2,4,6,3,4,1,2,1,4,UNABLE TO DETERMINE,2,2,0.0,0.0,0.0,0.0,0.0,2.0,15,1,4,04/07/2024,2024-04-07,15:13:00
06/27/2024 07:58:00 PM,7.0,3,2,8,5,3,3,3,2,1,4,IMPROPER BACKING,2,2,0.0,0.0,0.0,0.0,0.0,2.0,19,5,6,06/27/2024,2024-06-27,19:58:00
04/09/2024 06:05:00 PM,7.0,3,2,14,4,3,3,3,2,1,3,DISREGARDING STOP SIGN,2,2,0.0,0.0,0.0,0.0,0.0,2.0,18,3,4,04/09/2024,2024-04-09,18:05:00
06/20/2024 10:50:00 AM,5.0,3,2,6,7,3,3,3,2,1,4,TURNING RIGHT ON RED,2,2,0.0,0.0,0.0,0.0,0.0,2.0,10,5,6,06/20/2024,2024-06-20,10:50:00
03/15/2024 06:03:00 PM,7.0,3,2,13,5,3,3,1,3,1,4,UNABLE TO DETERMINE,2,3,1.0,0.0,0.0,0.0,1.0,1.0,18,6,3,03/15/2024,2024-03-15,18:03:00
01/27/2024 01:52:00 PM,5.0,5,2,6,12,3,4,1,3,1,4,UNABLE TO DETERMINE,2,2,0.0,0.0,0.0,0.0,0.0,2.0,13,7,1,01/27/2024,2024-01-27,13:52:00
08/13/2024 02:09:00 AM,5.0,3,5,5,5,3,3,3,3,1,4,DISREGARDING TRAFFIC SIGNALS,2,4,1.0,0.0,0.0,1.0,0.0,2.0,2,3,8,08/13/2024,2024-08-13,02:09:00
03/23/2024 05:35:00 PM,5.0,3,2,3,5,3,3,3,2,1,4,IMPROPER LANE USAGE,2,2,0.0,0.0,0.0,0.0,0.0,4.0,17,7,3,03/23/2024,2024-03-23,17:35:00
06/08/2024 11:30:00 AM,5.0,3,2,6,4,3,3,3,2,0,4,IMPROPER TURNING/NO SIGNAL,2,2,0.0,0.0,0.0,0.0,0.0,2.0,11,7,6,06/08/2024,2024-06-08,11:30:00
03/20/2024 09:00:00 AM,5.0,3,2,4,5,3,3,3,2,1,4,NOT APPLICABLE,2,2,0.0,0.0,0.0,0.0,0.0,2.0,9,4,3,03/20/2024,2024-03-20,09:00:00
08/26/2024 02:00:00 PM,7.0,3,2,5,6,3,3,3,3,1,4,FAILING TO YIELD RIGHT-OF-WAY,2,3,1.0,0.0,0.0,0.0,1.0,1.0,14,2,8,08/26/2024,2024-08-26,14:00:00
07/06/2024 06:35:00 AM,5.0,3,2,4,7,3,3,3,3,1,4,FOLLOWING TOO CLOSELY,2,2,0.0,0.0,0.0,0.0,0.0,2.0,6,7,7,07/06/2024,2024-07-06,06:35:00
05/03/2024 11:15:00 AM,5.0,3,2,4,5,3,3,3,2,1,3,FOLLOWING TOO CLOSELY,2,2,0.0,0.0,0.0,0.0,0.0,2.0,11,6,5,05/03/2024,2024-05-03,11:15:00
02/28/2024 03:10:00 PM,7.0,3,2,5,6,3,3,3,3,1,4,UNABLE TO DETERMINE,2,4,1.0,0.0,0.0,1.0,0.0,1.0,15,4,2,02/28/2024,2024-02-28,15:10:00
04/09/2024 08:30:00 AM,5.0,3,5,3,6,3,3,3,2,1,4,IMPROPER OVERTAKING/PASSING,2,2,0.0,0.0,0.0,0.0,0.0,2.0,8,3,4,04/09/2024,2024-04-09,08:30:00
01/28/2024 07:00:00 PM,3.0,3,2,7,17,3,1,1,2,0,4,IMPROPER BACKING,2,2,0.0,0.0,0.0,0.0,0.0,2.0,19,1,1,01/28/2024,2024-01-28,19:00:00
04/12/2024 03:32:00 PM,5.0,5,2,3,7,3,4,3,2,1,4,DRIVING SKILLS/KNOWLEDGE/EXPERIENCE,2,2,0.0,0.0,0.0,0.0,0.0,2.0,15,6,4,04/12/2024,2024-04-12,15:32:00
03/02/2024 04:25:00 PM,1.0,3,2,3,5,3,1,1,2,1,4,UNABLE TO DETERMINE,2,2,0.0,0.0,0.0,0.0,0.0,2.0,16,7,3,03/02/2024,2024-03-02,16:25:00
04/16/2024 03:31:00 PM,7.0,3,2,5,5,3,3,1,3,1,4,FAILING TO YIELD RIGHT-OF-WAY,2,2,0.0,0.0,0.0,0.0,0.0,3.0,15,3,4,04/16/2024,2024-04-16,15:31:00
02/05/2024 02:45:00 PM,5.0,3,2,3,6,3,3,3,2,1,4,FAILING TO YIELD RIGHT-OF-WAY,2,2,0.0,0.0,0.0,0.0,0.0,2.0,14,2,2,02/05/2024,2024-02-05,14:45:00
05/01/2024 06:42:00 PM,5.0,3,2,14,6,3,3,3,3,1,3,NOT APPLICABLE,2,4,1.0,0.0,0.0,1.0,0.0,1.0,18,4,5,05/01/2024,2024-05-01,18:42:00
06/07/2024 09:30:00 AM,5.0,3,2,3,6,3,3,3,2,1,3,FAILING TO YIELD RIGHT-OF-WAY,2,2,0.0,0.0,0.0,0.0,0.0,2.0,9,6,6,06/07/2024,2024-06-07,09:30:00
04/27/2024 12:00:00 AM,5.0,5,5,6,5,3,4,3,2,1,4,UNABLE TO DETERMINE,2,2,0.0,0.0,0.0,0.0,0.0,3.0,0,7,4,04/27/2024,2024-04-27,00:00:00
05/05/2024 01:36:00 PM,2.0,3,2,13,4,3,1,1,3,1,3,UNABLE TO DETERMINE,2,4,1.0,0.0,0.0,1.0,0.0,1.0,13,1,5,05/05/2024,2024-05-05,13:36:00
02/22/2024 03:20:00 PM,5.0,3,2,6,6,3,3,3,3,1,4,IMPROPER TURNING/NO SIGNAL,2,2,0.0,0.0,0.0,0.0,0.0,3.0,15,5,2,02/22/2024,2024-02-22,15:20:00
03/15/2024 06:11:00 PM,5.0,3,5,6,4,3,3,3,2,1,4,UNABLE TO DETERMINE,2,2,0.0,0.0,0.0,0.0,0.0,2.0,18,6,3,03/15/2024,2024-03-15,18:11:00
01/22/2024 09:30:00 PM,5.0,8,5,4,5,4,4,3,2,1,3,DRIVING SKILLS/KNOWLEDGE/EXPERIENCE,2,2,0.0,0.0,0.0,0.0,0.0,3.0,21,2,1,01/22/2024,2024-01-22,21:30:00
04/10/2024 05:06:00 PM,5.0,3,2,3,5,3,3,3,2,1,4,IMPROPER OVERTAKING/PASSING,2,2,0.0,0.0,0.0,0.0,0.0,2.0,17,4,4,04/10/2024,2024-04-10,17:06:00
01/04/2024 08:50:00 AM,5.0,3,2,5,5,3,3,3,3,1,4,DISREGARDING TRAFFIC SIGNALS,2,4,1.0,0.0,0.0,1.0,0.0,1.0,8,5,1,01/04/2024,2024-01-04,08:50:00
04/28/2024 07:05:00 AM,5.0,5,2,6,6,3,4,3,2,1,4,UNABLE TO DETERMINE,2,2,0.0,0.0,0.0,0.0,0.0,2.0,7,1,4,04/28/2024,2024-04-28,07:05:00
03/30/2024 04:31:00 PM,5.0,3,2,6,4,3,3,3,2,1,4,UNABLE TO DETERMINE,2,2,0.0,0.0,0.0,0.0,0.0,3.0,16,7,3,03/30/2024,2024-03-30,16:31:00
04/21/2024 03:00:00 PM,1.0,3,2,4,5,3,1,1,2,1,4,UNABLE TO DETERMINE,2,2,0.0,0.0,0.0,0.0,0.0,2.0,15,1,4,04/21/2024,2024-04-21,15:00:00
02/28/2024 11:22:00 AM,7.0,3,2,5,6,3,3,3,3,1,4,FAILING TO YIELD RIGHT-OF-WAY,2,2,0.0,0.0,0.0,0.0,0.0,2.0,11,4,2,02/28/2024,2024-02-28,11:22:00
02/24/2024 08:47:00 PM,7.0,3,5,3,4,3,3,3,2,1,2,RELATED TO BUS STOP,2,2,0.0,0.0,0.0,0.0,0.0,2.0,20,7,2,02/24/2024,2024-02-24,20:47:00
03/26/2024 01:55:00 PM,1.0,3,2,6,6,3,1,1,2,1,4,UNABLE TO DETERMINE,2,2,0.0,0.0,0.0,0.0,0.0,2.0,13,3,3,03/26/2024,2024-03-26,13:55:00
08/12/2024 02:30:00 PM,7.0,3,2,5,10,3,3,3,3,1,4,UNABLE TO DETERMINE,2,2,0.0,0.0,0.0,0.0,0.0,2.0,14,2,8,08/12/2024,2024-08-12,14:30:00
04/05/2024 07:25:00 AM,5.0,4,2,6,6,3,3,3,2,1,4,FAILING TO YIELD RIGHT-OF-WAY,2,2,0.0,0.0,0.0,0.0,0.0,2.0,7,6,4,04/05/2024,2024-04-05,07:25:00
05/14/2024 02:11:00 PM,3.0,3,2,14,7,3,3,3,3,1,4,UNABLE TO DETERMINE,2,4,1.0,0.0,0.0,1.0,0.0,1.0,14,3,5,05/14/2024,2024-05-14,14:11:00
07/08/2024 02:57:00 PM,5.0,3,2,14,6,3,3,3,3,1,3,DISREGARDING OTHER TRAFFIC SIGNS,2,4,1.0,0.0,0.0,1.0,0.0,1.0,14,2,7,07/08/2024,2024-07-08,14:57:00
05/06/2024 04:35:00 PM,5.0,3,3,4,6,3,3,3,2,1,3,UNABLE TO DETERMINE,2,2,0.0,0.0,0.0,0.0,0.0,2.0,16,2,5,05/06/2024,2024-05-06,16:35:00
01/19/2024 11:50:00 AM,5.0,6,2,6,7,3,4,7,3,1,4,DRIVING SKILLS/KNOWLEDGE/EXPERIENCE,2,3,1.0,0.0,0.0,0.0,1.0,1.0,11,6,1,01/19/2024,2024-01-19,11:50:00
02/18/2024 01:05:00 AM,5.0,3,5,6,7,3,3,3,3,1,4,DRIVING ON WRONG SIDE/WRONG WAY,2,4,2.0,0.0,0.0,2.0,0.0,1.0,1,1,2,02/18/2024,2024-02-18,01:05:00
05/14/2024 10:55:00 PM,7.0,3,5,5,7,3,3,3,2,1,4,DISREGARDING STOP SIGN,2,2,0.0,0.0,0.0,0.0,0.0,2.0,22,3,5,05/14/2024,2024-05-14,22:55:00
06/30/2024 01:13:00 AM,5.0,3,5,5,5,3,3,3,3,1,4,DISREGARDING TRAFFIC SIGNALS,2,2,0.0,0.0,0.0,0.0,0.0,4.0,1,1,6,06/30/2024,2024-06-30,01:13:00
05/18/2024 08:00:00 AM,5.0,3,2,6,5,3,3,3,3,1,4,FAILING TO YIELD RIGHT-OF-WAY,2,2,0.0,0.0,0.0,0.0,0.0,2.0,8,7,5,05/18/2024,2024-05-18,08:00:00
07/04/2024 10:40:00 AM,5.0,4,2,14,6,3,1,1,3,1,3,FAILING TO YIELD RIGHT-OF-WAY,2,4,1.0,0.0,0.0,1.0,0.0,1.0,10,5,7,07/04/2024,2024-07-04,10:40:00
08/06/2024 06:30:00 PM,5.0,4,2,6,5,3,3,3,3,1,4,DRIVING SKILLS/KNOWLEDGE/EXPERIENCE,2,4,1.0,0.0,0.0,1.0,0.0,1.0,18,3,8,08/06/2024,2024-08-06,18:30:00
02/27/2024 06:07:00 AM,5.0,3,2,4,4,3,3,3,2,1,3,FOLLOWING TOO CLOSELY,2,2,0.0,0.0,0.0,0.0,0.0,2.0,6,3,2,02/27/2024,2024-02-27,06:07:00
04/22/2024 03:44:00 PM,7.0,3,2,11,5,3,3,3,2,1,3,"VISION OBSCURED (SIGNS, TREE LIMBS, BUILDINGS, ETC.)",2,2,0.0,0.0,0.0,0.0,0.0,1.0,15,2,4,04/22/2024,2024-04-22,15:44:00
06/22/2024 10:51:00 PM,1.0,3,2,6,3,3,1,1,3,1,4,UNABLE TO DETERMINE,2,3,1.0,0.0,0.0,0.0,1.0,2.0,22,7,6,06/22/2024,2024-06-22,22:51:00
05/03/2024 05:24:00 PM,5.0,3,2,6,2,3,3,3,3,0,4,UNABLE TO DETERMINE,2,4,1.0,0.0,0.0,1.0,0.0,2.0,17,6,5,05/03/2024,2024-05-03,17:24:00
03/20/2024 03:43:00 PM,5.0,3,2,3,5,3,3,3,2,1,2,IMPROPER OVERTAKING/PASSING,2,2,0.0,0.0,0.0,0.0,0.0,2.0,15,4,3,03/20/2024,2024-03-20,15:43:00
07/01/2024 12:00:00 PM,7.0,3,2,5,10,3,3,3,2,1,4,DISREGARDING STOP SIGN,2,2,0.0,0.0,0.0,0.0,0.0,2.0,12,2,7,07/01/2024,2024-07-01,12:00:00
05/27/2024 09:25:00 PM,5.0,3,5,6,5,3,3,3,3,1,3,EQUIPMENT - VEHICLE CONDITION,2,4,1.0,0.0,0.0,1.0,0.0,1.0,21,2,5,05/27/2024,2024-05-27,21:25:00
03/13/2024 07:08:00 AM,5.0,3,2,6,5,3,3,3,3,1,4,FAILING TO YIELD RIGHT-OF-WAY,2,3,2.0,0.0,0.0,0.0,2.0,0.0,7,4,3,03/13/2024,2024-03-13,07:08:00
01/28/2024 03:00:00 PM,5.0,4,2,3,5,3,3,3,2,1,4,FOLLOWING TOO CLOSELY,2,2,0.0,0.0,0.0,0.0,0.0,5.0,15,1,1,01/28/2024,2024-01-28,15:00:00
02/29/2024 09:40:00 AM,5.0,3,2,4,6,3,3,3,2,1,3,UNABLE TO DETERMINE,2,2,0.0,0.0,0.0,0.0,0.0,2.0,9,5,2,02/29/2024,2024-02-29,09:40:00
03/30/2024 10:20:00 PM,5.0,3,5,6,5,3,3,3,3,1,4,UNABLE TO DETERMINE,2,2,0.0,0.0,0.0,0.0,0.0,3.0,22,7,3,03/30/2024,2024-03-30,22:20:00
08/07/2024 03:30:00 PM,3.0,3,2,11,5,3,3,3,2,1,3,UNABLE TO DETERMINE,2,2,0.0,0.0,0.0,0.0,0.0,1.0,15,4,8,08/07/2024,2024-08-07,15:30:00
07/27/2024 01:30:00 PM,7.0,3,2,3,5,3,3,3,3,1,4,"DISTRACTION - OTHER ELECTRONIC DEVICE (NAVIGATION DEVICE, DVD PLAYER, ETC.)",2,4,1.0,0.0,0.0,1.0,0.0,1.0,13,7,7,07/27/2024,2024-07-27,13:30:00
07/31/2024 02:50:00 PM,7.0,3,2,5,10,3,3,3,3,1,4,UNABLE TO DETERMINE,2,3,1.0,0.0,0.0,0.0,1.0,1.0,14,4,7,07/31/2024,2024-07-31,14:50:00