crash_date,traffic_control_device,weather_condition,lighting_condition,first_crash_type,trafficway_type,alignment,roadway_surface_cond,road_defect,crash_type,intersection_related_i,damage,prim_contributory_cause,num_units,most_severe_injury,injuries_total,injuries_fatal,injuries_incapacitating,injuries_non_incapacitating,injuries_reported_not_evident,injuries_no_indication,crash_hour,crash_day_of_week,crash_month,parsed_datetime,date,time
08/01/2024 09:15:00 AM,7.0,3,2,6,5,3,3,3,2,1,3,DISREGARDING STOP SIGN,2,2,0.0,0.0,0.0,0.0,0.0,3.0,9,5,8,08/01/2024,2024-08-01,09:15:00
07/18/2024 04:20:00 PM,1.0,3,2,6,5,3,3,1,3,1,4,UNABLE TO DETERMINE,2,3,1.0,0.0,0.0,0.0,1.0,2.0,16,5,7,07/18/2024,2024-07-18,16:20:00
08/02/2024 12:04:00 AM,1.0,5,6,5,6,3,4,1,2,1,4,UNABLE TO DETERMINE,2,2,0.0,0.0,0.0,0.0,0.0,3.0,0,6,8,08/02/2024,2024-08-02,00:04:00
08/13/2024 12:55:00 PM,5.0,3,2,3,3,3,3,3,2,1,4,DRIVING SKILLS/KNOWLEDGE/EXPERIENCE,2,2,0.0,0.0,0.0,0.0,0.0,2.0,12,3,8,08/13/2024,2024-08-13,12:55:00
07/03/2024 01:39:00 PM,5.0,3,2,5,5,3,3,3,3,1,4,DISREGARDING TRAFFIC SIGNALS,2,4,2.0,0.0,0.0,2.0,0.0,0.0,13,4,7,07/03/2024,2024-07-03,13:39:00
05/02/2024 05:45:00 PM,3.0,3,2,6,2,3,3,3,2,1,4,UNABLE TO DETERMINE,2,2,0.0,0.0,0.0,0.0,0.0,2.0,17,5,5,05/02/2024,2024-05-02,17:45:00
07/25/2024 06:00:00 PM,5.0,3,2,13,5,3,3,3,3,1,2,NOT APPLICABLE,2,4,1.0,0.0,0.0,1.0,0.0,1.0,18,5,7,07/25/2024,2024-07-25,18:00:00
05/19/2024 06:57:00 PM,5.0,3,4,5,5,3,3,1,3,1,4,UNABLE TO DETERMINE,2,4,1.0,0.0,0.0,1.0,0.0,1.0,18,1,5,05/19/2024,2024-05-19,18:57:00
06/17/2024 07:20:00 PM,5.0,3,2,3,5,3,3,3,2,1,3,UNABLE TO DETERMINE,2,2,0.0,0.0,0.0,0.0,0.0,2.0,19,2,6,06/17/2024,2024-06-17,19:20:00
01/29/2024 07:20:00 AM,3.0,3,2,3,6,3,3,3,2,1,3,UNABLE TO DETERMINE,2,2,0.0,0.0,0.0,0.0,0.0,2.0,7,2,1,01/29/2024,2024-01-29,07:20:00
02/11/2024 02:40:00 PM,5.0,3,2,6,4,3,3,3,3,1,4,FAILING TO YIELD RIGHT-OF-WAY,2,4,1.0,0.0,0.0,1.0,0.0,2.0,14,1,2,02/11/2024,2024-02-11,14:40:00
06/02/2024 10:40:00 AM,7.0,3,2,3,6,3,3,1,2,1,4,IMPROPER BACKING,2,2,0.0,0.0,0.0,0.0,0.0,2.0,10,1,6,06/02/2024,2024-06-02,10:40:00
03/20/2024 06:39:00 AM,7.0,3,2,6,6,3,3,3,2,1,4,DRIVING SKILLS/KNOWLEDGE/EXPERIENCE,2,2,0.0,0.0,0.0,0.0,0.0,3.0,6,4,3,03/20/2024,2024-03-20,06:39:00
07/18/2024 01:36:00 PM,3.0,3,2,14,9,3,3,3,3,1,4,FAILING TO REDUCE SPEED TO AVOID CRASH,2,5,1.0,0.0,1.0,0.0,0.0,2.0,13,5,7,07/18/2024,2024-07-18,13:36:00
08/11/2024 08:50:00 AM,5.0,3,2,13,5,3,3,3,3,1,4,FAILING TO YIELD RIGHT-OF-WAY,2,3,1.0,0.0,0.0,0.0,1.0,1.0,8,1,8,08/11/2024,2024-08-11,08:50:00
05/08/2024 07:02:00 PM,5.0,3,2,3,7,3,3,1,3,1,4,FAILING TO REDUCE SPEED TO AVOID CRASH,2,2,0.0,0.0,0.0,0.0,0.0,3.0,19,4,5,05/08/2024,2024-05-08,19:02:00
05/26/2024 02:48:00 PM,3.0,3,2,10,5,3,3,3,3,1,4,DRIVING SKILLS/KNOWLEDGE/EXPERIENCE,2,2,0.0,0.0,0.0,0.0,0.0,2.0,14,1,5,05/26/2024,2024-05-26,14:48:00
02/04/2024 04:24:00 PM,5.0,3,2,6,5,3,3,3,2,1,4,IMPROPER TURNING/NO SIGNAL,2,2,0.0,0.0,0.0,0.0,0.0,3.0,16,1,2,02/04/2024,2024-02-04,16:24:00
06/07/2024 11:46:00 AM,3.0,3,2,6,7,3,3,3,2,1,4,IMPROPER TURNING/NO SIGNAL,2,2,0.0,0.0,0.0,0.0,0.0,2.0,11,6,6,06/07/2024,2024-06-07,11:46:00
03/28/2024 12:00:00 PM,3.0,3,2,13,7,3,3,3,3,1,4,FAILING TO YIELD RIGHT-OF-WAY,2,4,1.0,0.0,0.0,1.0,0.0,1.0,12,5,3,03/28/2024,2024-03-28,12:00:00
01/11/2024 04:30:00 PM,3.0,3,2,6,6,3,3,3,3,1,4,IMPROPER TURNING/NO SIGNAL,2,2,0.0,0.0,0.0,0.0,0.0,3.0,16,5,1,01/11/2024,2024-01-11,16:30:00
06/06/2024 05:10:00 PM,3.0,3,2,6,5,3,3,3,3,1,4,FAILING TO YIELD RIGHT-OF-WAY,2,2,0.0,0.0,0.0,0.0,0.0,2.0,17,5,6,06/06/2024,2024-06-06,17:10:00
01/03/2024 10:00:00 AM,5.0,3,2,5,5,3,3,3,2,1,3,DISREGARDING OTHER TRAFFIC SIGNS,2,2,0.0,0.0,0.0,0.0,0.0,2.0,10,4,1,01/03/2024,2024-01-03,10:00:00
02/11/2024 08:10:00 PM,7.0,3,5,5,4,3,3,3,2,1,4,DISREGARDING STOP SIGN,2,2,0.0,0.0,0.0,0.0,0.0,3.0,20,1,2,02/11/2024,2024-02-11,20:10:00
01/15/2024 10:02:00 PM,7.0,3,5,5,4,3,3,3,2,1,4,UNABLE TO DETERMINE,2,2,0.0,0.0,0.0,0.0,0.0,3.0,22,2,1,01/15/2024,2024-01-15,22:02:00
06/15/2024 11:50:00 PM,5.0,3,6,3,5,3,3,3,2,1,4,IMPROPER OVERTAKING/PASSING,2,2,0.0,0.0,0.0,0.0,0.0,2.0,23,7,6,06/15/2024,2024-06-15,23:50:00
03/10/2024 12:11:00 PM,5.0,3,2,6,4,3,3,3,2,1,4,DISREGARDING TRAFFIC SIGNALS,2,2,0.0,0.0,0.0,0.0,0.0,2.0,12,1,3,03/10/2024,2024-03-10,12:11:00
02/16/2024 11:30:00 AM,5.0,6,2,3,4,3,4,3,2,1,2,UNABLE TO DETERMINE,2,2,0.0,0.0,0.0,0.0,0.0,4.0,11,6,2,02/16/2024,2024-02-16,11:30:00
07/01/2024 11:15:00 AM,3.0,3,4,3,6,3,3,3,2,1,2,IMPROPER LANE USAGE,2,2,0.0,0.0,0.0,0.0,0.0,2.0,11,2,7,07/01/2024,2024-07-01,11:15:00
01/31/2024 12:35:00 PM,5.0,3,2,3,5,3,3,3,2,1,4,DISREGARDING ROAD MARKINGS,2,2,0.0,0.0,0.0,0.0,0.0,2.0,12,4,1,01/31/2024,2024-01-31,12:35:00
06/23/2024 11:30:00 PM,3.0,3,5,6,7,3,3,1,3,1,4,FAILING TO YIELD RIGHT-OF-WAY,2,2,0.0,0.0,0.0,0.0,0.0,4.0,23,1,6,06/23/2024,2024-06-23,23:30:00
08/13/2024 03:43:00 PM,5.0,3,2,4,10,3,3,1,2,1,4,FAILING TO YIELD RIGHT-OF-WAY,2,2,0.0,0.0,0.0,0.0,0.0,3.0,15,3,8,08/13/2024,2024-08-13,15:43:00
07/10/2024 05:29:00 AM,5.0,5,2,5,5,3,4,3,3,1,4,DISREGARDING TRAFFIC SIGNALS,2,4,2.0,0.0,0.0,2.0,0.0,0.0,5,4,7,07/10/2024,2024-07-10,05:29:00
01/05/2024 11:53:00 AM,3.0,3,2,5,7,3,3,1,2,1,3,UNABLE TO DETERMINE,2,2,0.0,0.0,0.0,0.0,0.0,3.0,11,6,1,01/05/2024,2024-01-05,11:53:00
03/26/2024 04:30:00 PM,5.0,3,2,6,5,3,3,1,3,1,4,UNABLE TO DETERMINE,2,4,1.0,0.0,0.0,1.0,0.0,1.0,16,3,3,03/26/2024,2024-03-26,16:30:00
02/11/2024 04:04:00 PM,7.0,3,2,6,5,3,3,3,2,1,4,FAILING TO YIELD RIGHT-OF-WAY,2,2,0.0,0.0,0.0,0.0,0.0,3.0,16,1,2,02/11/2024,2024-02-11,16:04:00
07/28/2024 12:30:00 PM,5.0,3,2,6,5,3,3,1,2,1,4,FAILING TO YIELD RIGHT-OF-WAY,2,2,0.0,0.0,0.0,0.0,0.0,2.0,12,1,7,07/28/2024,2024-07-28,12:30:00
06/17/2024 12:42:00 AM,5.0,3,5,5,5,3,3,3,3,1,4,UNABLE TO DETERMINE,2,3,1.0,0.0,0.0,0.0,1.0,1.0,0,2,6,06/17/2024,2024-06-17,00:42:00
01/05/2024 12:55:00 AM,5.0,3,5,5,5,3,3,1,2,1,4,DISREGARDING TRAFFIC SIGNALS,2,2,0.0,0.0,0.0,0.0,0.0,2.0,0,6,1,01/05/2024,2024-01-05,00:55:00
05/07/2024 08:47:00 PM,3.0,3,5,6,16,3,4,3,2,1,4,"VISION OBSCURED (SIGNS, TREE LIMBS, BUILDINGS, ETC.)",2,2,0.0,0.0,0.0,0.0,0.0,2.0,20,3,5,05/07/2024,2024-05-07,20:47:00
07/10/2024 09:00:00 AM,3.0,4,2,6,7,3,4,3,3,1,4,FAILING TO YIELD RIGHT-OF-WAY,2,2,0.0,0.0,0.0,0.0,0.0,4.0,9,4,7,07/10/2024,2024-07-10,09:00:00
07/07/2024 09:00:00 AM,7.0,3,2,5,5,3,3,3,3,1,4,FAILING TO YIELD RIGHT-OF-WAY,2,4,1.0,0.0,0.0,1.0,0.0,2.0,9,1,7,07/07/2024,2024-07-07,09:00:00
05/14/2024 03:25:00 PM,7.0,3,2,5,5,3,3,3,3,1,4,DISREGARDING STOP SIGN,2,4,1.0,0.0,0.0,1.0,0.0,1.0,15,3,5,05/14/2024,2024-05-14,15:25:00
05/30/2024 06:17:00 PM,5.0,3,5,4,6,3,1,1,2,1,3,FOLLOWING TOO CLOSELY,2,2,0.0,0.0,0.0,0.0,0.0,2.0,18,5,5,05/30/2024,2024-05-30,18:17:00
03/06/2024 05:52:00 PM,5.0,3,5,4,7,3,3,3,2,1,4,IMPROPER OVERTAKING/PASSING,2,2,0.0,0.0,0.0,0.0,0.0,2.0,17,4,3,03/06/2024,2024-03-06,17:52:00
04/01/2024 07:49:00 PM,3.0,5,5,5,6,3,4,3,3,1,4,WEATHER,2,2,0.0,0.0,0.0,0.0,0.0,2.0,19,2,4,04/01/2024,2024-04-01,19:49:00
02/11/2024 03:01:00 PM,1.0,3,2,13,12,3,1,1,3,1,3,UNABLE TO DETERMINE,2,4,1.0,0.0,0.0,1.0,0.0,1.0,15,1,2,02/11/2024,2024-02-11,15:01:00
03/22/2024 05:30:00 PM,7.0,4,2,5,4,3,1,1,2,1,4,FAILING TO YIELD RIGHT-OF-WAY,2,2,0.0,0.0,0.0,0.0,0.0,7.0,17,6,3,03/22/2024,2024-03-22,17:30:00
05/01/2024 05:31:00 PM,5.0,3,2,6,6,3,3,3,2,1,4,NOT APPLICABLE,2,2,0.0,0.0,0.0,0.0,0.0,2.0,17,4,5,05/01/2024,2024-05-01,17:31:00
07/08/2024 12:50:00 AM,5.0,3,5,5,6,3,3,3,2,1,4,FAILING TO YIELD RIGHT-OF-WAY,2,2,0.0,0.0,0.0,0.0,0.0,3.0,0,2,7,07/08/2024,2024-07-08,00:50:00
01/26/2024 08:20:00 AM,5.0,5,2,5,7,3,4,3,3,1,3,UNABLE TO DETERMINE,2,2,0.0,0.0,0.0,0.0,0.0,2.0,8,6,1,01/26/2024,2024-01-26,08:20:00
01/06/2024 12:08:00 PM,5.0,6,2,4,6,3,4,3,2,0,3,FOLLOWING TOO CLOSELY,2,2,0.0,0.0,0.0,0.0,0.0,2.0,12,7,1,01/06/2024,2024-01-06,12:08:00
01/06/2024 04:01:00 PM,5.0,6,2,4,4,3,4,3,2,1,4,UNABLE TO DETERMINE,2,2,0.0,0.0,0.0,0.0,0.0,2.0,16,7,1,01/06/2024,2024-01-06,16:01:00
06/03/2024 08:51:00 AM,7.0,3,2,5,5,3,3,3,3,1,4,NOT APPLICABLE,2,3,1.0,0.0,0.0,0.0,1.0,4.0,8,2,6,06/03/2024,2024-06-03,08:51:00
06/11/2024 03:33:00 PM,1.0,3,2,4,5,3,1,1,2,1,4,UNABLE TO DETERMINE,2,2,0.0,0.0,0.0,0.0,0.0,3.0,15,3,6,06/11/2024,2024-06-11,15:33:00
06/26/2024 04:32:00 PM,5.0,3,2,4,7,3,1,1,2,1,4,UNABLE TO DETERMINE,2,2,0.0,0.0,0.0,0.0,0.0,4.0,16,4,6,06/26/2024,2024-06-26,16:32:00
06/23/2024 01:37:00 AM,5.0,5,5,6,5,3,4,1,3,1,4,FAILING TO YIELD RIGHT-OF-WAY,2,4,2.0,0.0,0.0,2.0,0.0,1.0,1,1,6,06/23/2024,2024-06-23,01:37:00
03/21/2024 07:45:00 PM,3.0,3,5,5,6,3,3,3,2,1,4,FAILING TO YIELD RIGHT-OF-WAY,2,2,0.0,0.0,0.0,0.0,0.0,2.0,19,5,3,03/21/2024,2024-03-21,19:45:00
03/02/2024 03:10:00 PM,1.0,3,2,3,5,3,1,1,2,1,4,UNABLE TO DETERMINE,2,2,0.0,0.0,0.0,0.0,0.0,2.0,15,7,3,03/02/2024,2024-03-02,15:10:00
05/11/2024 02:05:00 AM,7.0,3,4,6,10,3,4,7,2,1,4,FAILING TO REDUCE SPEED TO AVOID CRASH,2,2,0.0,0.0,0.0,0.0,0.0,2.0,2,7,5,05/11/2024,2024-05-11,02:05:00
02/23/2024 07:30:00 PM,7.0,6,5,5,1,3,4,3,2,1,4,FAILING TO YIELD RIGHT-OF-WAY,2,2,0.0,0.0,0.0,0.0,0.0,5.0,19,6,2,02/23/2024,2024-02-23,19:30:00
01/11/2024 04:35:00 PM,5.0,3,4,4,4,3,3,3,2,1,2,FOLLOWING TOO CLOSELY,2,2,0.0,0.0,0.0,0.0,0.0,2.0,16,5,1,01/11/2024,2024-01-11,16:35:00
01/31/2024 08:45:00 AM,5.0,3,2,6,5,3,3,3,3,1,3,FAILING TO YIELD RIGHT-OF-WAY,2,2,0.0,0.0,0.0,0.0,0.0,2.0,8,4,1,01/31/2024,2024-01-31,08:45:00
01/07/2024 05:25:00 PM,5.0,3,2,3,6,3,3,3,2,1,2,UNABLE TO DETERMINE,2,2,0.0,0.0,0.0,0.0,0.0,3.0,17,1,1,01/07/2024,2024-01-07,17:25:00
06/03/2024 07:59:00 PM,5.0,3,4,14,6,3,3,3,3,1,4,DISREGARDING TRAFFIC SIGNALS,2,4,1.0,0.0,0.0,1.0,0.0,1.0,19,2,6,06/03/2024,2024-06-03,19:59:00
05/10/2024 12:55:00 PM,3.0,3,2,5,6,3,3,3,3,1,2,DISREGARDING OTHER TRAFFIC SIGNS,2,3,1.0,0.0,0.0,0.0,1.0,1.0,12,6,5,05/10/2024,2024-05-10,12:55:00
04/14/2024 02:10:00 PM,5.0,3,2,6,6,3,3,3,3,1,4,UNABLE TO DETERMINE,2,2,0.0,0.0,0.0,0.0,0.0,2.0,14,1,4,04/14/2024,2024-04-14,14:10:00
05/24/2024 11:05:00 PM,7.0,3,5,5,5,3,4,3,2,1,4,UNABLE TO DETERMINE,2,2,0.0,0.0,0.0,0.0,0.0,5.0,23,6,5,05/24/2024,2024-05-24,23:05:00
02/15/2024 11:01:00 PM,5.0,3,5,6,5,3,3,1,3,1,4,FAILING TO YIELD RIGHT-OF-WAY,2,2,0.0,0.0,0.0,0.0,0.0,2.0,23,5,2,02/15/2024,2024-02-15,23:01:00
05/18/2024 01:15:00 PM,5.0,3,2,6,5,3,3,3,3,1,4,DISREGARDING TRAFFIC SIGNALS,2,2,0.0,0.0,0.0,0.0,0.0,3.0,13,7,5,05/18/2024,2024-05-18,13:15:00
07/27/2024 04:02:00 AM,5.0,3,5,4,5,3,3,3,2,1,2,FOLLOWING TOO CLOSELY,2,2,0.0,0.0,0.0,0.0,0.0,2.0,4,7,7,07/27/2024,2024-07-27,04:02:00
01/23/2024 10:17:00 AM,5.0,5,2,6,5,3,4,3,2,1,4,IMPROPER TURNING/NO SIGNAL,2,2,0.0,0.0,0.0,0.0,0.0,2.0,10,3,1,01/23/2024,2024-01-23,10:17:00
05/18/2024 09:45:00 PM,5.0,3,5,3,6,3,3,1,2,1,3,IMPROPER BACKING,2,2,0.0,0.0,0.0,0.0,0.0,2.0,21,7,5,05/18/2024,2024-05-18,21:45:00
02/07/2024 03:00:00 PM,5.0,3,2,6,5,3,3,3,2,1,4,DISREGARDING TRAFFIC SIGNALS,2,2,0.0,0.0,0.0,0.0,0.0,2.0,15,4,2,02/07/2024,2024-02-07,15:00:00
05/11/2024 10:30:00 PM,5.0,3,5,6,1,3,3,3,2,1,4,UNABLE TO DETERMINE,2,2,0.0,0.0,0.0,0.0,0.0,5.0,22,7,5,05/11/2024,2024-05-11,22:30:00
01/22/2024 05:05:00 PM,5.0,3,6,4,5,3,3,3,2,1,4,UNABLE TO DETERMINE,2,2,0.0,0.0,0.0,0.0,0.0,2.0,17,2,1,01/22/2024,2024-01-22,17:05:00
05/10/2024 05:00:00 PM,5.0,3,2,3,5,3,3,3,2,1,4,UNABLE TO DETERMINE,2,2,0.0,0.0,0.0,0.0,0.0,2.0,17,6,5,05/10/2024,2024-05-10,17:00:00
05/09/2024 04:19:00 PM,7.0,5,2,5,5,3,4,3,3,1,4,DISREGARDING STOP SIGN,2,4,1.0,0.0,0.0,1.0,0.0,5.0,16,5,5,05/09/2024,2024-05-09,16:19:00
07/14/2024 04:55:00 PM,5.0,3,2,4,4,3,3,3,3,1,4,FAILING TO REDUCE SPEED TO AVOID CRASH,2,2,0.0,0.0,0.0,0.0,0.0,3.0,16,1,7,07/14/2024,2024-07-14,16:55:00
06/05/2024 03:00:00 PM,5.0,3,2,6,6,3,3,3,2,1,4,FAILING TO YIELD RIGHT-OF-WAY,2,2,0.0,0.0,0.0,0.0,0.0,2.0,15,4,6,06/05/2024,2024-06-05,15:00:00
05/11/2024 12:11:00 AM,5.0,5,5,4,6,3,4,3,2,1,4,UNABLE TO DETERMINE,2,2,0.0,0.0,0.0,0.0,0.0,2.0,0,7,5,05/11/2024,2024-05-11,00:11:00
01/19/2024 02:13:00 PM,7.0,6,2,5,5,3,5,1,3,1,4,UNABLE TO DETERMINE,2,3,1.0,0.0,0.0,0.0,1.0,2.0,14,6,1,01/19/2024,2024-01-19,14:13:00
05/01/2024 10:44:00 PM,3.0,3,6,5,5,3,3,3,3,1,4,FAILING TO YIELD RIGHT-OF-WAY,2,2,0.0,0.0,0.0,0.0,0.0,2.0,22,4,5,05/01/2024,2024-05-01,22:44:00
06/27/2024 08:07:00 AM,5.0,3,2,3,6,3,3,3,2,1,4,NOT APPLICABLE,2,2,0.0,0.0,0.0,0.0,0.0,2.0,8,5,6,06/27/2024,2024-06-27,08:07:00
06/17/2024 04:15:00 PM,5.0,3,2,6,5,3,3,3,3,1,4,FAILING TO YIELD RIGHT-OF-WAY,2,2,0.0,0.0,0.0,0.0,0.0,2.0,16,2,6,06/17/2024,2024-06-17,16:15:00
03/24/2024 09:11:00 PM,5.0,3,4,3,6,3,3,3,3,1,4,IMPROPER OVERTAKING/PASSING,2,2,0.0,0.0,0.0,0.0,0.0,3.0,21,1,3,03/24/2024,2024-03-24,21:11:00
03/05/2024 12:24:00 PM,5.0,4,2,4,4,3,3,3,3,1,2,FOLLOWING TOO CLOSELY,2,3,2.0,0.0,0.0,0.0,2.0,2.0,12,3,3,03/05/2024,2024-03-05,12:24:00
04/11/2024 04:50:00 PM,3.0,3,2,5,7,3,3,3,2,1,3,UNABLE TO DETERMINE,2,2,0.0,0.0,0.0,0.0,0.0,3.0,16,5,4,04/11/2024,2024-04-11,16:50:00
01/23/2024 10:00:00 AM,5.0,8,2,4,6,3,4,3,3,1,3,FOLLOWING TOO CLOSELY,2,4,1.0,0.0,0.0,1.0,0.0,2.0,10,3,1,01/23/2024,2024-01-23,10:00:00
02/29/2024 02:38:00 PM,5.0,3,2,3,6,3,3,1,3,1,4,FAILING TO REDUCE SPEED TO AVOID CRASH,2,4,2.0,0.0,0.0,2.0,0.0,4.0,14,5,2,02/29/2024,2024-02-29,14:38:00
07/12/2024 12:18:00 PM,5.0,3,2,5,2,3,1,1,2,0,4,UNABLE TO DETERMINE,2,2,0.0,0.0,0.0,0.0,0.0,2.0,12,6,7,07/12/2024,2024-07-12,12:18:00
05/20/2024 01:56:00 PM,7.0,3,2,6,6,3,3,3,2,0,4,NOT APPLICABLE,2,2,0.0,0.0,0.0,0.0,0.0,2.0,13,2,5,05/20/2024,2024-05-20,13:56:00
03/02/2024 02:54:00 PM,5.0,3,2,6,5,3,3,3,2,1,4,IMPROPER TURNING/NO SIGNAL,2,2,0.0,0.0,0.0,0.0,0.0,2.0,14,7,3,03/02/2024,2024-03-02,14:54:00
05/21/2024 03:41:00 PM,7.0,3,2,5,6,3,3,3,3,1,4,DISREGARDING STOP SIGN,2,2,0.0,0.0,0.0,0.0,0.0,3.0,15,3,5,05/21/2024,2024-05-21,15:41:00
06/23/2024 03:30:00 PM,5.0,3,2,6,14,3,1,3,2,1,4,UNABLE TO DETERMINE,2,2,0.0,0.0,0.0,0.0,0.0,6.0,15,1,6,06/23/2024,2024-06-23,15:30:00
03/18/2024 12:05:00 PM,5.0,4,2,4,5,3,3,3,2,1,3,FOLLOWING TOO CLOSELY,2,2,0.0,0.0,0.0,0.0,0.0,2.0,12,2,3,03/18/2024,2024-03-18,12:05:00
06/08/2024 01:26:00 PM,5.0,3,2,6,6,3,3,3,3,1,4,IMPROPER TURNING/NO SIGNAL,2,2,0.0,0.0,0.0,0.0,0.0,2.0,13,7,6,06/08/2024,2024-06-08,13:26:00
07/17/2024 06:57:00 PM,5.0,3,2,4,5,3,3,1,2,1,4,FAILING TO REDUCE SPEED TO AVOID CRASH,2,2,0.0,0.0,0.0,0.0,0.0,2.0,18,4,7,07/17/2024,2024-07-17,18:57:00
03/05/2024 09:00:00 AM,7.0,5,2,5,6,3,4,3,2,1,4,FAILING TO YIELD RIGHT-OF-WAY,2,2,0.0,0.0,0.0,0.0,0.0,2.0,9,3,3,03/05/2024,2024-03-05,09:00:00
07/04/2024 12:15:00 PM,5.0,3,2,14,4,3,3,3,3,1,4,FAILING TO YIELD RIGHT-OF-WAY,2,4,1.0,0.0,0.0,1.0,0.0,2.0,12,5,7,07/04/2024,2024-07-04,12:15:00
06/10/2024 01:15:00 PM,7.0,3,2,5,5,3,3,1,2,1,4,FAILING TO YIELD RIGHT-OF-WAY,2,2,0.0,0.0,0.0,0.0,0.0,2.0,13,2,6,06/10/2024,2024-06-10,13:15:00
07/10/2024 10:45:00 PM,7.0,3,5,5,5,3,3,3,2,1,4,FAILING TO YIELD RIGHT-OF-WAY,2,2,0.0,0.0,0.0,0.0,0.0,2.0,22,4,7,07/10/2024,2024-07-10,22:45:00
03/21/2024 01:35:00 PM,5.0,3,2,4,6,3,3,2,2,1,4,FAILING TO YIELD RIGHT-OF-WAY,2,2,0.0,0.0,0.0,0.0,0.0,2.0,13,5,3,03/21/2024,2024-03-21,13:35:00
06/06/2024 12:00:00 PM,7.0,3,2,5,1,3,1,1,2,1,2,UNABLE TO DETERMINE,2,2,0.0,0.0,0.0,0.0,0.0,2.0,12,5,6,06/06/2024,2024-06-06,12:00:00
07/29/2024 05:20:00 PM,5.0,3,2,6,5,3,3,3,3,1,4,FAILING TO YIELD RIGHT-OF-WAY,2,4,2.0,0.0,0.0,2.0,0.0,0.0,17,2,7,07/29/2024,2024-07-29,17:20:00
07/31/2024 02:05:00 PM,5.0,3,2,5,5,3,3,3,2,1,3,FAILING TO YIELD RIGHT-OF-WAY,2,2,0.0,0.0,0.0,0.0,0.0,2.0,14,4,7,07/31/2024,2024-07-31,14:05:00
07/16/2024 09:55:00 AM,5.0,3,2,4,6,3,3,3,2,1,4,FOLLOWING TOO CLOSELY,2,2,0.0,0.0,0.0,0.0,0.0,3.0,9,3,7,07/16/2024,2024-07-16,09:55:00
01/30/2024 10:07:00 AM,5.0,4,2,4,5,3,3,3,3,1,3,FOLLOWING TOO CLOSELY,2,4,1.0,0.0,0.0,1.0,0.0,1.0,10,3,1,01/30/2024,2024-01-30,10:07:00
07/22/2024 06:25:00 AM,5.0,3,2,3,6,3,3,3,2,1,4,IMPROPER OVERTAKING/PASSING,2,2,0.0,0.0,0.0,0.0,0.0,2.0,6,2,7,07/22/2024,2024-07-22,06:25:00
07/07/2024 05:15:00 PM,5.0,5,2,4,4,3,4,3,2,1,3,FAILING TO REDUCE SPEED TO AVOID CRASH,2,2,0.0,0.0,0.0,0.0,0.0,2.0,17,1,7,07/07/2024,2024-07-07,17:15:00
02/08/2024 08:40:00 AM,5.0,3,2,4,5,3,1,1,2,1,4,FOLLOWING TOO CLOSELY,2,2,0.0,0.0,0.0,0.0,0.0,2.0,8,5,2,02/08/2024,2024-02-08,08:40:00
06/25/2024 01:15:00 PM,5.0,3,2,6,6,3,3,3,2,1,4,UNABLE TO DETERMINE,2,2,0.0,0.0,0.0,0.0,0.0,3.0,13,3,6,06/25/2024,2024-06-25,13:15:00
01/18/2024 07:47:00 AM,5.0,3,2,5,5,3,4,3,2,1,4,DISREGARDING TRAFFIC SIGNALS,2,2,0.0,0.0,0.0,0.0,0.0,3.0,7,5,1,01/18/2024,2024-01-18,07:47:00
03/30/2024 12:30:00 PM,7.0,3,2,5,7,3,3,1,2,1,4,UNABLE TO DETERMINE,2,2,0.0,0.0,0.0,0.0,0.0,2.0,12,7,3,03/30/2024,2024-03-30,12:30:00
06/21/2024 06:20:00 PM,5.0,3,2,5,5,3,1,1,2,1,4,UNABLE TO DETERMINE,2,2,0.0,0.0,0.0,0.0,0.0,2.0,18,6,6,06/21/2024,2024-06-21,18:20:00
06/26/2024 02:23:00 PM,3.0,3,2,3,1,3,3,3,2,0,2,IMPROPER LANE USAGE,2,2,0.0,0.0,0.0,0.0,0.0,2.0,14,4,6,06/26/2024,2024-06-26,14:23:00
05/28/2024 12:22:00 PM,3.0,3,2,13,4,3,3,3,3,1,4,UNABLE TO DETERMINE,2,4,1.0,0.0,0.0,1.0,0.0,1.0,12,3,5,05/28/2024,2024-05-28,12:22:00
03/23/2024 12:30:00 AM,5.0,3,6,14,5,3,1,1,3,1,4,UNABLE TO DETERMINE,2,4,1.0,0.0,0.0,1.0,0.0,1.0,0,7,3,03/23/2024,2024-03-23,00:30:00
06/27/2024 07:40:00 PM,3.0,3,2,11,6,3,3,1,3,1,4,UNABLE TO DETERMINE,2,4,1.0,0.0,0.0,1.0,0.0,0.0,19,5,6,06/27/2024,2024-06-27,19:40:00
07/10/2024 04:10:00 PM,5.0,3,2,4,5,3,3,3,2,1,4,UNABLE TO DETERMINE,2,2,0.0,0.0,0.0,0.0,0.0,2.0,16,4,7,07/10/2024,2024-07-10,16:10:00
01/09/2024 04:25:00 PM,5.0,6,5,13,5,3,5,1,3,1,4,WEATHER,2,3,1.0,0.0,0.0,0.0,1.0,1.0,16,3,1,01/09/2024,2024-01-09,16:25:00
02/01/2024 06:05:00 PM,7.0,3,6,5,4,3,3,3,3,1,4,DISREGARDING ROAD MARKINGS,2,3,1.0,0.0,0.0,0.0,1.0,2.0,18,5,2,02/01/2024,2024-02-01,18:05:00
06/02/2024 11:20:00 PM,5.0,3,5,4,5,3,3,3,2,1,4,UNABLE TO DETERMINE,2,2,0.0,0.0,0.0,0.0,0.0,2.0,23,1,6,06/02/2024,2024-06-02,23:20:00