crash_date,traffic_control_device,weather_condition,lighting_condition,first_crash_type,trafficway_type,alignment,roadway_surface_cond,road_defect,crash_type,intersection_related_i,damage,prim_contributory_cause,num_units,most_severe_injury,injuries_total,injuries_fatal,injuries_incapacitating,injuries_non_incapacitating,injuries_reported_not_evident,injuries_no_indication,crash_hour,crash_day_of_week,crash_month,parsed_datetime,date,time
02/17/2024 08:50:00 PM,5.0,3,5,3,4,3,3,1,2,1,3,IMPROPER LANE USAGE,2,2,0.0,0.0,0.0,0.0,0.0,3.0,20,7,2,02/17/2024,2024-02-17,20:50:00
04/19/2024 08:15:00 AM,7.0,3,2,3,4,3,3,3,3,1,4,UNABLE TO DETERMINE,2,2,0.0,0.0,0.0,0.0,0.0,2.0,8,6,4,04/19/2024,2024-04-19,08:15:00
06/05/2024 08:20:00 PM,5.0,3,2,6,6,3,3,3,2,1,4,UNABLE TO DETERMINE,2,2,0.0,0.0,0.0,0.0,0.0,2.0,20,4,6,06/05/2024,2024-06-05,20:20:00
02/29/2024 05:30:00 PM,3.0,3,6,6,6,3,3,1,2,0,4,IMPROPER LANE USAGE,2,2,0.0,0.0,0.0,0.0,0.0,5.0,17,5,2,02/29/2024,2024-02-29,17:30:00
06/10/2024 06:30:00 AM,5.0,3,2,3,10,3,3,3,2,1,4,IMPROPER LANE USAGE,2,2,0.0,0.0,0.0,0.0,0.0,2.0,6,2,6,06/10/2024,2024-06-10,06:30:00
04/14/2024 07:13:00 PM,5.0,3,2,6,6,3,3,3,3,1,4,FAILING TO YIELD RIGHT-OF-WAY,2,6,1.0,1.0,0.0,0.0,0.0,2.0,19,1,4,04/14/2024,2024-04-14,19:13:00
03/08/2024 03:52:00 PM,7.0,5,2,5,1,3,4,3,3,1,4,DISREGARDING STOP SIGN,2,4,2.0,0.0,0.0,2.0,0.0,0.0,15,6,3,03/08/2024,2024-03-08,15:52:00
06/09/2024 07:00:00 AM,3.0,3,2,6,6,3,3,3,2,1,4,FAILING TO YIELD RIGHT-OF-WAY,2,2,0.0,0.0,0.0,0.0,0.0,2.0,7,1,6,06/09/2024,2024-06-09,07:00:00
05/01/2024 04:51:00 PM,5.0,3,2,6,5,3,3,3,3,1,4,FAILING TO YIELD RIGHT-OF-WAY,2,4,1.0,0.0,0.0,1.0,0.0,1.0,16,4,5,05/01/2024,2024-05-01,16:51:00
04/29/2024 01:30:00 PM,1.0,3,2,5,5,3,1,1,2,1,4,UNABLE TO DETERMINE,2,2,0.0,0.0,0.0,0.0,0.0,2.0,13,2,4,04/29/2024,2024-04-29,13:30:00
06/27/2024 06:31:00 AM,5.0,3,2,6,10,3,3,3,2,1,4,UNABLE TO DETERMINE,2,2,0.0,0.0,0.0,0.0,0.0,3.0,6,5,6,06/27/2024,2024-06-27,06:31:00
06/05/2024 02:54:00 PM,7.0,3,2,6,5,3,3,3,3,1,4,FAILING TO YIELD RIGHT-OF-WAY,2,2,0.0,0.0,0.0,0.0,0.0,4.0,14,4,6,06/05/2024,2024-06-05,14:54:00
03/29/2024 11:40:00 AM,5.0,3,2,3,4,3,3,3,2,1,2,IMPROPER OVERTAKING/PASSING,2,2,0.0,0.0,0.0,0.0,0.0,2.0,11,6,3,03/29/2024,2024-03-29,11:40:00
06/18/2024 07:55:00 PM,5.0,3,2,3,3,3,3,3,2,1,4,IMPROPER LANE USAGE,2,2,0.0,0.0,0.0,0.0,0.0,2.0,19,3,6,06/18/2024,2024-06-18,19:55:00
01/05/2024 10:40:00 PM,5.0,6,6,6,6,3,4,3,3,1,4,DISREGARDING TRAFFIC SIGNALS,2,4,1.0,0.0,0.0,1.0,0.0,1.0,22,6,1,01/05/2024,2024-01-05,22:40:00
02/08/2024 07:46:00 PM,3.0,5,5,5,5,3,4,3,2,1,3,UNABLE TO DETERMINE,2,2,0.0,0.0,0.0,0.0,0.0,2.0,19,5,2,02/08/2024,2024-02-08,19:46:00
03/13/2024 03:38:00 PM,7.0,3,2,5,5,3,3,3,3,1,4,DISREGARDING STOP SIGN,2,4,1.0,0.0,0.0,1.0,0.0,1.0,15,4,3,03/13/2024,2024-03-13,15:38:00
07/01/2024 02:58:00 PM,7.0,3,2,4,4,3,3,3,2,1,4,FOLLOWING TOO CLOSELY,2,2,0.0,0.0,0.0,0.0,0.0,4.0,14,2,7,07/01/2024,2024-07-01,14:58:00
02/02/2024 04:43:00 AM,7.0,3,5,5,5,3,3,3,2,1,4,FAILING TO YIELD RIGHT-OF-WAY,2,2,0.0,0.0,0.0,0.0,0.0,2.0,4,6,2,02/02/2024,2024-02-02,04:43:00
07/10/2024 03:20:00 PM,7.0,3,2,5,6,3,3,3,2,1,4,FAILING TO YIELD RIGHT-OF-WAY,2,2,0.0,0.0,0.0,0.0,0.0,2.0,15,4,7,07/10/2024,2024-07-10,15:20:00
07/15/2024 10:59:00 PM,5.0,5,5,13,6,3,4,3,3,1,2,WEATHER,2,4,1.0,0.0,0.0,1.0,0.0,1.0,22,2,7,07/15/2024,2024-07-15,22:59:00
01/07/2024 12:35:00 PM,1.0,3,2,6,5,3,4,3,3,1,4,FAILING TO YIELD RIGHT-OF-WAY,2,2,0.0,0.0,0.0,0.0,0.0,4.0,12,1,1,01/07/2024,2024-01-07,12:35:00
03/17/2024 08:30:00 PM,5.0,3,5,4,5,3,1,1,3,1,4,FAILING TO REDUCE SPEED TO AVOID CRASH,2,4,1.0,0.0,0.0,1.0,0.0,1.0,20,1,3,03/17/2024,2024-03-17,20:30:00
03/20/2024 12:27:00 PM,3.0,3,2,6,7,3,3,3,3,1,4,"VISION OBSCURED (SIGNS, TREE LIMBS, BUILDINGS, ETC.)",2,4,2.0,0.0,0.0,2.0,0.0,1.0,12,4,3,03/20/2024,2024-03-20,12:27:00
08/06/2024 06:10:00 PM,5.0,4,2,6,4,3,3,3,2,1,4,FAILING TO YIELD RIGHT-OF-WAY,2,2,0.0,0.0,0.0,0.0,0.0,5.0,18,3,8,08/06/2024,2024-08-06,18:10:00
03/11/2024 11:50:00 AM,5.0,3,2,6,5,3,3,3,3,1,4,UNABLE TO DETERMINE,2,4,1.0,0.0,0.0,1.0,0.0,1.0,11,2,3,03/11/2024,2024-03-11,11:50:00
07/11/2024 09:35:00 PM,5.0,3,5,6,6,3,3,3,3,1,4,IMPROPER TURNING/NO SIGNAL,2,4,1.0,0.0,0.0,1.0,0.0,2.0,21,5,7,07/11/2024,2024-07-11,21:35:00
04/05/2024 08:51:00 AM,5.0,3,2,6,3,3,3,3,2,1,3,DRIVING SKILLS/KNOWLEDGE/EXPERIENCE,2,2,0.0,0.0,0.0,0.0,0.0,2.0,8,6,4,04/05/2024,2024-04-05,08:51:00
08/08/2024 05:58:00 PM,7.0,3,2,4,7,3,3,3,2,1,4,UNABLE TO DETERMINE,2,2,0.0,0.0,0.0,0.0,0.0,2.0,17,5,8,08/08/2024,2024-08-08,17:58:00
04/14/2024 03:10:00 PM,3.0,3,2,11,6,3,3,3,2,0,3,IMPROPER TURNING/NO SIGNAL,2,2,0.0,0.0,0.0,0.0,0.0,5.0,15,1,4,04/14/2024,2024-04-14,15:10:00
05/07/2024 12:45:00 PM,5.0,3,2,4,6,3,1,1,2,1,2,UNABLE TO DETERMINE,2,2,0.0,0.0,0.0,0.0,0.0,2.0,12,3,5,05/07/2024,2024-05-07,12:45:00
03/24/2024 03:08:00 PM,5.0,3,2,6,5,3,3,3,3,1,4,DISREGARDING TRAFFIC SIGNALS,2,3,2.0,0.0,0.0,0.0,2.0,1.0,15,1,3,03/24/2024,2024-03-24,15:08:00
06/16/2024 09:52:00 AM,5.0,3,2,5,5,3,3,3,3,1,4,DISREGARDING TRAFFIC SIGNALS,2,2,0.0,0.0,0.0,0.0,0.0,5.0,9,1,6,06/16/2024,2024-06-16,09:52:00
07/06/2024 09:50:00 PM,5.0,3,5,4,5,3,3,1,2,1,4,"OPERATING VEHICLE IN ERRATIC, RECKLESS, CARELESS, NEGLIGENT OR AGGRESSIVE MANNER",2,2,0.0,0.0,0.0,0.0,0.0,4.0,21,7,7,07/06/2024,2024-07-06,21:50:00
05/30/2024 04:47:00 PM,5.0,3,2,3,5,3,3,3,2,1,2,UNABLE TO DETERMINE,2,2,0.0,0.0,0.0,0.0,0.0,15.0,16,5,5,05/30/2024,2024-05-30,16:47:00
05/13/2024 07:40:00 AM,5.0,3,2,13,5,3,3,3,3,1,2,FAILING TO YIELD RIGHT-OF-WAY,2,3,1.0,0.0,0.0,0.0,1.0,2.0,7,2,5,05/13/2024,2024-05-13,07:40:00
03/03/2024 10:00:00 AM,5.0,3,2,3,4,3,3,1,2,1,4,UNABLE TO DETERMINE,2,2,0.0,0.0,0.0,0.0,0.0,3.0,10,1,3,03/03/2024,2024-03-03,10:00:00
08/06/2024 04:43:00 PM,7.0,3,2,5,5,3,3,3,3,1,4,UNABLE TO DETERMINE,2,4,1.0,0.0,0.0,1.0,0.0,2.0,16,3,8,08/06/2024,2024-08-06,16:43:00
05/17/2024 01:37:00 PM,5.0,3,2,3,6,3,3,3,3,1,4,DRIVING ON WRONG SIDE/WRONG WAY,2,3,1.0,0.0,0.0,0.0,1.0,1.0,13,6,5,05/17/2024,2024-05-17,13:37:00
08/08/2024 04:00:00 PM,5.0,3,2,3,6,3,3,3,2,1,4,FAILING TO YIELD RIGHT-OF-WAY,2,2,0.0,0.0,0.0,0.0,0.0,2.0,16,5,8,08/08/2024,2024-08-08,16:00:00
02/26/2024 09:32:00 PM,5.0,3,5,6,5,3,3,3,2,1,3,IMPROPER TURNING/NO SIGNAL,2,2,0.0,0.0,0.0,0.0,0.0,2.0,21,2,2,02/26/2024,2024-02-26,21:32:00
05/27/2024 02:10:00 PM,5.0,3,2,4,5,3,3,3,3,1,4,FOLLOWING TOO CLOSELY,2,3,1.0,0.0,0.0,0.0,1.0,4.0,14,2,5,05/27/2024,2024-05-27,14:10:00
01/14/2024 10:30:00 AM,7.0,3,2,4,5,3,5,3,2,0,2,UNABLE TO DETERMINE,2,2,0.0,0.0,0.0,0.0,0.0,2.0,10,1,1,01/14/2024,2024-01-14,10:30:00
01/06/2024 10:21:00 AM,7.0,6,2,5,5,3,5,3,2,1,4,FAILING TO YIELD RIGHT-OF-WAY,2,2,0.0,0.0,0.0,0.0,0.0,2.0,10,7,1,01/06/2024,2024-01-06,10:21:00
02/07/2024 04:11:00 PM,5.0,3,6,6,6,3,3,3,3,1,4,UNABLE TO DETERMINE,2,2,0.0,0.0,0.0,0.0,0.0,2.0,16,4,2,02/07/2024,2024-02-07,16:11:00
05/10/2024 01:43:00 PM,7.0,3,2,6,10,3,3,3,2,1,4,FAILING TO YIELD RIGHT-OF-WAY,2,2,0.0,0.0,0.0,0.0,0.0,2.0,13,6,5,05/10/2024,2024-05-10,13:43:00
06/05/2024 04:31:00 PM,5.0,3,2,3,6,3,3,3,2,1,4,FOLLOWING TOO CLOSELY,2,2,0.0,0.0,0.0,0.0,0.0,2.0,16,4,6,06/05/2024,2024-06-05,16:31:00
02/09/2024 09:03:00 PM,5.0,3,5,5,1,3,3,3,3,1,4,NOT APPLICABLE,2,3,1.0,0.0,0.0,0.0,1.0,1.0,21,6,2,02/09/2024,2024-02-09,21:03:00
04/12/2024 04:25:00 PM,5.0,5,2,6,6,3,4,3,2,1,4,WEATHER,2,2,0.0,0.0,0.0,0.0,0.0,2.0,16,6,4,04/12/2024,2024-04-12,16:25:00
04/17/2024 09:20:00 AM,5.0,3,2,4,10,3,3,3,2,1,4,FOLLOWING TOO CLOSELY,2,2,0.0,0.0,0.0,0.0,0.0,2.0,9,4,4,04/17/2024,2024-04-17,09:20:00
07/13/2024 07:16:00 PM,3.0,3,2,13,6,3,3,3,3,1,3,FAILING TO YIELD RIGHT-OF-WAY,2,4,1.0,0.0,0.0,1.0,0.0,1.0,19,7,7,07/13/2024,2024-07-13,19:16:00
05/06/2024 02:10:00 PM,5.0,3,2,3,5,3,3,3,2,1,4,UNABLE TO DETERMINE,2,2,0.0,0.0,0.0,0.0,0.0,2.0,14,2,5,05/06/2024,2024-05-06,14:10:00
03/05/2024 11:58:00 AM,5.0,4,2,4,4,3,4,3,3,1,4,FAILING TO REDUCE SPEED TO AVOID CRASH,2,2,0.0,0.0,0.0,0.0,0.0,3.0,11,3,3,03/05/2024,2024-03-05,11:58:00
06/18/2024 04:00:00 PM,7.0,3,2,6,7,3,3,3,2,1,4,IMPROPER OVERTAKING/PASSING,2,2,0.0,0.0,0.0,0.0,0.0,2.0,16,3,6,06/18/2024,2024-06-18,16:00:00
02/26/2024 01:43:00 PM,5.0,3,2,4,6,3,3,3,2,0,2,UNABLE TO DETERMINE,2,2,0.0,0.0,0.0,0.0,0.0,3.0,13,2,2,02/26/2024,2024-02-26,13:43:00
06/23/2024 12:02:00 AM,3.0,5,5,4,10,3,4,1,2,0,3,UNABLE TO DETERMINE,2,2,0.0,0.0,0.0,0.0,0.0,3.0,0,1,6,06/23/2024,2024-06-23,00:02:00
01/22/2024 07:40:00 AM,5.0,3,2,4,6,3,5,3,2,1,3,FOLLOWING TOO CLOSELY,2,2,0.0,0.0,0.0,0.0,0.0,2.0,7,2,1,01/22/2024,2024-01-22,07:40:00
06/05/2024 05:17:00 PM,5.0,3,2,3,6,3,3,3,2,1,4,IMPROPER LANE USAGE,2,2,0.0,0.0,0.0,0.0,0.0,4.0,17,4,6,06/05/2024,2024-06-05,17:17:00
01/13/2024 06:36:00 PM,5.0,6,5,6,5,3,5,3,3,1,4,FAILING TO YIELD RIGHT-OF-WAY,2,4,1.0,0.0,0.0,1.0,0.0,2.0,18,7,1,01/13/2024,2024-01-13,18:36:00
05/07/2024 12:07:00 PM,3.0,3,2,3,6,3,3,1,2,0,3,FOLLOWING TOO CLOSELY,2,2,0.0,0.0,0.0,0.0,0.0,3.0,12,3,5,05/07/2024,2024-05-07,12:07:00
07/09/2024 08:40:00 AM,5.0,3,2,4,14,3,3,3,2,1,3,FOLLOWING TOO CLOSELY,2,2,0.0,0.0,0.0,0.0,0.0,2.0,8,3,7,07/09/2024,2024-07-09,08:40:00
08/03/2024 06:00:00 PM,7.0,3,2,5,6,3,3,3,2,1,4,FAILING TO YIELD RIGHT-OF-WAY,2,2,0.0,0.0,0.0,0.0,0.0,5.0,18,7,8,08/03/2024,2024-08-03,18:00:00
04/20/2024 08:30:00 PM,3.0,3,2,3,2,3,3,3,2,0,4,NOT APPLICABLE,2,2,0.0,0.0,0.0,0.0,0.0,2.0,20,7,4,04/20/2024,2024-04-20,20:30:00
07/08/2024 08:23:00 AM,3.0,3,2,6,3,3,4,3,2,1,4,IMPROPER OVERTAKING/PASSING,2,2,0.0,0.0,0.0,0.0,0.0,3.0,8,2,7,07/08/2024,2024-07-08,08:23:00
03/23/2024 06:00:00 PM,1.0,3,2,6,4,3,1,1,2,1,3,UNABLE TO DETERMINE,2,2,0.0,0.0,0.0,0.0,0.0,2.0,18,7,3,03/23/2024,2024-03-23,18:00:00
06/25/2024 05:01:00 PM,5.0,3,2,3,6,3,3,3,2,1,4,FAILING TO REDUCE SPEED TO AVOID CRASH,2,2,0.0,0.0,0.0,0.0,0.0,2.0,17,3,6,06/25/2024,2024-06-25,17:01:00
06/12/2024 08:00:00 AM,5.0,3,2,14,5,3,3,3,3,1,4,FAILING TO YIELD RIGHT-OF-WAY,2,4,1.0,0.0,0.0,1.0,0.0,1.0,8,4,6,06/12/2024,2024-06-12,08:00:00
04/29/2024 03:09:00 PM,7.0,3,2,5,4,3,3,3,3,1,4,FAILING TO YIELD RIGHT-OF-WAY,2,3,1.0,0.0,0.0,0.0,1.0,2.0,15,2,4,04/29/2024,2024-04-29,15:09:00
06/15/2024 05:50:00 PM,7.0,3,2,5,5,3,3,3,2,1,4,IMPROPER BACKING,2,2,0.0,0.0,0.0,0.0,0.0,4.0,17,7,6,06/15/2024,2024-06-15,17:50:00
04/26/2024 08:35:00 PM,5.0,3,5,13,3,3,4,3,3,1,4,FAILING TO YIELD RIGHT-OF-WAY,2,4,1.0,0.0,0.0,1.0,0.0,1.0,20,6,4,04/26/2024,2024-04-26,20:35:00
03/09/2024 07:52:00 PM,7.0,3,5,4,6,3,3,3,2,1,4,FOLLOWING TOO CLOSELY,2,2,0.0,0.0,0.0,0.0,0.0,7.0,19,7,3,03/09/2024,2024-03-09,19:52:00
03/27/2024 08:25:00 AM,5.0,3,2,6,5,3,3,3,2,1,4,IMPROPER OVERTAKING/PASSING,2,2,0.0,0.0,0.0,0.0,0.0,2.0,8,4,3,03/27/2024,2024-03-27,08:25:00
07/15/2024 07:46:00 PM,3.0,3,4,6,7,3,3,3,2,1,4,FAILING TO YIELD RIGHT-OF-WAY,2,2,0.0,0.0,0.0,0.0,0.0,2.0,19,2,7,07/15/2024,2024-07-15,19:46:00
02/03/2024 03:55:00 PM,1.0,3,2,13,6,3,1,1,3,1,2,UNABLE TO DETERMINE,2,3,1.0,0.0,0.0,0.0,1.0,1.0,15,7,2,02/03/2024,2024-02-03,15:55:00
04/05/2024 08:30:00 AM,7.0,4,2,5,6,3,3,3,3,1,4,UNABLE TO DETERMINE,2,2,0.0,0.0,0.0,0.0,0.0,2.0,8,6,4,04/05/2024,2024-04-05,08:30:00
07/10/2024 05:24:00 PM,7.0,3,2,5,5,3,3,3,3,1,4,FAILING TO YIELD RIGHT-OF-WAY,2,2,0.0,0.0,0.0,0.0,0.0,2.0,17,4,7,07/10/2024,2024-07-10,17:24:00
05/08/2024 09:00:00 PM,5.0,3,5,6,6,3,3,3,2,1,4,UNABLE TO DETERMINE,2,2,0.0,0.0,0.0,0.0,0.0,2.0,21,4,5,05/08/2024,2024-05-08,21:00:00
03/08/2024 06:23:00 PM,7.0,5,5,6,7,3,4,3,2,1,4,IMPROPER LANE USAGE,2,2,0.0,0.0,0.0,0.0,0.0,2.0,18,6,3,03/08/2024,2024-03-08,18:23:00
02/16/2024 04:28:00 PM,7.0,3,2,5,5,3,3,6,3,0,4,UNABLE TO DETERMINE,2,3,1.0,0.0,0.0,0.0,1.0,1.0,16,6,2,02/16/2024,2024-02-16,16:28:00
01/09/2024 02:25:00 PM,3.0,5,2,4,6,3,4,1,2,1,3,UNABLE TO DETERMINE,2,2,0.0,0.0,0.0,0.0,0.0,2.0,14,3,1,01/09/2024,2024-01-09,14:25:00
04/11/2024 07:30:00 PM,5.0,3,2,6,5,3,3,1,2,1,4,UNABLE TO DETERMINE,2,2,0.0,0.0,0.0,0.0,0.0,2.0,19,5,4,04/11/2024,2024-04-11,19:30:00
03/26/2024 10:55:00 AM,5.0,5,2,6,5,3,4,3,2,1,4,FAILING TO REDUCE SPEED TO AVOID CRASH,2,2,0.0,0.0,0.0,0.0,0.0,2.0,10,3,3,03/26/2024,2024-03-26,10:55:00
01/04/2024 05:27:00 PM,7.0,3,2,5,5,3,1,1,2,1,3,UNABLE TO DETERMINE,2,2,0.0,0.0,0.0,0.0,0.0,2.0,17,5,1,01/04/2024,2024-01-04,17:27:00
01/04/2024 05:55:00 PM,5.0,3,5,5,5,3,3,3,2,1,4,DISREGARDING TRAFFIC SIGNALS,2,2,0.0,0.0,0.0,0.0,0.0,2.0,17,5,1,01/04/2024,2024-01-04,17:55:00
06/17/2024 06:10:00 PM,5.0,3,2,6,4,3,3,3,2,1,4,UNABLE TO DETERMINE,2,2,0.0,0.0,0.0,0.0,0.0,2.0,18,2,6,06/17/2024,2024-06-17,18:10:00
03/20/2024 02:55:00 PM,5.0,3,2,6,5,3,3,1,3,1,3,DISREGARDING TRAFFIC SIGNALS,2,2,0.0,0.0,0.0,0.0,0.0,2.0,14,4,3,03/20/2024,2024-03-20,14:55:00
05/16/2024 10:54:00 AM,7.0,3,2,8,3,3,3,3,3,1,4,UNABLE TO DETERMINE,2,3,1.0,0.0,0.0,0.0,1.0,1.0,10,5,5,05/16/2024,2024-05-16,10:54:00
01/20/2024 02:30:00 PM,5.0,3,2,13,6,4,3,3,3,1,2,FAILING TO YIELD RIGHT-OF-WAY,2,4,1.0,0.0,0.0,1.0,0.0,1.0,14,7,1,01/20/2024,2024-01-20,14:30:00
05/28/2024 07:52:00 AM,5.0,3,2,4,5,3,3,3,2,1,3,UNABLE TO DETERMINE,2,2,0.0,0.0,0.0,0.0,0.0,2.0,7,3,5,05/28/2024,2024-05-28,07:52:00
07/21/2024 02:50:00 PM,7.0,3,2,10,5,3,3,3,2,1,3,DRIVING SKILLS/KNOWLEDGE/EXPERIENCE,2,2,0.0,0.0,0.0,0.0,0.0,2.0,14,1,7,07/21/2024,2024-07-21,14:50:00
06/13/2024 05:36:00 PM,7.0,3,3,5,5,3,3,3,3,1,4,FAILING TO YIELD RIGHT-OF-WAY,2,3,1.0,0.0,0.0,0.0,1.0,1.0,17,5,6,06/13/2024,2024-06-13,17:36:00
01/16/2024 09:30:00 PM,5.0,6,5,4,4,5,5,3,2,1,4,FAILING TO REDUCE SPEED TO AVOID CRASH,2,2,0.0,0.0,0.0,0.0,0.0,2.0,21,3,1,01/16/2024,2024-01-16,21:30:00
02/19/2024 02:23:00 PM,5.0,3,2,5,6,3,3,3,2,1,4,UNABLE TO DETERMINE,2,2,0.0,0.0,0.0,0.0,0.0,2.0,14,2,2,02/19/2024,2024-02-19,14:23:00
05/17/2024 01:45:00 PM,5.0,3,2,6,4,3,3,3,2,1,4,FAILING TO YIELD RIGHT-OF-WAY,2,2,0.0,0.0,0.0,0.0,0.0,2.0,13,6,5,05/17/2024,2024-05-17,13:45:00
03/22/2024 10:26:00 AM,7.0,3,2,5,5,3,4,3,2,1,3,FAILING TO YIELD RIGHT-OF-WAY,2,2,0.0,0.0,0.0,0.0,0.0,2.0,10,6,3,03/22/2024,2024-03-22,10:26:00
05/17/2024 07:10:00 AM,5.0,3,2,13,5,3,3,3,3,1,2,FAILING TO REDUCE SPEED TO AVOID CRASH,2,4,1.0,0.0,0.0,1.0,0.0,1.0,7,6,5,05/17/2024,2024-05-17,07:10:00
02/04/2024 05:40:00 PM,7.0,3,5,5,5,3,3,3,3,1,4,UNABLE TO DETERMINE,2,2,0.0,0.0,0.0,0.0,0.0,2.0,17,1,2,02/04/2024,2024-02-04,17:40:00
06/14/2024 07:35:00 AM,5.0,3,2,5,5,3,3,3,2,1,4,ROAD CONSTRUCTION/MAINTENANCE,2,2,0.0,0.0,0.0,0.0,0.0,2.0,7,6,6,06/14/2024,2024-06-14,07:35:00
04/27/2024 11:27:00 PM,5.0,3,5,6,7,3,3,3,3,1,4,IMPROPER TURNING/NO SIGNAL,2,3,1.0,0.0,0.0,0.0,1.0,1.0,23,7,4,04/27/2024,2024-04-27,23:27:00
02/28/2024 01:40:00 PM,5.0,3,2,6,14,3,3,7,3,1,4,UNABLE TO DETERMINE,2,4,2.0,0.0,0.0,2.0,0.0,2.0,13,4,2,02/28/2024,2024-02-28,13:40:00
03/05/2024 09:56:00 AM,5.0,5,2,11,6,3,4,3,3,1,4,IMPROPER TURNING/NO SIGNAL,2,2,0.0,0.0,0.0,0.0,0.0,1.0,9,3,3,03/05/2024,2024-03-05,09:56:00
02/27/2024 11:50:00 AM,7.0,3,2,5,3,3,3,3,2,1,4,FAILING TO YIELD RIGHT-OF-WAY,2,2,0.0,0.0,0.0,0.0,0.0,2.0,11,3,2,02/27/2024,2024-02-27,11:50:00
01/23/2024 05:55:00 PM,5.0,5,3,5,5,3,4,3,3,1,4,IMPROPER OVERTAKING/PASSING,2,5,1.0,0.0,1.0,0.0,0.0,1.0,17,3,1,01/23/2024,2024-01-23,17:55:00
05/19/2024 02:20:00 PM,5.0,3,2,5,1,3,1,1,3,1,4,UNABLE TO DETERMINE,2,4,1.0,0.0,0.0,1.0,0.0,2.0,14,1,5,05/19/2024,2024-05-19,14:20:00
04/21/2024 02:07:00 PM,5.0,3,2,13,3,3,3,3,3,1,2,FAILING TO YIELD RIGHT-OF-WAY,2,5,1.0,0.0,1.0,0.0,0.0,1.0,14,1,4,04/21/2024,2024-04-21,14:07:00
04/27/2024 02:49:00 PM,5.0,3,2,6,6,4,3,1,3,1,4,IMPROPER OVERTAKING/PASSING,2,3,2.0,0.0,0.0,0.0,2.0,1.0,14,7,4,04/27/2024,2024-04-27,14:49:00
04/02/2024 11:00:00 PM,7.0,3,5,5,6,3,3,3,3,1,4,UNABLE TO DETERMINE,2,2,0.0,0.0,0.0,0.0,0.0,2.0,23,3,4,04/02/2024,2024-04-02,23:00:00
01/06/2024 10:24:00 AM,7.0,6,2,5,17,3,4,3,3,1,4,FAILING TO REDUCE SPEED TO AVOID CRASH,2,3,1.0,0.0,0.0,0.0,1.0,2.0,10,7,1,01/06/2024,2024-01-06,10:24:00
07/14/2024 12:46:00 AM,5.0,3,5,4,4,3,3,3,2,1,4,FOLLOWING TOO CLOSELY,2,2,0.0,0.0,0.0,0.0,0.0,2.0,0,1,7,07/14/2024,2024-07-14,00:46:00
02/01/2024 06:14:00 PM,5.0,3,4,13,3,3,1,1,3,1,4,UNABLE TO DETERMINE,2,5,1.0,0.0,1.0,0.0,0.0,1.0,18,5,2,02/01/2024,2024-02-01,18:14:00
02/16/2024 10:00:00 AM,5.0,3,2,4,4,3,3,3,2,1,3,FOLLOWING TOO CLOSELY,2,2,0.0,0.0,0.0,0.0,0.0,3.0,10,6,2,02/16/2024,2024-02-16,10:00:00
07/03/2024 11:58:00 PM,5.0,3,5,6,5,3,3,3,2,1,2,FAILING TO REDUCE SPEED TO AVOID CRASH,2,2,0.0,0.0,0.0,0.0,0.0,2.0,23,4,7,07/03/2024,2024-07-03,23:58:00
01/28/2024 12:30:00 AM,1.0,3,5,4,5,3,1,1,2,0,4,UNABLE TO DETERMINE,2,2,0.0,0.0,0.0,0.0,0.0,3.0,0,1,1,01/28/2024,2024-01-28,00:30:00
06/20/2024 12:00:00 PM,5.0,3,2,4,5,3,3,3,2,1,2,DRIVING SKILLS/KNOWLEDGE/EXPERIENCE,2,2,0.0,0.0,0.0,0.0,0.0,2.0,12,5,6,06/20/2024,2024-06-20,12:00:00
03/05/2024 03:10:00 PM,5.0,3,2,13,5,3,3,3,3,0,2,UNABLE TO DETERMINE,2,3,1.0,0.0,0.0,0.0,1.0,1.0,15,3,3,03/05/2024,2024-03-05,15:10:00
06/29/2024 09:00:00 AM,3.0,3,2,11,10,3,3,3,2,0,4,UNABLE TO DETERMINE,2,2,0.0,0.0,0.0,0.0,0.0,1.0,9,7,6,06/29/2024,2024-06-29,09:00:00
02/15/2024 05:09:00 PM,3.0,3,4,5,5,3,3,3,3,1,4,UNABLE TO DETERMINE,2,2,0.0,0.0,0.0,0.0,0.0,2.0,17,5,2,02/15/2024,2024-02-15,17:09:00
05/29/2024 04:00:00 PM,5.0,3,2,5,6,3,3,3,2,1,4,FAILING TO YIELD RIGHT-OF-WAY,2,2,0.0,0.0,0.0,0.0,0.0,2.0,16,4,5,05/29/2024,2024-05-29,16:00:00
01/03/2024 08:20:00 AM,3.0,3,2,3,6,3,3,1,2,1,2,FOLLOWING TOO CLOSELY,2,2,0.0,0.0,0.0,0.0,0.0,2.0,8,4,1,01/03/2024,2024-01-03,08:20:00
03/11/2024 05:00:00 PM,5.0,3,2,5,6,3,3,3,3,1,2,DISREGARDING TRAFFIC SIGNALS,2,4,1.0,0.0,0.0,1.0,0.0,1.0,17,2,3,03/11/2024,2024-03-11,17:00:00
01/19/2024 12:00:00 AM,7.0,6,5,5,7,3,5,3,2,1,4,WEATHER,2,2,0.0,0.0,0.0,0.0,0.0,2.0,0,6,1,01/19/2024,2024-01-19,00:00:00
08/24/2024 12:40:00 AM,3.0,3,5,6,5,3,3,3,3,1,4,IMPROPER TURNING/NO SIGNAL,2,2,0.0,0.0,0.0,0.0,0.0,2.0,0,7,8,08/24/2024,2024-08-24,00:40:00