crash_date,traffic_control_device,weather_condition,lighting_condition,first_crash_type,trafficway_type,alignment,roadway_surface_cond,road_defect,crash_type,intersection_related_i,damage,prim_contributory_cause,num_units,most_severe_injury,injuries_total,injuries_fatal,injuries_incapacitating,injuries_non_incapacitating,injuries_reported_not_evident,injuries_no_indication,crash_hour,crash_day_of_week,crash_month,parsed_datetime,date,time
07/25/2024 06:25:00 PM,5.0,3,2,5,5,3,3,3,3,1,4,FAILING TO YIELD RIGHT-OF-WAY,2,4,1.0,0.0,0.0,1.0,0.0,2.0,18,5,7,07/25/2024,2024-07-25,18:25:00
04/21/2024 06:12:00 PM,5.0,3,2,5,5,3,1,1,2,1,3,UNABLE TO DETERMINE,2,2,0.0,0.0,0.0,0.0,0.0,2.0,18,1,4,04/21/2024,2024-04-21,18:12:00
05/06/2024 09:38:00 AM,7.0,3,2,5,5,3,3,3,3,1,4,DISREGARDING STOP SIGN,2,2,0.0,0.0,0.0,0.0,0.0,3.0,9,2,5,05/06/2024,2024-05-06,09:38:00
08/13/2024 02:02:00 PM,5.0,3,2,3,6,3,3,3,2,1,4,IMPROPER LANE USAGE,2,2,0.0,0.0,0.0,0.0,0.0,2.0,14,3,8,08/13/2024,2024-08-13,14:02:00
04/09/2024 01:45:00 PM,5.0,3,2,3,5,3,1,1,2,1,3,UNABLE TO DETERMINE,2,2,0.0,0.0,0.0,0.0,0.0,3.0,13,3,4,04/09/2024,2024-04-09,13:45:00
05/12/2024 08:10:00 AM,5.0,3,2,6,5,3,3,3,3,1,4,FAILING TO YIELD RIGHT-OF-WAY,2,4,1.0,0.0,0.0,1.0,0.0,1.0,8,1,5,05/12/2024,2024-05-12,08:10:00
04/26/2024 03:30:00 PM,5.0,5,2,4,5,3,4,3,2,1,4,FAILING TO REDUCE SPEED TO AVOID CRASH,2,2,0.0,0.0,0.0,0.0,0.0,3.0,15,6,4,04/26/2024,2024-04-26,15:30:00
04/15/2024 12:45:00 PM,5.0,3,2,6,5,3,3,1,3,1,2,UNABLE TO DETERMINE,2,3,1.0,0.0,0.0,0.0,1.0,1.0,12,2,4,04/15/2024,2024-04-15,12:45:00
03/14/2024 12:34:00 PM,5.0,3,2,6,6,3,3,3,3,1,4,FAILING TO YIELD RIGHT-OF-WAY,2,2,0.0,0.0,0.0,0.0,0.0,2.0,12,5,3,03/14/2024,2024-03-14,12:34:00
06/02/2024 09:00:00 PM,7.0,3,6,5,1,3,3,3,3,1,3,DRIVING SKILLS/KNOWLEDGE/EXPERIENCE,2,2,0.0,0.0,0.0,0.0,0.0,2.0,21,1,6,06/02/2024,2024-06-02,21:00:00
03/15/2024 03:58:00 PM,7.0,3,2,5,5,3,3,3,3,1,4,FAILING TO YIELD RIGHT-OF-WAY,2,2,0.0,0.0,0.0,0.0,0.0,2.0,15,6,3,03/15/2024,2024-03-15,15:58:00
04/18/2024 01:20:00 PM,7.0,4,2,4,4,3,3,3,2,1,3,FAILING TO REDUCE SPEED TO AVOID CRASH,2,2,0.0,0.0,0.0,0.0,0.0,2.0,13,5,4,04/18/2024,2024-04-18,13:20:00
03/12/2024 02:55:00 PM,5.0,3,2,3,6,3,1,1,2,1,4,IMPROPER OVERTAKING/PASSING,2,2,0.0,0.0,0.0,0.0,0.0,3.0,14,3,3,03/12/2024,2024-03-12,14:55:00
02/13/2024 11:40:00 AM,5.0,3,2,4,6,3,3,3,3,1,4,FOLLOWING TOO CLOSELY,2,4,1.0,0.0,0.0,1.0,0.0,3.0,11,3,2,02/13/2024,2024-02-13,11:40:00
05/30/2024 04:12:00 PM,5.0,3,2,14,6,3,3,3,3,1,4,FAILING TO YIELD RIGHT-OF-WAY,2,5,1.0,0.0,1.0,0.0,0.0,3.0,16,5,5,05/30/2024,2024-05-30,16:12:00
03/13/2024 07:00:00 AM,7.0,3,2,5,6,3,3,3,2,1,4,UNABLE TO DETERMINE,2,2,0.0,0.0,0.0,0.0,0.0,2.0,7,4,3,03/13/2024,2024-03-13,07:00:00
04/10/2024 10:50:00 AM,7.0,3,2,5,5,3,3,3,2,1,4,DRIVING SKILLS/KNOWLEDGE/EXPERIENCE,2,2,0.0,0.0,0.0,0.0,0.0,2.0,10,4,4,04/10/2024,2024-04-10,10:50:00
01/29/2024 05:50:00 AM,7.0,3,5,6,5,3,3,3,3,1,4,FAILING TO YIELD RIGHT-OF-WAY,2,3,2.0,0.0,0.0,0.0,2.0,0.0,5,2,1,01/29/2024,2024-01-29,05:50:00
06/21/2024 07:00:00 PM,5.0,3,2,4,6,3,3,3,2,1,4,FAILING TO YIELD RIGHT-OF-WAY,2,2,0.0,0.0,0.0,0.0,0.0,2.0,19,6,6,06/21/2024,2024-06-21,19:00:00
03/23/2024 01:25:00 PM,5.0,3,2,6,5,3,3,3,2,1,4,FAILING TO YIELD RIGHT-OF-WAY,2,2,0.0,0.0,0.0,0.0,0.0,3.0,13,7,3,03/23/2024,2024-03-23,13:25:00
02/03/2024 05:44:00 PM,5.0,3,5,6,6,3,3,3,2,1,4,IMPROPER TURNING/NO SIGNAL,2,2,0.0,0.0,0.0,0.0,0.0,5.0,17,7,2,02/03/2024,2024-02-03,17:44:00
01/24/2024 06:24:00 PM,3.0,8,5,6,6,3,4,3,3,1,4,WEATHER,2,2,0.0,0.0,0.0,0.0,0.0,3.0,18,4,1,01/24/2024,2024-01-24,18:24:00
02/10/2024 04:30:00 PM,5.0,3,2,6,6,3,3,3,2,1,4,IMPROPER TURNING/NO SIGNAL,2,2,0.0,0.0,0.0,0.0,0.0,2.0,16,7,2,02/10/2024,2024-02-10,16:30:00
05/13/2024 06:10:00 PM,7.0,5,2,6,6,3,4,3,2,1,4,NOT APPLICABLE,2,2,0.0,0.0,0.0,0.0,0.0,2.0,18,2,5,05/13/2024,2024-05-13,18:10:00
07/31/2024 11:00:00 AM,5.0,3,2,11,6,3,3,3,2,1,4,UNABLE TO DETERMINE,2,2,0.0,0.0,0.0,0.0,0.0,2.0,11,4,7,07/31/2024,2024-07-31,11:00:00
04/08/2024 03:35:00 PM,5.0,3,2,4,1,6,3,3,2,1,2,UNABLE TO DETERMINE,2,2,0.0,0.0,0.0,0.0,0.0,2.0,15,2,4,04/08/2024,2024-04-08,15:35:00
08/05/2024 07:00:00 AM,7.0,5,5,5,5,3,1,3,3,1,4,FAILING TO REDUCE SPEED TO AVOID CRASH,2,2,0.0,0.0,0.0,0.0,0.0,2.0,7,2,8,08/05/2024,2024-08-05,07:00:00
01/20/2024 08:36:00 PM,5.0,6,6,4,5,3,5,3,2,1,3,FOLLOWING TOO CLOSELY,2,2,0.0,0.0,0.0,0.0,0.0,2.0,20,7,1,01/20/2024,2024-01-20,20:36:00
04/26/2024 04:28:00 PM,7.0,5,2,6,4,3,4,3,2,1,4,UNABLE TO DETERMINE,2,2,0.0,0.0,0.0,0.0,0.0,4.0,16,6,4,04/26/2024,2024-04-26,16:28:00
05/17/2024 06:14:00 PM,5.0,3,2,6,4,3,3,1,3,1,4,UNABLE TO DETERMINE,2,4,1.0,0.0,0.0,1.0,0.0,5.0,18,6,5,05/17/2024,2024-05-17,18:14:00
04/09/2024 05:00:00 PM,7.0,3,2,5,6,3,1,1,2,1,3,UNABLE TO DETERMINE,2,2,0.0,0.0,0.0,0.0,0.0,2.0,17,3,4,04/09/2024,2024-04-09,17:00:00
04/12/2024 05:35:00 PM,3.0,3,2,5,10,3,3,3,2,0,3,UNABLE TO DETERMINE,2,2,0.0,0.0,0.0,0.0,0.0,2.0,17,6,4,04/12/2024,2024-04-12,17:35:00
06/12/2024 04:05:00 PM,5.0,3,2,2,5,3,3,3,3,1,4,DISREGARDING TRAFFIC SIGNALS,2,5,1.0,0.0,1.0,0.0,0.0,1.0,16,4,6,06/12/2024,2024-06-12,16:05:00
07/13/2024 07:40:00 PM,5.0,3,2,4,5,3,3,3,2,1,4,UNABLE TO DETERMINE,2,2,0.0,0.0,0.0,0.0,0.0,4.0,19,7,7,07/13/2024,2024-07-13,19:40:00
03/26/2024 11:35:00 AM,5.0,3,6,4,4,3,3,3,2,1,4,FAILING TO REDUCE SPEED TO AVOID CRASH,2,2,0.0,0.0,0.0,0.0,0.0,2.0,11,3,3,03/26/2024,2024-03-26,11:35:00
01/12/2024 07:00:00 AM,5.0,6,2,4,7,3,4,3,3,1,4,WEATHER,2,4,1.0,0.0,0.0,1.0,0.0,1.0,7,6,1,01/12/2024,2024-01-12,07:00:00
06/10/2024 01:00:00 PM,3.0,3,2,6,4,3,3,3,3,1,4,FAILING TO YIELD RIGHT-OF-WAY,2,4,1.0,0.0,0.0,1.0,0.0,3.0,13,2,6,06/10/2024,2024-06-10,13:00:00
06/25/2024 03:40:00 PM,5.0,3,2,3,4,3,3,3,2,1,4,IMPROPER LANE USAGE,2,2,0.0,0.0,0.0,0.0,0.0,4.0,15,3,6,06/25/2024,2024-06-25,15:40:00
01/15/2024 12:38:00 PM,7.0,3,2,6,2,3,4,3,3,0,4,IMPROPER TURNING/NO SIGNAL,2,4,1.0,0.0,0.0,1.0,0.0,2.0,12,2,1,01/15/2024,2024-01-15,12:38:00
03/20/2024 07:35:00 AM,5.0,3,2,6,3,3,3,3,3,1,4,IMPROPER TURNING/NO SIGNAL,2,2,0.0,0.0,0.0,0.0,0.0,2.0,7,4,3,03/20/2024,2024-03-20,07:35:00
03/05/2024 09:13:00 PM,5.0,3,5,6,5,3,1,1,2,1,4,UNABLE TO DETERMINE,2,2,0.0,0.0,0.0,0.0,0.0,2.0,21,3,3,03/05/2024,2024-03-05,21:13:00
06/24/2024 05:40:00 PM,5.0,3,2,3,14,3,3,3,3,1,4,UNABLE TO DETERMINE,2,2,0.0,0.0,0.0,0.0,0.0,2.0,17,2,6,06/24/2024,2024-06-24,17:40:00
04/05/2024 03:54:00 PM,5.0,3,2,6,5,3,3,1,2,1,4,TURNING RIGHT ON RED,2,2,0.0,0.0,0.0,0.0,0.0,2.0,15,6,4,04/05/2024,2024-04-05,15:54:00
04/13/2024 04:30:00 PM,3.0,3,2,3,5,3,3,3,2,1,2,IMPROPER TURNING/NO SIGNAL,2,2,0.0,0.0,0.0,0.0,0.0,2.0,16,7,4,04/13/2024,2024-04-13,16:30:00
03/30/2024 03:48:00 PM,1.0,3,2,5,5,3,1,1,2,1,4,UNABLE TO DETERMINE,2,2,0.0,0.0,0.0,0.0,0.0,2.0,15,7,3,03/30/2024,2024-03-30,15:48:00
04/12/2024 03:40:00 PM,5.0,5,2,6,4,3,4,3,2,1,4,UNABLE TO DETERMINE,2,2,0.0,0.0,0.0,0.0,0.0,2.0,15,6,4,04/12/2024,2024-04-12,15:40:00
04/03/2024 07:00:00 PM,7.0,5,5,7,7,3,4,3,2,1,4,IMPROPER BACKING,2,2,0.0,0.0,0.0,0.0,0.0,2.0,19,4,4,04/03/2024,2024-04-03,19:00:00
01/30/2024 03:50:00 PM,7.0,2,2,5,4,3,1,1,2,1,4,FAILING TO YIELD RIGHT-OF-WAY,2,2,0.0,0.0,0.0,0.0,0.0,2.0,15,3,1,01/30/2024,2024-01-30,15:50:00
06/30/2024 09:10:00 PM,5.0,3,5,6,5,3,3,1,2,1,4,FAILING TO REDUCE SPEED TO AVOID CRASH,2,2,0.0,0.0,0.0,0.0,0.0,4.0,21,1,6,06/30/2024,2024-06-30,21:10:00
04/07/2024 10:03:00 PM,3.0,3,5,6,7,3,3,3,2,1,3,FAILING TO YIELD RIGHT-OF-WAY,2,2,0.0,0.0,0.0,0.0,0.0,3.0,22,1,4,04/07/2024,2024-04-07,22:03:00
07/13/2024 01:00:00 AM,5.0,3,2,14,1,3,1,1,3,0,4,UNABLE TO DETERMINE,2,4,1.0,0.0,0.0,1.0,0.0,1.0,1,7,7,07/13/2024,2024-07-13,01:00:00
02/02/2024 07:53:00 AM,7.0,3,2,5,5,3,3,3,3,1,3,UNABLE TO DETERMINE,2,2,0.0,0.0,0.0,0.0,0.0,2.0,7,6,2,02/02/2024,2024-02-02,07:53:00
03/11/2024 10:00:00 PM,5.0,3,5,6,5,3,3,1,2,1,4,UNABLE TO DETERMINE,2,2,0.0,0.0,0.0,0.0,0.0,2.0,22,2,3,03/11/2024,2024-03-11,22:00:00
02/01/2024 05:30:00 PM,7.0,3,2,5,6,3,3,3,2,1,4,NOT APPLICABLE,2,2,0.0,0.0,0.0,0.0,0.0,3.0,17,5,2,02/01/2024,2024-02-01,17:30:00
08/07/2024 11:45:00 AM,5.0,3,2,11,6,3,3,3,2,1,4,IMPROPER BACKING,2,2,0.0,0.0,0.0,0.0,0.0,1.0,11,4,8,08/07/2024,2024-08-07,11:45:00
07/02/2024 11:48:00 AM,3.0,3,2,6,6,3,3,3,2,1,4,UNABLE TO DETERMINE,2,2,0.0,0.0,0.0,0.0,0.0,3.0,11,3,7,07/02/2024,2024-07-02,11:48:00
07/19/2024 08:30:00 PM,5.0,3,5,3,5,3,3,1,2,1,4,UNABLE TO DETERMINE,2,2,0.0,0.0,0.0,0.0,0.0,4.0,20,6,7,07/19/2024,2024-07-19,20:30:00
06/22/2024 10:29:00 AM,5.0,3,2,6,4,3,3,3,3,1,4,FAILING TO REDUCE SPEED TO AVOID CRASH,2,4,1.0,0.0,0.0,1.0,0.0,1.0,10,7,6,06/22/2024,2024-06-22,10:29:00
06/26/2024 06:14:00 PM,1.0,3,2,5,5,3,3,1,3,1,4,UNABLE TO DETERMINE,2,2,0.0,0.0,0.0,0.0,0.0,4.0,18,4,6,06/26/2024,2024-06-26,18:14:00
07/04/2024 11:30:00 PM,7.0,3,6,5,5,3,3,3,3,1,4,FAILING TO YIELD RIGHT-OF-WAY,2,4,1.0,0.0,0.0,1.0,0.0,1.0,23,5,7,07/04/2024,2024-07-04,23:30:00
07/01/2024 12:05:00 PM,7.0,3,2,4,10,3,3,3,2,1,4,UNABLE TO DETERMINE,2,2,0.0,0.0,0.0,0.0,0.0,5.0,12,2,7,07/01/2024,2024-07-01,12:05:00
06/17/2024 07:15:00 AM,5.0,3,2,6,12,3,3,1,2,1,3,IMPROPER LANE USAGE,2,2,0.0,0.0,0.0,0.0,0.0,2.0,7,2,6,06/17/2024,2024-06-17,07:15:00
06/01/2024 03:40:00 PM,7.0,5,2,6,4,3,4,3,2,1,4,UNABLE TO DETERMINE,2,2,0.0,0.0,0.0,0.0,0.0,2.0,15,7,6,06/01/2024,2024-06-01,15:40:00
05/18/2024 09:24:00 PM,5.0,3,5,6,12,3,3,3,3,1,4,FAILING TO YIELD RIGHT-OF-WAY,2,4,1.0,0.0,0.0,1.0,0.0,5.0,21,7,5,05/18/2024,2024-05-18,21:24:00
05/20/2024 08:20:00 PM,5.0,3,5,6,5,3,3,3,3,1,4,FAILING TO YIELD RIGHT-OF-WAY,2,2,0.0,0.0,0.0,0.0,0.0,3.0,20,2,5,05/20/2024,2024-05-20,20:20:00
06/21/2024 03:40:00 PM,5.0,3,2,3,12,3,3,3,2,0,4,UNABLE TO DETERMINE,2,2,0.0,0.0,0.0,0.0,0.0,2.0,15,6,6,06/21/2024,2024-06-21,15:40:00
08/18/2024 11:50:00 PM,5.0,3,5,6,12,3,1,1,2,1,4,UNABLE TO DETERMINE,2,2,0.0,0.0,0.0,0.0,0.0,3.0,23,1,8,08/18/2024,2024-08-18,23:50:00
01/04/2024 04:55:00 PM,5.0,3,5,6,5,3,3,3,3,1,4,FAILING TO YIELD RIGHT-OF-WAY,2,3,1.0,0.0,0.0,0.0,1.0,1.0,16,5,1,01/04/2024,2024-01-04,16:55:00
07/06/2024 01:24:00 PM,7.0,3,2,6,5,3,3,3,2,1,4,IMPROPER TURNING/NO SIGNAL,2,2,0.0,0.0,0.0,0.0,0.0,2.0,13,7,7,07/06/2024,2024-07-06,13:24:00
07/16/2024 10:22:00 AM,5.0,3,2,6,7,3,3,3,2,1,4,DISREGARDING TRAFFIC SIGNALS,2,2,0.0,0.0,0.0,0.0,0.0,2.0,10,3,7,07/16/2024,2024-07-16,10:22:00
02/03/2024 02:00:00 PM,5.0,3,2,6,4,3,3,3,2,1,4,IMPROPER TURNING/NO SIGNAL,2,2,0.0,0.0,0.0,0.0,0.0,2.0,14,7,2,02/03/2024,2024-02-03,14:00:00
07/19/2024 01:00:00 PM,7.0,3,2,11,10,3,3,3,2,1,4,IMPROPER OVERTAKING/PASSING,2,2,0.0,0.0,0.0,0.0,0.0,1.0,13,6,7,07/19/2024,2024-07-19,13:00:00
04/01/2024 07:55:00 PM,5.0,5,5,6,5,3,4,3,2,1,4,FAILING TO YIELD RIGHT-OF-WAY,2,2,0.0,0.0,0.0,0.0,0.0,3.0,19,2,4,04/01/2024,2024-04-01,19:55:00
02/16/2024 06:27:00 PM,7.0,3,5,5,5,3,3,3,3,1,4,UNABLE TO DETERMINE,2,2,0.0,0.0,0.0,0.0,0.0,2.0,18,6,2,02/16/2024,2024-02-16,18:27:00
04/22/2024 03:30:00 PM,1.0,3,2,6,6,3,3,1,2,1,4,UNABLE TO DETERMINE,2,2,0.0,0.0,0.0,0.0,0.0,3.0,15,2,4,04/22/2024,2024-04-22,15:30:00
05/07/2024 07:20:00 AM,5.0,5,2,5,7,3,4,3,2,1,4,DISREGARDING TRAFFIC SIGNALS,2,2,0.0,0.0,0.0,0.0,0.0,2.0,7,3,5,05/07/2024,2024-05-07,07:20:00
06/06/2024 09:47:00 PM,5.0,3,5,5,5,3,3,3,3,1,4,FAILING TO YIELD RIGHT-OF-WAY,2,4,1.0,0.0,0.0,1.0,0.0,7.0,21,5,6,06/06/2024,2024-06-06,21:47:00
06/14/2024 08:40:00 AM,3.0,3,2,4,9,3,3,1,2,1,4,FOLLOWING TOO CLOSELY,2,2,0.0,0.0,0.0,0.0,0.0,2.0,8,6,6,06/14/2024,2024-06-14,08:40:00
02/01/2024 07:40:00 AM,5.0,3,2,6,5,3,3,3,2,1,3,FOLLOWING TOO CLOSELY,2,2,0.0,0.0,0.0,0.0,0.0,2.0,7,5,2,02/01/2024,2024-02-01,07:40:00
04/19/2024 08:22:00 AM,7.0,3,2,3,6,3,3,3,2,1,3,UNABLE TO DETERMINE,2,2,0.0,0.0,0.0,0.0,0.0,2.0,8,6,4,04/19/2024,2024-04-19,08:22:00
06/09/2024 12:39:00 PM,7.0,3,2,5,5,3,3,3,3,1,4,FAILING TO YIELD RIGHT-OF-WAY,2,3,2.0,0.0,0.0,0.0,2.0,1.0,12,1,6,06/09/2024,2024-06-09,12:39:00
06/15/2024 03:45:00 AM,3.0,3,5,11,6,3,3,3,2,0,4,UNABLE TO DETERMINE,2,2,0.0,0.0,0.0,0.0,0.0,1.0,3,7,6,06/15/2024,2024-06-15,03:45:00
04/09/2024 06:50:00 PM,5.0,3,4,6,5,3,3,3,2,1,4,UNABLE TO DETERMINE,2,2,0.0,0.0,0.0,0.0,0.0,2.0,18,3,4,04/09/2024,2024-04-09,18:50:00
08/04/2024 09:30:00 PM,5.0,3,5,8,4,3,1,1,2,1,4,UNABLE TO DETERMINE,2,2,0.0,0.0,0.0,0.0,0.0,6.0,21,1,8,08/04/2024,2024-08-04,21:30:00
07/14/2024 10:30:00 AM,3.0,3,2,11,7,3,1,1,2,1,4,UNABLE TO DETERMINE,2,2,0.0,0.0,0.0,0.0,0.0,1.0,10,1,7,07/14/2024,2024-07-14,10:30:00
06/08/2024 12:00:00 PM,5.0,4,2,6,4,3,1,3,3,1,4,FAILING TO YIELD RIGHT-OF-WAY,2,4,1.0,0.0,0.0,1.0,0.0,1.0,12,7,6,06/08/2024,2024-06-08,12:00:00
05/21/2024 05:30:00 PM,6.0,3,2,4,4,3,3,3,2,1,3,UNABLE TO DETERMINE,2,2,0.0,0.0,0.0,0.0,0.0,3.0,17,3,5,05/21/2024,2024-05-21,17:30:00
05/08/2024 10:45:00 AM,5.0,3,2,5,6,3,3,3,2,1,4,UNABLE TO DETERMINE,2,2,0.0,0.0,0.0,0.0,0.0,3.0,10,4,5,05/08/2024,2024-05-08,10:45:00
03/02/2024 01:00:00 AM,3.0,3,2,4,5,3,3,3,2,1,3,FOLLOWING TOO CLOSELY,2,2,0.0,0.0,0.0,0.0,0.0,2.0,1,7,3,03/02/2024,2024-03-02,01:00:00
02/10/2024 12:21:00 AM,7.0,3,5,5,5,3,3,3,3,1,4,DISREGARDING STOP SIGN,2,3,2.0,0.0,0.0,0.0,2.0,0.0,0,7,2,02/10/2024,2024-02-10,00:21:00
03/03/2024 11:43:00 AM,5.0,3,2,4,5,3,3,1,2,1,2,UNABLE TO DETERMINE,2,2,0.0,0.0,0.0,0.0,0.0,5.0,11,1,3,03/03/2024,2024-03-03,11:43:00
02/12/2024 02:43:00 PM,5.0,3,2,4,6,3,3,3,3,1,4,FOLLOWING TOO CLOSELY,2,2,0.0,0.0,0.0,0.0,0.0,2.0,14,2,2,02/12/2024,2024-02-12,14:43:00
02/26/2024 11:22:00 AM,5.0,3,2,6,6,3,3,3,2,1,4,IMPROPER TURNING/NO SIGNAL,2,2,0.0,0.0,0.0,0.0,0.0,2.0,11,2,2,02/26/2024,2024-02-26,11:22:00
07/29/2024 02:50:00 PM,7.0,3,2,5,5,3,3,3,3,1,4,FAILING TO YIELD RIGHT-OF-WAY,2,3,1.0,0.0,0.0,0.0,1.0,5.0,14,2,7,07/29/2024,2024-07-29,14:50:00
04/08/2024 08:15:00 PM,5.0,3,5,5,5,3,3,1,2,1,3,UNABLE TO DETERMINE,2,2,0.0,0.0,0.0,0.0,0.0,6.0,20,2,4,04/08/2024,2024-04-08,20:15:00
07/27/2024 01:40:00 AM,5.0,3,5,6,7,3,3,3,2,1,3,IMPROPER TURNING/NO SIGNAL,2,2,0.0,0.0,0.0,0.0,0.0,2.0,1,7,7,07/27/2024,2024-07-27,01:40:00
04/21/2024 04:40:00 PM,3.0,3,2,13,1,3,1,1,3,1,4,FAILING TO YIELD RIGHT-OF-WAY,2,5,1.0,0.0,1.0,0.0,0.0,1.0,16,1,4,04/21/2024,2024-04-21,16:40:00
03/11/2024 07:38:00 AM,5.0,3,2,6,6,3,3,3,2,1,3,IMPROPER TURNING/NO SIGNAL,2,2,0.0,0.0,0.0,0.0,0.0,3.0,7,2,3,03/11/2024,2024-03-11,07:38:00
05/16/2024 11:00:00 AM,5.0,3,2,3,10,3,3,3,2,1,4,FAILING TO YIELD RIGHT-OF-WAY,2,2,0.0,0.0,0.0,0.0,0.0,3.0,11,5,5,05/16/2024,2024-05-16,11:00:00
06/19/2024 09:35:00 PM,5.0,3,5,4,12,3,3,1,2,0,4,FOLLOWING TOO CLOSELY,2,2,0.0,0.0,0.0,0.0,0.0,3.0,21,4,6,06/19/2024,2024-06-19,21:35:00
01/26/2024 08:01:00 PM,7.0,5,5,13,5,3,4,1,3,1,2,UNABLE TO DETERMINE,2,4,1.0,0.0,0.0,1.0,0.0,1.0,20,6,1,01/26/2024,2024-01-26,20:01:00
01/16/2024 05:45:00 PM,5.0,3,2,6,5,3,1,1,2,1,4,UNABLE TO DETERMINE,2,2,0.0,0.0,0.0,0.0,0.0,2.0,17,3,1,01/16/2024,2024-01-16,17:45:00
08/09/2024 04:50:00 PM,5.0,3,2,4,5,3,3,3,2,1,4,NOT APPLICABLE,2,2,0.0,0.0,0.0,0.0,0.0,2.0,16,6,8,08/09/2024,2024-08-09,16:50:00
07/27/2024 12:08:00 PM,5.0,3,2,6,5,3,3,3,2,1,4,IMPROPER OVERTAKING/PASSING,2,2,0.0,0.0,0.0,0.0,0.0,2.0,12,7,7,07/27/2024,2024-07-27,12:08:00
05/02/2024 05:35:00 PM,5.0,5,2,3,6,3,4,1,2,1,4,UNABLE TO DETERMINE,2,2,0.0,0.0,0.0,0.0,0.0,4.0,17,5,5,05/02/2024,2024-05-02,17:35:00
01/16/2024 04:55:00 AM,5.0,2,5,4,5,4,6,3,2,1,4,UNABLE TO DETERMINE,2,2,0.0,0.0,0.0,0.0,0.0,2.0,4,3,1,01/16/2024,2024-01-16,04:55:00
02/29/2024 02:01:00 AM,5.0,3,5,5,3,3,3,3,2,1,4,DISREGARDING TRAFFIC SIGNALS,2,2,0.0,0.0,0.0,0.0,0.0,2.0,2,5,2,02/29/2024,2024-02-29,02:01:00
03/01/2024 02:10:00 PM,5.0,4,2,6,5,3,3,3,2,1,3,FAILING TO YIELD RIGHT-OF-WAY,2,2,0.0,0.0,0.0,0.0,0.0,2.0,14,6,3,03/01/2024,2024-03-01,14:10:00
04/01/2024 05:59:00 PM,7.0,4,4,5,7,3,4,3,3,1,4,"VISION OBSCURED (SIGNS, TREE LIMBS, BUILDINGS, ETC.)",2,2,0.0,0.0,0.0,0.0,0.0,2.0,17,2,4,04/01/2024,2024-04-01,17:59:00
04/26/2024 02:00:00 PM,5.0,5,2,3,5,3,4,3,2,1,4,UNABLE TO DETERMINE,2,2,0.0,0.0,0.0,0.0,0.0,2.0,14,6,4,04/26/2024,2024-04-26,14:00:00
02/08/2024 09:30:00 AM,3.0,3,2,6,7,3,3,3,2,1,4,FAILING TO YIELD RIGHT-OF-WAY,2,2,0.0,0.0,0.0,0.0,0.0,3.0,9,5,2,02/08/2024,2024-02-08,09:30:00
03/31/2024 02:21:00 PM,3.0,3,2,5,17,3,3,3,3,1,4,UNABLE TO DETERMINE,2,5,1.0,0.0,1.0,0.0,0.0,2.0,14,1,3,03/31/2024,2024-03-31,14:21:00
07/31/2024 06:02:00 PM,11.0,3,2,6,6,3,3,3,3,1,4,"VISION OBSCURED (SIGNS, TREE LIMBS, BUILDINGS, ETC.)",2,4,1.0,0.0,0.0,1.0,0.0,1.0,18,4,7,07/31/2024,2024-07-31,18:02:00
08/01/2024 09:00:00 PM,5.0,5,5,13,5,3,4,3,2,1,2,UNABLE TO DETERMINE,2,2,0.0,0.0,0.0,0.0,0.0,2.0,21,5,8,08/01/2024,2024-08-01,21:00:00
07/29/2024 03:00:00 PM,5.0,5,2,11,5,3,4,3,2,1,3,UNABLE TO DETERMINE,2,2,0.0,0.0,0.0,0.0,0.0,1.0,15,2,7,07/29/2024,2024-07-29,15:00:00
06/07/2024 08:56:00 PM,5.0,3,5,14,5,3,3,3,3,1,2,UNABLE TO DETERMINE,2,4,2.0,0.0,0.0,2.0,0.0,0.0,20,6,6,06/07/2024,2024-06-07,20:56:00
04/05/2024 01:26:00 PM,1.0,3,2,3,6,3,1,1,2,1,4,UNABLE TO DETERMINE,2,2,0.0,0.0,0.0,0.0,0.0,2.0,13,6,4,04/05/2024,2024-04-05,13:26:00
07/18/2024 11:57:00 AM,5.0,3,2,6,5,3,3,3,3,1,4,IMPROPER TURNING/NO SIGNAL,2,4,1.0,0.0,0.0,1.0,0.0,3.0,11,5,7,07/18/2024,2024-07-18,11:57:00
07/28/2024 05:16:00 AM,5.0,3,3,4,5,3,1,1,2,1,2,UNABLE TO DETERMINE,2,2,0.0,0.0,0.0,0.0,0.0,2.0,5,1,7,07/28/2024,2024-07-28,05:16:00
04/13/2024 09:27:00 PM,5.0,3,5,6,10,3,3,3,3,1,4,IMPROPER TURNING/NO SIGNAL,2,2,0.0,0.0,0.0,0.0,0.0,3.0,21,7,4,04/13/2024,2024-04-13,21:27:00
04/13/2024 07:05:00 AM,5.0,3,2,6,5,3,3,3,3,1,3,FAILING TO YIELD RIGHT-OF-WAY,2,2,0.0,0.0,0.0,0.0,0.0,2.0,7,7,4,04/13/2024,2024-04-13,07:05:00
02/11/2024 09:08:00 PM,5.0,3,5,5,7,3,3,3,3,1,4,DISREGARDING TRAFFIC SIGNALS,2,4,1.0,0.0,0.0,1.0,0.0,2.0,21,1,2,02/11/2024,2024-02-11,21:08:00
07/18/2024 11:30:00 AM,7.0,4,2,6,6,3,1,1,2,1,3,UNABLE TO DETERMINE,2,2,0.0,0.0,0.0,0.0,0.0,2.0,11,5,7,07/18/2024,2024-07-18,11:30:00