crash_date,traffic_control_device,weather_condition,lighting_condition,first_crash_type,trafficway_type,alignment,roadway_surface_cond,road_defect,crash_type,intersection_related_i,damage,prim_contributory_cause,num_units,most_severe_injury,injuries_total,injuries_fatal,injuries_incapacitating,injuries_non_incapacitating,injuries_reported_not_evident,injuries_no_indication,crash_hour,crash_day_of_week,crash_month,parsed_datetime,date,time
08/13/2024 09:35:00 PM,7.0,3,5,14,5,3,3,3,3,1,3,UNABLE TO DETERMINE,2,4,1.0,0.0,0.0,1.0,0.0,1.0,21,3,8,08/13/2024,2024-08-13,21:35:00
08/10/2024 01:00:00 PM,5.0,3,2,4,5,3,1,1,2,1,3,NOT APPLICABLE,2,2,0.0,0.0,0.0,0.0,0.0,2.0,13,7,8,08/10/2024,2024-08-10,13:00:00
03/29/2024 06:15:00 AM,5.0,3,3,10,5,3,3,3,3,1,4,"OPERATING VEHICLE IN ERRATIC, RECKLESS, CARELESS, NEGLIGENT OR AGGRESSIVE MANNER",2,2,0.0,0.0,0.0,0.0,0.0,2.0,6,6,3,03/29/2024,2024-03-29,06:15:00
06/13/2024 08:25:00 PM,5.0,3,4,6,5,3,3,1,2,1,4,IMPROPER TURNING/NO SIGNAL,2,2,0.0,0.0,0.0,0.0,0.0,5.0,20,5,6,06/13/2024,2024-06-13,20:25:00
01/07/2024 11:45:00 AM,7.0,3,2,5,1,3,3,3,2,1,2,UNABLE TO DETERMINE,2,2,0.0,0.0,0.0,0.0,0.0,2.0,11,1,1,01/07/2024,2024-01-07,11:45:00
05/13/2024 07:50:00 PM,3.0,5,5,4,6,3,4,1,3,1,4,DRIVING SKILLS/KNOWLEDGE/EXPERIENCE,2,4,1.0,0.0,0.0,1.0,0.0,2.0,19,2,5,05/13/2024,2024-05-13,19:50:00
06/02/2024 12:13:00 PM,5.0,3,2,13,6,3,3,3,3,1,2,FAILING TO YIELD RIGHT-OF-WAY,2,4,1.0,0.0,0.0,1.0,0.0,1.0,12,1,6,06/02/2024,2024-06-02,12:13:00
02/16/2024 09:55:00 AM,5.0,3,2,6,6,3,3,3,2,1,4,FAILING TO YIELD RIGHT-OF-WAY,2,2,0.0,0.0,0.0,0.0,0.0,2.0,9,6,2,02/16/2024,2024-02-16,09:55:00
02/24/2024 12:05:00 AM,7.0,6,5,4,6,3,5,3,2,1,3,WEATHER,2,2,0.0,0.0,0.0,0.0,0.0,4.0,0,7,2,02/24/2024,2024-02-24,00:05:00
03/06/2024 01:20:00 PM,3.0,3,2,13,7,3,3,1,3,1,2,UNABLE TO DETERMINE,2,5,1.0,0.0,1.0,0.0,0.0,1.0,13,4,3,03/06/2024,2024-03-06,13:20:00
06/13/2024 08:40:00 AM,5.0,3,2,6,14,3,1,1,2,1,4,UNABLE TO DETERMINE,2,2,0.0,0.0,0.0,0.0,0.0,2.0,8,5,6,06/13/2024,2024-06-13,08:40:00
02/19/2024 10:15:00 AM,1.0,3,2,6,1,3,1,1,2,1,4,UNABLE TO DETERMINE,2,2,0.0,0.0,0.0,0.0,0.0,3.0,10,2,2,02/19/2024,2024-02-19,10:15:00
07/25/2024 08:47:00 PM,5.0,3,6,6,4,3,3,3,2,1,4,IMPROPER TURNING/NO SIGNAL,2,2,0.0,0.0,0.0,0.0,0.0,2.0,20,5,7,07/25/2024,2024-07-25,20:47:00
01/20/2024 01:40:00 AM,7.0,3,5,5,5,3,4,3,2,1,4,FAILING TO YIELD RIGHT-OF-WAY,2,2,0.0,0.0,0.0,0.0,0.0,3.0,1,7,1,01/20/2024,2024-01-20,01:40:00
08/08/2024 09:05:00 AM,5.0,3,2,4,6,3,3,3,2,1,4,FOLLOWING TOO CLOSELY,2,2,0.0,0.0,0.0,0.0,0.0,2.0,9,5,8,08/08/2024,2024-08-08,09:05:00
05/19/2024 10:15:00 PM,5.0,3,5,4,10,4,3,3,3,1,4,FAILING TO REDUCE SPEED TO AVOID CRASH,2,3,1.0,0.0,0.0,0.0,1.0,1.0,22,1,5,05/19/2024,2024-05-19,22:15:00
06/12/2024 07:22:00 PM,4.0,3,2,5,10,3,3,3,2,1,4,NOT APPLICABLE,2,2,0.0,0.0,0.0,0.0,0.0,2.0,19,4,6,06/12/2024,2024-06-12,19:22:00
03/07/2024 12:20:00 PM,5.0,3,2,5,5,3,3,3,2,1,4,DISREGARDING TRAFFIC SIGNALS,2,2,0.0,0.0,0.0,0.0,0.0,2.0,12,5,3,03/07/2024,2024-03-07,12:20:00
02/27/2024 08:45:00 AM,5.0,3,2,6,6,3,3,3,3,1,4,UNABLE TO DETERMINE,2,2,0.0,0.0,0.0,0.0,0.0,2.0,8,3,2,02/27/2024,2024-02-27,08:45:00
05/19/2024 02:20:00 AM,3.0,3,5,6,5,3,3,1,3,1,4,IMPROPER OVERTAKING/PASSING,2,2,0.0,0.0,0.0,0.0,0.0,4.0,2,1,5,05/19/2024,2024-05-19,02:20:00
03/06/2024 07:00:00 PM,5.0,3,5,4,6,3,3,3,2,1,4,FOLLOWING TOO CLOSELY,2,2,0.0,0.0,0.0,0.0,0.0,2.0,19,4,3,03/06/2024,2024-03-06,19:00:00
03/08/2024 06:27:00 PM,7.0,5,4,6,5,3,4,3,2,1,4,FAILING TO YIELD RIGHT-OF-WAY,2,2,0.0,0.0,0.0,0.0,0.0,2.0,18,6,3,03/08/2024,2024-03-08,18:27:00
06/02/2024 09:20:00 PM,7.0,3,6,5,6,3,3,3,2,1,4,UNABLE TO DETERMINE,2,2,0.0,0.0,0.0,0.0,0.0,2.0,21,1,6,06/02/2024,2024-06-02,21:20:00
05/25/2024 01:10:00 AM,5.0,3,5,4,5,3,3,1,2,1,4,FOLLOWING TOO CLOSELY,2,2,0.0,0.0,0.0,0.0,0.0,2.0,1,7,5,05/25/2024,2024-05-25,01:10:00
06/08/2024 11:50:00 AM,5.0,3,2,6,4,3,3,3,3,1,4,DRIVING SKILLS/KNOWLEDGE/EXPERIENCE,2,4,1.0,0.0,0.0,1.0,0.0,2.0,11,7,6,06/08/2024,2024-06-08,11:50:00
01/09/2024 12:46:00 PM,7.0,3,2,6,1,3,1,1,2,1,4,UNABLE TO DETERMINE,2,2,0.0,0.0,0.0,0.0,0.0,2.0,12,3,1,01/09/2024,2024-01-09,12:46:00
01/02/2024 02:32:00 PM,5.0,3,2,13,4,3,3,3,3,1,2,UNABLE TO DETERMINE,2,3,1.0,0.0,0.0,0.0,1.0,1.0,14,3,1,01/02/2024,2024-01-02,14:32:00
01/06/2024 11:29:00 PM,7.0,6,5,5,5,3,4,3,3,1,4,FAILING TO YIELD RIGHT-OF-WAY,2,2,0.0,0.0,0.0,0.0,0.0,2.0,23,7,1,01/06/2024,2024-01-06,23:29:00
07/02/2024 11:30:00 AM,7.0,4,2,14,5,3,1,3,3,1,2,DISREGARDING STOP SIGN,2,4,1.0,0.0,0.0,1.0,0.0,1.0,11,3,7,07/02/2024,2024-07-02,11:30:00
06/19/2024 01:45:00 PM,5.0,3,2,4,4,3,3,3,2,1,4,FOLLOWING TOO CLOSELY,2,2,0.0,0.0,0.0,0.0,0.0,3.0,13,4,6,06/19/2024,2024-06-19,13:45:00
07/31/2024 06:50:00 PM,5.0,3,5,4,5,3,3,3,2,1,4,IMPROPER BACKING,2,2,0.0,0.0,0.0,0.0,0.0,2.0,18,4,7,07/31/2024,2024-07-31,18:50:00
05/08/2024 06:15:00 PM,7.0,3,2,5,5,3,3,2,3,1,4,HAD BEEN DRINKING (USE WHEN ARREST IS NOT MADE),2,2,0.0,0.0,0.0,0.0,0.0,2.0,18,4,5,05/08/2024,2024-05-08,18:15:00
05/10/2024 07:25:00 AM,7.0,3,2,6,7,3,3,3,3,1,4,UNABLE TO DETERMINE,2,2,0.0,0.0,0.0,0.0,0.0,2.0,7,6,5,05/10/2024,2024-05-10,07:25:00
08/12/2024 05:40:00 PM,3.0,3,2,4,6,3,3,3,3,1,4,UNABLE TO DETERMINE,2,3,1.0,0.0,0.0,0.0,1.0,1.0,17,2,8,08/12/2024,2024-08-12,17:40:00
05/25/2024 10:50:00 AM,5.0,3,2,4,6,3,3,3,3,1,3,FOLLOWING TOO CLOSELY,2,2,0.0,0.0,0.0,0.0,0.0,2.0,10,7,5,05/25/2024,2024-05-25,10:50:00
07/18/2024 07:00:00 PM,7.0,3,2,13,5,3,3,3,3,1,2,"VISION OBSCURED (SIGNS, TREE LIMBS, BUILDINGS, ETC.)",2,4,1.0,0.0,0.0,1.0,0.0,2.0,19,5,7,07/18/2024,2024-07-18,19:00:00
03/26/2024 03:06:00 AM,7.0,5,5,5,5,3,4,3,3,1,4,UNABLE TO DETERMINE,2,2,0.0,0.0,0.0,0.0,0.0,3.0,3,3,3,03/26/2024,2024-03-26,03:06:00
07/14/2024 01:40:00 AM,9.0,5,6,6,4,3,4,1,2,1,4,IMPROPER TURNING/NO SIGNAL,2,2,0.0,0.0,0.0,0.0,0.0,2.0,1,1,7,07/14/2024,2024-07-14,01:40:00
02/29/2024 08:00:00 AM,7.0,3,2,5,5,3,3,3,2,1,4,UNABLE TO DETERMINE,2,2,0.0,0.0,0.0,0.0,0.0,2.0,8,5,2,02/29/2024,2024-02-29,08:00:00
01/13/2024 04:35:00 PM,5.0,6,2,5,5,3,5,3,3,1,4,FAILING TO YIELD RIGHT-OF-WAY,2,2,0.0,0.0,0.0,0.0,0.0,2.0,16,7,1,01/13/2024,2024-01-13,16:35:00
02/07/2024 04:35:00 PM,5.0,3,4,6,6,3,3,3,2,1,2,UNABLE TO DETERMINE,2,2,0.0,0.0,0.0,0.0,0.0,2.0,16,4,2,02/07/2024,2024-02-07,16:35:00
05/08/2024 01:05:00 PM,3.0,3,2,6,3,3,3,3,2,1,4,IMPROPER TURNING/NO SIGNAL,2,2,0.0,0.0,0.0,0.0,0.0,2.0,13,4,5,05/08/2024,2024-05-08,13:05:00
06/24/2024 05:00:00 AM,7.0,3,2,6,5,3,1,1,3,1,3,NOT APPLICABLE,2,2,0.0,0.0,0.0,0.0,0.0,2.0,5,2,6,06/24/2024,2024-06-24,05:00:00
07/25/2024 08:59:00 PM,5.0,3,5,6,7,3,3,3,2,1,4,IMPROPER TURNING/NO SIGNAL,2,2,0.0,0.0,0.0,0.0,0.0,6.0,20,5,7,07/25/2024,2024-07-25,20:59:00
01/16/2024 05:05:00 PM,5.0,3,6,5,7,3,5,1,2,1,4,FAILING TO YIELD RIGHT-OF-WAY,2,2,0.0,0.0,0.0,0.0,0.0,2.0,17,3,1,01/16/2024,2024-01-16,17:05:00
03/02/2024 11:18:00 AM,3.0,3,2,7,7,3,3,3,3,1,4,DISREGARDING STOP SIGN,2,3,1.0,0.0,0.0,0.0,1.0,2.0,11,7,3,03/02/2024,2024-03-02,11:18:00
07/28/2024 10:45:00 PM,1.0,3,2,4,1,3,3,1,2,1,4,UNABLE TO DETERMINE,2,2,0.0,0.0,0.0,0.0,0.0,2.0,22,1,7,07/28/2024,2024-07-28,22:45:00
03/01/2024 05:00:00 AM,5.0,3,3,5,3,3,3,1,3,1,4,UNABLE TO DETERMINE,2,4,1.0,0.0,0.0,1.0,0.0,2.0,5,6,3,03/01/2024,2024-03-01,05:00:00
07/12/2024 06:53:00 AM,7.0,3,2,5,4,3,3,1,2,1,4,FAILING TO YIELD RIGHT-OF-WAY,2,2,0.0,0.0,0.0,0.0,0.0,2.0,6,6,7,07/12/2024,2024-07-12,06:53:00
05/22/2024 06:20:00 PM,5.0,3,2,6,4,3,3,3,3,1,4,FOLLOWING TOO CLOSELY,2,3,1.0,0.0,0.0,0.0,1.0,1.0,18,4,5,05/22/2024,2024-05-22,18:20:00
05/14/2024 03:55:00 PM,3.0,4,2,14,6,3,3,1,3,1,4,"OPERATING VEHICLE IN ERRATIC, RECKLESS, CARELESS, NEGLIGENT OR AGGRESSIVE MANNER",2,4,1.0,0.0,0.0,1.0,0.0,2.0,15,3,5,05/14/2024,2024-05-14,15:55:00
07/21/2024 02:30:00 PM,5.0,3,2,5,6,3,3,3,2,1,4,UNABLE TO DETERMINE,2,2,0.0,0.0,0.0,0.0,0.0,4.0,14,1,7,07/21/2024,2024-07-21,14:30:00
02/21/2024 05:26:00 PM,5.0,3,2,6,5,3,1,1,2,1,4,UNABLE TO DETERMINE,2,2,0.0,0.0,0.0,0.0,0.0,2.0,17,4,2,02/21/2024,2024-02-21,17:26:00
02/27/2024 05:49:00 PM,3.0,3,4,5,6,3,3,3,2,1,4,FAILING TO YIELD RIGHT-OF-WAY,2,2,0.0,0.0,0.0,0.0,0.0,3.0,17,3,2,02/27/2024,2024-02-27,17:49:00
06/01/2024 01:54:00 PM,5.0,5,2,6,4,3,4,3,2,1,4,UNABLE TO DETERMINE,2,2,0.0,0.0,0.0,0.0,0.0,2.0,13,7,6,06/01/2024,2024-06-01,13:54:00
05/15/2024 10:15:00 AM,3.0,3,2,11,6,3,3,3,2,1,4,IMPROPER OVERTAKING/PASSING,2,2,0.0,0.0,0.0,0.0,0.0,1.0,10,4,5,05/15/2024,2024-05-15,10:15:00
03/05/2024 09:12:00 AM,5.0,3,2,4,5,3,1,1,2,1,4,IMPROPER LANE USAGE,2,2,0.0,0.0,0.0,0.0,0.0,2.0,9,3,3,03/05/2024,2024-03-05,09:12:00
06/01/2024 02:45:00 PM,7.0,5,2,5,6,3,4,3,2,1,4,FAILING TO YIELD RIGHT-OF-WAY,2,2,0.0,0.0,0.0,0.0,0.0,2.0,14,7,6,06/01/2024,2024-06-01,14:45:00
01/15/2024 12:05:00 PM,5.0,3,2,5,6,3,3,3,2,1,4,DRIVING SKILLS/KNOWLEDGE/EXPERIENCE,2,2,0.0,0.0,0.0,0.0,0.0,2.0,12,2,1,01/15/2024,2024-01-15,12:05:00
07/10/2024 12:45:00 AM,5.0,5,5,5,7,3,4,1,2,1,3,UNABLE TO DETERMINE,2,2,0.0,0.0,0.0,0.0,0.0,2.0,0,4,7,07/10/2024,2024-07-10,00:45:00
04/12/2024 02:47:00 PM,7.0,3,2,4,6,3,3,3,2,1,3,UNABLE TO DETERMINE,2,2,0.0,0.0,0.0,0.0,0.0,3.0,14,6,4,04/12/2024,2024-04-12,14:47:00
08/07/2024 10:15:00 AM,7.0,3,2,3,10,3,3,1,2,1,4,FAILING TO YIELD RIGHT-OF-WAY,2,2,0.0,0.0,0.0,0.0,0.0,3.0,10,4,8,08/07/2024,2024-08-07,10:15:00
04/08/2024 11:52:00 PM,5.0,3,5,5,7,3,3,1,3,1,4,NOT APPLICABLE,2,4,1.0,0.0,0.0,1.0,0.0,3.0,23,2,4,04/08/2024,2024-04-08,23:52:00
06/05/2024 07:04:00 AM,5.0,3,2,6,5,3,3,3,3,1,4,DISREGARDING ROAD MARKINGS,2,2,0.0,0.0,0.0,0.0,0.0,2.0,7,4,6,06/05/2024,2024-06-05,07:04:00
03/30/2024 06:47:00 PM,5.0,3,2,4,6,3,3,3,2,1,4,NOT APPLICABLE,2,2,0.0,0.0,0.0,0.0,0.0,2.0,18,7,3,03/30/2024,2024-03-30,18:47:00
06/25/2024 08:50:00 AM,5.0,5,2,6,5,3,4,3,2,1,4,IMPROPER TURNING/NO SIGNAL,2,2,0.0,0.0,0.0,0.0,0.0,2.0,8,3,6,06/25/2024,2024-06-25,08:50:00
04/27/2024 11:50:00 AM,5.0,3,3,6,6,3,3,3,2,1,4,UNABLE TO DETERMINE,2,2,0.0,0.0,0.0,0.0,0.0,2.0,11,7,4,04/27/2024,2024-04-27,11:50:00
02/15/2024 07:09:00 PM,5.0,3,5,6,3,3,3,3,3,1,4,FAILING TO YIELD RIGHT-OF-WAY,2,2,0.0,0.0,0.0,0.0,0.0,3.0,19,5,2,02/15/2024,2024-02-15,19:09:00
02/08/2024 12:50:00 PM,7.0,3,2,4,10,3,3,3,2,1,4,FOLLOWING TOO CLOSELY,2,2,0.0,0.0,0.0,0.0,0.0,2.0,12,5,2,02/08/2024,2024-02-08,12:50:00
07/27/2024 03:10:00 PM,7.0,3,2,6,9,3,3,3,2,1,4,FAILING TO YIELD RIGHT-OF-WAY,2,2,0.0,0.0,0.0,0.0,0.0,3.0,15,7,7,07/27/2024,2024-07-27,15:10:00
04/22/2024 06:41:00 PM,5.0,3,4,6,5,3,3,1,3,1,4,FAILING TO YIELD RIGHT-OF-WAY,2,3,1.0,0.0,0.0,0.0,1.0,2.0,18,2,4,04/22/2024,2024-04-22,18:41:00
04/17/2024 08:20:00 AM,5.0,4,2,6,5,3,3,3,2,1,4,UNABLE TO DETERMINE,2,2,0.0,0.0,0.0,0.0,0.0,2.0,8,4,4,04/17/2024,2024-04-17,08:20:00
04/30/2024 03:30:00 PM,5.0,3,2,6,5,3,1,1,2,1,4,IMPROPER TURNING/NO SIGNAL,2,2,0.0,0.0,0.0,0.0,0.0,2.0,15,3,4,04/30/2024,2024-04-30,15:30:00
03/03/2024 11:00:00 AM,3.0,3,2,6,6,3,3,3,2,1,4,FAILING TO YIELD RIGHT-OF-WAY,2,2,0.0,0.0,0.0,0.0,0.0,2.0,11,1,3,03/03/2024,2024-03-03,11:00:00
02/14/2024 10:00:00 PM,7.0,3,5,11,5,3,3,3,2,1,4,UNABLE TO DETERMINE,2,2,0.0,0.0,0.0,0.0,0.0,1.0,22,4,2,02/14/2024,2024-02-14,22:00:00
07/16/2024 02:11:00 PM,5.0,3,2,5,5,3,3,3,3,1,4,DISREGARDING TRAFFIC SIGNALS,2,2,0.0,0.0,0.0,0.0,0.0,2.0,14,3,7,07/16/2024,2024-07-16,14:11:00
02/27/2024 12:50:00 PM,7.0,3,2,5,5,3,3,3,2,1,3,FAILING TO YIELD RIGHT-OF-WAY,2,2,0.0,0.0,0.0,0.0,0.0,2.0,12,3,2,02/27/2024,2024-02-27,12:50:00
06/22/2024 05:08:00 AM,9.0,3,2,11,17,3,3,3,2,0,2,IMPROPER BACKING,2,2,0.0,0.0,0.0,0.0,0.0,2.0,5,7,6,06/22/2024,2024-06-22,05:08:00
08/02/2024 09:00:00 PM,5.0,3,4,4,6,3,3,3,2,1,3,IMPROPER LANE USAGE,2,2,0.0,0.0,0.0,0.0,0.0,2.0,21,6,8,08/02/2024,2024-08-02,21:00:00
03/03/2024 03:56:00 AM,5.0,3,5,5,5,3,3,3,2,1,4,DISREGARDING OTHER TRAFFIC SIGNS,2,2,0.0,0.0,0.0,0.0,0.0,2.0,3,1,3,03/03/2024,2024-03-03,03:56:00
03/16/2024 07:45:00 PM,5.0,3,2,3,5,3,1,1,2,1,4,UNABLE TO DETERMINE,2,2,0.0,0.0,0.0,0.0,0.0,4.0,19,7,3,03/16/2024,2024-03-16,19:45:00
03/01/2024 03:30:00 PM,5.0,3,2,3,5,3,3,3,2,1,4,IMPROPER OVERTAKING/PASSING,2,2,0.0,0.0,0.0,0.0,0.0,2.0,15,6,3,03/01/2024,2024-03-01,15:30:00
04/10/2024 12:00:00 PM,7.0,3,2,4,6,3,3,1,2,1,4,FOLLOWING TOO CLOSELY,2,2,0.0,0.0,0.0,0.0,0.0,2.0,12,4,4,04/10/2024,2024-04-10,12:00:00
05/06/2024 11:10:00 AM,5.0,3,2,6,5,3,3,3,2,1,4,FAILING TO YIELD RIGHT-OF-WAY,2,2,0.0,0.0,0.0,0.0,0.0,2.0,11,2,5,05/06/2024,2024-05-06,11:10:00
07/04/2024 11:27:00 PM,5.0,3,5,5,5,3,3,3,3,1,4,DISREGARDING TRAFFIC SIGNALS,2,4,2.0,0.0,0.0,2.0,0.0,1.0,23,5,7,07/04/2024,2024-07-04,23:27:00
02/20/2024 08:25:00 AM,7.0,3,2,5,5,3,3,3,3,1,4,FAILING TO YIELD RIGHT-OF-WAY,2,4,1.0,0.0,0.0,1.0,0.0,1.0,8,3,2,02/20/2024,2024-02-20,08:25:00
04/25/2024 04:00:00 PM,7.0,3,2,6,7,3,1,1,2,1,4,UNABLE TO DETERMINE,2,2,0.0,0.0,0.0,0.0,0.0,3.0,16,5,4,04/25/2024,2024-04-25,16:00:00
06/10/2024 02:16:00 PM,5.0,3,2,6,12,3,3,3,3,1,4,DISREGARDING TRAFFIC SIGNALS,2,4,2.0,0.0,0.0,2.0,0.0,4.0,14,2,6,06/10/2024,2024-06-10,14:16:00
05/25/2024 01:35:00 PM,7.0,3,2,14,6,3,3,3,3,1,2,FAILING TO YIELD RIGHT-OF-WAY,2,5,1.0,0.0,1.0,0.0,0.0,1.0,13,7,5,05/25/2024,2024-05-25,13:35:00
08/08/2024 01:00:00 PM,5.0,3,2,8,6,3,3,3,2,1,3,IMPROPER BACKING,2,2,0.0,0.0,0.0,0.0,0.0,4.0,13,5,8,08/08/2024,2024-08-08,13:00:00
01/29/2024 01:35:00 PM,5.0,3,2,4,5,3,1,1,2,1,2,UNABLE TO DETERMINE,2,2,0.0,0.0,0.0,0.0,0.0,3.0,13,2,1,01/29/2024,2024-01-29,13:35:00
04/15/2024 05:25:00 PM,3.0,3,2,6,6,3,3,3,3,1,4,FOLLOWING TOO CLOSELY,2,3,1.0,0.0,0.0,0.0,1.0,1.0,17,2,4,04/15/2024,2024-04-15,17:25:00
07/09/2024 01:31:00 PM,7.0,4,2,6,6,3,4,3,2,1,4,FAILING TO YIELD RIGHT-OF-WAY,2,2,0.0,0.0,0.0,0.0,0.0,2.0,13,3,7,07/09/2024,2024-07-09,13:31:00
01/03/2024 02:25:00 AM,5.0,3,5,5,5,3,3,3,2,1,4,FAILING TO YIELD RIGHT-OF-WAY,2,2,0.0,0.0,0.0,0.0,0.0,3.0,2,4,1,01/03/2024,2024-01-03,02:25:00
01/30/2024 07:49:00 AM,7.0,3,2,5,5,3,3,3,2,1,4,UNABLE TO DETERMINE,2,2,0.0,0.0,0.0,0.0,0.0,2.0,7,3,1,01/30/2024,2024-01-30,07:49:00
05/28/2024 09:15:00 AM,7.0,3,2,6,5,3,3,1,3,1,4,"VISION OBSCURED (SIGNS, TREE LIMBS, BUILDINGS, ETC.)",2,3,2.0,0.0,0.0,0.0,2.0,1.0,9,3,5,05/28/2024,2024-05-28,09:15:00
04/20/2024 04:00:00 PM,7.0,3,2,13,10,3,3,3,3,1,2,UNABLE TO DETERMINE,2,4,1.0,0.0,0.0,1.0,0.0,1.0,16,7,4,04/20/2024,2024-04-20,16:00:00
07/31/2024 01:36:00 PM,7.0,3,2,5,5,3,3,3,2,1,4,UNABLE TO DETERMINE,2,2,0.0,0.0,0.0,0.0,0.0,2.0,13,4,7,07/31/2024,2024-07-31,13:36:00
07/31/2024 07:15:00 AM,7.0,3,2,3,10,3,3,3,2,0,2,UNABLE TO DETERMINE,2,2,0.0,0.0,0.0,0.0,0.0,2.0,7,4,7,07/31/2024,2024-07-31,07:15:00
01/10/2024 09:28:00 AM,7.0,3,2,6,7,3,3,1,3,1,4,FAILING TO YIELD RIGHT-OF-WAY,2,3,2.0,0.0,0.0,0.0,2.0,0.0,9,4,1,01/10/2024,2024-01-10,09:28:00
08/03/2024 04:45:00 PM,4.0,3,2,5,5,3,3,3,3,1,4,FAILING TO YIELD RIGHT-OF-WAY,2,2,0.0,0.0,0.0,0.0,0.0,6.0,16,7,8,08/03/2024,2024-08-03,16:45:00
01/28/2024 11:15:00 PM,7.0,3,5,5,4,3,3,3,2,1,4,IMPROPER OVERTAKING/PASSING,2,2,0.0,0.0,0.0,0.0,0.0,2.0,23,1,1,01/28/2024,2024-01-28,23:15:00
02/06/2024 12:49:00 PM,5.0,3,2,5,5,3,3,3,3,1,4,DISREGARDING TRAFFIC SIGNALS,2,2,0.0,0.0,0.0,0.0,0.0,4.0,12,3,2,02/06/2024,2024-02-06,12:49:00
06/09/2024 10:00:00 PM,5.0,3,5,6,7,3,3,3,2,1,4,TURNING RIGHT ON RED,2,2,0.0,0.0,0.0,0.0,0.0,3.0,22,1,6,06/09/2024,2024-06-09,22:00:00
07/24/2024 03:15:00 PM,5.0,3,2,6,6,3,3,3,2,1,4,DRIVING ON WRONG SIDE/WRONG WAY,2,2,0.0,0.0,0.0,0.0,0.0,2.0,15,4,7,07/24/2024,2024-07-24,15:15:00
02/20/2024 03:20:00 PM,7.0,3,2,5,6,3,3,3,2,1,3,FAILING TO YIELD RIGHT-OF-WAY,2,2,0.0,0.0,0.0,0.0,0.0,2.0,15,3,2,02/20/2024,2024-02-20,15:20:00
05/02/2024 02:00:00 PM,7.0,3,2,4,1,3,3,7,3,1,4,DISTRACTION - FROM OUTSIDE VEHICLE,2,2,0.0,0.0,0.0,0.0,0.0,2.0,14,5,5,05/02/2024,2024-05-02,14:00:00
03/19/2024 07:45:00 AM,3.0,3,2,14,10,3,3,3,3,1,3,FAILING TO YIELD RIGHT-OF-WAY,2,3,1.0,0.0,0.0,0.0,1.0,1.0,7,3,3,03/19/2024,2024-03-19,07:45:00
05/21/2024 08:50:00 AM,5.0,3,2,6,5,3,3,3,3,1,4,FAILING TO YIELD RIGHT-OF-WAY,2,4,1.0,0.0,0.0,1.0,0.0,1.0,8,3,5,05/21/2024,2024-05-21,08:50:00
07/03/2024 11:00:00 AM,5.0,3,2,6,5,3,3,3,2,1,4,FAILING TO YIELD RIGHT-OF-WAY,2,2,0.0,0.0,0.0,0.0,0.0,2.0,11,4,7,07/03/2024,2024-07-03,11:00:00
02/22/2024 03:50:00 PM,5.0,3,2,4,4,3,3,3,2,1,3,FAILING TO REDUCE SPEED TO AVOID CRASH,2,2,0.0,0.0,0.0,0.0,0.0,3.0,15,5,2,02/22/2024,2024-02-22,15:50:00
05/16/2024 06:39:00 AM,5.0,3,2,5,5,3,3,3,3,1,4,UNABLE TO DETERMINE,2,2,0.0,0.0,0.0,0.0,0.0,2.0,6,5,5,05/16/2024,2024-05-16,06:39:00
05/11/2024 05:57:00 PM,3.0,3,2,5,6,3,3,3,2,1,4,IMPROPER OVERTAKING/PASSING,2,2,0.0,0.0,0.0,0.0,0.0,3.0,17,7,5,05/11/2024,2024-05-11,17:57:00
06/10/2024 10:58:00 AM,5.0,3,2,3,5,3,3,3,2,1,3,UNABLE TO DETERMINE,2,2,0.0,0.0,0.0,0.0,0.0,4.0,10,2,6,06/10/2024,2024-06-10,10:58:00
07/07/2024 01:35:00 AM,5.0,3,5,4,5,3,3,3,2,1,2,FOLLOWING TOO CLOSELY,2,2,0.0,0.0,0.0,0.0,0.0,4.0,1,1,7,07/07/2024,2024-07-07,01:35:00
07/23/2024 10:30:00 AM,5.0,3,2,4,5,3,3,3,2,1,4,FOLLOWING TOO CLOSELY,2,2,0.0,0.0,0.0,0.0,0.0,2.0,10,3,7,07/23/2024,2024-07-23,10:30:00
01/21/2024 04:20:00 AM,5.0,3,6,4,5,3,4,1,3,1,3,DRIVING SKILLS/KNOWLEDGE/EXPERIENCE,2,4,1.0,0.0,0.0,1.0,0.0,2.0,4,1,1,01/21/2024,2024-01-21,04:20:00
05/18/2024 05:52:00 PM,5.0,3,2,6,5,3,3,3,3,1,4,UNABLE TO DETERMINE,2,3,2.0,0.0,0.0,0.0,2.0,2.0,17,7,5,05/18/2024,2024-05-18,17:52:00
06/16/2024 07:54:00 AM,5.0,3,2,9,5,4,3,3,3,1,4,FAILING TO YIELD RIGHT-OF-WAY,2,2,0.0,0.0,0.0,0.0,0.0,2.0,7,1,6,06/16/2024,2024-06-16,07:54:00
03/27/2024 05:20:00 PM,5.0,3,2,6,3,3,3,1,3,1,4,FAILING TO YIELD RIGHT-OF-WAY,2,2,0.0,0.0,0.0,0.0,0.0,2.0,17,4,3,03/27/2024,2024-03-27,17:20:00
02/02/2024 03:15:00 PM,5.0,3,2,13,5,3,3,3,3,1,3,UNABLE TO DETERMINE,2,5,1.0,0.0,1.0,0.0,0.0,1.0,15,6,2,02/02/2024,2024-02-02,15:15:00