crash_date,traffic_control_device,weather_condition,lighting_condition,first_crash_type,trafficway_type,alignment,roadway_surface_cond,road_defect,crash_type,intersection_related_i,damage,prim_contributory_cause,num_units,most_severe_injury,injuries_total,injuries_fatal,injuries_incapacitating,injuries_non_incapacitating,injuries_reported_not_evident,injuries_no_indication,crash_hour,crash_day_of_week,crash_month,parsed_datetime,date,time
08/03/2024 01:20:00 AM,7.0,3,5,4,6,3,3,3,3,1,4,UNABLE TO DETERMINE,2,4,2.0,0.0,0.0,2.0,0.0,3.0,1,7,8,08/03/2024,2024-08-03,01:20:00
07/02/2024 01:35:00 PM,3.0,3,2,4,6,3,3,3,2,1,4,FOLLOWING TOO CLOSELY,2,2,0.0,0.0,0.0,0.0,0.0,2.0,13,3,7,07/02/2024,2024-07-02,13:35:00
06/11/2024 03:44:00 PM,1.0,3,2,13,1,3,3,1,3,1,4,"DISTRACTION - OTHER ELECTRONIC DEVICE (NAVIGATION DEVICE, DVD PLAYER, ETC.)",2,4,1.0,0.0,0.0,1.0,0.0,1.0,15,3,6,06/11/2024,2024-06-11,15:44:00
05/28/2024 08:01:00 AM,7.0,3,2,5,5,3,3,3,3,1,4,DISREGARDING STOP SIGN,2,2,0.0,0.0,0.0,0.0,0.0,3.0,8,3,5,05/28/2024,2024-05-28,08:01:00
01/14/2024 02:50:00 AM,5.0,10,5,3,4,3,5,3,2,1,3,UNABLE TO DETERMINE,2,2,0.0,0.0,0.0,0.0,0.0,2.0,2,1,1,01/14/2024,2024-01-14,02:50:00
04/13/2024 08:10:00 AM,5.0,3,2,4,5,3,3,1,3,1,4,UNABLE TO DETERMINE,2,2,0.0,0.0,0.0,0.0,0.0,2.0,8,7,4,04/13/2024,2024-04-13,08:10:00
07/15/2024 04:05:00 PM,7.0,3,2,5,6,3,3,3,3,1,4,UNABLE TO DETERMINE,2,2,0.0,0.0,0.0,0.0,0.0,2.0,16,2,7,07/15/2024,2024-07-15,16:05:00
08/25/2024 05:09:00 PM,5.0,3,2,4,6,3,3,3,2,1,4,UNABLE TO DETERMINE,2,2,0.0,0.0,0.0,0.0,0.0,3.0,17,1,8,08/25/2024,2024-08-25,17:09:00
03/18/2024 12:26:00 PM,5.0,3,2,6,1,3,3,3,3,1,4,UNABLE TO DETERMINE,2,4,2.0,0.0,0.0,2.0,0.0,1.0,12,2,3,03/18/2024,2024-03-18,12:26:00
01/02/2024 10:15:00 AM,5.0,3,2,6,6,3,1,1,2,1,4,DISREGARDING OTHER TRAFFIC SIGNS,2,2,0.0,0.0,0.0,0.0,0.0,2.0,10,3,1,01/02/2024,2024-01-02,10:15:00
01/19/2024 05:35:00 PM,7.0,3,5,5,6,3,5,3,3,1,4,FAILING TO YIELD RIGHT-OF-WAY,2,2,0.0,0.0,0.0,0.0,0.0,2.0,17,6,1,01/19/2024,2024-01-19,17:35:00
04/04/2024 11:00:00 AM,5.0,5,2,6,6,3,4,3,2,1,4,IMPROPER TURNING/NO SIGNAL,2,2,0.0,0.0,0.0,0.0,0.0,3.0,11,5,4,04/04/2024,2024-04-04,11:00:00
03/20/2024 03:08:00 AM,5.0,3,5,5,6,3,3,3,3,1,4,DISREGARDING TRAFFIC SIGNALS,2,5,1.0,0.0,1.0,0.0,0.0,2.0,3,4,3,03/20/2024,2024-03-20,03:08:00
04/11/2024 04:10:00 PM,5.0,3,2,3,6,3,3,3,2,1,4,UNABLE TO DETERMINE,2,2,0.0,0.0,0.0,0.0,0.0,4.0,16,5,4,04/11/2024,2024-04-11,16:10:00
03/13/2024 03:40:00 PM,5.0,4,2,3,5,3,3,3,2,1,3,UNABLE TO DETERMINE,2,2,0.0,0.0,0.0,0.0,0.0,6.0,15,4,3,03/13/2024,2024-03-13,15:40:00
04/26/2024 09:00:00 AM,3.0,3,2,10,7,3,3,3,2,1,4,UNABLE TO DETERMINE,2,2,0.0,0.0,0.0,0.0,0.0,2.0,9,6,4,04/26/2024,2024-04-26,09:00:00
04/25/2024 04:09:00 PM,3.0,3,2,6,7,3,3,1,3,1,4,NOT APPLICABLE,2,2,0.0,0.0,0.0,0.0,0.0,2.0,16,5,4,04/25/2024,2024-04-25,16:09:00
02/27/2024 11:58:00 AM,5.0,3,2,13,5,3,3,3,3,1,2,FAILING TO YIELD RIGHT-OF-WAY,2,3,1.0,0.0,0.0,0.0,1.0,1.0,11,3,2,02/27/2024,2024-02-27,11:58:00
02/14/2024 12:05:00 PM,5.0,3,2,3,6,3,3,3,2,1,4,IMPROPER LANE USAGE,2,2,0.0,0.0,0.0,0.0,0.0,2.0,12,4,2,02/14/2024,2024-02-14,12:05:00
05/25/2024 10:00:00 AM,5.0,3,2,6,4,3,3,3,2,1,3,IMPROPER TURNING/NO SIGNAL,2,2,0.0,0.0,0.0,0.0,0.0,2.0,10,7,5,05/25/2024,2024-05-25,10:00:00
01/03/2024 05:16:00 PM,5.0,3,5,4,5,3,3,1,3,1,3,DRIVING SKILLS/KNOWLEDGE/EXPERIENCE,2,3,1.0,0.0,0.0,0.0,1.0,1.0,17,4,1,01/03/2024,2024-01-03,17:16:00
01/01/2024 02:00:00 AM,5.0,3,5,6,1,3,1,3,3,1,3,UNABLE TO DETERMINE,2,4,1.0,0.0,0.0,1.0,0.0,3.0,2,2,1,01/01/2024,2024-01-01,02:00:00
07/02/2024 07:35:00 AM,7.0,3,2,6,7,3,3,3,2,1,4,FAILING TO YIELD RIGHT-OF-WAY,2,2,0.0,0.0,0.0,0.0,0.0,6.0,7,3,7,07/02/2024,2024-07-02,07:35:00
01/12/2024 05:02:00 PM,1.0,8,2,6,6,3,1,1,2,1,4,FAILING TO YIELD RIGHT-OF-WAY,2,2,0.0,0.0,0.0,0.0,0.0,3.0,17,6,1,01/12/2024,2024-01-12,17:02:00
01/15/2024 01:34:00 PM,5.0,3,2,5,5,4,5,3,3,1,4,DISREGARDING TRAFFIC SIGNALS,2,4,2.0,0.0,0.0,1.0,1.0,0.0,13,2,1,01/15/2024,2024-01-15,13:34:00
07/27/2024 02:26:00 PM,5.0,3,2,4,5,3,1,1,2,1,4,UNABLE TO DETERMINE,2,2,0.0,0.0,0.0,0.0,0.0,2.0,14,7,7,07/27/2024,2024-07-27,14:26:00
02/04/2024 10:20:00 PM,5.0,3,5,6,4,3,3,3,2,1,4,FAILING TO YIELD RIGHT-OF-WAY,2,2,0.0,0.0,0.0,0.0,0.0,3.0,22,1,2,02/04/2024,2024-02-04,22:20:00
05/13/2024 02:52:00 AM,7.0,3,5,5,7,3,3,3,3,1,4,DISREGARDING STOP SIGN,2,4,2.0,0.0,0.0,1.0,1.0,2.0,2,2,5,05/13/2024,2024-05-13,02:52:00
01/21/2024 04:18:00 PM,5.0,4,3,5,5,3,5,3,2,1,4,UNABLE TO DETERMINE,2,2,0.0,0.0,0.0,0.0,0.0,2.0,16,1,1,01/21/2024,2024-01-21,16:18:00
04/21/2024 03:45:00 PM,5.0,3,2,3,4,3,3,3,2,1,4,IMPROPER OVERTAKING/PASSING,2,2,0.0,0.0,0.0,0.0,0.0,2.0,15,1,4,04/21/2024,2024-04-21,15:45:00
07/03/2024 03:20:00 PM,7.0,3,2,6,7,3,3,3,2,1,4,UNABLE TO DETERMINE,2,2,0.0,0.0,0.0,0.0,0.0,3.0,15,4,7,07/03/2024,2024-07-03,15:20:00
03/23/2024 01:26:00 AM,5.0,3,5,5,3,3,3,3,3,1,4,DRIVING ON WRONG SIDE/WRONG WAY,2,4,1.0,0.0,0.0,1.0,0.0,2.0,1,7,3,03/23/2024,2024-03-23,01:26:00
01/11/2024 07:39:00 AM,7.0,4,2,5,4,3,3,3,3,1,4,UNABLE TO DETERMINE,2,2,0.0,0.0,0.0,0.0,0.0,3.0,7,5,1,01/11/2024,2024-01-11,07:39:00
02/20/2024 10:15:00 AM,5.0,3,2,6,6,3,3,3,2,1,4,"OPERATING VEHICLE IN ERRATIC, RECKLESS, CARELESS, NEGLIGENT OR AGGRESSIVE MANNER",2,2,0.0,0.0,0.0,0.0,0.0,2.0,10,3,2,02/20/2024,2024-02-20,10:15:00
01/12/2024 08:25:00 AM,5.0,6,2,4,5,3,5,1,2,1,2,WEATHER,2,2,0.0,0.0,0.0,0.0,0.0,2.0,8,6,1,01/12/2024,2024-01-12,08:25:00
06/20/2024 01:16:00 PM,5.0,3,2,6,4,3,3,3,3,1,4,UNABLE TO DETERMINE,2,2,0.0,0.0,0.0,0.0,0.0,2.0,13,5,6,06/20/2024,2024-06-20,13:16:00
04/03/2024 09:00:00 AM,5.0,5,2,6,6,3,4,1,2,1,4,DRIVING SKILLS/KNOWLEDGE/EXPERIENCE,2,2,0.0,0.0,0.0,0.0,0.0,2.0,9,4,4,04/03/2024,2024-04-03,09:00:00
05/30/2024 06:30:00 PM,5.0,3,5,6,5,3,3,1,2,1,4,UNABLE TO DETERMINE,2,2,0.0,0.0,0.0,0.0,0.0,2.0,18,5,5,05/30/2024,2024-05-30,18:30:00
07/27/2024 11:07:00 PM,5.0,3,6,3,4,3,3,1,2,1,4,FAILING TO YIELD RIGHT-OF-WAY,2,2,0.0,0.0,0.0,0.0,0.0,2.0,23,7,7,07/27/2024,2024-07-27,23:07:00
01/12/2024 05:20:00 PM,7.0,4,2,5,10,3,6,3,3,1,4,WEATHER,2,2,0.0,0.0,0.0,0.0,0.0,2.0,17,6,1,01/12/2024,2024-01-12,17:20:00
05/15/2024 05:22:00 PM,5.0,3,2,6,4,3,3,3,2,1,3,IMPROPER TURNING/NO SIGNAL,2,2,0.0,0.0,0.0,0.0,0.0,2.0,17,4,5,05/15/2024,2024-05-15,17:22:00
06/28/2024 11:19:00 PM,5.0,5,3,11,5,3,4,3,2,0,3,UNABLE TO DETERMINE,2,2,0.0,0.0,0.0,0.0,0.0,1.0,23,6,6,06/28/2024,2024-06-28,23:19:00
05/05/2024 02:00:00 PM,3.0,3,2,5,7,3,3,3,2,0,4,UNABLE TO DETERMINE,2,2,0.0,0.0,0.0,0.0,0.0,2.0,14,1,5,05/05/2024,2024-05-05,14:00:00
01/23/2024 09:34:00 AM,5.0,6,2,13,5,3,5,3,3,1,3,UNABLE TO DETERMINE,2,4,2.0,0.0,0.0,2.0,0.0,0.0,9,3,1,01/23/2024,2024-01-23,09:34:00
01/18/2024 05:35:00 AM,5.0,6,5,6,5,3,5,3,3,1,4,DISREGARDING TRAFFIC SIGNALS,2,2,0.0,0.0,0.0,0.0,0.0,2.0,5,5,1,01/18/2024,2024-01-18,05:35:00
07/30/2024 08:45:00 AM,5.0,3,2,5,5,3,3,3,3,1,4,DISREGARDING TRAFFIC SIGNALS,2,2,0.0,0.0,0.0,0.0,0.0,2.0,8,3,7,07/30/2024,2024-07-30,08:45:00
05/29/2024 07:30:00 PM,5.0,3,2,6,5,3,3,3,2,1,3,IMPROPER TURNING/NO SIGNAL,2,2,0.0,0.0,0.0,0.0,0.0,2.0,19,4,5,05/29/2024,2024-05-29,19:30:00
07/24/2024 11:30:00 AM,5.0,3,2,4,4,3,3,1,3,0,4,UNABLE TO DETERMINE,2,3,1.0,0.0,0.0,0.0,1.0,2.0,11,4,7,07/24/2024,2024-07-24,11:30:00
01/16/2024 03:15:00 PM,5.0,3,2,4,5,3,1,1,2,1,4,UNABLE TO DETERMINE,2,2,0.0,0.0,0.0,0.0,0.0,2.0,15,3,1,01/16/2024,2024-01-16,15:15:00
02/27/2024 04:01:00 AM,7.0,3,5,5,5,3,3,1,3,1,4,FAILING TO YIELD RIGHT-OF-WAY,2,2,0.0,0.0,0.0,0.0,0.0,2.0,4,3,2,02/27/2024,2024-02-27,04:01:00
04/01/2024 05:02:00 PM,7.0,5,2,6,7,3,4,1,3,1,4,FAILING TO YIELD RIGHT-OF-WAY,2,2,0.0,0.0,0.0,0.0,0.0,2.0,17,2,4,04/01/2024,2024-04-01,17:02:00
05/23/2024 06:30:00 PM,5.0,3,2,6,5,3,3,3,2,1,3,IMPROPER TURNING/NO SIGNAL,2,2,0.0,0.0,0.0,0.0,0.0,3.0,18,5,5,05/23/2024,2024-05-23,18:30:00
03/13/2024 01:16:00 PM,5.0,3,2,6,5,3,3,3,2,1,4,UNABLE TO DETERMINE,2,2,0.0,0.0,0.0,0.0,0.0,3.0,13,4,3,03/13/2024,2024-03-13,13:16:00
03/29/2024 12:35:00 PM,5.0,3,2,5,5,3,3,3,3,1,4,UNABLE TO DETERMINE,2,3,1.0,0.0,0.0,0.0,1.0,1.0,12,6,3,03/29/2024,2024-03-29,12:35:00
08/10/2024 12:27:00 AM,5.0,3,5,5,1,3,3,3,3,1,4,DISREGARDING TRAFFIC SIGNALS,2,3,1.0,0.0,0.0,0.0,1.0,3.0,0,7,8,08/10/2024,2024-08-10,00:27:00
01/23/2024 11:25:00 AM,5.0,8,2,13,5,3,5,3,2,1,2,UNABLE TO DETERMINE,2,2,0.0,0.0,0.0,0.0,0.0,2.0,11,3,1,01/23/2024,2024-01-23,11:25:00
04/13/2024 02:45:00 PM,7.0,3,2,5,6,3,3,3,3,1,4,UNABLE TO DETERMINE,2,3,1.0,0.0,0.0,0.0,1.0,1.0,14,7,4,04/13/2024,2024-04-13,14:45:00
06/06/2024 01:15:00 PM,5.0,3,2,4,4,3,1,1,2,1,4,UNABLE TO DETERMINE,2,2,0.0,0.0,0.0,0.0,0.0,2.0,13,5,6,06/06/2024,2024-06-06,13:15:00
03/09/2024 01:54:00 AM,7.0,5,5,5,1,3,4,3,2,1,4,DISREGARDING STOP SIGN,2,2,0.0,0.0,0.0,0.0,0.0,2.0,1,7,3,03/09/2024,2024-03-09,01:54:00
04/18/2024 04:26:00 PM,5.0,3,2,4,5,3,1,1,2,1,4,UNABLE TO DETERMINE,2,2,0.0,0.0,0.0,0.0,0.0,2.0,16,5,4,04/18/2024,2024-04-18,16:26:00
01/07/2024 03:53:00 PM,5.0,3,2,4,5,3,1,1,2,1,4,NOT APPLICABLE,2,2,0.0,0.0,0.0,0.0,0.0,2.0,15,1,1,01/07/2024,2024-01-07,15:53:00
06/17/2024 01:00:00 PM,5.0,3,2,6,6,3,3,1,3,1,4,UNABLE TO DETERMINE,2,2,0.0,0.0,0.0,0.0,0.0,2.0,13,2,6,06/17/2024,2024-06-17,13:00:00
01/17/2024 05:00:00 PM,1.0,3,2,11,6,3,1,1,3,1,4,IMPROPER LANE USAGE,2,2,0.0,0.0,0.0,0.0,0.0,2.0,17,4,1,01/17/2024,2024-01-17,17:00:00
01/03/2024 06:04:00 PM,2.0,3,5,13,5,3,3,3,3,1,2,UNABLE TO DETERMINE,2,3,1.0,0.0,0.0,0.0,1.0,1.0,18,4,1,01/03/2024,2024-01-03,18:04:00
04/05/2024 02:50:00 PM,7.0,3,2,10,6,3,3,3,2,1,4,UNABLE TO DETERMINE,2,2,0.0,0.0,0.0,0.0,0.0,2.0,14,6,4,04/05/2024,2024-04-05,14:50:00
01/17/2024 08:30:00 AM,5.0,6,2,6,9,3,5,3,2,1,2,UNABLE TO DETERMINE,2,2,0.0,0.0,0.0,0.0,0.0,2.0,8,4,1,01/17/2024,2024-01-17,08:30:00
06/03/2024 02:15:00 PM,5.0,3,2,4,5,3,3,3,2,1,4,FOLLOWING TOO CLOSELY,2,2,0.0,0.0,0.0,0.0,0.0,2.0,14,2,6,06/03/2024,2024-06-03,14:15:00
04/13/2024 09:40:00 PM,5.0,3,5,4,4,3,3,3,3,1,3,FOLLOWING TOO CLOSELY,2,4,1.0,0.0,0.0,1.0,0.0,1.0,21,7,4,04/13/2024,2024-04-13,21:40:00
06/23/2024 12:20:00 AM,5.0,5,6,3,5,3,4,3,2,0,4,WEATHER,2,2,0.0,0.0,0.0,0.0,0.0,2.0,0,1,6,06/23/2024,2024-06-23,00:20:00
08/09/2024 10:25:00 AM,7.0,3,2,5,6,3,3,3,3,1,4,UNABLE TO DETERMINE,2,4,1.0,0.0,0.0,1.0,0.0,2.0,10,6,8,08/09/2024,2024-08-09,10:25:00
03/21/2024 02:25:00 PM,1.0,3,2,3,5,3,1,1,2,1,4,UNABLE TO DETERMINE,2,2,0.0,0.0,0.0,0.0,0.0,2.0,14,5,3,03/21/2024,2024-03-21,14:25:00
03/16/2024 09:11:00 PM,7.0,3,2,6,7,3,3,3,2,1,4,FAILING TO YIELD RIGHT-OF-WAY,2,2,0.0,0.0,0.0,0.0,0.0,2.0,21,7,3,03/16/2024,2024-03-16,21:11:00
04/28/2024 03:11:00 AM,5.0,5,5,13,5,3,4,3,3,1,3,UNABLE TO DETERMINE,2,4,1.0,0.0,0.0,1.0,0.0,1.0,3,1,4,04/28/2024,2024-04-28,03:11:00
04/05/2024 06:42:00 AM,7.0,5,2,5,6,3,4,1,2,1,4,UNABLE TO DETERMINE,2,2,0.0,0.0,0.0,0.0,0.0,2.0,6,6,4,04/05/2024,2024-04-05,06:42:00
02/03/2024 11:02:00 AM,5.0,3,2,4,7,3,3,3,2,1,3,DISTRACTION - FROM INSIDE VEHICLE,2,2,0.0,0.0,0.0,0.0,0.0,5.0,11,7,2,02/03/2024,2024-02-03,11:02:00
03/21/2024 10:54:00 PM,5.0,3,5,6,4,3,3,3,2,1,4,FAILING TO YIELD RIGHT-OF-WAY,2,2,0.0,0.0,0.0,0.0,0.0,2.0,22,5,3,03/21/2024,2024-03-21,22:54:00
01/24/2024 03:11:00 PM,7.0,5,2,6,5,3,4,1,3,1,4,UNDER THE INFLUENCE OF ALCOHOL/DRUGS (USE WHEN ARREST IS EFFECTED),2,3,2.0,0.0,0.0,0.0,2.0,2.0,15,4,1,01/24/2024,2024-01-24,15:11:00
07/30/2024 10:55:00 AM,3.0,3,2,4,5,3,3,3,3,1,4,DRIVING SKILLS/KNOWLEDGE/EXPERIENCE,2,4,2.0,0.0,0.0,2.0,0.0,0.0,10,3,7,07/30/2024,2024-07-30,10:55:00
05/20/2024 06:15:00 PM,5.0,3,2,6,6,3,3,3,2,1,4,IMPROPER TURNING/NO SIGNAL,2,2,0.0,0.0,0.0,0.0,0.0,2.0,18,2,5,05/20/2024,2024-05-20,18:15:00
01/25/2024 08:30:00 PM,5.0,3,5,5,3,3,3,3,2,1,3,NOT APPLICABLE,2,2,0.0,0.0,0.0,0.0,0.0,2.0,20,5,1,01/25/2024,2024-01-25,20:30:00
07/21/2024 02:15:00 PM,5.0,3,2,4,10,3,3,3,2,1,3,UNABLE TO DETERMINE,2,2,0.0,0.0,0.0,0.0,0.0,4.0,14,1,7,07/21/2024,2024-07-21,14:15:00
06/12/2024 09:59:00 PM,5.0,3,5,6,9,3,3,3,3,1,3,DRIVING SKILLS/KNOWLEDGE/EXPERIENCE,2,3,1.0,0.0,0.0,0.0,1.0,1.0,21,4,6,06/12/2024,2024-06-12,21:59:00
06/14/2024 03:10:00 PM,5.0,3,2,6,6,3,3,3,3,1,4,IMPROPER LANE USAGE,2,2,0.0,0.0,0.0,0.0,0.0,3.0,15,6,6,06/14/2024,2024-06-14,15:10:00
05/10/2024 01:26:00 PM,5.0,3,2,4,3,3,3,1,2,1,4,UNABLE TO DETERMINE,2,2,0.0,0.0,0.0,0.0,0.0,2.0,13,6,5,05/10/2024,2024-05-10,13:26:00
04/27/2024 05:30:00 PM,5.0,3,2,3,6,3,3,3,2,1,4,FAILING TO YIELD RIGHT-OF-WAY,2,2,0.0,0.0,0.0,0.0,0.0,2.0,17,7,4,04/27/2024,2024-04-27,17:30:00
02/29/2024 04:20:00 PM,5.0,3,2,13,13,3,3,3,3,1,2,FAILING TO YIELD RIGHT-OF-WAY,2,4,1.0,0.0,0.0,1.0,0.0,1.0,16,5,2,02/29/2024,2024-02-29,16:20:00
04/19/2024 11:15:00 AM,7.0,3,2,5,5,3,3,3,3,1,4,UNABLE TO DETERMINE,2,2,0.0,0.0,0.0,0.0,0.0,4.0,11,6,4,04/19/2024,2024-04-19,11:15:00
06/17/2024 05:40:00 PM,5.0,3,2,6,6,3,3,3,2,1,4,FAILING TO YIELD RIGHT-OF-WAY,2,2,0.0,0.0,0.0,0.0,0.0,2.0,17,2,6,06/17/2024,2024-06-17,17:40:00
03/06/2024 10:36:00 PM,5.0,3,6,6,7,3,3,3,2,1,4,FAILING TO REDUCE SPEED TO AVOID CRASH,2,2,0.0,0.0,0.0,0.0,0.0,2.0,22,4,3,03/06/2024,2024-03-06,22:36:00
02/01/2024 09:05:00 AM,3.0,3,2,6,6,3,3,1,2,1,3,FOLLOWING TOO CLOSELY,2,2,0.0,0.0,0.0,0.0,0.0,3.0,9,5,2,02/01/2024,2024-02-01,09:05:00
07/13/2024 11:30:00 PM,7.0,5,2,5,6,3,4,3,2,1,4,FAILING TO YIELD RIGHT-OF-WAY,2,2,0.0,0.0,0.0,0.0,0.0,3.0,23,7,7,07/13/2024,2024-07-13,23:30:00
06/08/2024 05:43:00 PM,3.0,5,4,5,17,4,4,3,3,1,4,NOT APPLICABLE,2,3,1.0,0.0,0.0,0.0,1.0,3.0,17,7,6,06/08/2024,2024-06-08,17:43:00
03/22/2024 10:45:00 PM,5.0,3,5,4,3,3,3,3,3,1,4,UNABLE TO DETERMINE,2,4,1.0,0.0,0.0,1.0,0.0,3.0,22,6,3,03/22/2024,2024-03-22,22:45:00
05/08/2024 02:36:00 PM,7.0,3,2,11,4,3,3,3,2,1,3,DRIVING SKILLS/KNOWLEDGE/EXPERIENCE,2,2,0.0,0.0,0.0,0.0,0.0,2.0,14,4,5,05/08/2024,2024-05-08,14:36:00
03/26/2024 10:00:00 PM,5.0,3,5,6,5,3,3,3,3,1,4,FAILING TO YIELD RIGHT-OF-WAY,2,2,0.0,0.0,0.0,0.0,0.0,2.0,22,3,3,03/26/2024,2024-03-26,22:00:00
04/14/2024 01:30:00 PM,3.0,3,2,4,6,3,3,3,2,1,4,UNABLE TO DETERMINE,2,2,0.0,0.0,0.0,0.0,0.0,2.0,13,1,4,04/14/2024,2024-04-14,13:30:00
08/02/2024 11:50:00 PM,5.0,3,5,4,5,3,3,3,3,1,4,FAILING TO REDUCE SPEED TO AVOID CRASH,2,4,2.0,0.0,0.0,2.0,0.0,1.0,23,6,8,08/02/2024,2024-08-02,23:50:00
03/29/2024 03:38:00 PM,5.0,3,2,6,5,3,3,3,2,1,2,IMPROPER TURNING/NO SIGNAL,2,2,0.0,0.0,0.0,0.0,0.0,3.0,15,6,3,03/29/2024,2024-03-29,15:38:00
06/22/2024 10:50:00 PM,5.0,3,5,6,6,3,3,3,2,1,4,IMPROPER OVERTAKING/PASSING,2,2,0.0,0.0,0.0,0.0,0.0,2.0,22,7,6,06/22/2024,2024-06-22,22:50:00
06/10/2024 02:30:00 PM,1.0,3,2,14,5,3,1,3,2,1,3,FAILING TO YIELD RIGHT-OF-WAY,2,2,0.0,0.0,0.0,0.0,0.0,2.0,14,2,6,06/10/2024,2024-06-10,14:30:00
01/13/2024 12:15:00 AM,5.0,3,5,13,5,3,4,3,3,1,2,FAILING TO YIELD RIGHT-OF-WAY,2,4,1.0,0.0,0.0,1.0,0.0,1.0,0,7,1,01/13/2024,2024-01-13,00:15:00
06/03/2024 08:11:00 AM,5.0,3,2,6,5,3,3,3,3,1,4,DISTRACTION - FROM INSIDE VEHICLE,2,3,1.0,0.0,0.0,0.0,1.0,1.0,8,2,6,06/03/2024,2024-06-03,08:11:00
03/24/2024 03:30:00 PM,3.0,3,2,4,6,3,3,3,2,1,4,FOLLOWING TOO CLOSELY,2,2,0.0,0.0,0.0,0.0,0.0,2.0,15,1,3,03/24/2024,2024-03-24,15:30:00
04/20/2024 11:45:00 AM,3.0,4,2,6,1,3,3,3,3,1,3,FAILING TO YIELD RIGHT-OF-WAY,2,4,2.0,0.0,0.0,2.0,0.0,2.0,11,7,4,04/20/2024,2024-04-20,11:45:00
05/30/2024 11:32:00 AM,5.0,3,2,11,5,3,3,1,2,1,2,FAILING TO YIELD RIGHT-OF-WAY,2,2,0.0,0.0,0.0,0.0,0.0,3.0,11,5,5,05/30/2024,2024-05-30,11:32:00
07/24/2024 06:10:00 PM,5.0,3,2,14,5,3,3,3,2,1,2,FAILING TO REDUCE SPEED TO AVOID CRASH,2,2,0.0,0.0,0.0,0.0,0.0,2.0,18,4,7,07/24/2024,2024-07-24,18:10:00
06/27/2024 08:40:00 AM,5.0,3,3,6,5,3,3,3,3,1,4,UNABLE TO DETERMINE,2,3,2.0,0.0,0.0,0.0,2.0,4.0,8,5,6,06/27/2024,2024-06-27,08:40:00
06/09/2024 04:00:00 PM,5.0,3,2,14,6,3,3,3,2,1,2,UNABLE TO DETERMINE,2,2,0.0,0.0,0.0,0.0,0.0,2.0,16,1,6,06/09/2024,2024-06-09,16:00:00
08/08/2024 08:20:00 PM,7.0,3,3,5,6,3,3,3,2,1,3,UNABLE TO DETERMINE,2,2,0.0,0.0,0.0,0.0,0.0,2.0,20,5,8,08/08/2024,2024-08-08,20:20:00
05/12/2024 02:51:00 AM,7.0,3,5,6,2,3,3,3,3,1,4,UNABLE TO DETERMINE,2,2,0.0,0.0,0.0,0.0,0.0,4.0,2,1,5,05/12/2024,2024-05-12,02:51:00
02/22/2024 11:04:00 AM,7.0,3,2,5,4,3,3,3,2,1,3,FAILING TO YIELD RIGHT-OF-WAY,2,2,0.0,0.0,0.0,0.0,0.0,2.0,11,5,2,02/22/2024,2024-02-22,11:04:00
06/07/2024 02:44:00 PM,5.0,3,2,4,5,3,3,1,3,1,2,UNABLE TO DETERMINE,2,4,2.0,0.0,0.0,2.0,0.0,3.0,14,6,6,06/07/2024,2024-06-07,14:44:00
03/22/2024 06:41:00 PM,5.0,6,3,4,5,3,4,3,3,1,2,UNABLE TO DETERMINE,2,3,1.0,0.0,0.0,0.0,1.0,1.0,18,6,3,03/22/2024,2024-03-22,18:41:00
05/08/2024 06:30:00 PM,5.0,3,4,3,5,3,1,3,2,1,4,UNABLE TO DETERMINE,2,2,0.0,0.0,0.0,0.0,0.0,2.0,18,4,5,05/08/2024,2024-05-08,18:30:00
03/02/2024 10:07:00 AM,5.0,3,2,3,6,3,3,3,2,1,4,IMPROPER OVERTAKING/PASSING,2,2,0.0,0.0,0.0,0.0,0.0,2.0,10,7,3,03/02/2024,2024-03-02,10:07:00
02/15/2024 01:47:00 PM,5.0,3,2,5,5,3,3,3,2,1,4,FAILING TO YIELD RIGHT-OF-WAY,2,2,0.0,0.0,0.0,0.0,0.0,2.0,13,5,2,02/15/2024,2024-02-15,13:47:00
02/06/2024 07:44:00 AM,7.0,3,2,5,4,3,3,3,3,1,4,FAILING TO YIELD RIGHT-OF-WAY,2,2,0.0,0.0,0.0,0.0,0.0,2.0,7,3,2,02/06/2024,2024-02-06,07:44:00
03/29/2024 12:11:00 PM,5.0,3,2,4,5,3,3,3,2,1,4,IMPROPER OVERTAKING/PASSING,2,2,0.0,0.0,0.0,0.0,0.0,5.0,12,6,3,03/29/2024,2024-03-29,12:11:00
03/05/2024 03:35:00 PM,7.0,3,2,5,13,3,3,1,3,1,4,FAILING TO YIELD RIGHT-OF-WAY,2,2,0.0,0.0,0.0,0.0,0.0,2.0,15,3,3,03/05/2024,2024-03-05,15:35:00
01/20/2024 08:48:00 PM,7.0,3,5,5,6,3,3,1,2,1,4,DISREGARDING STOP SIGN,2,2,0.0,0.0,0.0,0.0,0.0,2.0,20,7,1,01/20/2024,2024-01-20,20:48:00
02/28/2024 12:00:00 PM,3.0,3,2,6,5,3,3,3,2,1,4,FAILING TO REDUCE SPEED TO AVOID CRASH,2,2,0.0,0.0,0.0,0.0,0.0,2.0,12,4,2,02/28/2024,2024-02-28,12:00:00
01/01/2024 03:45:00 AM,5.0,3,5,6,7,3,3,1,3,1,4,UNABLE TO DETERMINE,2,4,1.0,0.0,0.0,1.0,0.0,3.0,3,2,1,01/01/2024,2024-01-01,03:45:00