crash_date,traffic_control_device,weather_condition,lighting_condition,first_crash_type,trafficway_type,alignment,roadway_surface_cond,road_defect,crash_type,intersection_related_i,damage,prim_contributory_cause,num_units,most_severe_injury,injuries_total,injuries_fatal,injuries_incapacitating,injuries_non_incapacitating,injuries_reported_not_evident,injuries_no_indication,crash_hour,crash_day_of_week,crash_month,parsed_datetime,date,time
04/19/2024 09:19:00 PM,5.0,3,5,13,6,3,3,1,3,1,2,FAILING TO YIELD RIGHT-OF-WAY,2,5,1.0,0.0,1.0,0.0,0.0,1.0,21,6,4,04/19/2024,2024-04-19,21:19:00
05/14/2024 10:21:00 AM,5.0,3,5,5,6,3,3,3,3,1,4,DISREGARDING TRAFFIC SIGNALS,2,2,0.0,0.0,0.0,0.0,0.0,2.0,10,3,5,05/14/2024,2024-05-14,10:21:00
02/26/2024 03:45:00 PM,5.0,3,2,3,3,3,1,1,2,1,4,IMPROPER OVERTAKING/PASSING,2,2,0.0,0.0,0.0,0.0,0.0,2.0,15,2,2,02/26/2024,2024-02-26,15:45:00
06/04/2024 11:55:00 PM,5.0,5,5,5,5,3,4,3,3,1,4,UNABLE TO DETERMINE,2,3,1.0,0.0,0.0,0.0,1.0,3.0,23,3,6,06/04/2024,2024-06-04,23:55:00
02/08/2024 05:10:00 PM,7.0,3,5,5,6,3,3,3,3,1,4,FAILING TO YIELD RIGHT-OF-WAY,2,2,0.0,0.0,0.0,0.0,0.0,2.0,17,5,2,02/08/2024,2024-02-08,17:10:00
03/07/2024 05:07:00 PM,5.0,4,5,4,5,3,3,3,3,1,4,DRIVING SKILLS/KNOWLEDGE/EXPERIENCE,2,3,1.0,0.0,0.0,0.0,1.0,6.0,17,5,3,03/07/2024,2024-03-07,17:07:00
04/24/2024 07:59:00 AM,7.0,4,2,6,4,3,3,3,2,1,4,IMPROPER TURNING/NO SIGNAL,2,2,0.0,0.0,0.0,0.0,0.0,5.0,7,4,4,04/24/2024,2024-04-24,07:59:00
07/28/2024 09:15:00 PM,5.0,3,5,6,6,3,3,3,2,1,4,UNABLE TO DETERMINE,2,2,0.0,0.0,0.0,0.0,0.0,2.0,21,1,7,07/28/2024,2024-07-28,21:15:00
04/07/2024 12:25:00 PM,5.0,3,2,5,5,3,1,1,2,1,4,UNABLE TO DETERMINE,2,2,0.0,0.0,0.0,0.0,0.0,4.0,12,1,4,04/07/2024,2024-04-07,12:25:00
08/12/2024 10:11:00 PM,5.0,3,5,13,6,3,3,1,3,1,4,UNABLE TO DETERMINE,2,4,1.0,0.0,0.0,1.0,0.0,1.0,22,2,8,08/12/2024,2024-08-12,22:11:00
05/13/2024 07:00:00 PM,5.0,5,2,6,6,3,4,3,3,1,4,IMPROPER TURNING/NO SIGNAL,2,2,0.0,0.0,0.0,0.0,0.0,4.0,19,2,5,05/13/2024,2024-05-13,19:00:00
06/05/2024 05:00:00 PM,5.0,3,2,6,5,3,3,3,2,1,4,IMPROPER TURNING/NO SIGNAL,2,2,0.0,0.0,0.0,0.0,0.0,2.0,17,4,6,06/05/2024,2024-06-05,17:00:00
07/16/2024 06:50:00 PM,5.0,3,2,6,7,3,3,3,3,1,4,IMPROPER TURNING/NO SIGNAL,2,4,1.0,0.0,0.0,1.0,0.0,1.0,18,3,7,07/16/2024,2024-07-16,18:50:00
06/01/2024 10:58:00 PM,5.0,5,5,6,5,3,4,3,2,1,2,IMPROPER TURNING/NO SIGNAL,2,2,0.0,0.0,0.0,0.0,0.0,4.0,22,7,6,06/01/2024,2024-06-01,22:58:00
02/20/2024 10:30:00 AM,5.0,3,2,6,6,3,3,3,3,1,4,DRIVING SKILLS/KNOWLEDGE/EXPERIENCE,2,4,1.0,0.0,0.0,1.0,0.0,1.0,10,3,2,02/20/2024,2024-02-20,10:30:00
03/26/2024 09:07:00 AM,9.0,3,2,6,5,3,3,3,2,1,4,DRIVING SKILLS/KNOWLEDGE/EXPERIENCE,2,2,0.0,0.0,0.0,0.0,0.0,2.0,9,3,3,03/26/2024,2024-03-26,09:07:00
07/13/2024 01:13:00 AM,5.0,3,5,3,4,3,3,3,3,1,4,UNABLE TO DETERMINE,2,2,0.0,0.0,0.0,0.0,0.0,3.0,1,7,7,07/13/2024,2024-07-13,01:13:00
04/12/2024 02:15:00 PM,5.0,3,2,6,7,3,3,3,2,1,2,NOT APPLICABLE,2,2,0.0,0.0,0.0,0.0,0.0,2.0,14,6,4,04/12/2024,2024-04-12,14:15:00
08/13/2024 06:40:00 PM,7.0,3,2,5,6,3,3,3,2,1,3,DISREGARDING STOP SIGN,2,2,0.0,0.0,0.0,0.0,0.0,2.0,18,3,8,08/13/2024,2024-08-13,18:40:00
03/12/2024 10:16:00 PM,7.0,3,5,5,5,3,3,3,2,1,4,"VISION OBSCURED (SIGNS, TREE LIMBS, BUILDINGS, ETC.)",2,2,0.0,0.0,0.0,0.0,0.0,2.0,22,3,3,03/12/2024,2024-03-12,22:16:00
05/02/2024 12:58:00 PM,5.0,3,2,13,6,3,1,1,3,1,2,UNABLE TO DETERMINE,2,4,1.0,0.0,0.0,1.0,0.0,1.0,12,5,5,05/02/2024,2024-05-02,12:58:00
07/25/2024 03:50:00 PM,7.0,3,2,5,5,3,3,3,3,1,4,FAILING TO YIELD RIGHT-OF-WAY,2,2,0.0,0.0,0.0,0.0,0.0,2.0,15,5,7,07/25/2024,2024-07-25,15:50:00
05/22/2024 06:08:00 PM,5.0,3,2,13,5,3,3,1,3,1,2,UNABLE TO DETERMINE,2,4,1.0,0.0,0.0,1.0,0.0,1.0,18,4,5,05/22/2024,2024-05-22,18:08:00
07/08/2024 03:45:00 PM,5.0,3,2,6,5,3,3,3,2,1,2,"VISION OBSCURED (SIGNS, TREE LIMBS, BUILDINGS, ETC.)",2,2,0.0,0.0,0.0,0.0,0.0,2.0,15,2,7,07/08/2024,2024-07-08,15:45:00
04/10/2024 06:15:00 PM,7.0,3,2,5,5,3,3,3,2,1,3,FAILING TO REDUCE SPEED TO AVOID CRASH,2,2,0.0,0.0,0.0,0.0,0.0,2.0,18,4,4,04/10/2024,2024-04-10,18:15:00
04/04/2024 05:15:00 PM,5.0,3,2,6,5,3,3,3,3,1,4,IMPROPER TURNING/NO SIGNAL,2,3,1.0,0.0,0.0,0.0,1.0,1.0,17,5,4,04/04/2024,2024-04-04,17:15:00
07/17/2024 09:40:00 AM,5.0,3,2,6,4,3,3,3,2,1,4,UNABLE TO DETERMINE,2,2,0.0,0.0,0.0,0.0,0.0,2.0,9,4,7,07/17/2024,2024-07-17,09:40:00
06/29/2024 09:30:00 PM,5.0,3,5,4,6,3,3,3,2,1,4,UNABLE TO DETERMINE,2,2,0.0,0.0,0.0,0.0,0.0,2.0,21,7,6,06/29/2024,2024-06-29,21:30:00
03/15/2024 09:00:00 PM,7.0,3,5,5,5,3,3,3,3,1,4,FAILING TO YIELD RIGHT-OF-WAY,2,4,1.0,0.0,0.0,1.0,0.0,1.0,21,6,3,03/15/2024,2024-03-15,21:00:00
03/12/2024 07:49:00 AM,3.0,3,2,6,5,3,3,3,2,1,4,NOT APPLICABLE,2,2,0.0,0.0,0.0,0.0,0.0,2.0,7,3,3,03/12/2024,2024-03-12,07:49:00
04/10/2024 06:20:00 PM,5.0,3,2,5,6,3,3,3,3,1,4,UNABLE TO DETERMINE,2,3,1.0,0.0,0.0,0.0,1.0,1.0,18,4,4,04/10/2024,2024-04-10,18:20:00
02/11/2024 04:40:00 AM,5.0,3,5,6,5,3,3,3,3,1,4,FAILING TO REDUCE SPEED TO AVOID CRASH,2,4,1.0,0.0,0.0,1.0,0.0,3.0,4,1,2,02/11/2024,2024-02-11,04:40:00
06/26/2024 05:42:00 PM,5.0,3,2,14,6,3,3,3,3,1,3,FAILING TO YIELD RIGHT-OF-WAY,2,4,1.0,0.0,0.0,1.0,0.0,1.0,17,4,6,06/26/2024,2024-06-26,17:42:00
08/01/2024 11:00:00 AM,5.0,3,2,13,5,3,3,3,3,1,2,FAILING TO YIELD RIGHT-OF-WAY,2,3,1.0,0.0,0.0,0.0,1.0,1.0,11,5,8,08/01/2024,2024-08-01,11:00:00
05/06/2024 04:00:00 PM,7.0,3,2,14,6,3,3,3,3,1,2,FAILING TO YIELD RIGHT-OF-WAY,2,4,1.0,0.0,0.0,1.0,0.0,1.0,16,2,5,05/06/2024,2024-05-06,16:00:00
06/14/2024 09:30:00 AM,5.0,3,2,5,5,3,3,3,3,1,4,DISREGARDING TRAFFIC SIGNALS,2,2,0.0,0.0,0.0,0.0,0.0,2.0,9,6,6,06/14/2024,2024-06-14,09:30:00
07/05/2024 02:45:00 AM,7.0,3,5,8,5,3,3,1,2,1,4,IMPROPER BACKING,2,2,0.0,0.0,0.0,0.0,0.0,2.0,2,6,7,07/05/2024,2024-07-05,02:45:00
05/29/2024 11:05:00 AM,7.0,3,2,5,5,3,3,3,2,1,4,FAILING TO YIELD RIGHT-OF-WAY,2,2,0.0,0.0,0.0,0.0,0.0,2.0,11,4,5,05/29/2024,2024-05-29,11:05:00
07/27/2024 08:36:00 PM,5.0,3,5,13,6,3,3,3,3,1,4,FAILING TO YIELD RIGHT-OF-WAY,2,4,1.0,0.0,0.0,1.0,0.0,1.0,20,7,7,07/27/2024,2024-07-27,20:36:00
05/29/2024 01:50:00 PM,5.0,3,2,6,5,3,3,3,2,1,4,UNABLE TO DETERMINE,2,2,0.0,0.0,0.0,0.0,0.0,4.0,13,4,5,05/29/2024,2024-05-29,13:50:00
03/18/2024 04:00:00 PM,7.0,3,2,5,5,3,3,3,2,1,4,FAILING TO YIELD RIGHT-OF-WAY,2,2,0.0,0.0,0.0,0.0,0.0,5.0,16,2,3,03/18/2024,2024-03-18,16:00:00
06/20/2024 04:20:00 PM,5.0,3,2,3,6,3,3,3,2,1,4,IMPROPER OVERTAKING/PASSING,2,2,0.0,0.0,0.0,0.0,0.0,2.0,16,5,6,06/20/2024,2024-06-20,16:20:00
08/12/2024 05:50:00 PM,5.0,3,5,5,1,3,3,3,2,1,4,UNABLE TO DETERMINE,2,2,0.0,0.0,0.0,0.0,0.0,2.0,17,2,8,08/12/2024,2024-08-12,17:50:00
02/03/2024 03:35:00 PM,5.0,3,2,3,4,3,3,3,2,1,4,UNABLE TO DETERMINE,2,2,0.0,0.0,0.0,0.0,0.0,2.0,15,7,2,02/03/2024,2024-02-03,15:35:00
05/29/2024 05:37:00 PM,5.0,3,2,5,5,3,3,3,3,1,4,FAILING TO YIELD RIGHT-OF-WAY,2,4,2.0,0.0,0.0,2.0,0.0,0.0,17,4,5,05/29/2024,2024-05-29,17:37:00
02/23/2024 09:25:00 PM,5.0,6,5,5,6,3,4,3,3,1,4,DISREGARDING TRAFFIC SIGNALS,2,4,1.0,0.0,0.0,1.0,0.0,1.0,21,6,2,02/23/2024,2024-02-23,21:25:00
03/17/2024 11:57:00 AM,5.0,4,2,5,7,3,3,3,3,1,4,FAILING TO YIELD RIGHT-OF-WAY,2,4,1.0,0.0,0.0,1.0,0.0,1.0,11,1,3,03/17/2024,2024-03-17,11:57:00
04/17/2024 05:30:00 PM,7.0,4,2,5,5,3,3,3,2,1,3,DISREGARDING STOP SIGN,2,2,0.0,0.0,0.0,0.0,0.0,5.0,17,4,4,04/17/2024,2024-04-17,17:30:00
06/23/2024 02:45:00 PM,5.0,3,2,4,4,3,3,3,2,1,3,UNABLE TO DETERMINE,2,2,0.0,0.0,0.0,0.0,0.0,3.0,14,1,6,06/23/2024,2024-06-23,14:45:00
02/04/2024 09:00:00 PM,7.0,3,2,5,6,3,3,3,2,1,4,NOT APPLICABLE,2,2,0.0,0.0,0.0,0.0,0.0,4.0,21,1,2,02/04/2024,2024-02-04,21:00:00
05/29/2024 04:06:00 PM,5.0,3,2,6,5,3,3,3,2,1,4,UNABLE TO DETERMINE,2,2,0.0,0.0,0.0,0.0,0.0,5.0,16,4,5,05/29/2024,2024-05-29,16:06:00
03/06/2024 04:17:00 PM,1.0,3,2,5,5,3,1,1,3,1,4,UNABLE TO DETERMINE,2,2,0.0,0.0,0.0,0.0,0.0,3.0,16,4,3,03/06/2024,2024-03-06,16:17:00
08/05/2024 10:24:00 AM,5.0,3,2,5,5,3,4,3,2,1,4,DISREGARDING TRAFFIC SIGNALS,2,2,0.0,0.0,0.0,0.0,0.0,2.0,10,2,8,08/05/2024,2024-08-05,10:24:00
03/16/2024 09:05:00 PM,7.0,3,5,11,6,3,3,3,2,1,4,UNABLE TO DETERMINE,2,2,0.0,0.0,0.0,0.0,0.0,1.0,21,7,3,03/16/2024,2024-03-16,21:05:00
02/21/2024 03:20:00 PM,7.0,3,2,6,7,3,3,3,2,1,3,DRIVING SKILLS/KNOWLEDGE/EXPERIENCE,2,2,0.0,0.0,0.0,0.0,0.0,2.0,15,4,2,02/21/2024,2024-02-21,15:20:00
06/27/2024 07:10:00 AM,5.0,3,2,5,5,3,3,3,3,1,4,DISREGARDING TRAFFIC SIGNALS,2,2,0.0,0.0,0.0,0.0,0.0,2.0,7,5,6,06/27/2024,2024-06-27,07:10:00
02/13/2024 05:00:00 PM,3.0,3,2,5,2,3,3,3,3,0,3,IMPROPER TURNING/NO SIGNAL,2,4,1.0,0.0,0.0,1.0,0.0,2.0,17,3,2,02/13/2024,2024-02-13,17:00:00
01/25/2024 07:27:00 PM,5.0,5,5,4,6,3,4,3,2,1,4,UNABLE TO DETERMINE,2,2,0.0,0.0,0.0,0.0,0.0,2.0,19,5,1,01/25/2024,2024-01-25,19:27:00
04/15/2024 04:23:00 PM,5.0,3,2,6,5,3,3,1,2,1,4,UNABLE TO DETERMINE,2,2,0.0,0.0,0.0,0.0,0.0,3.0,16,2,4,04/15/2024,2024-04-15,16:23:00
02/01/2024 06:21:00 AM,5.0,3,3,5,2,3,3,3,3,1,4,FAILING TO YIELD RIGHT-OF-WAY,2,2,0.0,0.0,0.0,0.0,0.0,3.0,6,5,2,02/01/2024,2024-02-01,06:21:00
02/12/2024 06:53:00 PM,3.0,3,5,14,4,3,3,3,3,0,2,FAILING TO REDUCE SPEED TO AVOID CRASH,2,3,2.0,0.0,0.0,0.0,2.0,1.0,18,2,2,02/12/2024,2024-02-12,18:53:00
05/02/2024 05:15:00 AM,5.0,3,2,9,5,3,3,3,3,1,4,FAILING TO YIELD RIGHT-OF-WAY,2,3,1.0,0.0,0.0,0.0,1.0,1.0,5,5,5,05/02/2024,2024-05-02,05:15:00
08/10/2024 02:45:00 PM,5.0,3,2,6,5,3,3,3,2,1,3,FAILING TO YIELD RIGHT-OF-WAY,2,2,0.0,0.0,0.0,0.0,0.0,2.0,14,7,8,08/10/2024,2024-08-10,14:45:00
07/05/2024 12:38:00 AM,7.0,3,5,4,7,3,3,3,2,1,4,FOLLOWING TOO CLOSELY,2,2,0.0,0.0,0.0,0.0,0.0,2.0,0,6,7,07/05/2024,2024-07-05,00:38:00
06/12/2024 08:40:00 AM,5.0,3,2,4,5,3,3,3,3,1,4,FOLLOWING TOO CLOSELY,2,3,1.0,0.0,0.0,0.0,1.0,1.0,8,4,6,06/12/2024,2024-06-12,08:40:00
07/15/2024 05:15:00 AM,5.0,3,3,6,5,3,3,3,2,1,4,IMPROPER TURNING/NO SIGNAL,2,2,0.0,0.0,0.0,0.0,0.0,2.0,5,2,7,07/15/2024,2024-07-15,05:15:00
08/11/2024 03:29:00 PM,3.0,3,2,6,5,3,3,3,2,1,4,IMPROPER TURNING/NO SIGNAL,2,2,0.0,0.0,0.0,0.0,0.0,6.0,15,1,8,08/11/2024,2024-08-11,15:29:00
04/01/2024 01:10:00 AM,7.0,5,5,6,5,3,4,3,2,1,4,UNABLE TO DETERMINE,2,2,0.0,0.0,0.0,0.0,0.0,2.0,1,2,4,04/01/2024,2024-04-01,01:10:00
07/13/2024 09:47:00 AM,5.0,3,2,5,5,3,1,1,3,1,4,DISREGARDING TRAFFIC SIGNALS,2,2,0.0,0.0,0.0,0.0,0.0,3.0,9,7,7,07/13/2024,2024-07-13,09:47:00
07/17/2024 06:35:00 AM,5.0,3,2,3,5,3,3,3,2,1,4,FAILING TO YIELD RIGHT-OF-WAY,2,2,0.0,0.0,0.0,0.0,0.0,3.0,6,4,7,07/17/2024,2024-07-17,06:35:00
03/15/2024 03:30:00 PM,5.0,3,2,3,4,3,3,3,2,1,4,IMPROPER OVERTAKING/PASSING,2,2,0.0,0.0,0.0,0.0,0.0,2.0,15,6,3,03/15/2024,2024-03-15,15:30:00
05/16/2024 03:15:00 PM,5.0,3,2,4,5,3,4,3,2,1,4,UNABLE TO DETERMINE,2,2,0.0,0.0,0.0,0.0,0.0,3.0,15,5,5,05/16/2024,2024-05-16,15:15:00
01/15/2024 05:05:00 PM,3.0,3,6,5,5,3,3,3,2,1,3,DISREGARDING STOP SIGN,2,2,0.0,0.0,0.0,0.0,0.0,2.0,17,2,1,01/15/2024,2024-01-15,17:05:00
03/21/2024 03:00:00 PM,3.0,3,2,4,6,3,3,1,2,1,4,IMPROPER OVERTAKING/PASSING,2,2,0.0,0.0,0.0,0.0,0.0,5.0,15,5,3,03/21/2024,2024-03-21,15:00:00
05/20/2024 04:30:00 PM,5.0,3,2,6,5,4,3,3,2,1,4,FAILING TO YIELD RIGHT-OF-WAY,2,2,0.0,0.0,0.0,0.0,0.0,2.0,16,2,5,05/20/2024,2024-05-20,16:30:00
02/22/2024 04:41:00 PM,5.0,3,4,6,7,3,3,1,3,1,4,FAILING TO YIELD RIGHT-OF-WAY,2,2,0.0,0.0,0.0,0.0,0.0,2.0,16,5,2,02/22/2024,2024-02-22,16:41:00
08/11/2024 05:00:00 PM,7.0,3,2,5,6,3,3,3,3,1,4,DISREGARDING STOP SIGN,2,4,1.0,0.0,0.0,1.0,0.0,5.0,17,1,8,08/11/2024,2024-08-11,17:00:00
07/12/2024 04:48:00 PM,5.0,3,2,3,4,3,3,3,2,1,4,IMPROPER OVERTAKING/PASSING,2,2,0.0,0.0,0.0,0.0,0.0,2.0,16,6,7,07/12/2024,2024-07-12,16:48:00
06/01/2024 04:28:00 PM,5.0,5,2,5,5,3,4,3,2,1,4,DISREGARDING TRAFFIC SIGNALS,2,2,0.0,0.0,0.0,0.0,0.0,2.0,16,7,6,06/01/2024,2024-06-01,16:28:00
05/08/2024 10:42:00 AM,5.0,3,2,4,5,3,3,3,3,1,4,FOLLOWING TOO CLOSELY,2,3,1.0,0.0,0.0,0.0,1.0,1.0,10,4,5,05/08/2024,2024-05-08,10:42:00
03/01/2024 09:00:00 AM,5.0,3,2,6,5,3,3,3,2,1,4,IMPROPER TURNING/NO SIGNAL,2,2,0.0,0.0,0.0,0.0,0.0,2.0,9,6,3,03/01/2024,2024-03-01,09:00:00
06/19/2024 01:16:00 PM,7.0,3,2,5,5,3,3,3,3,1,4,FAILING TO REDUCE SPEED TO AVOID CRASH,2,3,1.0,0.0,0.0,0.0,1.0,1.0,13,4,6,06/19/2024,2024-06-19,13:16:00
06/13/2024 03:30:00 PM,7.0,3,2,6,5,3,3,3,2,1,4,FAILING TO YIELD RIGHT-OF-WAY,2,2,0.0,0.0,0.0,0.0,0.0,2.0,15,5,6,06/13/2024,2024-06-13,15:30:00
05/26/2024 06:33:00 AM,5.0,3,2,6,6,3,3,3,3,1,4,IMPROPER TURNING/NO SIGNAL,2,4,2.0,0.0,0.0,2.0,0.0,5.0,6,1,5,05/26/2024,2024-05-26,06:33:00
08/04/2024 04:20:00 PM,7.0,3,2,5,6,3,3,3,2,1,4,FAILING TO YIELD RIGHT-OF-WAY,2,2,0.0,0.0,0.0,0.0,0.0,2.0,16,1,8,08/04/2024,2024-08-04,16:20:00
01/17/2024 07:50:00 AM,7.0,3,2,5,7,3,6,3,3,1,4,UNABLE TO DETERMINE,2,2,0.0,0.0,0.0,0.0,0.0,2.0,7,4,1,01/17/2024,2024-01-17,07:50:00
06/24/2024 07:35:00 AM,5.0,3,2,6,6,3,3,1,3,1,4,IMPROPER TURNING/NO SIGNAL,2,2,0.0,0.0,0.0,0.0,0.0,5.0,7,2,6,06/24/2024,2024-06-24,07:35:00
06/06/2024 08:30:00 AM,5.0,3,2,8,5,3,3,3,2,1,2,DRIVING SKILLS/KNOWLEDGE/EXPERIENCE,2,2,0.0,0.0,0.0,0.0,0.0,2.0,8,5,6,06/06/2024,2024-06-06,08:30:00
07/12/2024 09:35:00 AM,3.0,3,5,6,4,3,3,3,2,1,4,FAILING TO YIELD RIGHT-OF-WAY,2,2,0.0,0.0,0.0,0.0,0.0,2.0,9,6,7,07/12/2024,2024-07-12,09:35:00
04/14/2024 06:05:00 PM,5.0,3,2,4,6,3,3,1,2,1,4,UNABLE TO DETERMINE,2,2,0.0,0.0,0.0,0.0,0.0,2.0,18,1,4,04/14/2024,2024-04-14,18:05:00
07/16/2024 10:07:00 AM,5.0,3,2,3,3,3,1,1,2,1,4,IMPROPER OVERTAKING/PASSING,2,2,0.0,0.0,0.0,0.0,0.0,2.0,10,3,7,07/16/2024,2024-07-16,10:07:00
07/13/2024 06:40:00 PM,5.0,3,2,6,12,3,3,1,2,1,4,IMPROPER TURNING/NO SIGNAL,2,2,0.0,0.0,0.0,0.0,0.0,2.0,18,7,7,07/13/2024,2024-07-13,18:40:00
06/07/2024 07:45:00 AM,5.0,3,2,4,4,3,3,1,3,1,4,FOLLOWING TOO CLOSELY,2,2,0.0,0.0,0.0,0.0,0.0,2.0,7,6,6,06/07/2024,2024-06-07,07:45:00
05/06/2024 01:10:00 AM,5.0,3,5,5,5,3,3,3,3,1,4,DISREGARDING TRAFFIC SIGNALS,2,2,0.0,0.0,0.0,0.0,0.0,2.0,1,2,5,05/06/2024,2024-05-06,01:10:00
06/10/2024 05:50:00 PM,5.0,3,2,6,7,3,3,3,2,1,4,UNABLE TO DETERMINE,2,2,0.0,0.0,0.0,0.0,0.0,2.0,17,2,6,06/10/2024,2024-06-10,17:50:00
07/12/2024 09:40:00 PM,5.0,3,5,3,5,4,3,3,2,1,4,IMPROPER TURNING/NO SIGNAL,2,2,0.0,0.0,0.0,0.0,0.0,2.0,21,6,7,07/12/2024,2024-07-12,21:40:00
03/15/2024 01:35:00 PM,5.0,3,2,3,6,3,3,3,2,1,4,IMPROPER OVERTAKING/PASSING,2,2,0.0,0.0,0.0,0.0,0.0,2.0,13,6,3,03/15/2024,2024-03-15,13:35:00
05/22/2024 06:23:00 PM,5.0,3,2,13,6,3,3,3,3,1,4,FAILING TO YIELD RIGHT-OF-WAY,2,4,1.0,0.0,0.0,1.0,0.0,1.0,18,4,5,05/22/2024,2024-05-22,18:23:00
03/07/2024 02:17:00 PM,5.0,3,2,13,6,3,3,3,3,1,4,FAILING TO YIELD RIGHT-OF-WAY,2,4,1.0,0.0,0.0,1.0,0.0,1.0,14,5,3,03/07/2024,2024-03-07,14:17:00
08/07/2024 06:49:00 PM,5.0,3,2,6,7,3,3,3,2,1,3,DRIVING SKILLS/KNOWLEDGE/EXPERIENCE,2,2,0.0,0.0,0.0,0.0,0.0,3.0,18,4,8,08/07/2024,2024-08-07,18:49:00
04/22/2024 06:45:00 PM,7.0,3,2,3,5,3,3,3,3,1,4,IMPROPER OVERTAKING/PASSING,2,2,0.0,0.0,0.0,0.0,0.0,2.0,18,2,4,04/22/2024,2024-04-22,18:45:00
05/17/2024 07:50:00 PM,7.0,3,2,5,6,3,3,3,2,1,4,FAILING TO YIELD RIGHT-OF-WAY,2,2,0.0,0.0,0.0,0.0,0.0,2.0,19,6,5,05/17/2024,2024-05-17,19:50:00
07/23/2024 05:20:00 PM,7.0,3,2,5,5,3,3,3,2,1,4,UNABLE TO DETERMINE,2,2,0.0,0.0,0.0,0.0,0.0,2.0,17,3,7,07/23/2024,2024-07-23,17:20:00
07/03/2024 06:31:00 PM,5.0,3,2,6,5,3,3,7,2,1,4,UNABLE TO DETERMINE,2,2,0.0,0.0,0.0,0.0,0.0,2.0,18,4,7,07/03/2024,2024-07-03,18:31:00
01/09/2024 05:30:00 AM,7.0,6,5,14,7,3,5,3,2,1,4,UNABLE TO DETERMINE,2,2,0.0,0.0,0.0,0.0,0.0,2.0,5,3,1,01/09/2024,2024-01-09,05:30:00
05/19/2024 05:14:00 PM,5.0,3,2,14,4,4,3,3,3,1,2,FAILING TO YIELD RIGHT-OF-WAY,2,3,1.0,0.0,0.0,0.0,1.0,1.0,17,1,5,05/19/2024,2024-05-19,17:14:00
03/09/2024 08:48:00 PM,3.0,3,3,6,7,3,3,1,2,1,4,FAILING TO YIELD RIGHT-OF-WAY,2,2,0.0,0.0,0.0,0.0,0.0,4.0,20,7,3,03/09/2024,2024-03-09,20:48:00
01/10/2024 08:01:00 AM,5.0,4,2,11,6,3,5,3,2,1,4,EQUIPMENT - VEHICLE CONDITION,2,2,0.0,0.0,0.0,0.0,0.0,1.0,8,4,1,01/10/2024,2024-01-10,08:01:00
05/13/2024 12:16:00 AM,5.0,3,5,14,4,3,3,3,2,1,2,FOLLOWING TOO CLOSELY,2,2,0.0,0.0,0.0,0.0,0.0,3.0,0,2,5,05/13/2024,2024-05-13,00:16:00
07/17/2024 05:10:00 PM,5.0,3,2,6,6,3,3,3,3,1,4,DISREGARDING TRAFFIC SIGNALS,2,2,0.0,0.0,0.0,0.0,0.0,2.0,17,4,7,07/17/2024,2024-07-17,17:10:00
05/16/2024 08:25:00 AM,7.0,3,2,4,5,3,3,3,2,1,4,UNABLE TO DETERMINE,2,2,0.0,0.0,0.0,0.0,0.0,2.0,8,5,5,05/16/2024,2024-05-16,08:25:00
06/12/2024 07:12:00 PM,5.0,3,2,6,5,3,3,3,3,1,4,IMPROPER TURNING/NO SIGNAL,2,3,1.0,0.0,0.0,0.0,1.0,1.0,19,4,6,06/12/2024,2024-06-12,19:12:00
02/27/2024 12:00:00 AM,5.0,3,5,6,4,3,3,3,2,1,3,IMPROPER OVERTAKING/PASSING,2,2,0.0,0.0,0.0,0.0,0.0,4.0,0,3,2,02/27/2024,2024-02-27,00:00:00
07/30/2024 03:20:00 PM,5.0,3,2,6,4,3,1,1,2,1,4,IMPROPER TURNING/NO SIGNAL,2,2,0.0,0.0,0.0,0.0,0.0,2.0,15,3,7,07/30/2024,2024-07-30,15:20:00
08/07/2024 09:31:00 AM,7.0,3,2,5,4,3,3,3,3,1,4,"OPERATING VEHICLE IN ERRATIC, RECKLESS, CARELESS, NEGLIGENT OR AGGRESSIVE MANNER",2,4,2.0,0.0,0.0,1.0,1.0,2.0,9,4,8,08/07/2024,2024-08-07,09:31:00
07/02/2024 06:22:00 PM,5.0,3,2,5,5,3,3,3,3,1,4,DISREGARDING TRAFFIC SIGNALS,2,2,0.0,0.0,0.0,0.0,0.0,3.0,18,3,7,07/02/2024,2024-07-02,18:22:00
05/14/2024 10:45:00 AM,3.0,3,2,4,10,3,3,3,2,1,4,UNABLE TO DETERMINE,2,2,0.0,0.0,0.0,0.0,0.0,2.0,10,3,5,05/14/2024,2024-05-14,10:45:00
01/02/2024 09:21:00 AM,5.0,3,2,6,6,3,3,3,2,1,4,UNABLE TO DETERMINE,2,2,0.0,0.0,0.0,0.0,0.0,2.0,9,3,1,01/02/2024,2024-01-02,09:21:00
05/01/2024 04:05:00 PM,5.0,3,2,3,6,3,3,3,2,0,4,FAILING TO YIELD RIGHT-OF-WAY,2,2,0.0,0.0,0.0,0.0,0.0,4.0,16,4,5,05/01/2024,2024-05-01,16:05:00
07/25/2024 12:43:00 PM,5.0,3,2,6,4,3,3,1,2,1,4,UNABLE TO DETERMINE,2,2,0.0,0.0,0.0,0.0,0.0,3.0,12,5,7,07/25/2024,2024-07-25,12:43:00
03/29/2024 11:21:00 PM,5.0,5,5,5,6,3,4,3,3,1,4,DISREGARDING TRAFFIC SIGNALS,2,2,0.0,0.0,0.0,0.0,0.0,2.0,23,6,3,03/29/2024,2024-03-29,23:21:00