crash_date,traffic_control_device,weather_condition,lighting_condition,first_crash_type,trafficway_type,alignment,roadway_surface_cond,road_defect,crash_type,intersection_related_i,damage,prim_contributory_cause,num_units,most_severe_injury,injuries_total,injuries_fatal,injuries_incapacitating,injuries_non_incapacitating,injuries_reported_not_evident,injuries_no_indication,crash_hour,crash_day_of_week,crash_month,parsed_datetime,date,time
03/01/2024 07:58:00 AM,7.0,4,2,10,4,3,3,3,2,1,4,UNABLE TO DETERMINE,2,2,0.0,0.0,0.0,0.0,0.0,3.0,7,6,3,03/01/2024,2024-03-01,07:58:00
02/09/2024 03:30:00 PM,7.0,3,2,9,5,3,3,3,3,1,4,DISREGARDING STOP SIGN,2,2,0.0,0.0,0.0,0.0,0.0,2.0,15,6,2,02/09/2024,2024-02-09,15:30:00
01/26/2024 03:34:00 PM,5.0,5,2,13,6,3,4,1,3,1,4,NOT APPLICABLE,2,4,1.0,0.0,0.0,1.0,0.0,1.0,15,6,1,01/26/2024,2024-01-26,15:34:00
02/06/2024 05:58:00 PM,5.0,3,4,6,6,3,3,3,2,1,4,FAILING TO YIELD RIGHT-OF-WAY,2,2,0.0,0.0,0.0,0.0,0.0,3.0,17,3,2,02/06/2024,2024-02-06,17:58:00
05/28/2024 04:56:00 PM,5.0,3,2,5,6,3,4,1,3,1,4,DRIVING SKILLS/KNOWLEDGE/EXPERIENCE,2,2,0.0,0.0,0.0,0.0,0.0,2.0,16,3,5,05/28/2024,2024-05-28,16:56:00
06/23/2024 09:45:00 PM,5.0,3,5,14,4,3,3,3,3,1,4,DISREGARDING TRAFFIC SIGNALS,2,4,1.0,0.0,0.0,1.0,0.0,2.0,21,1,6,06/23/2024,2024-06-23,21:45:00
07/28/2024 03:08:00 PM,7.0,3,2,6,7,3,3,3,2,1,4,IMPROPER TURNING/NO SIGNAL,2,2,0.0,0.0,0.0,0.0,0.0,4.0,15,1,7,07/28/2024,2024-07-28,15:08:00
01/21/2024 11:55:00 AM,7.0,3,2,5,5,3,3,3,3,1,4,FAILING TO YIELD RIGHT-OF-WAY,2,5,2.0,0.0,1.0,0.0,1.0,0.0,11,1,1,01/21/2024,2024-01-21,11:55:00
02/29/2024 07:33:00 AM,7.0,3,2,5,5,3,3,1,3,1,4,DRIVING SKILLS/KNOWLEDGE/EXPERIENCE,2,3,1.0,0.0,0.0,0.0,1.0,2.0,7,5,2,02/29/2024,2024-02-29,07:33:00
04/03/2024 07:15:00 AM,7.0,5,2,6,6,3,4,3,2,1,3,FAILING TO YIELD RIGHT-OF-WAY,2,2,0.0,0.0,0.0,0.0,0.0,2.0,7,4,4,04/03/2024,2024-04-03,07:15:00
05/10/2024 10:30:00 PM,5.0,3,5,6,1,3,3,3,2,1,3,UNABLE TO DETERMINE,2,2,0.0,0.0,0.0,0.0,0.0,2.0,22,6,5,05/10/2024,2024-05-10,22:30:00
05/20/2024 11:30:00 AM,5.0,3,2,4,4,3,3,1,2,1,2,FOLLOWING TOO CLOSELY,2,2,0.0,0.0,0.0,0.0,0.0,3.0,11,2,5,05/20/2024,2024-05-20,11:30:00
05/09/2024 02:47:00 PM,3.0,4,2,4,4,3,4,3,2,0,3,FOLLOWING TOO CLOSELY,2,2,0.0,0.0,0.0,0.0,0.0,2.0,14,5,5,05/09/2024,2024-05-09,14:47:00
01/15/2024 02:40:00 PM,5.0,3,2,6,6,3,3,3,2,1,4,IMPROPER TURNING/NO SIGNAL,2,2,0.0,0.0,0.0,0.0,0.0,3.0,14,2,1,01/15/2024,2024-01-15,14:40:00
05/31/2024 03:57:00 PM,5.0,3,2,6,5,3,3,3,3,1,4,FAILING TO YIELD RIGHT-OF-WAY,2,3,1.0,0.0,0.0,0.0,1.0,2.0,15,6,5,05/31/2024,2024-05-31,15:57:00
05/15/2024 03:50:00 PM,5.0,3,2,6,5,3,3,1,3,1,4,UNABLE TO DETERMINE,2,3,2.0,0.0,0.0,0.0,2.0,0.0,15,4,5,05/15/2024,2024-05-15,15:50:00
06/14/2024 08:50:00 AM,3.0,3,2,6,6,3,3,3,3,1,4,UNABLE TO DETERMINE,2,2,0.0,0.0,0.0,0.0,0.0,2.0,8,6,6,06/14/2024,2024-06-14,08:50:00
05/08/2024 10:18:00 AM,7.0,3,2,5,5,3,3,3,2,1,4,UNABLE TO DETERMINE,2,2,0.0,0.0,0.0,0.0,0.0,5.0,10,4,5,05/08/2024,2024-05-08,10:18:00
01/20/2024 10:40:00 PM,7.0,3,5,5,5,3,3,3,3,1,4,FAILING TO YIELD RIGHT-OF-WAY,2,2,0.0,0.0,0.0,0.0,0.0,2.0,22,7,1,01/20/2024,2024-01-20,22:40:00
06/23/2024 09:32:00 AM,5.0,4,2,6,4,3,3,1,2,1,4,UNABLE TO DETERMINE,2,2,0.0,0.0,0.0,0.0,0.0,2.0,9,1,6,06/23/2024,2024-06-23,09:32:00
01/11/2024 07:47:00 AM,3.0,3,2,6,6,3,3,3,3,1,4,FAILING TO YIELD RIGHT-OF-WAY,2,2,0.0,0.0,0.0,0.0,0.0,2.0,7,5,1,01/11/2024,2024-01-11,07:47:00
05/29/2024 09:40:00 PM,5.0,3,5,4,5,3,3,3,3,1,3,FAILING TO REDUCE SPEED TO AVOID CRASH,2,4,1.0,0.0,0.0,1.0,0.0,1.0,21,4,5,05/29/2024,2024-05-29,21:40:00
07/31/2024 10:16:00 PM,7.0,3,6,5,4,3,3,3,3,1,4,UNABLE TO DETERMINE,2,3,1.0,0.0,0.0,0.0,1.0,3.0,22,4,7,07/31/2024,2024-07-31,22:16:00
07/22/2024 01:29:00 PM,5.0,3,2,6,6,3,3,3,2,1,4,IMPROPER BACKING,2,2,0.0,0.0,0.0,0.0,0.0,3.0,13,2,7,07/22/2024,2024-07-22,13:29:00
05/29/2024 06:30:00 AM,5.0,3,2,5,5,3,3,1,2,1,4,UNABLE TO DETERMINE,2,2,0.0,0.0,0.0,0.0,0.0,2.0,6,4,5,05/29/2024,2024-05-29,06:30:00
05/17/2024 06:34:00 AM,3.0,3,2,5,5,3,3,3,3,1,4,FAILING TO YIELD RIGHT-OF-WAY,2,2,0.0,0.0,0.0,0.0,0.0,2.0,6,6,5,05/17/2024,2024-05-17,06:34:00
02/27/2024 07:00:00 PM,1.0,3,2,3,5,3,1,1,2,1,4,UNABLE TO DETERMINE,2,2,0.0,0.0,0.0,0.0,0.0,2.0,19,3,2,02/27/2024,2024-02-27,19:00:00
04/06/2024 09:30:00 PM,7.0,3,5,7,6,3,3,3,3,1,4,UNABLE TO DETERMINE,2,4,1.0,0.0,0.0,1.0,0.0,1.0,21,7,4,04/06/2024,2024-04-06,21:30:00
03/18/2024 08:05:00 PM,5.0,3,5,6,5,3,3,1,2,1,4,IMPROPER TURNING/NO SIGNAL,2,2,0.0,0.0,0.0,0.0,0.0,2.0,20,2,3,03/18/2024,2024-03-18,20:05:00
01/18/2024 01:00:00 PM,5.0,3,2,13,5,3,3,1,3,1,2,FAILING TO YIELD RIGHT-OF-WAY,2,4,1.0,0.0,0.0,1.0,0.0,1.0,13,5,1,01/18/2024,2024-01-18,13:00:00
04/26/2024 04:00:00 PM,5.0,5,2,4,6,3,4,3,2,1,4,FAILING TO REDUCE SPEED TO AVOID CRASH,2,2,0.0,0.0,0.0,0.0,0.0,2.0,16,6,4,04/26/2024,2024-04-26,16:00:00
02/01/2024 06:39:00 PM,5.0,3,5,6,4,3,3,3,3,1,4,FAILING TO YIELD RIGHT-OF-WAY,2,3,1.0,0.0,0.0,0.0,1.0,2.0,18,5,2,02/01/2024,2024-02-01,18:39:00
07/17/2024 01:15:00 PM,1.0,3,2,3,6,3,1,1,3,1,4,IMPROPER LANE USAGE,2,3,1.0,0.0,0.0,0.0,1.0,4.0,13,4,7,07/17/2024,2024-07-17,13:15:00
08/10/2024 09:35:00 AM,5.0,3,2,6,3,3,3,3,3,1,4,FAILING TO YIELD RIGHT-OF-WAY,2,2,0.0,0.0,0.0,0.0,0.0,2.0,9,7,8,08/10/2024,2024-08-10,09:35:00
07/26/2024 10:00:00 PM,5.0,3,2,6,9,3,1,1,3,1,4,UNABLE TO DETERMINE,2,2,0.0,0.0,0.0,0.0,0.0,3.0,22,6,7,07/26/2024,2024-07-26,22:00:00
08/09/2024 05:15:00 PM,7.0,3,2,4,5,3,3,3,2,1,4,FOLLOWING TOO CLOSELY,2,2,0.0,0.0,0.0,0.0,0.0,4.0,17,6,8,08/09/2024,2024-08-09,17:15:00
06/18/2024 07:36:00 AM,3.0,3,2,5,16,3,3,3,2,1,4,FAILING TO YIELD RIGHT-OF-WAY,2,2,0.0,0.0,0.0,0.0,0.0,2.0,7,3,6,06/18/2024,2024-06-18,07:36:00
01/31/2024 10:20:00 PM,7.0,3,5,5,5,3,3,1,3,1,4,IMPROPER TURNING/NO SIGNAL,2,4,2.0,0.0,0.0,2.0,0.0,3.0,22,4,1,01/31/2024,2024-01-31,22:20:00
07/15/2024 01:15:00 PM,7.0,3,2,14,5,3,3,3,3,1,4,UNABLE TO DETERMINE,2,4,1.0,0.0,0.0,1.0,0.0,1.0,13,2,7,07/15/2024,2024-07-15,13:15:00
05/30/2024 02:45:00 PM,7.0,3,2,5,5,3,3,3,3,1,4,DISREGARDING STOP SIGN,2,2,0.0,0.0,0.0,0.0,0.0,2.0,14,5,5,05/30/2024,2024-05-30,14:45:00
05/01/2024 05:00:00 PM,5.0,3,2,3,4,3,3,3,2,1,4,UNABLE TO DETERMINE,2,2,0.0,0.0,0.0,0.0,0.0,5.0,17,4,5,05/01/2024,2024-05-01,17:00:00
03/13/2024 07:30:00 PM,5.0,3,5,3,6,3,3,3,2,1,3,IMPROPER OVERTAKING/PASSING,2,2,0.0,0.0,0.0,0.0,0.0,2.0,19,4,3,03/13/2024,2024-03-13,19:30:00
05/24/2024 06:50:00 AM,5.0,3,2,4,3,3,3,3,3,1,4,FAILING TO REDUCE SPEED TO AVOID CRASH,2,4,1.0,0.0,0.0,1.0,0.0,1.0,6,6,5,05/24/2024,2024-05-24,06:50:00
04/27/2024 04:30:00 PM,1.0,3,2,4,6,3,1,1,2,1,4,UNABLE TO DETERMINE,2,2,0.0,0.0,0.0,0.0,0.0,2.0,16,7,4,04/27/2024,2024-04-27,16:30:00
05/31/2024 12:30:00 PM,3.0,3,2,6,7,3,3,3,2,1,3,UNABLE TO DETERMINE,2,2,0.0,0.0,0.0,0.0,0.0,2.0,12,6,5,05/31/2024,2024-05-31,12:30:00
04/14/2024 02:37:00 PM,5.0,3,2,13,5,3,3,3,3,1,2,FAILING TO YIELD RIGHT-OF-WAY,2,5,1.0,0.0,1.0,0.0,0.0,1.0,14,1,4,04/14/2024,2024-04-14,14:37:00
06/19/2024 04:07:00 AM,5.0,3,4,6,7,3,3,3,3,1,4,FAILING TO YIELD RIGHT-OF-WAY,2,3,1.0,0.0,0.0,0.0,1.0,2.0,4,4,6,06/19/2024,2024-06-19,04:07:00
02/13/2024 11:30:00 AM,5.0,3,2,5,5,3,3,3,3,1,4,DRIVING SKILLS/KNOWLEDGE/EXPERIENCE,2,3,1.0,0.0,0.0,0.0,1.0,4.0,11,3,2,02/13/2024,2024-02-13,11:30:00
05/01/2024 09:53:00 PM,3.0,3,6,11,5,3,3,3,3,1,4,FAILING TO REDUCE SPEED TO AVOID CRASH,2,2,0.0,0.0,0.0,0.0,0.0,1.0,21,4,5,05/01/2024,2024-05-01,21:53:00
06/12/2024 04:30:00 PM,7.0,3,2,5,5,3,3,3,3,1,4,UNABLE TO DETERMINE,2,2,0.0,0.0,0.0,0.0,0.0,2.0,16,4,6,06/12/2024,2024-06-12,16:30:00
03/04/2024 01:15:00 PM,5.0,3,2,4,6,3,3,3,2,1,4,FAILING TO YIELD RIGHT-OF-WAY,2,2,0.0,0.0,0.0,0.0,0.0,2.0,13,2,3,03/04/2024,2024-03-04,13:15:00
05/04/2024 11:30:00 AM,3.0,3,2,5,6,3,3,3,2,1,4,UNABLE TO DETERMINE,2,2,0.0,0.0,0.0,0.0,0.0,2.0,11,7,5,05/04/2024,2024-05-04,11:30:00
08/08/2024 04:15:00 PM,5.0,3,2,6,5,3,3,1,2,1,4,FAILING TO YIELD RIGHT-OF-WAY,2,2,0.0,0.0,0.0,0.0,0.0,2.0,16,5,8,08/08/2024,2024-08-08,16:15:00
08/04/2024 01:30:00 AM,5.0,3,5,3,6,3,3,3,3,1,4,IMPROPER OVERTAKING/PASSING,2,4,1.0,0.0,0.0,1.0,0.0,1.0,1,1,8,08/04/2024,2024-08-04,01:30:00
02/19/2024 06:58:00 AM,5.0,3,2,5,5,3,3,3,3,1,4,FAILING TO REDUCE SPEED TO AVOID CRASH,2,4,2.0,0.0,0.0,2.0,0.0,0.0,6,2,2,02/19/2024,2024-02-19,06:58:00
01/18/2024 07:20:00 PM,1.0,3,2,4,5,3,1,1,2,1,4,UNABLE TO DETERMINE,2,2,0.0,0.0,0.0,0.0,0.0,2.0,19,5,1,01/18/2024,2024-01-18,19:20:00
02/23/2024 07:00:00 AM,7.0,3,2,5,6,3,3,3,2,1,4,UNABLE TO DETERMINE,2,2,0.0,0.0,0.0,0.0,0.0,2.0,7,6,2,02/23/2024,2024-02-23,07:00:00
06/17/2024 07:30:00 PM,3.0,3,2,6,5,3,3,3,2,1,4,IMPROPER TURNING/NO SIGNAL,2,2,0.0,0.0,0.0,0.0,0.0,2.0,19,2,6,06/17/2024,2024-06-17,19:30:00
05/16/2024 08:43:00 PM,7.0,3,5,5,4,3,3,3,2,1,3,IMPROPER OVERTAKING/PASSING,2,2,0.0,0.0,0.0,0.0,0.0,2.0,20,5,5,05/16/2024,2024-05-16,20:43:00
06/28/2024 10:10:00 AM,5.0,3,2,13,5,3,4,3,3,1,2,UNABLE TO DETERMINE,2,3,1.0,0.0,0.0,0.0,1.0,1.0,10,6,6,06/28/2024,2024-06-28,10:10:00
03/10/2024 06:14:00 PM,6.0,3,4,13,5,3,3,1,2,1,2,FAILING TO YIELD RIGHT-OF-WAY,2,2,0.0,0.0,0.0,0.0,0.0,2.0,18,1,3,03/10/2024,2024-03-10,18:14:00
02/02/2024 06:58:00 AM,5.0,3,2,5,4,3,3,3,3,1,4,DISREGARDING TRAFFIC SIGNALS,2,2,0.0,0.0,0.0,0.0,0.0,2.0,6,6,2,02/02/2024,2024-02-02,06:58:00
02/08/2024 10:51:00 PM,5.0,3,6,4,6,3,3,3,2,1,4,FOLLOWING TOO CLOSELY,2,2,0.0,0.0,0.0,0.0,0.0,2.0,22,5,2,02/08/2024,2024-02-08,22:51:00
03/29/2024 01:20:00 PM,3.0,3,2,5,7,3,3,1,3,1,4,UNABLE TO DETERMINE,2,3,1.0,0.0,0.0,0.0,1.0,3.0,13,6,3,03/29/2024,2024-03-29,13:20:00
06/01/2024 12:12:00 PM,5.0,5,2,6,5,3,4,3,3,1,4,UNABLE TO DETERMINE,2,2,0.0,0.0,0.0,0.0,0.0,2.0,12,7,6,06/01/2024,2024-06-01,12:12:00
02/12/2024 04:25:00 PM,7.0,3,2,5,6,3,3,3,3,1,4,FAILING TO YIELD RIGHT-OF-WAY,2,2,0.0,0.0,0.0,0.0,0.0,2.0,16,2,2,02/12/2024,2024-02-12,16:25:00
03/07/2024 12:30:00 PM,7.0,3,2,5,6,3,3,1,3,1,4,FAILING TO YIELD RIGHT-OF-WAY,2,2,0.0,0.0,0.0,0.0,0.0,4.0,12,5,3,03/07/2024,2024-03-07,12:30:00
08/09/2024 05:40:00 PM,5.0,3,2,5,4,3,3,3,2,1,4,UNABLE TO DETERMINE,2,2,0.0,0.0,0.0,0.0,0.0,3.0,17,6,8,08/09/2024,2024-08-09,17:40:00
05/20/2024 04:00:00 PM,5.0,3,2,4,4,3,3,3,3,1,4,FOLLOWING TOO CLOSELY,2,3,1.0,0.0,0.0,0.0,1.0,2.0,16,2,5,05/20/2024,2024-05-20,16:00:00
03/04/2024 09:18:00 PM,5.0,3,5,4,6,3,1,1,2,0,4,UNABLE TO DETERMINE,2,2,0.0,0.0,0.0,0.0,0.0,3.0,21,2,3,03/04/2024,2024-03-04,21:18:00
05/10/2024 02:00:00 PM,5.0,3,2,4,4,3,3,3,2,1,4,FOLLOWING TOO CLOSELY,2,2,0.0,0.0,0.0,0.0,0.0,2.0,14,6,5,05/10/2024,2024-05-10,14:00:00
02/20/2024 10:51:00 PM,5.0,3,3,6,5,3,3,3,2,1,3,FOLLOWING TOO CLOSELY,2,2,0.0,0.0,0.0,0.0,0.0,2.0,22,3,2,02/20/2024,2024-02-20,22:51:00
03/27/2024 06:39:00 PM,5.0,3,2,5,5,3,3,7,3,1,4,DISREGARDING TRAFFIC SIGNALS,2,2,0.0,0.0,0.0,0.0,0.0,3.0,18,4,3,03/27/2024,2024-03-27,18:39:00
03/25/2024 10:35:00 AM,7.0,3,2,5,5,3,3,3,2,1,4,DISREGARDING STOP SIGN,2,2,0.0,0.0,0.0,0.0,0.0,2.0,10,2,3,03/25/2024,2024-03-25,10:35:00
05/10/2024 07:17:00 AM,7.0,3,2,13,7,3,3,3,3,1,2,NOT APPLICABLE,2,3,1.0,0.0,0.0,0.0,1.0,1.0,7,6,5,05/10/2024,2024-05-10,07:17:00
05/28/2024 08:35:00 AM,5.0,3,2,6,5,3,3,3,2,1,4,UNABLE TO DETERMINE,2,2,0.0,0.0,0.0,0.0,0.0,2.0,8,3,5,05/28/2024,2024-05-28,08:35:00
01/05/2024 09:02:00 PM,5.0,3,5,6,5,3,3,3,2,1,4,IMPROPER OVERTAKING/PASSING,2,2,0.0,0.0,0.0,0.0,0.0,2.0,21,6,1,01/05/2024,2024-01-05,21:02:00
01/18/2024 11:36:00 AM,5.0,3,2,4,5,3,3,3,2,1,3,UNABLE TO DETERMINE,2,2,0.0,0.0,0.0,0.0,0.0,2.0,11,5,1,01/18/2024,2024-01-18,11:36:00
01/06/2024 07:10:00 PM,5.0,6,5,6,5,3,1,1,3,1,4,UNABLE TO DETERMINE,2,2,0.0,0.0,0.0,0.0,0.0,3.0,19,7,1,01/06/2024,2024-01-06,19:10:00
06/07/2024 07:50:00 AM,5.0,3,2,3,6,3,3,3,2,1,4,IMPROPER OVERTAKING/PASSING,2,2,0.0,0.0,0.0,0.0,0.0,2.0,7,6,6,06/07/2024,2024-06-07,07:50:00
01/09/2024 05:00:00 AM,5.0,6,5,13,6,3,5,3,3,1,4,UNABLE TO DETERMINE,2,5,1.0,0.0,1.0,0.0,0.0,2.0,5,3,1,01/09/2024,2024-01-09,05:00:00
07/08/2024 05:00:00 PM,7.0,3,2,5,6,3,3,3,3,1,4,UNABLE TO DETERMINE,2,2,0.0,0.0,0.0,0.0,0.0,2.0,17,2,7,07/08/2024,2024-07-08,17:00:00
04/29/2024 05:15:00 PM,5.0,3,2,6,6,3,3,3,2,1,2,DISTRACTION - FROM INSIDE VEHICLE,2,2,0.0,0.0,0.0,0.0,0.0,2.0,17,2,4,04/29/2024,2024-04-29,17:15:00
05/25/2024 02:00:00 PM,5.0,3,2,5,4,3,3,3,2,1,4,FAILING TO YIELD RIGHT-OF-WAY,2,2,0.0,0.0,0.0,0.0,0.0,2.0,14,7,5,05/25/2024,2024-05-25,14:00:00
01/20/2024 10:12:00 PM,5.0,3,5,6,7,3,4,3,2,1,4,IMPROPER TURNING/NO SIGNAL,2,2,0.0,0.0,0.0,0.0,0.0,2.0,22,7,1,01/20/2024,2024-01-20,22:12:00
06/25/2024 07:54:00 AM,5.0,5,2,6,4,3,4,1,2,1,4,IMPROPER TURNING/NO SIGNAL,2,2,0.0,0.0,0.0,0.0,0.0,2.0,7,3,6,06/25/2024,2024-06-25,07:54:00
02/01/2024 08:50:00 AM,5.0,3,2,3,4,3,3,3,2,1,4,IMPROPER OVERTAKING/PASSING,2,2,0.0,0.0,0.0,0.0,0.0,2.0,8,5,2,02/01/2024,2024-02-01,08:50:00
07/03/2024 08:30:00 AM,5.0,4,2,6,5,3,3,1,2,1,2,UNABLE TO DETERMINE,2,2,0.0,0.0,0.0,0.0,0.0,2.0,8,4,7,07/03/2024,2024-07-03,08:30:00
03/19/2024 07:21:00 PM,5.0,3,5,3,5,3,3,3,2,1,4,IMPROPER LANE USAGE,2,2,0.0,0.0,0.0,0.0,0.0,2.0,19,3,3,03/19/2024,2024-03-19,19:21:00
05/25/2024 12:26:00 AM,5.0,3,5,5,5,3,3,3,3,1,4,FAILING TO YIELD RIGHT-OF-WAY,2,2,0.0,0.0,0.0,0.0,0.0,3.0,0,7,5,05/25/2024,2024-05-25,00:26:00
08/08/2024 08:43:00 AM,5.0,3,2,6,5,3,3,3,3,1,4,DISREGARDING TRAFFIC SIGNALS,2,2,0.0,0.0,0.0,0.0,0.0,2.0,8,5,8,08/08/2024,2024-08-08,08:43:00
06/26/2024 05:46:00 PM,7.0,3,2,5,5,3,3,3,3,1,4,DISREGARDING STOP SIGN,2,2,0.0,0.0,0.0,0.0,0.0,4.0,17,4,6,06/26/2024,2024-06-26,17:46:00
08/03/2024 08:44:00 PM,5.0,3,5,4,6,3,3,3,2,1,3,DISTRACTION - FROM INSIDE VEHICLE,2,2,0.0,0.0,0.0,0.0,0.0,2.0,20,7,8,08/03/2024,2024-08-03,20:44:00
07/08/2024 09:40:00 PM,5.0,3,5,6,6,3,3,3,2,1,4,UNABLE TO DETERMINE,2,2,0.0,0.0,0.0,0.0,0.0,3.0,21,2,7,07/08/2024,2024-07-08,21:40:00
05/23/2024 06:22:00 PM,7.0,3,2,5,5,3,3,3,3,1,4,FAILING TO YIELD RIGHT-OF-WAY,2,4,2.0,0.0,0.0,2.0,0.0,2.0,18,5,5,05/23/2024,2024-05-23,18:22:00
05/08/2024 07:00:00 AM,5.0,3,2,5,6,3,3,3,2,1,4,FAILING TO YIELD RIGHT-OF-WAY,2,2,0.0,0.0,0.0,0.0,0.0,2.0,7,4,5,05/08/2024,2024-05-08,07:00:00
04/19/2024 04:17:00 PM,5.0,3,2,4,4,3,3,1,3,1,4,PHYSICAL CONDITION OF DRIVER,2,3,1.0,0.0,0.0,0.0,1.0,2.0,16,6,4,04/19/2024,2024-04-19,16:17:00
01/26/2024 08:15:00 AM,7.0,5,2,5,5,3,4,3,2,1,4,FAILING TO YIELD RIGHT-OF-WAY,2,2,0.0,0.0,0.0,0.0,0.0,3.0,8,6,1,01/26/2024,2024-01-26,08:15:00
04/08/2024 04:50:00 PM,5.0,3,2,4,6,3,3,1,2,1,4,FAILING TO YIELD RIGHT-OF-WAY,2,2,0.0,0.0,0.0,0.0,0.0,2.0,16,2,4,04/08/2024,2024-04-08,16:50:00
04/08/2024 12:00:00 PM,5.0,3,2,4,7,3,3,3,3,1,4,FOLLOWING TOO CLOSELY,2,3,1.0,0.0,0.0,0.0,1.0,3.0,12,2,4,04/08/2024,2024-04-08,12:00:00
06/30/2024 03:43:00 PM,5.0,3,2,4,6,3,3,1,2,1,4,UNABLE TO DETERMINE,2,2,0.0,0.0,0.0,0.0,0.0,2.0,15,1,6,06/30/2024,2024-06-30,15:43:00
03/14/2024 05:19:00 PM,1.0,3,2,4,5,3,1,1,2,1,4,UNABLE TO DETERMINE,2,2,0.0,0.0,0.0,0.0,0.0,2.0,17,5,3,03/14/2024,2024-03-14,17:19:00
03/03/2024 02:16:00 PM,7.0,3,2,5,5,3,3,3,3,1,4,FAILING TO YIELD RIGHT-OF-WAY,2,2,0.0,0.0,0.0,0.0,0.0,2.0,14,1,3,03/03/2024,2024-03-03,14:16:00
05/21/2024 02:00:00 AM,5.0,3,5,6,5,3,3,3,3,1,4,FAILING TO YIELD RIGHT-OF-WAY,2,6,2.0,1.0,0.0,1.0,0.0,4.0,2,3,5,05/21/2024,2024-05-21,02:00:00
03/22/2024 03:09:00 PM,5.0,6,2,5,5,3,4,3,2,1,4,DISREGARDING TRAFFIC SIGNALS,2,2,0.0,0.0,0.0,0.0,0.0,4.0,15,6,3,03/22/2024,2024-03-22,15:09:00
02/19/2024 11:02:00 AM,5.0,3,2,6,4,3,3,1,3,1,4,FAILING TO YIELD RIGHT-OF-WAY,2,5,1.0,0.0,1.0,0.0,0.0,1.0,11,2,2,02/19/2024,2024-02-19,11:02:00
07/28/2024 04:38:00 PM,3.0,3,2,11,4,3,3,5,2,0,4,DISTRACTION - FROM OUTSIDE VEHICLE,2,2,0.0,0.0,0.0,0.0,0.0,1.0,16,1,7,07/28/2024,2024-07-28,16:38:00
07/20/2024 07:16:00 PM,7.0,3,2,6,10,3,3,3,3,1,4,IMPROPER TURNING/NO SIGNAL,2,2,0.0,0.0,0.0,0.0,0.0,3.0,19,7,7,07/20/2024,2024-07-20,19:16:00
03/15/2024 02:53:00 PM,1.0,3,2,9,16,3,3,3,3,0,4,UNABLE TO DETERMINE,2,2,0.0,0.0,0.0,0.0,0.0,2.0,14,6,3,03/15/2024,2024-03-15,14:53:00
05/02/2024 05:45:00 PM,5.0,5,2,4,5,3,4,3,2,1,2,FOLLOWING TOO CLOSELY,2,2,0.0,0.0,0.0,0.0,0.0,2.0,17,5,5,05/02/2024,2024-05-02,17:45:00
05/13/2024 08:55:00 AM,3.0,3,2,6,6,3,3,3,3,1,4,UNABLE TO DETERMINE,2,2,0.0,0.0,0.0,0.0,0.0,3.0,8,2,5,05/13/2024,2024-05-13,08:55:00
07/19/2024 09:30:00 AM,5.0,3,2,4,6,3,1,1,2,1,4,FOLLOWING TOO CLOSELY,2,2,0.0,0.0,0.0,0.0,0.0,2.0,9,6,7,07/19/2024,2024-07-19,09:30:00
06/15/2024 08:55:00 AM,5.0,3,2,5,5,3,3,3,3,1,4,DISREGARDING TRAFFIC SIGNALS,2,3,2.0,0.0,0.0,0.0,2.0,1.0,8,7,6,06/15/2024,2024-06-15,08:55:00
02/12/2024 07:30:00 AM,7.0,3,2,6,5,3,3,3,2,1,4,FAILING TO YIELD RIGHT-OF-WAY,2,2,0.0,0.0,0.0,0.0,0.0,2.0,7,2,2,02/12/2024,2024-02-12,07:30:00
02/29/2024 05:50:00 PM,5.0,3,4,3,6,3,3,3,2,1,4,UNABLE TO DETERMINE,2,2,0.0,0.0,0.0,0.0,0.0,2.0,17,5,2,02/29/2024,2024-02-29,17:50:00
06/14/2024 02:30:00 PM,3.0,3,2,4,4,3,3,3,2,1,4,IMPROPER OVERTAKING/PASSING,2,2,0.0,0.0,0.0,0.0,0.0,2.0,14,6,6,06/14/2024,2024-06-14,14:30:00
06/22/2024 04:00:00 PM,5.0,3,2,6,5,3,3,3,2,1,4,UNABLE TO DETERMINE,2,2,0.0,0.0,0.0,0.0,0.0,2.0,16,7,6,06/22/2024,2024-06-22,16:00:00
03/05/2024 06:20:00 AM,5.0,5,4,6,6,3,4,3,2,1,4,FAILING TO YIELD RIGHT-OF-WAY,2,2,0.0,0.0,0.0,0.0,0.0,2.0,6,3,3,03/05/2024,2024-03-05,06:20:00
01/12/2024 07:20:00 AM,7.0,6,2,6,6,4,5,1,2,1,4,UNABLE TO DETERMINE,2,2,0.0,0.0,0.0,0.0,0.0,2.0,7,6,1,01/12/2024,2024-01-12,07:20:00
02/13/2024 08:30:00 AM,5.0,3,2,4,3,3,3,3,2,1,4,FOLLOWING TOO CLOSELY,2,2,0.0,0.0,0.0,0.0,0.0,2.0,8,3,2,02/13/2024,2024-02-13,08:30:00
08/12/2024 08:47:00 AM,5.0,3,5,6,14,3,3,3,3,1,4,IMPROPER LANE USAGE,2,4,1.0,0.0,0.0,1.0,0.0,1.0,8,2,8,08/12/2024,2024-08-12,08:47:00
05/17/2024 06:32:00 PM,7.0,3,2,14,7,3,3,3,3,1,2,FAILING TO YIELD RIGHT-OF-WAY,2,4,1.0,0.0,0.0,1.0,0.0,2.0,18,6,5,05/17/2024,2024-05-17,18:32:00