crash_date,traffic_control_device,weather_condition,lighting_condition,first_crash_type,trafficway_type,alignment,roadway_surface_cond,road_defect,crash_type,intersection_related_i,damage,prim_contributory_cause,num_units,most_severe_injury,injuries_total,injuries_fatal,injuries_incapacitating,injuries_non_incapacitating,injuries_reported_not_evident,injuries_no_indication,crash_hour,crash_day_of_week,crash_month,parsed_datetime,date,time
04/08/2024 05:27:00 AM,5.0,3,5,5,5,3,3,3,2,1,4,DISREGARDING TRAFFIC SIGNALS,2,2,0.0,0.0,0.0,0.0,0.0,2.0,5,2,4,04/08/2024,2024-04-08,05:27:00
03/05/2024 03:30:00 PM,5.0,4,2,4,6,3,3,3,2,1,4,FAILING TO REDUCE SPEED TO AVOID CRASH,2,2,0.0,0.0,0.0,0.0,0.0,2.0,15,3,3,03/05/2024,2024-03-05,15:30:00
04/30/2024 06:07:00 PM,5.0,3,2,4,6,3,3,3,2,1,4,FOLLOWING TOO CLOSELY,2,2,0.0,0.0,0.0,0.0,0.0,2.0,18,3,4,04/30/2024,2024-04-30,18:07:00
02/27/2024 04:30:00 AM,7.0,3,5,6,10,3,3,3,3,1,4,FAILING TO YIELD RIGHT-OF-WAY,2,2,0.0,0.0,0.0,0.0,0.0,2.0,4,3,2,02/27/2024,2024-02-27,04:30:00
03/18/2024 06:55:00 AM,7.0,3,2,5,5,3,3,3,3,1,4,UNABLE TO DETERMINE,2,2,0.0,0.0,0.0,0.0,0.0,3.0,6,2,3,03/18/2024,2024-03-18,06:55:00
07/12/2024 01:10:00 PM,5.0,3,2,5,4,3,3,3,2,1,4,FAILING TO YIELD RIGHT-OF-WAY,2,2,0.0,0.0,0.0,0.0,0.0,2.0,13,6,7,07/12/2024,2024-07-12,13:10:00
06/29/2024 06:43:00 PM,5.0,3,2,6,5,3,3,3,2,1,4,IMPROPER OVERTAKING/PASSING,2,2,0.0,0.0,0.0,0.0,0.0,6.0,18,7,6,06/29/2024,2024-06-29,18:43:00
04/09/2024 03:30:00 PM,7.0,3,2,5,5,3,3,3,3,1,4,FAILING TO YIELD RIGHT-OF-WAY,2,4,1.0,0.0,0.0,1.0,0.0,1.0,15,3,4,04/09/2024,2024-04-09,15:30:00
05/03/2024 04:30:00 PM,3.0,3,2,8,6,3,3,3,2,1,3,FAILING TO REDUCE SPEED TO AVOID CRASH,2,2,0.0,0.0,0.0,0.0,0.0,2.0,16,6,5,05/03/2024,2024-05-03,16:30:00
07/12/2024 11:20:00 AM,5.0,3,2,4,6,3,3,3,2,1,4,FOLLOWING TOO CLOSELY,2,2,0.0,0.0,0.0,0.0,0.0,2.0,11,6,7,07/12/2024,2024-07-12,11:20:00
04/27/2024 08:10:00 AM,5.0,3,2,4,6,3,3,3,3,0,4,FOLLOWING TOO CLOSELY,2,2,0.0,0.0,0.0,0.0,0.0,4.0,8,7,4,04/27/2024,2024-04-27,08:10:00
07/16/2024 08:00:00 AM,5.0,3,2,5,5,3,4,3,3,1,4,NOT APPLICABLE,2,3,2.0,0.0,0.0,0.0,2.0,0.0,8,3,7,07/16/2024,2024-07-16,08:00:00
07/07/2024 04:00:00 PM,1.0,3,2,6,6,3,1,1,2,1,4,UNABLE TO DETERMINE,2,2,0.0,0.0,0.0,0.0,0.0,2.0,16,1,7,07/07/2024,2024-07-07,16:00:00
07/20/2024 04:55:00 AM,5.0,3,3,5,4,3,3,3,3,1,4,UNABLE TO DETERMINE,2,2,0.0,0.0,0.0,0.0,0.0,5.0,4,7,7,07/20/2024,2024-07-20,04:55:00
03/12/2024 07:21:00 AM,5.0,3,2,4,5,3,3,1,2,1,4,FAILING TO YIELD RIGHT-OF-WAY,2,2,0.0,0.0,0.0,0.0,0.0,2.0,7,3,3,03/12/2024,2024-03-12,07:21:00
06/19/2024 05:48:00 PM,5.0,3,3,6,5,3,3,3,2,1,4,UNABLE TO DETERMINE,2,2,0.0,0.0,0.0,0.0,0.0,2.0,17,4,6,06/19/2024,2024-06-19,17:48:00
03/18/2024 03:40:00 PM,3.0,3,2,13,4,3,3,3,3,1,3,FAILING TO REDUCE SPEED TO AVOID CRASH,2,4,1.0,0.0,0.0,1.0,0.0,1.0,15,2,3,03/18/2024,2024-03-18,15:40:00
02/06/2024 06:48:00 PM,5.0,3,5,8,14,3,3,3,2,1,4,IMPROPER BACKING,2,2,0.0,0.0,0.0,0.0,0.0,2.0,18,3,2,02/06/2024,2024-02-06,18:48:00
06/01/2024 05:15:00 PM,7.0,5,2,3,4,3,4,1,2,1,4,UNABLE TO DETERMINE,2,2,0.0,0.0,0.0,0.0,0.0,2.0,17,7,6,06/01/2024,2024-06-01,17:15:00
04/07/2024 04:02:00 PM,3.0,5,2,6,6,3,4,3,3,1,3,IMPROPER LANE USAGE,2,5,1.0,0.0,1.0,0.0,0.0,3.0,16,1,4,04/07/2024,2024-04-07,16:02:00
05/30/2024 06:00:00 PM,5.0,3,2,6,5,3,1,3,2,1,4,UNABLE TO DETERMINE,2,2,0.0,0.0,0.0,0.0,0.0,2.0,18,5,5,05/30/2024,2024-05-30,18:00:00
07/20/2024 11:15:00 PM,5.0,3,6,6,5,3,3,3,2,1,4,IMPROPER TURNING/NO SIGNAL,2,2,0.0,0.0,0.0,0.0,0.0,2.0,23,7,7,07/20/2024,2024-07-20,23:15:00
06/01/2024 01:15:00 PM,7.0,5,2,5,5,3,4,3,2,1,4,UNABLE TO DETERMINE,2,2,0.0,0.0,0.0,0.0,0.0,2.0,13,7,6,06/01/2024,2024-06-01,13:15:00
01/12/2024 02:15:00 PM,7.0,6,2,11,10,3,5,3,2,1,4,IMPROPER LANE USAGE,2,2,0.0,0.0,0.0,0.0,0.0,1.0,14,6,1,01/12/2024,2024-01-12,14:15:00
02/29/2024 08:32:00 PM,5.0,3,2,6,5,3,1,1,2,1,4,UNABLE TO DETERMINE,2,2,0.0,0.0,0.0,0.0,0.0,2.0,20,5,2,02/29/2024,2024-02-29,20:32:00
06/07/2024 03:58:00 AM,5.0,2,2,5,6,3,3,3,3,1,4,DISREGARDING TRAFFIC SIGNALS,2,5,2.0,0.0,2.0,0.0,0.0,2.0,3,6,6,06/07/2024,2024-06-07,03:58:00
06/05/2024 01:30:00 PM,3.0,3,2,6,14,3,3,3,2,0,4,UNABLE TO DETERMINE,2,2,0.0,0.0,0.0,0.0,0.0,2.0,13,4,6,06/05/2024,2024-06-05,13:30:00
04/17/2024 09:00:00 AM,7.0,3,2,5,6,3,3,3,2,1,4,DRIVING SKILLS/KNOWLEDGE/EXPERIENCE,2,2,0.0,0.0,0.0,0.0,0.0,2.0,9,4,4,04/17/2024,2024-04-17,09:00:00
01/10/2024 10:00:00 PM,5.0,3,5,11,5,3,4,3,3,1,4,DRIVING SKILLS/KNOWLEDGE/EXPERIENCE,2,4,1.0,0.0,0.0,1.0,0.0,0.0,22,4,1,01/10/2024,2024-01-10,22:00:00
03/01/2024 07:30:00 PM,7.0,3,6,5,7,3,3,3,3,1,3,DRIVING SKILLS/KNOWLEDGE/EXPERIENCE,2,2,0.0,0.0,0.0,0.0,0.0,2.0,19,6,3,03/01/2024,2024-03-01,19:30:00
06/25/2024 10:34:00 AM,7.0,3,2,5,4,3,3,3,3,1,4,FAILING TO YIELD RIGHT-OF-WAY,2,2,0.0,0.0,0.0,0.0,0.0,2.0,10,3,6,06/25/2024,2024-06-25,10:34:00
07/17/2024 04:30:00 PM,3.0,3,2,4,6,3,3,3,2,1,4,FOLLOWING TOO CLOSELY,2,2,0.0,0.0,0.0,0.0,0.0,2.0,16,4,7,07/17/2024,2024-07-17,16:30:00
07/30/2024 01:00:00 PM,5.0,3,2,4,5,3,3,3,2,1,4,UNABLE TO DETERMINE,2,2,0.0,0.0,0.0,0.0,0.0,2.0,13,3,7,07/30/2024,2024-07-30,13:00:00
07/26/2024 12:45:00 PM,3.0,3,2,9,7,3,3,3,2,1,4,UNABLE TO DETERMINE,2,2,0.0,0.0,0.0,0.0,0.0,3.0,12,6,7,07/26/2024,2024-07-26,12:45:00
07/15/2024 07:00:00 PM,5.0,3,2,14,3,3,3,3,3,1,4,DISREGARDING TRAFFIC SIGNALS,2,4,1.0,0.0,0.0,1.0,0.0,1.0,19,2,7,07/15/2024,2024-07-15,19:00:00
06/05/2024 07:00:00 AM,5.0,3,2,4,10,3,3,3,2,1,3,UNABLE TO DETERMINE,2,2,0.0,0.0,0.0,0.0,0.0,3.0,7,4,6,06/05/2024,2024-06-05,07:00:00
02/13/2024 03:20:00 PM,5.0,3,2,4,6,3,1,1,3,0,4,UNABLE TO DETERMINE,2,3,1.0,0.0,0.0,0.0,1.0,2.0,15,3,2,02/13/2024,2024-02-13,15:20:00
04/12/2024 04:15:00 PM,7.0,5,2,6,5,3,4,1,2,1,4,UNABLE TO DETERMINE,2,2,0.0,0.0,0.0,0.0,0.0,3.0,16,6,4,04/12/2024,2024-04-12,16:15:00
07/08/2024 06:10:00 PM,5.0,3,2,6,1,3,3,3,2,1,2,IMPROPER TURNING/NO SIGNAL,2,2,0.0,0.0,0.0,0.0,0.0,2.0,18,2,7,07/08/2024,2024-07-08,18:10:00
02/25/2024 08:50:00 AM,3.0,3,2,6,8,3,3,1,3,1,4,IMPROPER TURNING/NO SIGNAL,2,2,0.0,0.0,0.0,0.0,0.0,3.0,8,1,2,02/25/2024,2024-02-25,08:50:00
05/03/2024 04:45:00 PM,3.0,3,2,6,5,3,3,3,2,1,4,IMPROPER OVERTAKING/PASSING,2,2,0.0,0.0,0.0,0.0,0.0,2.0,16,6,5,05/03/2024,2024-05-03,16:45:00
06/11/2024 10:30:00 AM,3.0,3,2,3,6,3,3,3,2,1,4,FAILING TO YIELD RIGHT-OF-WAY,2,2,0.0,0.0,0.0,0.0,0.0,2.0,10,3,6,06/11/2024,2024-06-11,10:30:00
01/22/2024 08:45:00 AM,5.0,5,2,6,6,3,5,3,2,1,4,FAILING TO YIELD RIGHT-OF-WAY,2,2,0.0,0.0,0.0,0.0,0.0,3.0,8,2,1,01/22/2024,2024-01-22,08:45:00
02/28/2024 06:07:00 AM,5.0,3,3,5,5,3,4,1,3,1,4,DISREGARDING TRAFFIC SIGNALS,2,2,0.0,0.0,0.0,0.0,0.0,2.0,6,4,2,02/28/2024,2024-02-28,06:07:00
06/27/2024 05:25:00 PM,7.0,3,2,5,5,3,3,3,3,1,4,FAILING TO YIELD RIGHT-OF-WAY,2,4,1.0,0.0,0.0,1.0,0.0,2.0,17,5,6,06/27/2024,2024-06-27,17:25:00
03/25/2024 01:25:00 PM,3.0,3,2,4,6,3,3,3,2,1,4,UNABLE TO DETERMINE,2,2,0.0,0.0,0.0,0.0,0.0,2.0,13,2,3,03/25/2024,2024-03-25,13:25:00
04/04/2024 09:19:00 PM,5.0,3,5,3,4,3,3,3,2,1,4,FAILING TO YIELD RIGHT-OF-WAY,2,2,0.0,0.0,0.0,0.0,0.0,2.0,21,5,4,04/04/2024,2024-04-04,21:19:00
07/14/2024 02:52:00 PM,5.0,3,2,6,5,3,3,3,3,0,4,FAILING TO YIELD RIGHT-OF-WAY,2,3,1.0,0.0,0.0,0.0,1.0,2.0,14,1,7,07/14/2024,2024-07-14,14:52:00
07/02/2024 11:30:00 AM,5.0,3,2,8,5,3,3,3,2,1,4,IMPROPER BACKING,2,2,0.0,0.0,0.0,0.0,0.0,4.0,11,3,7,07/02/2024,2024-07-02,11:30:00
01/20/2024 07:35:00 AM,7.0,3,2,5,6,3,6,3,3,1,4,UNABLE TO DETERMINE,2,2,0.0,0.0,0.0,0.0,0.0,2.0,7,7,1,01/20/2024,2024-01-20,07:35:00
05/03/2024 08:26:00 AM,7.0,5,2,5,6,3,4,3,3,1,4,DISREGARDING STOP SIGN,2,2,0.0,0.0,0.0,0.0,0.0,2.0,8,6,5,05/03/2024,2024-05-03,08:26:00
07/28/2024 08:38:00 AM,5.0,3,2,4,6,3,4,1,2,1,4,WEATHER,2,2,0.0,0.0,0.0,0.0,0.0,2.0,8,1,7,07/28/2024,2024-07-28,08:38:00
01/23/2024 11:47:00 AM,5.0,8,2,6,3,3,4,3,2,1,4,IMPROPER TURNING/NO SIGNAL,2,2,0.0,0.0,0.0,0.0,0.0,2.0,11,3,1,01/23/2024,2024-01-23,11:47:00
05/17/2024 02:50:00 PM,5.0,3,2,5,6,3,3,3,2,1,4,DISREGARDING TRAFFIC SIGNALS,2,2,0.0,0.0,0.0,0.0,0.0,2.0,14,6,5,05/17/2024,2024-05-17,14:50:00
05/18/2024 02:20:00 PM,5.0,3,2,4,3,3,3,3,2,1,4,FAILING TO REDUCE SPEED TO AVOID CRASH,2,2,0.0,0.0,0.0,0.0,0.0,2.0,14,7,5,05/18/2024,2024-05-18,14:20:00
04/05/2024 04:16:00 PM,5.0,3,2,6,5,3,3,1,3,1,4,DRIVING SKILLS/KNOWLEDGE/EXPERIENCE,2,2,0.0,0.0,0.0,0.0,0.0,2.0,16,6,4,04/05/2024,2024-04-05,16:16:00
05/04/2024 12:02:00 PM,5.0,3,2,3,4,3,3,3,2,1,3,FOLLOWING TOO CLOSELY,2,2,0.0,0.0,0.0,0.0,0.0,2.0,12,7,5,05/04/2024,2024-05-04,12:02:00
01/20/2024 07:26:00 AM,5.0,3,2,5,5,3,4,3,3,1,4,FAILING TO YIELD RIGHT-OF-WAY,2,4,2.0,0.0,0.0,2.0,0.0,1.0,7,7,1,01/20/2024,2024-01-20,07:26:00
07/26/2024 11:10:00 PM,7.0,3,5,5,5,3,3,3,3,1,4,FAILING TO YIELD RIGHT-OF-WAY,2,4,1.0,0.0,0.0,1.0,0.0,3.0,23,6,7,07/26/2024,2024-07-26,23:10:00
01/26/2024 04:47:00 PM,3.0,5,5,6,4,3,4,1,2,1,4,FOLLOWING TOO CLOSELY,2,2,0.0,0.0,0.0,0.0,0.0,2.0,16,6,1,01/26/2024,2024-01-26,16:47:00
03/13/2024 11:30:00 AM,5.0,3,2,4,5,3,3,3,2,1,2,UNABLE TO DETERMINE,2,2,0.0,0.0,0.0,0.0,0.0,3.0,11,4,3,03/13/2024,2024-03-13,11:30:00
04/05/2024 03:30:00 PM,5.0,3,2,4,6,3,1,1,2,1,4,UNABLE TO DETERMINE,2,2,0.0,0.0,0.0,0.0,0.0,2.0,15,6,4,04/05/2024,2024-04-05,15:30:00
05/22/2024 07:04:00 AM,5.0,3,2,5,6,3,3,3,2,1,4,DISREGARDING TRAFFIC SIGNALS,2,2,0.0,0.0,0.0,0.0,0.0,4.0,7,4,5,05/22/2024,2024-05-22,07:04:00
03/12/2024 03:36:00 PM,5.0,3,2,4,5,3,3,3,2,1,3,UNABLE TO DETERMINE,2,2,0.0,0.0,0.0,0.0,0.0,6.0,15,3,3,03/12/2024,2024-03-12,15:36:00
04/29/2024 04:45:00 PM,5.0,3,2,6,5,3,3,3,2,1,4,UNABLE TO DETERMINE,2,2,0.0,0.0,0.0,0.0,0.0,2.0,16,2,4,04/29/2024,2024-04-29,16:45:00
08/04/2024 10:25:00 AM,5.0,3,2,3,4,3,3,3,3,1,4,UNABLE TO DETERMINE,2,2,0.0,0.0,0.0,0.0,0.0,2.0,10,1,8,08/04/2024,2024-08-04,10:25:00
06/18/2024 02:00:00 PM,7.0,4,2,11,4,3,1,1,2,1,4,UNABLE TO DETERMINE,2,2,0.0,0.0,0.0,0.0,0.0,1.0,14,3,6,06/18/2024,2024-06-18,14:00:00
05/06/2024 02:20:00 PM,5.0,3,2,4,5,3,3,3,2,1,3,UNABLE TO DETERMINE,2,2,0.0,0.0,0.0,0.0,0.0,2.0,14,2,5,05/06/2024,2024-05-06,14:20:00
06/06/2024 09:00:00 AM,5.0,3,2,6,5,3,1,1,2,1,4,UNABLE TO DETERMINE,2,2,0.0,0.0,0.0,0.0,0.0,2.0,9,5,6,06/06/2024,2024-06-06,09:00:00
01/13/2024 09:08:00 AM,5.0,4,2,5,5,3,5,3,2,1,4,DISREGARDING TRAFFIC SIGNALS,2,2,0.0,0.0,0.0,0.0,0.0,2.0,9,7,1,01/13/2024,2024-01-13,09:08:00
01/11/2024 09:13:00 AM,5.0,4,2,6,5,3,3,3,3,1,4,DISREGARDING TRAFFIC SIGNALS,2,2,0.0,0.0,0.0,0.0,0.0,3.0,9,5,1,01/11/2024,2024-01-11,09:13:00
06/01/2024 02:14:00 AM,5.0,3,5,4,5,3,3,3,2,1,4,FOLLOWING TOO CLOSELY,2,2,0.0,0.0,0.0,0.0,0.0,3.0,2,7,6,06/01/2024,2024-06-01,02:14:00
04/29/2024 08:30:00 AM,3.0,3,2,5,6,3,4,3,2,1,3,FAILING TO YIELD RIGHT-OF-WAY,2,2,0.0,0.0,0.0,0.0,0.0,3.0,8,2,4,04/29/2024,2024-04-29,08:30:00
02/16/2024 08:08:00 AM,5.0,3,2,6,5,3,3,3,2,1,4,UNABLE TO DETERMINE,2,2,0.0,0.0,0.0,0.0,0.0,2.0,8,6,2,02/16/2024,2024-02-16,08:08:00
05/02/2024 06:08:00 PM,5.0,3,2,13,5,3,4,1,3,1,2,UNABLE TO DETERMINE,2,5,1.0,0.0,1.0,0.0,0.0,1.0,18,5,5,05/02/2024,2024-05-02,18:08:00
03/16/2024 11:55:00 AM,5.0,3,2,6,5,3,3,3,2,1,3,IMPROPER TURNING/NO SIGNAL,2,2,0.0,0.0,0.0,0.0,0.0,2.0,11,7,3,03/16/2024,2024-03-16,11:55:00
04/27/2024 05:50:00 PM,5.0,3,2,14,5,3,1,1,2,1,2,FOLLOWING TOO CLOSELY,2,2,0.0,0.0,0.0,0.0,0.0,2.0,17,7,4,04/27/2024,2024-04-27,17:50:00
05/30/2024 12:47:00 PM,5.0,3,2,3,4,3,3,3,2,1,4,"OPERATING VEHICLE IN ERRATIC, RECKLESS, CARELESS, NEGLIGENT OR AGGRESSIVE MANNER",2,2,0.0,0.0,0.0,0.0,0.0,3.0,12,5,5,05/30/2024,2024-05-30,12:47:00
05/15/2024 08:10:00 AM,3.0,3,2,2,10,3,3,3,2,1,3,UNABLE TO DETERMINE,2,2,0.0,0.0,0.0,0.0,0.0,2.0,8,4,5,05/15/2024,2024-05-15,08:10:00
06/08/2024 10:00:00 PM,5.0,3,5,4,6,3,3,3,2,1,2,FAILING TO REDUCE SPEED TO AVOID CRASH,2,2,0.0,0.0,0.0,0.0,0.0,3.0,22,7,6,06/08/2024,2024-06-08,22:00:00
03/22/2024 02:00:00 PM,7.0,3,2,6,7,3,4,3,2,1,4,UNABLE TO DETERMINE,2,2,0.0,0.0,0.0,0.0,0.0,2.0,14,6,3,03/22/2024,2024-03-22,14:00:00
02/23/2024 09:00:00 AM,5.0,3,2,6,6,3,3,3,3,1,4,UNABLE TO DETERMINE,2,2,0.0,0.0,0.0,0.0,0.0,2.0,9,6,2,02/23/2024,2024-02-23,09:00:00
06/12/2024 11:20:00 AM,5.0,3,2,3,3,3,1,1,2,1,4,IMPROPER OVERTAKING/PASSING,2,2,0.0,0.0,0.0,0.0,0.0,3.0,11,4,6,06/12/2024,2024-06-12,11:20:00
06/04/2024 05:13:00 PM,3.0,3,2,5,6,3,3,3,3,1,4,FAILING TO YIELD RIGHT-OF-WAY,2,3,1.0,0.0,0.0,0.0,1.0,1.0,17,3,6,06/04/2024,2024-06-04,17:13:00
05/24/2024 08:12:00 PM,5.0,3,5,4,6,3,1,1,2,1,4,FOLLOWING TOO CLOSELY,2,2,0.0,0.0,0.0,0.0,0.0,2.0,20,6,5,05/24/2024,2024-05-24,20:12:00
04/29/2024 08:30:00 AM,3.0,5,2,6,6,3,4,3,2,1,4,DRIVING ON WRONG SIDE/WRONG WAY,2,2,0.0,0.0,0.0,0.0,0.0,2.0,8,2,4,04/29/2024,2024-04-29,08:30:00
07/30/2024 03:38:00 PM,5.0,3,2,6,4,3,3,3,2,1,4,UNABLE TO DETERMINE,2,2,0.0,0.0,0.0,0.0,0.0,5.0,15,3,7,07/30/2024,2024-07-30,15:38:00
04/30/2024 02:10:00 PM,5.0,3,2,4,5,3,3,3,2,1,4,FOLLOWING TOO CLOSELY,2,2,0.0,0.0,0.0,0.0,0.0,2.0,14,3,4,04/30/2024,2024-04-30,14:10:00
07/08/2024 11:55:00 AM,5.0,3,2,6,1,3,3,3,3,1,4,UNABLE TO DETERMINE,2,2,0.0,0.0,0.0,0.0,0.0,4.0,11,2,7,07/08/2024,2024-07-08,11:55:00
06/28/2024 01:30:00 AM,3.0,3,5,11,6,3,3,3,3,0,4,DRIVING ON WRONG SIDE/WRONG WAY,2,2,0.0,0.0,0.0,0.0,0.0,1.0,1,6,6,06/28/2024,2024-06-28,01:30:00
06/07/2024 04:15:00 PM,7.0,3,2,5,5,3,1,1,3,1,4,FAILING TO YIELD RIGHT-OF-WAY,2,3,1.0,0.0,0.0,0.0,1.0,3.0,16,6,6,06/07/2024,2024-06-07,16:15:00
07/27/2024 07:27:00 PM,7.0,3,5,5,4,3,3,3,3,1,4,NOT APPLICABLE,2,3,2.0,0.0,0.0,0.0,2.0,0.0,19,7,7,07/27/2024,2024-07-27,19:27:00
07/12/2024 09:47:00 AM,7.0,3,2,14,6,3,3,3,2,1,2,UNABLE TO DETERMINE,2,2,0.0,0.0,0.0,0.0,0.0,2.0,9,6,7,07/12/2024,2024-07-12,09:47:00
01/19/2024 06:30:00 AM,5.0,6,3,6,1,3,5,1,2,1,4,UNABLE TO DETERMINE,2,2,0.0,0.0,0.0,0.0,0.0,5.0,6,6,1,01/19/2024,2024-01-19,06:30:00
03/27/2024 03:46:00 PM,5.0,3,2,5,5,3,3,1,3,1,4,NOT APPLICABLE,2,4,2.0,0.0,0.0,1.0,1.0,0.0,15,4,3,03/27/2024,2024-03-27,15:46:00
03/03/2024 12:45:00 PM,5.0,3,2,4,6,3,3,3,2,1,4,FAILING TO REDUCE SPEED TO AVOID CRASH,2,2,0.0,0.0,0.0,0.0,0.0,2.0,12,1,3,03/03/2024,2024-03-03,12:45:00
05/15/2024 07:40:00 AM,5.0,3,2,4,5,3,1,1,2,1,4,UNABLE TO DETERMINE,2,2,0.0,0.0,0.0,0.0,0.0,2.0,7,4,5,05/15/2024,2024-05-15,07:40:00
05/26/2024 01:05:00 PM,5.0,5,2,5,1,3,4,3,3,1,4,FAILING TO YIELD RIGHT-OF-WAY,2,3,1.0,0.0,0.0,0.0,1.0,1.0,13,1,5,05/26/2024,2024-05-26,13:05:00
04/10/2024 03:53:00 PM,7.0,3,2,5,6,3,3,3,3,1,4,FAILING TO YIELD RIGHT-OF-WAY,2,2,0.0,0.0,0.0,0.0,0.0,3.0,15,4,4,04/10/2024,2024-04-10,15:53:00
07/17/2024 03:10:00 PM,7.0,3,2,14,3,3,3,3,3,1,3,UNABLE TO DETERMINE,2,5,1.0,0.0,1.0,0.0,0.0,1.0,15,4,7,07/17/2024,2024-07-17,15:10:00
03/12/2024 06:20:00 PM,7.0,3,2,14,4,3,3,3,3,1,4,UNABLE TO DETERMINE,2,3,1.0,0.0,0.0,0.0,1.0,1.0,18,3,3,03/12/2024,2024-03-12,18:20:00
03/13/2024 02:00:00 PM,7.0,3,2,6,5,3,3,3,3,1,4,UNABLE TO DETERMINE,2,2,0.0,0.0,0.0,0.0,0.0,2.0,14,4,3,03/13/2024,2024-03-13,14:00:00
04/11/2024 11:25:00 AM,5.0,5,2,3,1,3,4,3,2,1,3,FAILING TO YIELD RIGHT-OF-WAY,2,2,0.0,0.0,0.0,0.0,0.0,2.0,11,5,4,04/11/2024,2024-04-11,11:25:00
07/01/2024 06:00:00 PM,3.0,3,2,4,6,3,3,3,3,1,4,UNABLE TO DETERMINE,2,4,2.0,0.0,0.0,1.0,1.0,0.0,18,2,7,07/01/2024,2024-07-01,18:00:00
04/09/2024 02:55:00 PM,5.0,3,2,5,5,3,3,1,3,1,4,UNABLE TO DETERMINE,2,3,1.0,0.0,0.0,0.0,1.0,2.0,14,3,4,04/09/2024,2024-04-09,14:55:00
05/03/2024 11:40:00 AM,7.0,3,2,5,5,3,4,3,3,1,4,FAILING TO YIELD RIGHT-OF-WAY,2,3,1.0,0.0,0.0,0.0,1.0,5.0,11,6,5,05/03/2024,2024-05-03,11:40:00
08/02/2024 10:30:00 AM,5.0,3,2,5,10,3,3,3,2,1,4,UNABLE TO DETERMINE,2,2,0.0,0.0,0.0,0.0,0.0,2.0,10,6,8,08/02/2024,2024-08-02,10:30:00
03/17/2024 03:11:00 AM,5.0,3,5,5,5,3,3,1,3,1,4,DISREGARDING TRAFFIC SIGNALS,2,3,2.0,0.0,0.0,0.0,2.0,1.0,3,1,3,03/17/2024,2024-03-17,03:11:00
04/23/2024 05:51:00 PM,7.0,3,2,6,7,3,3,3,2,1,3,UNABLE TO DETERMINE,2,2,0.0,0.0,0.0,0.0,0.0,4.0,17,3,4,04/23/2024,2024-04-23,17:51:00
03/12/2024 03:25:00 PM,7.0,3,2,5,6,3,3,3,2,1,4,UNABLE TO DETERMINE,2,2,0.0,0.0,0.0,0.0,0.0,2.0,15,3,3,03/12/2024,2024-03-12,15:25:00
06/10/2024 04:05:00 AM,5.0,3,2,5,5,3,3,3,3,1,4,DISREGARDING TRAFFIC SIGNALS,2,2,0.0,0.0,0.0,0.0,0.0,2.0,4,2,6,06/10/2024,2024-06-10,04:05:00
02/15/2024 01:30:00 PM,5.0,3,2,6,4,3,3,3,2,1,4,UNABLE TO DETERMINE,2,2,0.0,0.0,0.0,0.0,0.0,2.0,13,5,2,02/15/2024,2024-02-15,13:30:00
01/25/2024 08:25:00 AM,5.0,3,2,4,5,3,3,3,2,1,3,FOLLOWING TOO CLOSELY,2,2,0.0,0.0,0.0,0.0,0.0,2.0,8,5,1,01/25/2024,2024-01-25,08:25:00
07/16/2024 04:30:00 PM,5.0,3,2,5,6,3,3,3,2,1,4,NOT APPLICABLE,2,2,0.0,0.0,0.0,0.0,0.0,2.0,16,3,7,07/16/2024,2024-07-16,16:30:00
06/01/2024 11:38:00 AM,7.0,5,3,4,5,3,4,3,2,1,4,FOLLOWING TOO CLOSELY,2,2,0.0,0.0,0.0,0.0,0.0,2.0,11,7,6,06/01/2024,2024-06-01,11:38:00
08/04/2024 08:11:00 PM,5.0,3,5,4,4,3,3,3,2,1,4,FOLLOWING TOO CLOSELY,2,2,0.0,0.0,0.0,0.0,0.0,2.0,20,1,8,08/04/2024,2024-08-04,20:11:00
08/04/2024 02:40:00 PM,5.0,3,2,4,5,3,3,3,2,1,4,UNABLE TO DETERMINE,2,2,0.0,0.0,0.0,0.0,0.0,2.0,14,1,8,08/04/2024,2024-08-04,14:40:00
06/29/2024 10:50:00 AM,5.0,3,2,6,7,3,3,1,3,1,4,IMPROPER LANE USAGE,2,3,1.0,0.0,0.0,0.0,1.0,4.0,10,7,6,06/29/2024,2024-06-29,10:50:00
02/26/2024 07:50:00 AM,7.0,3,2,5,6,3,3,3,2,1,4,NOT APPLICABLE,2,2,0.0,0.0,0.0,0.0,0.0,2.0,7,2,2,02/26/2024,2024-02-26,07:50:00
02/20/2024 08:30:00 AM,3.0,3,2,6,4,3,3,3,3,1,4,UNABLE TO DETERMINE,2,4,1.0,0.0,0.0,1.0,0.0,1.0,8,3,2,02/20/2024,2024-02-20,08:30:00
05/11/2024 04:15:00 PM,3.0,3,2,5,5,3,3,3,2,1,4,IMPROPER OVERTAKING/PASSING,2,2,0.0,0.0,0.0,0.0,0.0,2.0,16,7,5,05/11/2024,2024-05-11,16:15:00
06/24/2024 10:02:00 AM,5.0,3,2,3,6,3,3,3,2,1,4,IMPROPER OVERTAKING/PASSING,2,2,0.0,0.0,0.0,0.0,0.0,2.0,10,2,6,06/24/2024,2024-06-24,10:02:00
02/06/2024 06:30:00 AM,7.0,3,2,5,6,3,3,3,3,1,4,UNABLE TO DETERMINE,2,2,0.0,0.0,0.0,0.0,0.0,2.0,6,3,2,02/06/2024,2024-02-06,06:30:00