crash_date,traffic_control_device,weather_condition,lighting_condition,first_crash_type,trafficway_type,alignment,roadway_surface_cond,road_defect,crash_type,intersection_related_i,damage,prim_contributory_cause,num_units,most_severe_injury,injuries_total,injuries_fatal,injuries_incapacitating,injuries_non_incapacitating,injuries_reported_not_evident,injuries_no_indication,crash_hour,crash_day_of_week,crash_month,parsed_datetime,date,time
01/20/2024 09:00:00 PM,3.0,3,5,4,6,3,4,1,2,1,3,UNABLE TO DETERMINE,2,2,0.0,0.0,0.0,0.0,0.0,2.0,21,7,1,01/20/2024,2024-01-20,21:00:00
07/02/2024 03:57:00 PM,5.0,3,2,5,5,3,3,3,3,1,4,FAILING TO YIELD RIGHT-OF-WAY,2,4,1.0,0.0,0.0,1.0,0.0,4.0,15,3,7,07/02/2024,2024-07-02,15:57:00
05/05/2024 03:50:00 AM,5.0,3,5,6,6,3,3,1,3,1,4,UNABLE TO DETERMINE,2,4,1.0,0.0,0.0,1.0,0.0,1.0,3,1,5,05/05/2024,2024-05-05,03:50:00
08/01/2024 05:22:00 PM,5.0,3,2,14,6,3,3,3,3,1,3,FAILING TO YIELD RIGHT-OF-WAY,2,4,1.0,0.0,0.0,1.0,0.0,1.0,17,5,8,08/01/2024,2024-08-01,17:22:00
04/23/2024 04:50:00 PM,1.0,3,2,6,5,3,1,1,2,1,4,UNABLE TO DETERMINE,2,2,0.0,0.0,0.0,0.0,0.0,3.0,16,3,4,04/23/2024,2024-04-23,16:50:00
01/09/2024 06:00:00 PM,5.0,5,5,13,5,3,4,3,3,1,4,"VISION OBSCURED (SIGNS, TREE LIMBS, BUILDINGS, ETC.)",2,5,1.0,0.0,1.0,0.0,0.0,1.0,18,3,1,01/09/2024,2024-01-09,18:00:00
07/21/2024 01:30:00 PM,3.0,3,2,14,7,3,3,3,2,1,2,"VISION OBSCURED (SIGNS, TREE LIMBS, BUILDINGS, ETC.)",2,2,0.0,0.0,0.0,0.0,0.0,3.0,13,1,7,07/21/2024,2024-07-21,13:30:00
01/11/2024 10:15:00 PM,5.0,3,5,3,6,3,3,3,2,1,4,IMPROPER OVERTAKING/PASSING,2,2,0.0,0.0,0.0,0.0,0.0,2.0,22,5,1,01/11/2024,2024-01-11,22:15:00
04/21/2024 02:00:00 PM,5.0,3,2,3,6,3,3,1,2,1,4,UNABLE TO DETERMINE,2,2,0.0,0.0,0.0,0.0,0.0,2.0,14,1,4,04/21/2024,2024-04-21,14:00:00
06/02/2024 12:30:00 AM,3.0,3,6,6,6,3,1,3,2,1,4,UNABLE TO DETERMINE,2,2,0.0,0.0,0.0,0.0,0.0,2.0,0,1,6,06/02/2024,2024-06-02,00:30:00
07/02/2024 04:30:00 PM,5.0,3,2,14,1,3,1,1,2,1,4,UNABLE TO DETERMINE,2,2,0.0,0.0,0.0,0.0,0.0,2.0,16,3,7,07/02/2024,2024-07-02,16:30:00
06/17/2024 04:45:00 PM,5.0,3,2,4,1,3,3,3,2,1,4,IMPROPER LANE USAGE,2,2,0.0,0.0,0.0,0.0,0.0,2.0,16,2,6,06/17/2024,2024-06-17,16:45:00
03/13/2024 07:00:00 PM,5.0,3,5,6,5,3,3,3,2,1,4,DRIVING SKILLS/KNOWLEDGE/EXPERIENCE,2,2,0.0,0.0,0.0,0.0,0.0,2.0,19,4,3,03/13/2024,2024-03-13,19:00:00
02/07/2024 08:35:00 AM,5.0,3,2,3,6,3,3,3,2,1,4,IMPROPER OVERTAKING/PASSING,2,2,0.0,0.0,0.0,0.0,0.0,3.0,8,4,2,02/07/2024,2024-02-07,08:35:00
07/15/2024 02:57:00 PM,5.0,3,2,6,6,3,3,3,3,1,3,UNABLE TO DETERMINE,2,4,1.0,0.0,0.0,1.0,0.0,1.0,14,2,7,07/15/2024,2024-07-15,14:57:00
07/01/2024 02:15:00 AM,7.0,3,5,5,5,3,1,3,3,1,4,UNABLE TO DETERMINE,2,2,0.0,0.0,0.0,0.0,0.0,2.0,2,2,7,07/01/2024,2024-07-01,02:15:00
02/18/2024 04:00:00 PM,7.0,3,2,5,5,3,3,3,2,1,4,DISREGARDING STOP SIGN,2,2,0.0,0.0,0.0,0.0,0.0,5.0,16,1,2,02/18/2024,2024-02-18,16:00:00
08/11/2024 10:30:00 PM,5.0,3,5,3,3,3,3,3,2,1,4,FOLLOWING TOO CLOSELY,2,2,0.0,0.0,0.0,0.0,0.0,3.0,22,1,8,08/11/2024,2024-08-11,22:30:00
08/10/2024 09:50:00 AM,5.0,3,2,5,5,3,3,3,3,1,4,DISREGARDING TRAFFIC SIGNALS,2,3,2.0,0.0,0.0,0.0,2.0,1.0,9,7,8,08/10/2024,2024-08-10,09:50:00
01/12/2024 10:15:00 PM,7.0,6,5,6,5,3,5,3,2,1,4,UNABLE TO DETERMINE,2,2,0.0,0.0,0.0,0.0,0.0,4.0,22,6,1,01/12/2024,2024-01-12,22:15:00
02/09/2024 05:25:00 PM,7.0,3,6,7,10,3,3,3,3,1,2,FAILING TO REDUCE SPEED TO AVOID CRASH,2,3,1.0,0.0,0.0,0.0,1.0,1.0,17,6,2,02/09/2024,2024-02-09,17:25:00
01/12/2024 02:45:00 PM,7.0,8,2,11,6,3,5,3,2,1,3,WEATHER,2,2,0.0,0.0,0.0,0.0,0.0,1.0,14,6,1,01/12/2024,2024-01-12,14:45:00
03/08/2024 10:13:00 PM,5.0,3,4,6,2,3,4,1,2,1,4,IMPROPER LANE USAGE,2,2,0.0,0.0,0.0,0.0,0.0,2.0,22,6,3,03/08/2024,2024-03-08,22:13:00
06/15/2024 01:55:00 PM,3.0,3,2,13,4,3,3,1,3,1,2,UNABLE TO DETERMINE,2,4,1.0,0.0,0.0,1.0,0.0,1.0,13,7,6,06/15/2024,2024-06-15,13:55:00
01/03/2024 07:45:00 AM,5.0,4,2,4,7,6,4,3,3,1,4,IMPROPER LANE USAGE,2,3,1.0,0.0,0.0,0.0,1.0,1.0,7,4,1,01/03/2024,2024-01-03,07:45:00
07/19/2024 12:15:00 PM,7.0,3,2,5,7,3,3,3,2,1,4,UNABLE TO DETERMINE,2,2,0.0,0.0,0.0,0.0,0.0,2.0,12,6,7,07/19/2024,2024-07-19,12:15:00
03/14/2024 05:30:00 AM,7.0,5,6,6,7,3,4,1,2,1,4,FAILING TO YIELD RIGHT-OF-WAY,2,2,0.0,0.0,0.0,0.0,0.0,2.0,5,5,3,03/14/2024,2024-03-14,05:30:00
07/24/2024 07:40:00 PM,5.0,3,2,4,5,3,1,1,2,1,3,UNABLE TO DETERMINE,2,2,0.0,0.0,0.0,0.0,0.0,2.0,19,4,7,07/24/2024,2024-07-24,19:40:00
08/10/2024 04:17:00 PM,3.0,3,2,3,5,3,3,3,3,1,4,FAILING TO YIELD RIGHT-OF-WAY,2,2,0.0,0.0,0.0,0.0,0.0,2.0,16,7,8,08/10/2024,2024-08-10,16:17:00
07/06/2024 06:48:00 AM,5.0,3,2,5,5,3,3,1,3,1,4,UNABLE TO DETERMINE,2,2,0.0,0.0,0.0,0.0,0.0,2.0,6,7,7,07/06/2024,2024-07-06,06:48:00
03/23/2024 04:50:00 PM,5.0,3,2,6,5,3,3,3,2,1,3,FAILING TO YIELD RIGHT-OF-WAY,2,2,0.0,0.0,0.0,0.0,0.0,3.0,16,7,3,03/23/2024,2024-03-23,16:50:00
03/31/2024 10:11:00 PM,5.0,5,5,4,5,3,4,3,2,1,4,FOLLOWING TOO CLOSELY,2,2,0.0,0.0,0.0,0.0,0.0,3.0,22,1,3,03/31/2024,2024-03-31,22:11:00
05/13/2024 05:13:00 PM,5.0,5,2,14,14,3,4,3,3,1,4,FAILING TO YIELD RIGHT-OF-WAY,2,5,1.0,0.0,1.0,0.0,0.0,1.0,17,2,5,05/13/2024,2024-05-13,17:13:00
02/24/2024 09:00:00 PM,5.0,3,5,4,5,3,3,1,2,1,3,DRIVING SKILLS/KNOWLEDGE/EXPERIENCE,2,2,0.0,0.0,0.0,0.0,0.0,2.0,21,7,2,02/24/2024,2024-02-24,21:00:00
06/12/2024 04:55:00 PM,5.0,3,2,4,5,3,3,3,2,1,3,FOLLOWING TOO CLOSELY,2,2,0.0,0.0,0.0,0.0,0.0,2.0,16,4,6,06/12/2024,2024-06-12,16:55:00
01/17/2024 08:10:00 AM,7.0,3,2,5,5,3,3,3,3,1,3,FAILING TO YIELD RIGHT-OF-WAY,2,2,0.0,0.0,0.0,0.0,0.0,2.0,8,4,1,01/17/2024,2024-01-17,08:10:00
08/06/2024 06:41:00 PM,3.0,3,2,4,5,3,3,3,2,1,2,FOLLOWING TOO CLOSELY,2,2,0.0,0.0,0.0,0.0,0.0,2.0,18,3,8,08/06/2024,2024-08-06,18:41:00
07/15/2024 05:50:00 AM,7.0,3,3,8,7,3,4,3,2,1,4,DRIVING SKILLS/KNOWLEDGE/EXPERIENCE,2,2,0.0,0.0,0.0,0.0,0.0,2.0,5,2,7,07/15/2024,2024-07-15,05:50:00
06/28/2024 05:50:00 PM,5.0,5,2,6,4,3,4,3,2,1,4,IMPROPER LANE USAGE,2,2,0.0,0.0,0.0,0.0,0.0,4.0,17,6,6,06/28/2024,2024-06-28,17:50:00
07/18/2024 04:50:00 PM,5.0,3,2,4,6,3,3,1,3,1,4,FOLLOWING TOO CLOSELY,2,2,0.0,0.0,0.0,0.0,0.0,2.0,16,5,7,07/18/2024,2024-07-18,16:50:00
06/15/2024 12:00:00 PM,7.0,3,2,14,6,3,3,1,3,1,4,FAILING TO YIELD RIGHT-OF-WAY,2,4,1.0,0.0,0.0,1.0,0.0,1.0,12,7,6,06/15/2024,2024-06-15,12:00:00
07/15/2024 08:28:00 PM,3.0,3,5,9,6,3,3,3,3,1,4,IMPROPER LANE USAGE,2,4,1.0,0.0,0.0,1.0,0.0,1.0,20,2,7,07/15/2024,2024-07-15,20:28:00
03/30/2024 05:48:00 PM,3.0,3,2,4,7,3,3,3,3,1,4,FOLLOWING TOO CLOSELY,2,3,1.0,0.0,0.0,0.0,1.0,1.0,17,7,3,03/30/2024,2024-03-30,17:48:00
08/05/2024 04:45:00 PM,5.0,3,2,4,1,3,3,3,2,1,4,UNABLE TO DETERMINE,2,2,0.0,0.0,0.0,0.0,0.0,2.0,16,2,8,08/05/2024,2024-08-05,16:45:00
01/29/2024 02:00:00 PM,7.0,3,2,5,5,3,1,1,2,1,3,UNABLE TO DETERMINE,2,2,0.0,0.0,0.0,0.0,0.0,2.0,14,2,1,01/29/2024,2024-01-29,14:00:00
07/04/2024 03:30:00 AM,1.0,3,5,3,6,3,1,1,2,0,3,IMPROPER OVERTAKING/PASSING,2,2,0.0,0.0,0.0,0.0,0.0,3.0,3,5,7,07/04/2024,2024-07-04,03:30:00
05/01/2024 08:30:00 AM,5.0,3,2,4,5,3,1,1,3,1,4,UNABLE TO DETERMINE,2,3,1.0,0.0,0.0,0.0,1.0,1.0,8,4,5,05/01/2024,2024-05-01,08:30:00
07/23/2024 10:15:00 PM,5.0,3,2,6,6,3,4,3,2,1,3,"OPERATING VEHICLE IN ERRATIC, RECKLESS, CARELESS, NEGLIGENT OR AGGRESSIVE MANNER",2,2,0.0,0.0,0.0,0.0,0.0,2.0,22,3,7,07/23/2024,2024-07-23,22:15:00
05/28/2024 08:05:00 AM,5.0,3,2,4,5,3,1,1,2,1,4,FOLLOWING TOO CLOSELY,2,2,0.0,0.0,0.0,0.0,0.0,2.0,8,3,5,05/28/2024,2024-05-28,08:05:00
08/08/2024 01:30:00 PM,5.0,3,2,6,6,3,3,3,2,1,4,IMPROPER TURNING/NO SIGNAL,2,2,0.0,0.0,0.0,0.0,0.0,2.0,13,5,8,08/08/2024,2024-08-08,13:30:00
03/17/2024 10:07:00 PM,5.0,3,5,4,6,3,3,3,2,1,4,DRIVING SKILLS/KNOWLEDGE/EXPERIENCE,2,2,0.0,0.0,0.0,0.0,0.0,2.0,22,1,3,03/17/2024,2024-03-17,22:07:00
05/24/2024 08:30:00 PM,5.0,5,5,6,5,3,4,3,3,1,4,UNABLE TO DETERMINE,2,2,0.0,0.0,0.0,0.0,0.0,8.0,20,6,5,05/24/2024,2024-05-24,20:30:00
03/25/2024 11:49:00 PM,5.0,5,5,5,7,3,4,3,3,1,4,DISREGARDING TRAFFIC SIGNALS,2,4,1.0,0.0,0.0,1.0,0.0,1.0,23,2,3,03/25/2024,2024-03-25,23:49:00
04/26/2024 12:24:00 PM,3.0,3,2,11,4,3,3,3,2,0,4,DRIVING SKILLS/KNOWLEDGE/EXPERIENCE,2,2,0.0,0.0,0.0,0.0,0.0,1.0,12,6,4,04/26/2024,2024-04-26,12:24:00
03/20/2024 11:10:00 AM,1.0,3,2,5,2,3,1,1,2,1,3,UNABLE TO DETERMINE,2,2,0.0,0.0,0.0,0.0,0.0,3.0,11,4,3,03/20/2024,2024-03-20,11:10:00
07/24/2024 10:30:00 PM,5.0,4,2,13,5,3,1,1,3,1,4,UNABLE TO DETERMINE,2,3,1.0,0.0,0.0,0.0,1.0,1.0,22,4,7,07/24/2024,2024-07-24,22:30:00
05/12/2024 05:08:00 PM,5.0,3,2,13,4,3,1,1,3,1,4,IMPROPER BACKING,2,4,1.0,0.0,0.0,1.0,0.0,2.0,17,1,5,05/12/2024,2024-05-12,17:08:00
05/26/2024 05:13:00 PM,7.0,3,2,13,5,3,3,3,3,1,4,NOT APPLICABLE,2,3,1.0,0.0,0.0,0.0,1.0,2.0,17,1,5,05/26/2024,2024-05-26,17:13:00
04/17/2024 08:18:00 AM,5.0,4,2,6,5,3,3,3,3,1,3,FAILING TO YIELD RIGHT-OF-WAY,2,2,0.0,0.0,0.0,0.0,0.0,2.0,8,4,4,04/17/2024,2024-04-17,08:18:00
04/01/2024 07:20:00 PM,7.0,5,5,6,10,3,4,3,2,1,4,UNABLE TO DETERMINE,2,2,0.0,0.0,0.0,0.0,0.0,3.0,19,2,4,04/01/2024,2024-04-01,19:20:00
05/17/2024 03:50:00 PM,3.0,3,2,6,6,3,3,3,3,0,4,"VISION OBSCURED (SIGNS, TREE LIMBS, BUILDINGS, ETC.)",2,2,0.0,0.0,0.0,0.0,0.0,3.0,15,6,5,05/17/2024,2024-05-17,15:50:00
06/05/2024 05:00:00 PM,5.0,3,2,6,5,3,3,3,3,1,4,FAILING TO YIELD RIGHT-OF-WAY,2,3,1.0,0.0,0.0,0.0,1.0,2.0,17,4,6,06/05/2024,2024-06-05,17:00:00
01/23/2024 05:30:00 PM,3.0,3,5,11,6,3,4,3,2,1,3,UNABLE TO DETERMINE,2,2,0.0,0.0,0.0,0.0,0.0,1.0,17,3,1,01/23/2024,2024-01-23,17:30:00
02/13/2024 06:40:00 PM,7.0,3,5,5,6,3,3,3,3,1,4,FAILING TO YIELD RIGHT-OF-WAY,2,3,2.0,0.0,0.0,0.0,2.0,1.0,18,3,2,02/13/2024,2024-02-13,18:40:00
06/10/2024 11:52:00 PM,7.0,3,5,5,6,4,3,3,3,1,4,DISREGARDING STOP SIGN,2,4,2.0,0.0,0.0,2.0,0.0,1.0,23,2,6,06/10/2024,2024-06-10,23:52:00
02/26/2024 08:55:00 AM,5.0,3,2,6,4,3,3,1,3,1,4,UNABLE TO DETERMINE,2,2,0.0,0.0,0.0,0.0,0.0,3.0,8,2,2,02/26/2024,2024-02-26,08:55:00
05/15/2024 06:51:00 PM,5.0,3,2,14,6,3,3,3,3,1,2,IMPROPER TURNING/NO SIGNAL,2,4,1.0,0.0,0.0,1.0,0.0,1.0,18,4,5,05/15/2024,2024-05-15,18:51:00
02/20/2024 07:39:00 AM,3.0,3,2,13,6,3,3,3,3,1,2,FAILING TO YIELD RIGHT-OF-WAY,2,4,1.0,0.0,0.0,1.0,0.0,2.0,7,3,2,02/20/2024,2024-02-20,07:39:00
03/15/2024 07:40:00 AM,5.0,3,2,4,6,3,3,3,2,1,4,FOLLOWING TOO CLOSELY,2,2,0.0,0.0,0.0,0.0,0.0,3.0,7,6,3,03/15/2024,2024-03-15,07:40:00
07/20/2024 09:44:00 PM,5.0,3,5,6,5,3,3,3,2,1,2,UNABLE TO DETERMINE,2,2,0.0,0.0,0.0,0.0,0.0,3.0,21,7,7,07/20/2024,2024-07-20,21:44:00
06/05/2024 04:10:00 PM,7.0,3,2,14,5,3,3,3,2,1,3,UNABLE TO DETERMINE,2,2,0.0,0.0,0.0,0.0,0.0,2.0,16,4,6,06/05/2024,2024-06-05,16:10:00
01/08/2024 12:45:00 PM,7.0,4,2,6,5,3,3,3,2,1,4,UNABLE TO DETERMINE,2,2,0.0,0.0,0.0,0.0,0.0,2.0,12,2,1,01/08/2024,2024-01-08,12:45:00
08/12/2024 11:26:00 AM,5.0,3,2,3,4,3,3,3,2,0,2,IMPROPER OVERTAKING/PASSING,2,2,0.0,0.0,0.0,0.0,0.0,2.0,11,2,8,08/12/2024,2024-08-12,11:26:00
02/23/2024 04:30:00 PM,3.0,3,2,6,6,3,3,1,2,1,3,IMPROPER LANE USAGE,2,2,0.0,0.0,0.0,0.0,0.0,2.0,16,6,2,02/23/2024,2024-02-23,16:30:00
06/07/2024 03:56:00 PM,5.0,3,2,4,6,3,3,3,2,1,2,FOLLOWING TOO CLOSELY,2,2,0.0,0.0,0.0,0.0,0.0,2.0,15,6,6,06/07/2024,2024-06-07,15:56:00
05/19/2024 11:35:00 AM,3.0,3,2,5,6,3,3,3,3,1,4,UNABLE TO DETERMINE,2,2,0.0,0.0,0.0,0.0,0.0,6.0,11,1,5,05/19/2024,2024-05-19,11:35:00
05/04/2024 09:27:00 AM,5.0,3,2,4,3,3,3,3,3,0,4,FOLLOWING TOO CLOSELY,2,3,2.0,0.0,0.0,0.0,2.0,0.0,9,7,5,05/04/2024,2024-05-04,09:27:00
05/15/2024 01:30:00 PM,5.0,3,2,8,9,3,3,3,2,1,3,IMPROPER BACKING,2,2,0.0,0.0,0.0,0.0,0.0,3.0,13,4,5,05/15/2024,2024-05-15,13:30:00
07/16/2024 12:00:00 PM,2.0,3,2,5,6,3,3,3,3,1,4,UNABLE TO DETERMINE,2,2,0.0,0.0,0.0,0.0,0.0,2.0,12,3,7,07/16/2024,2024-07-16,12:00:00
01/25/2024 07:56:00 AM,5.0,3,5,4,4,3,3,3,2,1,4,UNABLE TO DETERMINE,2,2,0.0,0.0,0.0,0.0,0.0,2.0,7,5,1,01/25/2024,2024-01-25,07:56:00
07/02/2024 12:21:00 PM,5.0,4,2,5,5,3,3,3,2,1,3,UNABLE TO DETERMINE,2,2,0.0,0.0,0.0,0.0,0.0,2.0,12,3,7,07/02/2024,2024-07-02,12:21:00
03/17/2024 12:55:00 PM,5.0,3,2,6,6,3,3,3,2,1,4,IMPROPER LANE USAGE,2,2,0.0,0.0,0.0,0.0,0.0,6.0,12,1,3,03/17/2024,2024-03-17,12:55:00
07/27/2024 12:49:00 AM,7.0,3,5,6,6,3,3,3,2,1,4,IMPROPER TURNING/NO SIGNAL,2,2,0.0,0.0,0.0,0.0,0.0,2.0,0,7,7,07/27/2024,2024-07-27,00:49:00
04/08/2024 02:40:00 PM,5.0,3,2,5,5,3,3,1,3,1,4,DISREGARDING TRAFFIC SIGNALS,2,4,1.0,0.0,0.0,1.0,0.0,2.0,14,2,4,04/08/2024,2024-04-08,14:40:00
03/21/2024 08:15:00 PM,13.0,3,5,4,7,3,3,3,3,1,4,"EVASIVE ACTION DUE TO ANIMAL, OBJECT, NONMOTORIST",2,2,0.0,0.0,0.0,0.0,0.0,2.0,20,5,3,03/21/2024,2024-03-21,20:15:00
02/27/2024 02:28:00 PM,7.0,3,2,5,6,3,3,3,2,1,3,DISREGARDING STOP SIGN,2,2,0.0,0.0,0.0,0.0,0.0,2.0,14,3,2,02/27/2024,2024-02-27,14:28:00
06/01/2024 06:59:00 PM,3.0,5,2,3,13,3,4,3,2,1,4,IMPROPER OVERTAKING/PASSING,2,2,0.0,0.0,0.0,0.0,0.0,5.0,18,7,6,06/01/2024,2024-06-01,18:59:00
07/04/2024 12:29:00 AM,5.0,3,5,6,5,3,3,1,3,1,4,FAILING TO YIELD RIGHT-OF-WAY,2,4,1.0,0.0,0.0,1.0,0.0,1.0,0,5,7,07/04/2024,2024-07-04,00:29:00
05/25/2024 11:23:00 PM,3.0,3,5,5,4,3,3,3,3,1,4,FAILING TO YIELD RIGHT-OF-WAY,2,4,1.0,0.0,0.0,1.0,0.0,3.0,23,7,5,05/25/2024,2024-05-25,23:23:00
03/26/2024 10:05:00 AM,5.0,3,2,13,5,3,3,3,3,1,2,UNABLE TO DETERMINE,2,3,1.0,0.0,0.0,0.0,1.0,1.0,10,3,3,03/26/2024,2024-03-26,10:05:00
07/29/2024 08:40:00 AM,5.0,3,2,6,6,3,4,3,2,1,4,UNABLE TO DETERMINE,2,2,0.0,0.0,0.0,0.0,0.0,2.0,8,2,7,07/29/2024,2024-07-29,08:40:00
02/07/2024 11:00:00 AM,5.0,3,2,4,3,3,3,3,2,0,4,FOLLOWING TOO CLOSELY,2,2,0.0,0.0,0.0,0.0,0.0,4.0,11,4,2,02/07/2024,2024-02-07,11:00:00
06/21/2024 02:00:00 PM,7.0,3,2,5,5,3,1,1,2,1,4,UNABLE TO DETERMINE,2,2,0.0,0.0,0.0,0.0,0.0,2.0,14,6,6,06/21/2024,2024-06-21,14:00:00
05/28/2024 03:30:00 PM,5.0,5,2,4,6,3,4,3,2,1,4,FOLLOWING TOO CLOSELY,2,2,0.0,0.0,0.0,0.0,0.0,2.0,15,3,5,05/28/2024,2024-05-28,15:30:00
05/07/2024 05:44:00 PM,3.0,3,2,14,6,3,3,3,3,1,4,NOT APPLICABLE,2,4,1.0,0.0,0.0,1.0,0.0,1.0,17,3,5,05/07/2024,2024-05-07,17:44:00
08/06/2024 07:44:00 AM,7.0,5,2,6,7,3,4,3,2,1,4,IMPROPER TURNING/NO SIGNAL,2,2,0.0,0.0,0.0,0.0,0.0,2.0,7,3,8,08/06/2024,2024-08-06,07:44:00
08/05/2024 12:15:00 PM,5.0,3,2,4,5,3,3,3,2,1,3,FAILING TO REDUCE SPEED TO AVOID CRASH,2,2,0.0,0.0,0.0,0.0,0.0,3.0,12,2,8,08/05/2024,2024-08-05,12:15:00
03/11/2024 04:45:00 PM,5.0,3,2,3,5,3,3,3,2,1,4,UNABLE TO DETERMINE,2,2,0.0,0.0,0.0,0.0,0.0,2.0,16,2,3,03/11/2024,2024-03-11,16:45:00
01/17/2024 03:40:00 PM,3.0,3,4,6,6,3,3,3,2,1,2,DRIVING SKILLS/KNOWLEDGE/EXPERIENCE,2,2,0.0,0.0,0.0,0.0,0.0,2.0,15,4,1,01/17/2024,2024-01-17,15:40:00
04/14/2024 09:37:00 PM,5.0,3,5,9,6,3,3,3,3,1,3,FAILING TO YIELD RIGHT-OF-WAY,2,4,1.0,0.0,0.0,1.0,0.0,2.0,21,1,4,04/14/2024,2024-04-14,21:37:00
04/12/2024 09:17:00 AM,7.0,3,2,6,4,3,3,3,3,1,2,UNABLE TO DETERMINE,2,3,1.0,0.0,0.0,0.0,1.0,1.0,9,6,4,04/12/2024,2024-04-12,09:17:00
06/21/2024 01:30:00 PM,3.0,3,2,5,4,3,1,1,2,1,3,UNABLE TO DETERMINE,2,2,0.0,0.0,0.0,0.0,0.0,2.0,13,6,6,06/21/2024,2024-06-21,13:30:00
03/11/2024 12:03:00 PM,6.0,3,2,13,5,3,3,3,3,1,2,"VISION OBSCURED (SIGNS, TREE LIMBS, BUILDINGS, ETC.)",2,4,1.0,0.0,0.0,1.0,0.0,1.0,12,2,3,03/11/2024,2024-03-11,12:03:00
08/04/2024 06:00:00 PM,5.0,3,2,3,6,3,3,3,2,1,3,IMPROPER OVERTAKING/PASSING,2,2,0.0,0.0,0.0,0.0,0.0,2.0,18,1,8,08/04/2024,2024-08-04,18:00:00
03/13/2024 02:00:00 PM,5.0,3,2,13,6,3,3,3,3,1,3,DISREGARDING TRAFFIC SIGNALS,2,4,1.0,0.0,0.0,1.0,0.0,1.0,14,4,3,03/13/2024,2024-03-13,14:00:00
06/14/2024 09:00:00 AM,5.0,3,2,3,5,3,3,3,2,1,4,IMPROPER LANE USAGE,2,2,0.0,0.0,0.0,0.0,0.0,2.0,9,6,6,06/14/2024,2024-06-14,09:00:00
04/18/2024 09:30:00 AM,7.0,3,2,5,5,3,3,3,2,1,3,DISREGARDING STOP SIGN,2,2,0.0,0.0,0.0,0.0,0.0,2.0,9,5,4,04/18/2024,2024-04-18,09:30:00
03/20/2024 06:00:00 PM,5.0,3,2,3,4,3,3,1,2,1,4,UNABLE TO DETERMINE,2,2,0.0,0.0,0.0,0.0,0.0,2.0,18,4,3,03/20/2024,2024-03-20,18:00:00
02/20/2024 03:54:00 PM,3.0,3,2,5,5,3,3,3,2,1,4,IMPROPER OVERTAKING/PASSING,2,2,0.0,0.0,0.0,0.0,0.0,6.0,15,3,2,02/20/2024,2024-02-20,15:54:00
01/01/2024 11:00:00 AM,7.0,4,2,6,5,3,3,3,2,1,3,IMPROPER TURNING/NO SIGNAL,2,2,0.0,0.0,0.0,0.0,0.0,2.0,11,2,1,01/01/2024,2024-01-01,11:00:00
04/04/2024 08:05:00 AM,5.0,3,2,4,4,3,3,3,3,1,4,UNABLE TO DETERMINE,2,2,0.0,0.0,0.0,0.0,0.0,2.0,8,5,4,04/04/2024,2024-04-04,08:05:00
07/22/2024 03:10:00 PM,5.0,3,2,6,4,3,3,3,2,1,4,IMPROPER TURNING/NO SIGNAL,2,2,0.0,0.0,0.0,0.0,0.0,6.0,15,2,7,07/22/2024,2024-07-22,15:10:00
04/12/2024 04:05:00 PM,5.0,5,2,3,4,3,4,3,2,1,3,FAILING TO YIELD RIGHT-OF-WAY,2,2,0.0,0.0,0.0,0.0,0.0,2.0,16,6,4,04/12/2024,2024-04-12,16:05:00
06/05/2024 06:25:00 PM,5.0,3,2,6,5,3,3,3,3,1,3,FAILING TO YIELD RIGHT-OF-WAY,2,4,1.0,0.0,0.0,1.0,0.0,2.0,18,4,6,06/05/2024,2024-06-05,18:25:00
01/11/2024 10:24:00 AM,5.0,3,2,3,3,3,3,3,2,1,3,"EVASIVE ACTION DUE TO ANIMAL, OBJECT, NONMOTORIST",2,2,0.0,0.0,0.0,0.0,0.0,3.0,10,5,1,01/11/2024,2024-01-11,10:24:00
05/11/2024 02:55:00 PM,7.0,3,2,6,5,3,3,1,3,1,4,UNABLE TO DETERMINE,2,2,0.0,0.0,0.0,0.0,0.0,2.0,14,7,5,05/11/2024,2024-05-11,14:55:00
08/10/2024 10:33:00 AM,3.0,3,2,3,6,3,3,3,2,0,4,UNABLE TO DETERMINE,2,2,0.0,0.0,0.0,0.0,0.0,5.0,10,7,8,08/10/2024,2024-08-10,10:33:00
07/26/2024 12:25:00 PM,5.0,3,2,6,5,3,3,2,2,1,4,FOLLOWING TOO CLOSELY,2,2,0.0,0.0,0.0,0.0,0.0,3.0,12,6,7,07/26/2024,2024-07-26,12:25:00
03/12/2024 01:50:00 PM,7.0,3,2,8,10,3,3,3,2,0,2,IMPROPER BACKING,2,2,0.0,0.0,0.0,0.0,0.0,2.0,13,3,3,03/12/2024,2024-03-12,13:50:00
08/02/2024 11:40:00 AM,5.0,3,2,4,5,3,3,3,2,1,4,FOLLOWING TOO CLOSELY,2,2,0.0,0.0,0.0,0.0,0.0,2.0,11,6,8,08/02/2024,2024-08-02,11:40:00
06/06/2024 07:26:00 AM,7.0,3,2,5,6,3,3,3,3,1,4,FAILING TO YIELD RIGHT-OF-WAY,2,2,0.0,0.0,0.0,0.0,0.0,4.0,7,5,6,06/06/2024,2024-06-06,07:26:00
01/26/2024 05:10:00 PM,5.0,5,5,13,5,3,4,3,3,1,2,EQUIPMENT - VEHICLE CONDITION,2,4,1.0,0.0,0.0,1.0,0.0,1.0,17,6,1,01/26/2024,2024-01-26,17:10:00