crash_date,traffic_control_device,weather_condition,lighting_condition,first_crash_type,trafficway_type,alignment,roadway_surface_cond,road_defect,crash_type,intersection_related_i,damage,prim_contributory_cause,num_units,most_severe_injury,injuries_total,injuries_fatal,injuries_incapacitating,injuries_non_incapacitating,injuries_reported_not_evident,injuries_no_indication,crash_hour,crash_day_of_week,crash_month,parsed_datetime,date,time
07/06/2024 12:58:00 PM,3.0,3,2,6,7,3,3,3,3,1,2,IMPROPER TURNING/NO SIGNAL,2,4,1.0,0.0,0.0,1.0,0.0,1.0,12,7,7,07/06/2024,2024-07-06,12:58:00
06/28/2024 10:00:00 AM,1.0,5,2,5,6,3,1,1,2,1,3,NOT APPLICABLE,2,2,0.0,0.0,0.0,0.0,0.0,2.0,10,6,6,06/28/2024,2024-06-28,10:00:00
03/06/2024 01:33:00 AM,7.0,3,5,5,1,3,3,3,3,1,4,UNABLE TO DETERMINE,2,2,0.0,0.0,0.0,0.0,0.0,3.0,1,4,3,03/06/2024,2024-03-06,01:33:00
06/19/2024 05:27:00 PM,3.0,3,2,6,6,3,3,3,2,1,4,FAILING TO YIELD RIGHT-OF-WAY,2,2,0.0,0.0,0.0,0.0,0.0,2.0,17,4,6,06/19/2024,2024-06-19,17:27:00
03/21/2024 09:08:00 PM,7.0,3,5,5,5,3,3,7,2,1,3,FAILING TO YIELD RIGHT-OF-WAY,2,2,0.0,0.0,0.0,0.0,0.0,2.0,21,5,3,03/21/2024,2024-03-21,21:08:00
02/06/2024 05:43:00 PM,5.0,3,5,6,6,3,3,3,3,1,4,DRIVING SKILLS/KNOWLEDGE/EXPERIENCE,2,4,1.0,0.0,0.0,1.0,0.0,4.0,17,3,2,02/06/2024,2024-02-06,17:43:00
03/19/2024 09:30:00 AM,5.0,3,2,3,4,3,3,3,2,1,3,UNABLE TO DETERMINE,2,2,0.0,0.0,0.0,0.0,0.0,2.0,9,3,3,03/19/2024,2024-03-19,09:30:00
05/17/2024 12:08:00 AM,5.0,3,5,3,5,3,1,1,2,1,3,IMPROPER OVERTAKING/PASSING,2,2,0.0,0.0,0.0,0.0,0.0,2.0,0,6,5,05/17/2024,2024-05-17,00:08:00
05/18/2024 12:51:00 PM,5.0,3,2,5,5,3,3,1,3,1,4,IMPROPER TURNING/NO SIGNAL,2,4,1.0,0.0,0.0,1.0,0.0,1.0,12,7,5,05/18/2024,2024-05-18,12:51:00
06/03/2024 10:30:00 AM,5.0,3,2,3,6,3,3,3,2,1,4,IMPROPER LANE USAGE,2,2,0.0,0.0,0.0,0.0,0.0,2.0,10,2,6,06/03/2024,2024-06-03,10:30:00
05/20/2024 05:08:00 PM,7.0,3,2,4,10,3,3,3,2,1,4,FOLLOWING TOO CLOSELY,2,2,0.0,0.0,0.0,0.0,0.0,6.0,17,2,5,05/20/2024,2024-05-20,17:08:00
05/14/2024 08:23:00 AM,7.0,5,2,5,5,3,4,3,3,1,4,DISREGARDING STOP SIGN,2,2,0.0,0.0,0.0,0.0,0.0,3.0,8,3,5,05/14/2024,2024-05-14,08:23:00
04/16/2024 01:30:00 PM,5.0,3,2,6,6,3,3,3,2,1,4,IMPROPER OVERTAKING/PASSING,2,2,0.0,0.0,0.0,0.0,0.0,2.0,13,3,4,04/16/2024,2024-04-16,13:30:00
05/04/2024 05:00:00 PM,5.0,3,2,5,6,3,3,1,3,1,4,UNABLE TO DETERMINE,2,2,0.0,0.0,0.0,0.0,0.0,2.0,17,7,5,05/04/2024,2024-05-04,17:00:00
02/21/2024 07:00:00 PM,5.0,3,2,6,1,3,1,1,2,1,4,UNABLE TO DETERMINE,2,2,0.0,0.0,0.0,0.0,0.0,2.0,19,4,2,02/21/2024,2024-02-21,19:00:00
03/02/2024 09:30:00 AM,3.0,3,2,11,6,3,3,3,2,0,3,DRIVING SKILLS/KNOWLEDGE/EXPERIENCE,2,2,0.0,0.0,0.0,0.0,0.0,1.0,9,7,3,03/02/2024,2024-03-02,09:30:00
04/16/2024 07:07:00 AM,5.0,3,2,6,5,3,3,1,3,1,4,FAILING TO YIELD RIGHT-OF-WAY,2,2,0.0,0.0,0.0,0.0,0.0,2.0,7,3,4,04/16/2024,2024-04-16,07:07:00
02/21/2024 06:00:00 PM,1.0,3,2,4,5,3,1,1,2,1,4,UNABLE TO DETERMINE,2,2,0.0,0.0,0.0,0.0,0.0,2.0,18,4,2,02/21/2024,2024-02-21,18:00:00
05/30/2024 07:30:00 PM,5.0,3,5,10,6,3,3,3,3,1,4,FAILING TO YIELD RIGHT-OF-WAY,2,3,1.0,0.0,0.0,0.0,1.0,2.0,19,5,5,05/30/2024,2024-05-30,19:30:00
08/01/2024 10:15:00 AM,5.0,3,2,6,5,3,3,3,2,1,4,UNABLE TO DETERMINE,2,2,0.0,0.0,0.0,0.0,0.0,4.0,10,5,8,08/01/2024,2024-08-01,10:15:00
07/08/2024 01:45:00 PM,1.0,3,2,3,4,3,1,1,2,1,4,IMPROPER OVERTAKING/PASSING,2,2,0.0,0.0,0.0,0.0,0.0,2.0,13,2,7,07/08/2024,2024-07-08,13:45:00
02/08/2024 11:52:00 AM,7.0,3,2,6,5,3,3,1,2,1,4,IMPROPER TURNING/NO SIGNAL,2,2,0.0,0.0,0.0,0.0,0.0,2.0,11,5,2,02/08/2024,2024-02-08,11:52:00
05/14/2024 07:20:00 AM,5.0,3,2,5,6,3,3,1,2,1,4,NOT APPLICABLE,2,2,0.0,0.0,0.0,0.0,0.0,2.0,7,3,5,05/14/2024,2024-05-14,07:20:00
06/12/2024 02:35:00 PM,5.0,3,2,6,4,3,3,3,3,1,4,FAILING TO YIELD RIGHT-OF-WAY,2,5,1.0,0.0,1.0,0.0,0.0,1.0,14,4,6,06/12/2024,2024-06-12,14:35:00
02/26/2024 05:00:00 PM,7.0,3,2,5,6,3,1,1,2,1,3,UNABLE TO DETERMINE,2,2,0.0,0.0,0.0,0.0,0.0,2.0,17,2,2,02/26/2024,2024-02-26,17:00:00
04/30/2024 03:21:00 PM,7.0,3,2,5,5,3,3,1,3,1,3,UNABLE TO DETERMINE,2,2,0.0,0.0,0.0,0.0,0.0,3.0,15,3,4,04/30/2024,2024-04-30,15:21:00
01/23/2024 10:25:00 AM,5.0,5,2,5,5,3,4,3,3,1,4,FAILING TO YIELD RIGHT-OF-WAY,2,2,0.0,0.0,0.0,0.0,0.0,2.0,10,3,1,01/23/2024,2024-01-23,10:25:00
02/09/2024 06:00:00 PM,3.0,3,2,4,5,3,1,1,2,1,2,UNABLE TO DETERMINE,2,2,0.0,0.0,0.0,0.0,0.0,2.0,18,6,2,02/09/2024,2024-02-09,18:00:00
04/09/2024 08:30:00 AM,7.0,3,2,5,5,3,3,3,2,1,4,FAILING TO YIELD RIGHT-OF-WAY,2,2,0.0,0.0,0.0,0.0,0.0,2.0,8,3,4,04/09/2024,2024-04-09,08:30:00
03/23/2024 01:27:00 AM,3.0,3,3,4,10,3,3,1,3,0,4,FOLLOWING TOO CLOSELY,2,2,0.0,0.0,0.0,0.0,0.0,2.0,1,7,3,03/23/2024,2024-03-23,01:27:00
03/23/2024 12:05:00 AM,5.0,3,5,14,18,3,3,3,2,1,4,DISREGARDING TRAFFIC SIGNALS,2,2,0.0,0.0,0.0,0.0,0.0,2.0,0,7,3,03/23/2024,2024-03-23,00:05:00
08/03/2024 11:13:00 AM,7.0,3,2,6,4,3,3,3,3,1,4,UNABLE TO DETERMINE,2,2,0.0,0.0,0.0,0.0,0.0,2.0,11,7,8,08/03/2024,2024-08-03,11:13:00
06/27/2024 03:30:00 PM,5.0,3,2,5,5,3,3,3,3,1,4,UNABLE TO DETERMINE,2,2,0.0,0.0,0.0,0.0,0.0,2.0,15,5,6,06/27/2024,2024-06-27,15:30:00
05/27/2024 10:45:00 PM,7.0,3,5,6,7,3,4,3,2,1,4,UNABLE TO DETERMINE,2,2,0.0,0.0,0.0,0.0,0.0,2.0,22,2,5,05/27/2024,2024-05-27,22:45:00
04/07/2024 03:05:00 AM,7.0,3,6,6,7,3,3,1,3,1,4,UNABLE TO DETERMINE,2,3,2.0,0.0,0.0,0.0,2.0,1.0,3,1,4,04/07/2024,2024-04-07,03:05:00
02/14/2024 06:55:00 AM,7.0,3,2,5,7,3,3,3,3,1,4,DISREGARDING TRAFFIC SIGNALS,2,2,0.0,0.0,0.0,0.0,0.0,2.0,6,4,2,02/14/2024,2024-02-14,06:55:00
05/31/2024 10:00:00 PM,7.0,3,5,5,5,3,3,3,2,1,4,UNABLE TO DETERMINE,2,2,0.0,0.0,0.0,0.0,0.0,2.0,22,6,5,05/31/2024,2024-05-31,22:00:00
02/13/2024 01:05:00 PM,1.0,3,2,11,10,3,3,3,2,1,4,UNABLE TO DETERMINE,2,2,0.0,0.0,0.0,0.0,0.0,4.0,13,3,2,02/13/2024,2024-02-13,13:05:00
06/21/2024 04:41:00 PM,3.0,3,2,6,7,3,3,3,2,1,4,DRIVING SKILLS/KNOWLEDGE/EXPERIENCE,2,2,0.0,0.0,0.0,0.0,0.0,4.0,16,6,6,06/21/2024,2024-06-21,16:41:00
02/14/2024 02:03:00 AM,5.0,3,5,5,6,3,3,3,2,1,4,DISREGARDING TRAFFIC SIGNALS,2,2,0.0,0.0,0.0,0.0,0.0,2.0,2,4,2,02/14/2024,2024-02-14,02:03:00
01/20/2024 05:06:00 PM,7.0,6,5,5,6,3,5,3,3,1,4,UNABLE TO DETERMINE,2,2,0.0,0.0,0.0,0.0,0.0,3.0,17,7,1,01/20/2024,2024-01-20,17:06:00
03/20/2024 02:47:00 PM,5.0,3,2,5,5,3,3,3,3,1,4,DISREGARDING TRAFFIC SIGNALS,2,3,1.0,0.0,0.0,0.0,1.0,3.0,14,4,3,03/20/2024,2024-03-20,14:47:00
01/27/2024 05:35:00 PM,5.0,5,5,6,6,3,4,3,3,1,4,DISREGARDING TRAFFIC SIGNALS,2,2,0.0,0.0,0.0,0.0,0.0,5.0,17,7,1,01/27/2024,2024-01-27,17:35:00
01/09/2024 07:00:00 PM,7.0,6,6,5,5,3,5,3,2,1,4,DISREGARDING STOP SIGN,2,2,0.0,0.0,0.0,0.0,0.0,2.0,19,3,1,01/09/2024,2024-01-09,19:00:00
03/04/2024 05:20:00 PM,5.0,3,2,5,5,3,3,3,2,1,4,FAILING TO YIELD RIGHT-OF-WAY,2,2,0.0,0.0,0.0,0.0,0.0,2.0,17,2,3,03/04/2024,2024-03-04,17:20:00
01/15/2024 07:45:00 AM,5.0,3,2,4,5,3,6,3,2,1,4,FOLLOWING TOO CLOSELY,2,2,0.0,0.0,0.0,0.0,0.0,2.0,7,2,1,01/15/2024,2024-01-15,07:45:00
04/27/2024 05:48:00 PM,5.0,4,2,6,7,3,3,3,2,1,4,FAILING TO YIELD RIGHT-OF-WAY,2,2,0.0,0.0,0.0,0.0,0.0,2.0,17,7,4,04/27/2024,2024-04-27,17:48:00
06/18/2024 10:40:00 AM,5.0,3,2,3,4,3,3,3,2,1,4,UNABLE TO DETERMINE,2,2,0.0,0.0,0.0,0.0,0.0,2.0,10,3,6,06/18/2024,2024-06-18,10:40:00
03/06/2024 07:55:00 PM,5.0,3,5,6,5,3,3,3,2,1,4,UNABLE TO DETERMINE,2,2,0.0,0.0,0.0,0.0,0.0,3.0,19,4,3,03/06/2024,2024-03-06,19:55:00
01/20/2024 10:25:00 PM,3.0,3,5,4,5,3,1,3,2,1,4,UNABLE TO DETERMINE,2,2,0.0,0.0,0.0,0.0,0.0,2.0,22,7,1,01/20/2024,2024-01-20,22:25:00
07/21/2024 05:18:00 PM,1.0,3,2,5,6,3,1,1,2,0,3,DRIVING SKILLS/KNOWLEDGE/EXPERIENCE,2,2,0.0,0.0,0.0,0.0,0.0,2.0,17,1,7,07/21/2024,2024-07-21,17:18:00
02/24/2024 03:35:00 PM,7.0,3,2,6,6,3,3,1,2,1,4,"VISION OBSCURED (SIGNS, TREE LIMBS, BUILDINGS, ETC.)",2,2,0.0,0.0,0.0,0.0,0.0,2.0,15,7,2,02/24/2024,2024-02-24,15:35:00
03/13/2024 05:56:00 PM,7.0,3,2,4,6,3,3,3,2,1,4,FAILING TO REDUCE SPEED TO AVOID CRASH,2,2,0.0,0.0,0.0,0.0,0.0,2.0,17,4,3,03/13/2024,2024-03-13,17:56:00
07/09/2024 02:45:00 PM,5.0,3,2,4,10,3,3,3,2,1,4,FOLLOWING TOO CLOSELY,2,2,0.0,0.0,0.0,0.0,0.0,2.0,14,3,7,07/09/2024,2024-07-09,14:45:00
05/06/2024 03:38:00 PM,5.0,3,2,4,5,3,3,3,3,1,3,FOLLOWING TOO CLOSELY,2,4,1.0,0.0,0.0,1.0,0.0,1.0,15,2,5,05/06/2024,2024-05-06,15:38:00
05/01/2024 03:30:00 PM,5.0,3,2,4,4,3,3,3,2,1,4,UNABLE TO DETERMINE,2,2,0.0,0.0,0.0,0.0,0.0,2.0,15,4,5,05/01/2024,2024-05-01,15:30:00
06/10/2024 03:03:00 PM,5.0,3,2,6,5,3,3,3,2,1,4,FAILING TO YIELD RIGHT-OF-WAY,2,2,0.0,0.0,0.0,0.0,0.0,2.0,15,2,6,06/10/2024,2024-06-10,15:03:00
06/07/2024 10:50:00 AM,5.0,3,2,6,5,3,1,1,2,1,4,NOT APPLICABLE,2,2,0.0,0.0,0.0,0.0,0.0,2.0,10,6,6,06/07/2024,2024-06-07,10:50:00
08/09/2024 12:12:00 PM,7.0,3,2,5,5,3,3,3,3,1,4,FAILING TO YIELD RIGHT-OF-WAY,2,2,0.0,0.0,0.0,0.0,0.0,2.0,12,6,8,08/09/2024,2024-08-09,12:12:00
08/09/2024 06:20:00 PM,3.0,3,2,6,6,3,3,3,2,1,4,IMPROPER TURNING/NO SIGNAL,2,2,0.0,0.0,0.0,0.0,0.0,2.0,18,6,8,08/09/2024,2024-08-09,18:20:00
07/30/2024 04:21:00 PM,3.0,3,2,4,6,3,3,3,2,1,3,FAILING TO REDUCE SPEED TO AVOID CRASH,2,2,0.0,0.0,0.0,0.0,0.0,2.0,16,3,7,07/30/2024,2024-07-30,16:21:00
03/28/2024 10:25:00 PM,5.0,3,5,5,5,3,3,3,3,1,4,DISREGARDING TRAFFIC SIGNALS,2,3,1.0,0.0,0.0,0.0,1.0,1.0,22,5,3,03/28/2024,2024-03-28,22:25:00
08/10/2024 06:36:00 PM,7.0,3,2,9,5,3,3,3,3,1,4,UNABLE TO DETERMINE,2,2,0.0,0.0,0.0,0.0,0.0,4.0,18,7,8,08/10/2024,2024-08-10,18:36:00
06/25/2024 06:30:00 PM,3.0,4,2,4,3,3,3,3,3,0,4,FOLLOWING TOO CLOSELY,2,4,1.0,0.0,0.0,1.0,0.0,2.0,18,3,6,06/25/2024,2024-06-25,18:30:00
03/26/2024 06:35:00 AM,5.0,4,3,4,3,3,3,3,2,1,4,FOLLOWING TOO CLOSELY,2,2,0.0,0.0,0.0,0.0,0.0,2.0,6,3,3,03/26/2024,2024-03-26,06:35:00
02/03/2024 09:15:00 PM,3.0,3,5,5,16,3,3,3,2,0,4,"OPERATING VEHICLE IN ERRATIC, RECKLESS, CARELESS, NEGLIGENT OR AGGRESSIVE MANNER",2,2,0.0,0.0,0.0,0.0,0.0,2.0,21,7,2,02/03/2024,2024-02-03,21:15:00
06/14/2024 03:15:00 PM,7.0,3,2,14,7,3,3,3,3,1,4,UNABLE TO DETERMINE,2,4,1.0,0.0,0.0,1.0,0.0,2.0,15,6,6,06/14/2024,2024-06-14,15:15:00
04/07/2024 08:20:00 AM,5.0,3,2,6,6,3,3,3,2,1,4,DISREGARDING OTHER TRAFFIC SIGNS,2,2,0.0,0.0,0.0,0.0,0.0,2.0,8,1,4,04/07/2024,2024-04-07,08:20:00
04/07/2024 04:40:00 PM,5.0,5,2,6,6,3,4,3,3,1,4,UNABLE TO DETERMINE,2,2,0.0,0.0,0.0,0.0,0.0,3.0,16,1,4,04/07/2024,2024-04-07,16:40:00
06/28/2024 06:00:00 PM,3.0,3,6,4,6,3,4,1,2,1,2,UNABLE TO DETERMINE,2,2,0.0,0.0,0.0,0.0,0.0,2.0,18,6,6,06/28/2024,2024-06-28,18:00:00
05/31/2024 06:10:00 PM,7.0,3,2,4,5,3,3,3,2,1,4,FOLLOWING TOO CLOSELY,2,2,0.0,0.0,0.0,0.0,0.0,6.0,18,6,5,05/31/2024,2024-05-31,18:10:00
06/30/2024 03:00:00 PM,3.0,3,2,6,6,3,3,3,2,1,4,IMPROPER TURNING/NO SIGNAL,2,2,0.0,0.0,0.0,0.0,0.0,2.0,15,1,6,06/30/2024,2024-06-30,15:00:00
06/01/2024 12:15:00 PM,7.0,5,2,6,4,3,4,3,3,1,4,UNABLE TO DETERMINE,2,4,1.0,0.0,0.0,1.0,0.0,4.0,12,7,6,06/01/2024,2024-06-01,12:15:00
04/15/2024 10:36:00 AM,7.0,3,2,6,5,3,1,1,3,1,4,FAILING TO YIELD RIGHT-OF-WAY,2,3,1.0,0.0,0.0,0.0,1.0,2.0,10,2,4,04/15/2024,2024-04-15,10:36:00
08/02/2024 12:35:00 PM,5.0,3,2,6,10,3,3,3,3,1,3,FAILING TO YIELD RIGHT-OF-WAY,2,4,2.0,0.0,0.0,2.0,0.0,0.0,12,6,8,08/02/2024,2024-08-02,12:35:00
04/13/2024 09:32:00 PM,5.0,3,5,6,6,3,3,6,3,1,4,FAILING TO YIELD RIGHT-OF-WAY,2,2,0.0,0.0,0.0,0.0,0.0,2.0,21,7,4,04/13/2024,2024-04-13,21:32:00
07/01/2024 06:00:00 PM,5.0,3,2,14,5,3,1,1,3,1,4,UNABLE TO DETERMINE,2,4,1.0,0.0,0.0,1.0,0.0,1.0,18,2,7,07/01/2024,2024-07-01,18:00:00
06/27/2024 09:50:00 AM,5.0,3,2,4,6,3,3,1,2,1,4,IMPROPER OVERTAKING/PASSING,2,2,0.0,0.0,0.0,0.0,0.0,2.0,9,5,6,06/27/2024,2024-06-27,09:50:00
06/12/2024 07:45:00 AM,7.0,3,2,14,5,3,3,3,3,1,4,FAILING TO REDUCE SPEED TO AVOID CRASH,2,5,1.0,0.0,1.0,0.0,0.0,1.0,7,4,6,06/12/2024,2024-06-12,07:45:00
02/24/2024 04:44:00 PM,5.0,3,2,4,7,3,1,1,2,1,4,FAILING TO YIELD RIGHT-OF-WAY,2,2,0.0,0.0,0.0,0.0,0.0,2.0,16,7,2,02/24/2024,2024-02-24,16:44:00
07/18/2024 10:10:00 AM,5.0,3,2,6,5,3,3,3,3,1,4,FAILING TO YIELD RIGHT-OF-WAY,2,2,0.0,0.0,0.0,0.0,0.0,2.0,10,5,7,07/18/2024,2024-07-18,10:10:00
03/14/2024 09:35:00 AM,5.0,3,2,6,4,3,3,3,3,1,3,UNABLE TO DETERMINE,2,3,1.0,0.0,0.0,0.0,1.0,2.0,9,5,3,03/14/2024,2024-03-14,09:35:00
04/19/2024 06:34:00 AM,5.0,2,2,6,5,3,3,1,3,1,3,"VISION OBSCURED (SIGNS, TREE LIMBS, BUILDINGS, ETC.)",2,5,1.0,0.0,1.0,0.0,0.0,1.0,6,6,4,04/19/2024,2024-04-19,06:34:00
05/30/2024 11:49:00 AM,1.0,3,2,5,1,3,1,1,2,1,4,DISREGARDING TRAFFIC SIGNALS,2,2,0.0,0.0,0.0,0.0,0.0,4.0,11,5,5,05/30/2024,2024-05-30,11:49:00
01/23/2024 05:45:00 PM,3.0,3,6,4,5,3,1,1,2,1,3,FOLLOWING TOO CLOSELY,2,2,0.0,0.0,0.0,0.0,0.0,2.0,17,3,1,01/23/2024,2024-01-23,17:45:00
03/06/2024 04:00:00 PM,7.0,3,2,6,4,3,3,3,2,1,4,UNABLE TO DETERMINE,2,2,0.0,0.0,0.0,0.0,0.0,2.0,16,4,3,03/06/2024,2024-03-06,16:00:00
03/06/2024 01:50:00 PM,3.0,3,2,4,10,3,3,3,2,1,4,UNABLE TO DETERMINE,2,2,0.0,0.0,0.0,0.0,0.0,2.0,13,4,3,03/06/2024,2024-03-06,13:50:00
07/18/2024 04:45:00 AM,5.0,3,2,13,5,3,1,3,3,0,2,UNABLE TO DETERMINE,2,4,1.0,0.0,0.0,1.0,0.0,1.0,4,5,7,07/18/2024,2024-07-18,04:45:00
08/05/2024 06:50:00 AM,5.0,4,2,6,5,3,3,3,3,1,4,FAILING TO YIELD RIGHT-OF-WAY,2,2,0.0,0.0,0.0,0.0,0.0,2.0,6,2,8,08/05/2024,2024-08-05,06:50:00
03/22/2024 07:05:00 AM,3.0,5,2,5,7,3,4,3,3,1,4,NOT APPLICABLE,2,2,0.0,0.0,0.0,0.0,0.0,2.0,7,6,3,03/22/2024,2024-03-22,07:05:00
04/17/2024 09:25:00 AM,7.0,3,2,6,7,3,3,1,3,1,4,IMPROPER OVERTAKING/PASSING,2,3,2.0,0.0,0.0,0.0,2.0,1.0,9,4,4,04/17/2024,2024-04-17,09:25:00
03/28/2024 02:47:00 PM,2.0,3,2,13,5,3,3,1,3,1,4,UNABLE TO DETERMINE,2,3,1.0,0.0,0.0,0.0,1.0,1.0,14,5,3,03/28/2024,2024-03-28,14:47:00
07/10/2024 10:14:00 PM,5.0,3,5,3,4,3,3,3,2,1,2,UNDER THE INFLUENCE OF ALCOHOL/DRUGS (USE WHEN ARREST IS EFFECTED),2,2,0.0,0.0,0.0,0.0,0.0,3.0,22,4,7,07/10/2024,2024-07-10,22:14:00
02/27/2024 11:30:00 AM,5.0,3,2,3,3,3,3,3,2,1,4,IMPROPER LANE USAGE,2,2,0.0,0.0,0.0,0.0,0.0,2.0,11,3,2,02/27/2024,2024-02-27,11:30:00
07/05/2024 05:30:00 PM,5.0,3,2,3,4,3,3,3,2,1,4,IMPROPER OVERTAKING/PASSING,2,2,0.0,0.0,0.0,0.0,0.0,2.0,17,6,7,07/05/2024,2024-07-05,17:30:00
07/04/2024 07:50:00 AM,7.0,3,2,14,10,3,3,3,2,1,3,DISREGARDING STOP SIGN,2,2,0.0,0.0,0.0,0.0,0.0,2.0,7,5,7,07/04/2024,2024-07-04,07:50:00
08/13/2024 07:00:00 PM,7.0,3,2,4,5,3,3,3,2,1,3,UNABLE TO DETERMINE,2,2,0.0,0.0,0.0,0.0,0.0,3.0,19,3,8,08/13/2024,2024-08-13,19:00:00
05/24/2024 02:00:00 PM,5.0,3,2,4,4,3,1,1,3,1,4,UNABLE TO DETERMINE,2,3,1.0,0.0,0.0,0.0,1.0,1.0,14,6,5,05/24/2024,2024-05-24,14:00:00
07/06/2024 11:01:00 PM,5.0,3,2,4,6,3,1,1,2,0,4,UNABLE TO DETERMINE,2,2,0.0,0.0,0.0,0.0,0.0,2.0,23,7,7,07/06/2024,2024-07-06,23:01:00
05/25/2024 06:00:00 PM,5.0,3,2,6,6,3,3,3,2,1,2,UNABLE TO DETERMINE,2,2,0.0,0.0,0.0,0.0,0.0,2.0,18,7,5,05/25/2024,2024-05-25,18:00:00
05/20/2024 08:50:00 PM,5.0,3,5,4,6,3,3,3,3,1,4,DRIVING SKILLS/KNOWLEDGE/EXPERIENCE,2,3,1.0,0.0,0.0,0.0,1.0,1.0,20,2,5,05/20/2024,2024-05-20,20:50:00
04/11/2024 04:05:00 PM,5.0,3,2,13,7,3,3,3,3,1,2,FAILING TO YIELD RIGHT-OF-WAY,2,4,1.0,0.0,0.0,1.0,0.0,1.0,16,5,4,04/11/2024,2024-04-11,16:05:00
05/04/2024 01:49:00 PM,3.0,3,2,5,5,3,3,3,3,1,4,UNABLE TO DETERMINE,2,2,0.0,0.0,0.0,0.0,0.0,2.0,13,7,5,05/04/2024,2024-05-04,13:49:00
05/25/2024 03:30:00 PM,5.0,3,2,3,5,3,3,3,2,1,3,UNABLE TO DETERMINE,2,2,0.0,0.0,0.0,0.0,0.0,2.0,15,7,5,05/25/2024,2024-05-25,15:30:00
03/15/2024 01:53:00 PM,5.0,3,2,6,6,3,3,3,2,1,3,FAILING TO YIELD RIGHT-OF-WAY,2,2,0.0,0.0,0.0,0.0,0.0,3.0,13,6,3,03/15/2024,2024-03-15,13:53:00
06/23/2024 12:10:00 PM,5.0,3,2,6,6,3,3,3,2,0,4,IMPROPER LANE USAGE,2,2,0.0,0.0,0.0,0.0,0.0,5.0,12,1,6,06/23/2024,2024-06-23,12:10:00
04/16/2024 03:30:00 AM,7.0,3,5,5,5,3,3,3,2,1,4,DISREGARDING OTHER TRAFFIC SIGNS,2,2,0.0,0.0,0.0,0.0,0.0,2.0,3,3,4,04/16/2024,2024-04-16,03:30:00
04/26/2024 01:40:00 PM,5.0,5,2,4,7,3,4,3,2,1,4,WEATHER,2,2,0.0,0.0,0.0,0.0,0.0,2.0,13,6,4,04/26/2024,2024-04-26,13:40:00
07/11/2024 10:45:00 AM,5.0,3,2,3,3,3,3,3,2,1,4,FOLLOWING TOO CLOSELY,2,2,0.0,0.0,0.0,0.0,0.0,2.0,10,5,7,07/11/2024,2024-07-11,10:45:00
07/08/2024 08:30:00 PM,1.0,3,3,6,6,3,1,1,2,1,4,UNABLE TO DETERMINE,2,2,0.0,0.0,0.0,0.0,0.0,4.0,20,2,7,07/08/2024,2024-07-08,20:30:00
04/23/2024 06:10:00 AM,3.0,3,2,6,5,3,3,3,2,1,4,FAILING TO YIELD RIGHT-OF-WAY,2,2,0.0,0.0,0.0,0.0,0.0,2.0,6,3,4,04/23/2024,2024-04-23,06:10:00
07/19/2024 12:13:00 PM,5.0,3,2,3,10,3,3,3,3,1,4,FAILING TO YIELD RIGHT-OF-WAY,2,2,0.0,0.0,0.0,0.0,0.0,2.0,12,6,7,07/19/2024,2024-07-19,12:13:00
01/18/2024 08:46:00 AM,3.0,3,2,6,7,3,3,3,2,1,2,DRIVING ON WRONG SIDE/WRONG WAY,2,2,0.0,0.0,0.0,0.0,0.0,2.0,8,5,1,01/18/2024,2024-01-18,08:46:00
03/14/2024 09:48:00 PM,5.0,3,5,6,7,4,3,3,2,1,3,FAILING TO YIELD RIGHT-OF-WAY,2,2,0.0,0.0,0.0,0.0,0.0,2.0,21,5,3,03/14/2024,2024-03-14,21:48:00
06/25/2024 03:50:00 PM,5.0,3,2,4,4,3,3,1,3,1,4,UNABLE TO DETERMINE,2,3,1.0,0.0,0.0,0.0,1.0,1.0,15,3,6,06/25/2024,2024-06-25,15:50:00
05/20/2024 08:08:00 AM,5.0,3,2,3,7,3,3,3,2,1,4,IMPROPER OVERTAKING/PASSING,2,2,0.0,0.0,0.0,0.0,0.0,2.0,8,2,5,05/20/2024,2024-05-20,08:08:00
08/09/2024 02:58:00 PM,5.0,3,2,4,7,3,3,3,2,1,3,UNABLE TO DETERMINE,2,2,0.0,0.0,0.0,0.0,0.0,4.0,14,6,8,08/09/2024,2024-08-09,14:58:00
08/13/2024 05:45:00 PM,5.0,3,2,3,5,3,3,3,2,1,4,DRIVING SKILLS/KNOWLEDGE/EXPERIENCE,2,2,0.0,0.0,0.0,0.0,0.0,2.0,17,3,8,08/13/2024,2024-08-13,17:45:00
04/14/2024 11:23:00 PM,4.0,3,5,5,7,3,3,3,3,1,4,UNABLE TO DETERMINE,2,2,0.0,0.0,0.0,0.0,0.0,2.0,23,1,4,04/14/2024,2024-04-14,23:23:00
06/06/2024 12:45:00 PM,3.0,3,2,14,6,3,3,3,3,1,3,IMPROPER OVERTAKING/PASSING,2,3,1.0,0.0,0.0,0.0,1.0,1.0,12,5,6,06/06/2024,2024-06-06,12:45:00
04/26/2024 02:15:00 AM,1.0,3,4,11,6,3,3,1,2,1,3,UNABLE TO DETERMINE,2,2,0.0,0.0,0.0,0.0,0.0,1.0,2,6,4,04/26/2024,2024-04-26,02:15:00
05/16/2024 07:20:00 PM,5.0,3,4,4,4,3,3,1,2,1,4,UNABLE TO DETERMINE,2,2,0.0,0.0,0.0,0.0,0.0,2.0,19,5,5,05/16/2024,2024-05-16,19:20:00