crash_date,traffic_control_device,weather_condition,lighting_condition,first_crash_type,trafficway_type,alignment,roadway_surface_cond,road_defect,crash_type,intersection_related_i,damage,prim_contributory_cause,num_units,most_severe_injury,injuries_total,injuries_fatal,injuries_incapacitating,injuries_non_incapacitating,injuries_reported_not_evident,injuries_no_indication,crash_hour,crash_day_of_week,crash_month,parsed_datetime,date,time
03/30/2024 07:55:00 AM,1.0,3,2,3,1,3,1,1,2,0,4,FOLLOWING TOO CLOSELY,2,2,0.0,0.0,0.0,0.0,0.0,2.0,7,7,3,03/30/2024,2024-03-30,07:55:00
04/10/2024 08:55:00 AM,5.0,3,2,6,12,3,3,3,2,1,4,IMPROPER TURNING/NO SIGNAL,2,2,0.0,0.0,0.0,0.0,0.0,3.0,8,4,4,04/10/2024,2024-04-10,08:55:00
06/09/2024 10:30:00 AM,5.0,3,2,4,5,3,3,3,2,1,2,FOLLOWING TOO CLOSELY,2,2,0.0,0.0,0.0,0.0,0.0,2.0,10,1,6,06/09/2024,2024-06-09,10:30:00
06/24/2024 12:02:00 PM,5.0,3,2,6,5,3,3,3,3,1,4,FAILING TO YIELD RIGHT-OF-WAY,2,4,1.0,0.0,0.0,1.0,0.0,2.0,12,2,6,06/24/2024,2024-06-24,12:02:00
04/18/2024 08:19:00 AM,7.0,3,2,5,10,3,3,3,3,1,4,DISREGARDING STOP SIGN,2,3,1.0,0.0,0.0,0.0,1.0,1.0,8,5,4,04/18/2024,2024-04-18,08:19:00
03/26/2024 06:55:00 AM,5.0,3,2,5,5,3,3,1,2,1,4,UNABLE TO DETERMINE,2,2,0.0,0.0,0.0,0.0,0.0,2.0,6,3,3,03/26/2024,2024-03-26,06:55:00
03/06/2024 03:50:00 PM,5.0,3,2,4,4,3,3,3,2,1,4,UNABLE TO DETERMINE,2,2,0.0,0.0,0.0,0.0,0.0,2.0,15,4,3,03/06/2024,2024-03-06,15:50:00
05/23/2024 07:44:00 AM,7.0,3,2,4,10,3,3,3,2,1,3,FOLLOWING TOO CLOSELY,2,2,0.0,0.0,0.0,0.0,0.0,3.0,7,5,5,05/23/2024,2024-05-23,07:44:00
05/23/2024 04:45:00 PM,7.0,3,4,5,6,3,3,3,2,1,2,UNABLE TO DETERMINE,2,2,0.0,0.0,0.0,0.0,0.0,2.0,16,5,5,05/23/2024,2024-05-23,16:45:00
03/13/2024 08:11:00 PM,5.0,3,6,13,6,3,1,1,2,1,2,UNABLE TO DETERMINE,2,2,0.0,0.0,0.0,0.0,0.0,2.0,20,4,3,03/13/2024,2024-03-13,20:11:00
03/20/2024 02:41:00 PM,7.0,3,2,5,6,3,3,3,2,1,4,"VISION OBSCURED (SIGNS, TREE LIMBS, BUILDINGS, ETC.)",2,2,0.0,0.0,0.0,0.0,0.0,2.0,14,4,3,03/20/2024,2024-03-20,14:41:00
05/12/2024 11:30:00 AM,5.0,3,2,4,5,3,3,3,3,1,4,NOT APPLICABLE,2,5,1.0,0.0,1.0,0.0,0.0,2.0,11,1,5,05/12/2024,2024-05-12,11:30:00
01/24/2024 05:08:00 PM,5.0,5,5,8,6,3,4,3,2,1,4,IMPROPER BACKING,2,2,0.0,0.0,0.0,0.0,0.0,2.0,17,4,1,01/24/2024,2024-01-24,17:08:00
04/28/2024 01:33:00 AM,5.0,5,5,6,10,3,4,3,3,1,4,IMPROPER TURNING/NO SIGNAL,2,2,0.0,0.0,0.0,0.0,0.0,3.0,1,1,4,04/28/2024,2024-04-28,01:33:00
08/10/2024 05:14:00 PM,4.0,3,2,4,6,3,3,3,3,1,3,FOLLOWING TOO CLOSELY,2,3,1.0,0.0,0.0,0.0,1.0,4.0,17,7,8,08/10/2024,2024-08-10,17:14:00
05/10/2024 04:11:00 PM,5.0,3,2,6,5,3,3,1,3,1,4,UNABLE TO DETERMINE,2,3,1.0,0.0,0.0,0.0,1.0,1.0,16,6,5,05/10/2024,2024-05-10,16:11:00
02/22/2024 08:15:00 AM,7.0,3,2,4,10,3,3,3,2,1,3,FOLLOWING TOO CLOSELY,2,2,0.0,0.0,0.0,0.0,0.0,4.0,8,5,2,02/22/2024,2024-02-22,08:15:00
02/24/2024 01:29:00 AM,5.0,6,5,5,5,3,4,1,3,1,4,DISREGARDING TRAFFIC SIGNALS,2,2,0.0,0.0,0.0,0.0,0.0,2.0,1,7,2,02/24/2024,2024-02-24,01:29:00
05/26/2024 08:10:00 PM,5.0,5,5,6,6,3,4,3,3,1,4,FAILING TO YIELD RIGHT-OF-WAY,2,2,0.0,0.0,0.0,0.0,0.0,4.0,20,1,5,05/26/2024,2024-05-26,20:10:00
03/31/2024 03:30:00 AM,5.0,3,6,6,6,3,3,3,2,1,4,IMPROPER TURNING/NO SIGNAL,2,2,0.0,0.0,0.0,0.0,0.0,2.0,3,1,3,03/31/2024,2024-03-31,03:30:00
07/17/2024 03:36:00 PM,7.0,3,2,11,6,3,3,3,2,1,3,DRIVING SKILLS/KNOWLEDGE/EXPERIENCE,2,2,0.0,0.0,0.0,0.0,0.0,2.0,15,4,7,07/17/2024,2024-07-17,15:36:00
03/20/2024 10:31:00 AM,5.0,3,2,3,5,3,3,3,2,1,2,UNABLE TO DETERMINE,2,2,0.0,0.0,0.0,0.0,0.0,6.0,10,4,3,03/20/2024,2024-03-20,10:31:00
05/04/2024 07:30:00 PM,7.0,3,5,6,1,3,4,3,2,1,4,TURNING RIGHT ON RED,2,2,0.0,0.0,0.0,0.0,0.0,2.0,19,7,5,05/04/2024,2024-05-04,19:30:00
04/05/2024 10:40:00 PM,5.0,4,5,6,14,3,3,3,2,1,4,UNABLE TO DETERMINE,2,2,0.0,0.0,0.0,0.0,0.0,2.0,22,6,4,04/05/2024,2024-04-05,22:40:00
01/19/2024 02:30:00 PM,5.0,3,2,6,5,3,4,1,2,1,4,IMPROPER TURNING/NO SIGNAL,2,2,0.0,0.0,0.0,0.0,0.0,2.0,14,6,1,01/19/2024,2024-01-19,14:30:00
05/24/2024 10:18:00 AM,5.0,4,2,6,5,3,3,3,2,1,4,IMPROPER TURNING/NO SIGNAL,2,2,0.0,0.0,0.0,0.0,0.0,2.0,10,6,5,05/24/2024,2024-05-24,10:18:00
04/17/2024 09:10:00 AM,3.0,3,2,5,6,3,3,3,3,1,4,FAILING TO YIELD RIGHT-OF-WAY,2,3,2.0,0.0,0.0,0.0,2.0,1.0,9,4,4,04/17/2024,2024-04-17,09:10:00
03/03/2024 01:10:00 AM,5.0,3,5,6,7,3,3,3,2,1,4,IMPROPER TURNING/NO SIGNAL,2,2,0.0,0.0,0.0,0.0,0.0,2.0,1,1,3,03/03/2024,2024-03-03,01:10:00
04/01/2024 07:30:00 PM,5.0,3,6,5,3,3,4,3,2,1,4,FAILING TO REDUCE SPEED TO AVOID CRASH,2,2,0.0,0.0,0.0,0.0,0.0,5.0,19,2,4,04/01/2024,2024-04-01,19:30:00
01/31/2024 10:30:00 AM,5.0,4,2,6,3,3,3,3,2,1,4,FAILING TO REDUCE SPEED TO AVOID CRASH,2,2,0.0,0.0,0.0,0.0,0.0,2.0,10,4,1,01/31/2024,2024-01-31,10:30:00
02/01/2024 07:15:00 PM,5.0,3,5,6,5,3,3,1,2,1,4,FAILING TO YIELD RIGHT-OF-WAY,2,2,0.0,0.0,0.0,0.0,0.0,2.0,19,5,2,02/01/2024,2024-02-01,19:15:00
05/02/2024 11:45:00 AM,5.0,3,2,6,5,3,1,1,3,1,4,UNABLE TO DETERMINE,2,3,1.0,0.0,0.0,0.0,1.0,1.0,11,5,5,05/02/2024,2024-05-02,11:45:00
03/14/2024 01:00:00 PM,5.0,3,2,6,6,6,3,3,2,1,4,FOLLOWING TOO CLOSELY,2,2,0.0,0.0,0.0,0.0,0.0,2.0,13,5,3,03/14/2024,2024-03-14,13:00:00
05/08/2024 06:10:00 PM,3.0,3,2,6,4,3,3,3,3,1,4,IMPROPER TURNING/NO SIGNAL,2,5,1.0,0.0,1.0,0.0,0.0,1.0,18,4,5,05/08/2024,2024-05-08,18:10:00
05/06/2024 03:30:00 PM,3.0,3,2,3,4,3,3,3,2,1,3,FAILING TO YIELD RIGHT-OF-WAY,2,2,0.0,0.0,0.0,0.0,0.0,2.0,15,2,5,05/06/2024,2024-05-06,15:30:00
08/07/2024 07:14:00 AM,7.0,3,2,6,5,3,3,3,3,1,4,NOT APPLICABLE,2,3,2.0,0.0,0.0,0.0,2.0,0.0,7,4,8,08/07/2024,2024-08-07,07:14:00
01/09/2024 03:03:00 PM,5.0,8,4,13,5,3,5,3,3,1,2,WEATHER,2,4,1.0,0.0,0.0,1.0,0.0,1.0,15,3,1,01/09/2024,2024-01-09,15:03:00
07/25/2024 03:00:00 PM,5.0,3,2,6,7,3,3,3,3,1,4,IMPROPER TURNING/NO SIGNAL,2,2,0.0,0.0,0.0,0.0,0.0,4.0,15,5,7,07/25/2024,2024-07-25,15:00:00
08/02/2024 02:30:00 PM,5.0,3,2,14,3,3,3,3,2,1,4,UNABLE TO DETERMINE,2,2,0.0,0.0,0.0,0.0,0.0,2.0,14,6,8,08/02/2024,2024-08-02,14:30:00
02/17/2024 04:40:00 PM,5.0,3,2,6,5,3,3,3,3,1,4,IMPROPER LANE USAGE,2,3,1.0,0.0,0.0,0.0,1.0,2.0,16,7,2,02/17/2024,2024-02-17,16:40:00
08/13/2024 03:13:00 AM,3.0,3,5,7,7,3,3,3,3,1,3,FAILING TO YIELD RIGHT-OF-WAY,2,2,0.0,0.0,0.0,0.0,0.0,2.0,3,3,8,08/13/2024,2024-08-13,03:13:00
06/07/2024 11:00:00 AM,5.0,3,2,5,5,3,3,3,3,1,4,DISREGARDING TRAFFIC SIGNALS,2,2,0.0,0.0,0.0,0.0,0.0,2.0,11,6,6,06/07/2024,2024-06-07,11:00:00
02/23/2024 02:00:00 PM,5.0,3,2,3,6,3,3,3,2,1,4,UNABLE TO DETERMINE,2,2,0.0,0.0,0.0,0.0,0.0,2.0,14,6,2,02/23/2024,2024-02-23,14:00:00
04/25/2024 05:15:00 PM,7.0,3,2,6,6,3,3,3,2,1,4,IMPROPER TURNING/NO SIGNAL,2,2,0.0,0.0,0.0,0.0,0.0,3.0,17,5,4,04/25/2024,2024-04-25,17:15:00
03/25/2024 07:30:00 PM,7.0,3,5,5,5,3,3,1,2,1,4,FAILING TO YIELD RIGHT-OF-WAY,2,2,0.0,0.0,0.0,0.0,0.0,5.0,19,2,3,03/25/2024,2024-03-25,19:30:00
02/19/2024 10:30:00 AM,5.0,3,2,5,6,3,3,3,3,1,4,UNABLE TO DETERMINE,2,3,1.0,0.0,0.0,0.0,1.0,1.0,10,2,2,02/19/2024,2024-02-19,10:30:00
06/15/2024 05:17:00 PM,5.0,3,2,5,3,3,3,3,2,1,4,UNABLE TO DETERMINE,2,2,0.0,0.0,0.0,0.0,0.0,2.0,17,7,6,06/15/2024,2024-06-15,17:17:00
06/22/2024 06:43:00 PM,7.0,3,2,5,6,3,3,3,3,1,4,FAILING TO YIELD RIGHT-OF-WAY,2,3,1.0,0.0,0.0,0.0,1.0,5.0,18,7,6,06/22/2024,2024-06-22,18:43:00
05/28/2024 08:05:00 AM,5.0,3,2,14,6,3,3,3,3,1,2,FAILING TO REDUCE SPEED TO AVOID CRASH,2,4,1.0,0.0,0.0,1.0,0.0,2.0,8,3,5,05/28/2024,2024-05-28,08:05:00
06/05/2024 12:20:00 AM,5.0,5,5,4,6,3,4,1,3,1,4,"DISTRACTION - OTHER ELECTRONIC DEVICE (NAVIGATION DEVICE, DVD PLAYER, ETC.)",2,2,0.0,0.0,0.0,0.0,0.0,2.0,0,4,6,06/05/2024,2024-06-05,00:20:00
06/09/2024 03:12:00 AM,5.0,3,5,5,4,3,3,3,3,1,4,DISREGARDING TRAFFIC SIGNALS,2,4,2.0,0.0,0.0,2.0,0.0,2.0,3,1,6,06/09/2024,2024-06-09,03:12:00
07/23/2024 09:33:00 PM,5.0,3,5,5,5,3,4,3,3,1,4,DISREGARDING TRAFFIC SIGNALS,2,4,1.0,0.0,0.0,1.0,0.0,3.0,21,3,7,07/23/2024,2024-07-23,21:33:00
02/28/2024 09:45:00 PM,5.0,3,5,9,5,3,3,3,3,1,4,DRIVING ON WRONG SIDE/WRONG WAY,2,2,0.0,0.0,0.0,0.0,0.0,2.0,21,4,2,02/28/2024,2024-02-28,21:45:00
02/10/2024 08:40:00 AM,5.0,3,2,5,1,3,3,3,3,1,4,DISREGARDING TRAFFIC SIGNALS,2,4,1.0,0.0,0.0,1.0,0.0,1.0,8,7,2,02/10/2024,2024-02-10,08:40:00
04/28/2024 06:30:00 AM,7.0,5,3,6,4,3,4,1,3,1,4,FAILING TO YIELD RIGHT-OF-WAY,2,2,0.0,0.0,0.0,0.0,0.0,2.0,6,1,4,04/28/2024,2024-04-28,06:30:00
02/27/2024 04:30:00 PM,7.0,3,2,5,5,3,3,3,2,1,4,UNABLE TO DETERMINE,2,2,0.0,0.0,0.0,0.0,0.0,3.0,16,3,2,02/27/2024,2024-02-27,16:30:00
02/27/2024 05:50:00 PM,3.0,3,5,5,7,3,3,3,2,1,4,UNABLE TO DETERMINE,2,2,0.0,0.0,0.0,0.0,0.0,2.0,17,3,2,02/27/2024,2024-02-27,17:50:00
07/28/2024 11:32:00 PM,5.0,3,6,6,6,3,3,3,3,1,4,FAILING TO YIELD RIGHT-OF-WAY,2,4,2.0,0.0,0.0,2.0,0.0,2.0,23,1,7,07/28/2024,2024-07-28,23:32:00
04/01/2024 04:30:00 PM,5.0,5,2,3,4,3,4,3,2,1,3,UNABLE TO DETERMINE,2,2,0.0,0.0,0.0,0.0,0.0,2.0,16,2,4,04/01/2024,2024-04-01,16:30:00
06/11/2024 01:40:00 PM,7.0,3,2,4,12,3,3,1,2,1,4,UNABLE TO DETERMINE,2,2,0.0,0.0,0.0,0.0,0.0,3.0,13,3,6,06/11/2024,2024-06-11,13:40:00
05/07/2024 02:40:00 PM,5.0,5,2,3,4,3,4,1,2,1,4,UNABLE TO DETERMINE,2,2,0.0,0.0,0.0,0.0,0.0,8.0,14,3,5,05/07/2024,2024-05-07,14:40:00
01/01/2024 01:47:00 AM,5.0,6,5,6,14,3,4,3,3,1,4,DISREGARDING TRAFFIC SIGNALS,2,4,1.0,0.0,0.0,1.0,0.0,2.0,1,2,1,01/01/2024,2024-01-01,01:47:00
02/28/2024 08:52:00 AM,5.0,4,2,6,6,3,3,3,2,1,4,FAILING TO YIELD RIGHT-OF-WAY,2,2,0.0,0.0,0.0,0.0,0.0,2.0,8,4,2,02/28/2024,2024-02-28,08:52:00
04/09/2024 04:50:00 PM,5.0,3,2,4,10,3,3,3,2,1,4,FOLLOWING TOO CLOSELY,2,2,0.0,0.0,0.0,0.0,0.0,2.0,16,3,4,04/09/2024,2024-04-09,16:50:00
01/15/2024 02:30:00 PM,5.0,3,2,6,6,3,1,1,3,1,4,UNABLE TO DETERMINE,2,2,0.0,0.0,0.0,0.0,0.0,7.0,14,2,1,01/15/2024,2024-01-15,14:30:00
03/30/2024 07:30:00 AM,5.0,3,2,5,5,3,3,3,2,1,4,UNABLE TO DETERMINE,2,2,0.0,0.0,0.0,0.0,0.0,2.0,7,7,3,03/30/2024,2024-03-30,07:30:00
03/31/2024 10:13:00 AM,5.0,3,2,4,5,3,3,1,2,1,4,FOLLOWING TOO CLOSELY,2,2,0.0,0.0,0.0,0.0,0.0,3.0,10,1,3,03/31/2024,2024-03-31,10:13:00
04/26/2024 02:00:00 PM,5.0,3,2,11,1,3,1,1,2,1,4,UNABLE TO DETERMINE,2,2,0.0,0.0,0.0,0.0,0.0,1.0,14,6,4,04/26/2024,2024-04-26,14:00:00
07/24/2024 05:22:00 AM,5.0,3,3,6,5,3,3,3,3,1,4,FAILING TO YIELD RIGHT-OF-WAY,2,3,1.0,0.0,0.0,0.0,1.0,1.0,5,4,7,07/24/2024,2024-07-24,05:22:00
08/09/2024 07:40:00 PM,5.0,3,4,3,6,3,3,1,2,0,4,FOLLOWING TOO CLOSELY,2,2,0.0,0.0,0.0,0.0,0.0,3.0,19,6,8,08/09/2024,2024-08-09,19:40:00
06/14/2024 07:08:00 PM,5.0,3,2,3,6,3,3,1,3,1,4,IMPROPER OVERTAKING/PASSING,2,3,1.0,0.0,0.0,0.0,1.0,1.0,19,6,6,06/14/2024,2024-06-14,19:08:00
07/28/2024 07:47:00 PM,5.0,3,2,6,6,3,3,3,3,1,4,IMPROPER OVERTAKING/PASSING,2,4,1.0,0.0,0.0,1.0,0.0,4.0,19,1,7,07/28/2024,2024-07-28,19:47:00
05/28/2024 10:00:00 AM,5.0,3,2,4,5,3,3,1,2,1,4,NOT APPLICABLE,2,2,0.0,0.0,0.0,0.0,0.0,4.0,10,3,5,05/28/2024,2024-05-28,10:00:00
06/21/2024 05:40:00 PM,7.0,3,2,5,4,3,3,1,2,1,4,NOT APPLICABLE,2,2,0.0,0.0,0.0,0.0,0.0,4.0,17,6,6,06/21/2024,2024-06-21,17:40:00
01/10/2024 06:00:00 AM,7.0,3,2,13,10,3,3,3,3,1,2,FAILING TO REDUCE SPEED TO AVOID CRASH,2,3,1.0,0.0,0.0,0.0,1.0,1.0,6,4,1,01/10/2024,2024-01-10,06:00:00
04/23/2024 05:53:00 PM,7.0,3,6,5,6,3,3,1,3,0,4,DRIVING SKILLS/KNOWLEDGE/EXPERIENCE,2,2,0.0,0.0,0.0,0.0,0.0,2.0,17,3,4,04/23/2024,2024-04-23,17:53:00
02/28/2024 03:45:00 PM,7.0,3,2,5,7,3,3,1,2,1,4,UNABLE TO DETERMINE,2,2,0.0,0.0,0.0,0.0,0.0,2.0,15,4,2,02/28/2024,2024-02-28,15:45:00
05/28/2024 09:00:00 AM,7.0,3,2,6,5,3,3,1,3,1,4,UNABLE TO DETERMINE,2,2,0.0,0.0,0.0,0.0,0.0,2.0,9,3,5,05/28/2024,2024-05-28,09:00:00
04/25/2024 03:50:00 PM,5.0,3,2,3,5,3,3,1,2,1,4,UNABLE TO DETERMINE,2,2,0.0,0.0,0.0,0.0,0.0,8.0,15,5,4,04/25/2024,2024-04-25,15:50:00
04/06/2024 09:25:00 PM,7.0,3,5,5,5,3,3,3,3,1,4,UNABLE TO DETERMINE,2,4,2.0,0.0,0.0,2.0,0.0,4.0,21,7,4,04/06/2024,2024-04-06,21:25:00
08/21/2024 01:14:00 PM,5.0,3,2,6,5,3,3,3,2,1,4,IMPROPER TURNING/NO SIGNAL,2,2,0.0,0.0,0.0,0.0,0.0,2.0,13,4,8,08/21/2024,2024-08-21,13:14:00
07/01/2024 05:49:00 PM,3.0,3,2,3,5,3,3,3,3,1,4,IMPROPER LANE USAGE,2,4,1.0,0.0,0.0,1.0,0.0,2.0,17,2,7,07/01/2024,2024-07-01,17:49:00
04/01/2024 05:20:00 PM,5.0,5,2,6,9,3,3,1,3,1,4,UNABLE TO DETERMINE,2,3,1.0,0.0,0.0,0.0,1.0,1.0,17,2,4,04/01/2024,2024-04-01,17:20:00
02/15/2024 10:20:00 PM,4.0,3,5,5,5,3,3,1,3,1,4,DISREGARDING TRAFFIC SIGNALS,2,2,0.0,0.0,0.0,0.0,0.0,2.0,22,5,2,02/15/2024,2024-02-15,22:20:00
07/09/2024 05:07:00 PM,5.0,5,2,4,4,3,4,3,2,1,3,FAILING TO REDUCE SPEED TO AVOID CRASH,2,2,0.0,0.0,0.0,0.0,0.0,4.0,17,3,7,07/09/2024,2024-07-09,17:07:00
06/02/2024 05:51:00 PM,5.0,3,2,14,1,3,1,1,3,1,3,UNABLE TO DETERMINE,2,4,1.0,0.0,0.0,1.0,0.0,1.0,17,1,6,06/02/2024,2024-06-02,17:51:00
06/02/2024 04:41:00 PM,5.0,3,2,5,4,3,3,3,3,1,4,UNABLE TO DETERMINE,2,5,1.0,0.0,1.0,0.0,0.0,2.0,16,1,6,06/02/2024,2024-06-02,16:41:00
05/25/2024 12:12:00 PM,7.0,3,2,5,6,3,3,3,2,1,3,UNABLE TO DETERMINE,2,2,0.0,0.0,0.0,0.0,0.0,2.0,12,7,5,05/25/2024,2024-05-25,12:12:00
05/02/2024 06:57:00 PM,5.0,4,2,5,5,3,4,3,2,1,4,UNABLE TO DETERMINE,2,2,0.0,0.0,0.0,0.0,0.0,3.0,18,5,5,05/02/2024,2024-05-02,18:57:00
05/31/2024 05:23:00 PM,3.0,3,2,6,6,3,3,3,2,1,3,UNABLE TO DETERMINE,2,2,0.0,0.0,0.0,0.0,0.0,4.0,17,6,5,05/31/2024,2024-05-31,17:23:00
03/30/2024 09:37:00 AM,5.0,4,2,5,4,3,4,3,3,1,4,"OPERATING VEHICLE IN ERRATIC, RECKLESS, CARELESS, NEGLIGENT OR AGGRESSIVE MANNER",2,4,1.0,0.0,0.0,1.0,0.0,1.0,9,7,3,03/30/2024,2024-03-30,09:37:00
02/09/2024 10:15:00 PM,5.0,3,5,5,5,3,3,3,3,1,3,FAILING TO YIELD RIGHT-OF-WAY,2,4,1.0,0.0,0.0,1.0,0.0,1.0,22,6,2,02/09/2024,2024-02-09,22:15:00
03/19/2024 05:20:00 PM,7.0,3,2,5,5,3,3,1,2,1,4,FAILING TO REDUCE SPEED TO AVOID CRASH,2,2,0.0,0.0,0.0,0.0,0.0,4.0,17,3,3,03/19/2024,2024-03-19,17:20:00
02/10/2024 06:00:00 PM,5.0,3,5,4,6,3,3,3,3,1,4,UNABLE TO DETERMINE,2,4,2.0,0.0,0.0,1.0,1.0,0.0,18,7,2,02/10/2024,2024-02-10,18:00:00
01/21/2024 02:55:00 PM,5.0,3,2,13,5,3,1,1,3,1,4,DISREGARDING OTHER TRAFFIC SIGNS,2,5,1.0,0.0,1.0,0.0,0.0,1.0,14,1,1,01/21/2024,2024-01-21,14:55:00
01/12/2024 05:15:00 PM,7.0,3,5,5,5,3,1,1,2,1,4,UNABLE TO DETERMINE,2,2,0.0,0.0,0.0,0.0,0.0,2.0,17,6,1,01/12/2024,2024-01-12,17:15:00
04/01/2024 09:19:00 PM,5.0,5,6,6,5,3,4,3,2,1,3,UNABLE TO DETERMINE,2,2,0.0,0.0,0.0,0.0,0.0,2.0,21,2,4,04/01/2024,2024-04-01,21:19:00
03/15/2024 07:55:00 PM,3.0,3,5,6,4,3,3,1,3,1,4,FAILING TO YIELD RIGHT-OF-WAY,2,2,0.0,0.0,0.0,0.0,0.0,2.0,19,6,3,03/15/2024,2024-03-15,19:55:00
01/16/2024 02:00:00 PM,5.0,3,2,6,6,3,3,3,2,0,3,IMPROPER TURNING/NO SIGNAL,2,2,0.0,0.0,0.0,0.0,0.0,2.0,14,3,1,01/16/2024,2024-01-16,14:00:00
05/15/2024 05:07:00 PM,3.0,3,2,6,4,3,3,3,2,1,4,IMPROPER TURNING/NO SIGNAL,2,2,0.0,0.0,0.0,0.0,0.0,2.0,17,4,5,05/15/2024,2024-05-15,17:07:00
05/27/2024 11:39:00 AM,7.0,4,2,5,4,3,3,3,3,1,4,"VISION OBSCURED (SIGNS, TREE LIMBS, BUILDINGS, ETC.)",2,2,0.0,0.0,0.0,0.0,0.0,3.0,11,2,5,05/27/2024,2024-05-27,11:39:00
01/16/2024 12:00:00 PM,3.0,3,2,3,6,3,3,1,2,1,4,IMPROPER OVERTAKING/PASSING,2,2,0.0,0.0,0.0,0.0,0.0,2.0,12,3,1,01/16/2024,2024-01-16,12:00:00
06/19/2024 04:00:00 PM,5.0,3,2,4,5,3,3,3,2,1,3,UNABLE TO DETERMINE,2,2,0.0,0.0,0.0,0.0,0.0,3.0,16,4,6,06/19/2024,2024-06-19,16:00:00
08/02/2024 02:04:00 PM,3.0,3,2,3,6,3,3,3,2,1,4,IMPROPER OVERTAKING/PASSING,2,2,0.0,0.0,0.0,0.0,0.0,2.0,14,6,8,08/02/2024,2024-08-02,14:04:00
05/14/2024 09:40:00 PM,3.0,3,5,6,13,3,4,1,3,1,4,FAILING TO YIELD RIGHT-OF-WAY,2,2,0.0,0.0,0.0,0.0,0.0,2.0,21,3,5,05/14/2024,2024-05-14,21:40:00
01/24/2024 08:15:00 AM,7.0,5,2,5,5,3,4,3,3,1,4,FAILING TO REDUCE SPEED TO AVOID CRASH,2,2,0.0,0.0,0.0,0.0,0.0,3.0,8,4,1,01/24/2024,2024-01-24,08:15:00
03/06/2024 11:40:00 AM,5.0,3,2,11,6,3,3,3,2,1,4,FAILING TO REDUCE SPEED TO AVOID CRASH,2,2,0.0,0.0,0.0,0.0,0.0,1.0,11,4,3,03/06/2024,2024-03-06,11:40:00
05/29/2024 08:53:00 PM,5.0,3,5,6,10,3,4,3,2,1,3,IMPROPER OVERTAKING/PASSING,2,2,0.0,0.0,0.0,0.0,0.0,2.0,20,4,5,05/29/2024,2024-05-29,20:53:00
04/07/2024 03:15:00 PM,3.0,5,2,4,6,3,4,3,2,1,4,FOLLOWING TOO CLOSELY,2,2,0.0,0.0,0.0,0.0,0.0,2.0,15,1,4,04/07/2024,2024-04-07,15:15:00
03/10/2024 04:00:00 PM,5.0,3,2,5,5,3,3,3,2,1,4,UNABLE TO DETERMINE,2,2,0.0,0.0,0.0,0.0,0.0,6.0,16,1,3,03/10/2024,2024-03-10,16:00:00
05/03/2024 10:30:00 PM,3.0,3,5,5,4,3,3,1,3,1,4,FAILING TO YIELD RIGHT-OF-WAY,2,2,0.0,0.0,0.0,0.0,0.0,2.0,22,6,5,05/03/2024,2024-05-03,22:30:00
04/19/2024 06:55:00 AM,7.0,3,2,5,5,3,3,3,2,1,4,FAILING TO YIELD RIGHT-OF-WAY,2,2,0.0,0.0,0.0,0.0,0.0,3.0,6,6,4,04/19/2024,2024-04-19,06:55:00
08/02/2024 07:15:00 AM,5.0,4,2,5,5,3,4,3,3,1,4,DISREGARDING TRAFFIC SIGNALS,2,2,0.0,0.0,0.0,0.0,0.0,2.0,7,6,8,08/02/2024,2024-08-02,07:15:00
04/27/2024 01:49:00 PM,5.0,3,2,10,17,3,1,1,3,1,3,FAILING TO YIELD RIGHT-OF-WAY,2,4,1.0,0.0,0.0,1.0,0.0,1.0,13,7,4,04/27/2024,2024-04-27,13:49:00
01/27/2024 01:17:00 PM,5.0,3,2,13,5,3,3,3,3,1,2,NOT APPLICABLE,2,5,1.0,0.0,1.0,0.0,0.0,1.0,13,7,1,01/27/2024,2024-01-27,13:17:00
03/22/2024 09:29:00 AM,3.0,3,2,3,4,3,4,3,3,1,4,UNABLE TO DETERMINE,2,2,0.0,0.0,0.0,0.0,0.0,2.0,9,6,3,03/22/2024,2024-03-22,09:29:00
03/16/2024 12:45:00 PM,5.0,3,2,4,5,3,3,3,2,1,4,FOLLOWING TOO CLOSELY,2,2,0.0,0.0,0.0,0.0,0.0,2.0,12,7,3,03/16/2024,2024-03-16,12:45:00
03/24/2024 06:54:00 PM,5.0,3,5,4,5,3,3,7,2,1,4,DISTRACTION - FROM INSIDE VEHICLE,2,2,0.0,0.0,0.0,0.0,0.0,3.0,18,1,3,03/24/2024,2024-03-24,18:54:00
06/01/2024 08:45:00 AM,5.0,5,2,5,5,3,4,3,3,1,4,FAILING TO YIELD RIGHT-OF-WAY,2,2,0.0,0.0,0.0,0.0,0.0,2.0,8,7,6,06/01/2024,2024-06-01,08:45:00
02/10/2024 05:50:00 PM,5.0,3,5,3,3,3,3,3,3,1,4,IMPROPER LANE USAGE,2,2,0.0,0.0,0.0,0.0,0.0,2.0,17,7,2,02/10/2024,2024-02-10,17:50:00
07/07/2024 06:31:00 PM,5.0,3,2,6,5,3,4,1,3,1,4,FAILING TO YIELD RIGHT-OF-WAY,2,2,0.0,0.0,0.0,0.0,0.0,2.0,18,1,7,07/07/2024,2024-07-07,18:31:00