crash_date,traffic_control_device,weather_condition,lighting_condition,first_crash_type,trafficway_type,alignment,roadway_surface_cond,road_defect,crash_type,intersection_related_i,damage,prim_contributory_cause,num_units,most_severe_injury,injuries_total,injuries_fatal,injuries_incapacitating,injuries_non_incapacitating,injuries_reported_not_evident,injuries_no_indication,crash_hour,crash_day_of_week,crash_month,parsed_datetime,date,time
02/29/2024 11:00:00 PM,3.0,3,6,5,6,3,3,3,2,1,4,UNABLE TO DETERMINE,2,2,0.0,0.0,0.0,0.0,0.0,2.0,23,5,2,02/29/2024,2024-02-29,23:00:00
05/25/2024 03:40:00 PM,5.0,3,2,5,6,3,3,3,3,1,4,DISREGARDING TRAFFIC SIGNALS,2,2,0.0,0.0,0.0,0.0,0.0,2.0,15,7,5,05/25/2024,2024-05-25,15:40:00
06/01/2024 04:40:00 PM,7.0,5,2,5,5,3,4,3,3,1,4,FAILING TO YIELD RIGHT-OF-WAY,2,3,2.0,0.0,0.0,0.0,2.0,2.0,16,7,6,06/01/2024,2024-06-01,16:40:00
06/05/2024 01:34:00 PM,7.0,3,2,3,9,3,3,1,2,1,4,UNABLE TO DETERMINE,2,2,0.0,0.0,0.0,0.0,0.0,3.0,13,4,6,06/05/2024,2024-06-05,13:34:00
08/13/2024 12:30:00 PM,1.0,3,2,6,3,3,1,1,2,1,4,UNABLE TO DETERMINE,2,2,0.0,0.0,0.0,0.0,0.0,2.0,12,3,8,08/13/2024,2024-08-13,12:30:00
01/19/2024 06:26:00 AM,5.0,6,5,5,5,3,5,3,3,1,4,WEATHER,2,4,1.0,0.0,0.0,1.0,0.0,1.0,6,6,1,01/19/2024,2024-01-19,06:26:00
06/14/2024 05:30:00 PM,7.0,3,2,4,4,3,3,3,2,1,4,FOLLOWING TOO CLOSELY,2,2,0.0,0.0,0.0,0.0,0.0,2.0,17,6,6,06/14/2024,2024-06-14,17:30:00
01/25/2024 06:40:00 PM,5.0,5,5,5,5,3,4,1,3,1,4,UNABLE TO DETERMINE,2,4,2.0,0.0,0.0,2.0,0.0,0.0,18,5,1,01/25/2024,2024-01-25,18:40:00
02/01/2024 06:10:00 PM,5.0,3,5,3,5,3,3,3,2,1,3,FAILING TO YIELD RIGHT-OF-WAY,2,2,0.0,0.0,0.0,0.0,0.0,2.0,18,5,2,02/01/2024,2024-02-01,18:10:00
06/24/2024 10:14:00 PM,3.0,3,5,6,11,3,3,3,2,1,4,UNABLE TO DETERMINE,2,2,0.0,0.0,0.0,0.0,0.0,3.0,22,2,6,06/24/2024,2024-06-24,22:14:00
07/23/2024 02:31:00 PM,5.0,3,2,3,6,3,3,3,3,1,4,FOLLOWING TOO CLOSELY,2,2,0.0,0.0,0.0,0.0,0.0,2.0,14,3,7,07/23/2024,2024-07-23,14:31:00
07/12/2024 12:41:00 PM,5.0,3,2,3,4,3,3,3,2,1,3,UNABLE TO DETERMINE,2,2,0.0,0.0,0.0,0.0,0.0,3.0,12,6,7,07/12/2024,2024-07-12,12:41:00
06/13/2024 08:41:00 PM,7.0,3,3,13,5,3,3,3,3,1,4,DISREGARDING STOP SIGN,2,4,1.0,0.0,0.0,1.0,0.0,1.0,20,5,6,06/13/2024,2024-06-13,20:41:00
04/12/2024 06:50:00 PM,5.0,3,2,6,5,3,1,1,2,1,3,UNABLE TO DETERMINE,2,2,0.0,0.0,0.0,0.0,0.0,2.0,18,6,4,04/12/2024,2024-04-12,18:50:00
06/16/2024 03:00:00 PM,5.0,3,2,4,4,3,3,3,2,1,4,FAILING TO REDUCE SPEED TO AVOID CRASH,2,2,0.0,0.0,0.0,0.0,0.0,2.0,15,1,6,06/16/2024,2024-06-16,15:00:00
05/10/2024 04:51:00 PM,5.0,3,2,3,3,3,3,3,3,1,4,IMPROPER LANE USAGE,2,3,1.0,0.0,0.0,0.0,1.0,1.0,16,6,5,05/10/2024,2024-05-10,16:51:00
03/14/2024 12:43:00 AM,5.0,3,5,5,5,3,3,3,3,1,4,DISREGARDING TRAFFIC SIGNALS,2,2,0.0,0.0,0.0,0.0,0.0,2.0,0,5,3,03/14/2024,2024-03-14,00:43:00
02/15/2024 08:52:00 AM,3.0,4,2,3,6,3,3,3,2,1,4,IMPROPER LANE USAGE,2,2,0.0,0.0,0.0,0.0,0.0,2.0,8,5,2,02/15/2024,2024-02-15,08:52:00
03/26/2024 02:06:00 PM,5.0,4,2,6,5,3,3,3,2,1,4,UNABLE TO DETERMINE,2,2,0.0,0.0,0.0,0.0,0.0,3.0,14,3,3,03/26/2024,2024-03-26,14:06:00
01/04/2024 08:55:00 AM,5.0,3,2,13,5,3,3,3,2,1,2,UNABLE TO DETERMINE,2,2,0.0,0.0,0.0,0.0,0.0,2.0,8,5,1,01/04/2024,2024-01-04,08:55:00
05/29/2024 06:34:00 PM,7.0,3,2,5,5,3,3,3,3,1,4,FAILING TO YIELD RIGHT-OF-WAY,2,2,0.0,0.0,0.0,0.0,0.0,3.0,18,4,5,05/29/2024,2024-05-29,18:34:00
02/08/2024 03:50:00 PM,5.0,3,2,6,5,3,3,3,2,1,4,UNABLE TO DETERMINE,2,2,0.0,0.0,0.0,0.0,0.0,5.0,15,5,2,02/08/2024,2024-02-08,15:50:00
03/18/2024 03:43:00 AM,7.0,3,3,4,4,3,3,1,3,1,4,DISREGARDING OTHER TRAFFIC SIGNS,2,3,1.0,0.0,0.0,0.0,1.0,4.0,3,2,3,03/18/2024,2024-03-18,03:43:00
03/25/2024 01:00:00 PM,3.0,3,2,6,7,3,3,3,2,1,4,UNABLE TO DETERMINE,2,2,0.0,0.0,0.0,0.0,0.0,2.0,13,2,3,03/25/2024,2024-03-25,13:00:00
04/25/2024 10:45:00 AM,5.0,3,2,6,4,3,3,3,2,1,4,FAILING TO YIELD RIGHT-OF-WAY,2,2,0.0,0.0,0.0,0.0,0.0,2.0,10,5,4,04/25/2024,2024-04-25,10:45:00
03/08/2024 04:30:00 PM,7.0,5,2,10,5,3,4,3,2,1,3,UNABLE TO DETERMINE,2,2,0.0,0.0,0.0,0.0,0.0,2.0,16,6,3,03/08/2024,2024-03-08,16:30:00
02/01/2024 07:30:00 AM,5.0,3,2,3,5,3,3,3,2,1,4,UNABLE TO DETERMINE,2,2,0.0,0.0,0.0,0.0,0.0,2.0,7,5,2,02/01/2024,2024-02-01,07:30:00
02/24/2024 02:00:00 PM,5.0,3,2,5,3,3,3,3,2,1,4,UNABLE TO DETERMINE,2,2,0.0,0.0,0.0,0.0,0.0,2.0,14,7,2,02/24/2024,2024-02-24,14:00:00
07/04/2024 03:06:00 PM,7.0,3,2,3,6,3,3,3,2,1,3,UNABLE TO DETERMINE,2,2,0.0,0.0,0.0,0.0,0.0,2.0,15,5,7,07/04/2024,2024-07-04,15:06:00
04/16/2024 08:30:00 AM,7.0,3,2,5,5,3,3,3,3,1,4,FAILING TO YIELD RIGHT-OF-WAY,2,4,1.0,0.0,0.0,1.0,0.0,1.0,8,3,4,04/16/2024,2024-04-16,08:30:00
06/09/2024 12:51:00 PM,5.0,3,2,3,10,3,3,3,2,1,4,FOLLOWING TOO CLOSELY,2,2,0.0,0.0,0.0,0.0,0.0,2.0,12,1,6,06/09/2024,2024-06-09,12:51:00
07/30/2024 10:30:00 PM,5.0,3,2,10,1,3,1,1,2,1,4,DRIVING SKILLS/KNOWLEDGE/EXPERIENCE,2,2,0.0,0.0,0.0,0.0,0.0,4.0,22,3,7,07/30/2024,2024-07-30,22:30:00
04/02/2024 05:20:00 AM,5.0,4,6,6,5,3,4,3,3,1,4,UNABLE TO DETERMINE,2,2,0.0,0.0,0.0,0.0,0.0,3.0,5,3,4,04/02/2024,2024-04-02,05:20:00
03/05/2024 07:55:00 AM,7.0,5,2,5,4,3,4,3,3,1,4,UNABLE TO DETERMINE,2,2,0.0,0.0,0.0,0.0,0.0,4.0,7,3,3,03/05/2024,2024-03-05,07:55:00
06/09/2024 11:45:00 PM,2.0,3,6,13,10,3,3,3,3,1,3,UNABLE TO DETERMINE,2,5,1.0,0.0,1.0,0.0,0.0,1.0,23,1,6,06/09/2024,2024-06-09,23:45:00
06/30/2024 01:30:00 AM,5.0,3,5,5,6,3,3,1,3,1,4,UNABLE TO DETERMINE,2,5,1.0,0.0,1.0,0.0,0.0,1.0,1,1,6,06/30/2024,2024-06-30,01:30:00
07/16/2024 04:05:00 PM,7.0,3,2,5,5,3,3,3,2,1,4,FAILING TO YIELD RIGHT-OF-WAY,2,2,0.0,0.0,0.0,0.0,0.0,2.0,16,3,7,07/16/2024,2024-07-16,16:05:00
02/02/2024 07:17:00 PM,5.0,3,5,4,5,3,3,3,2,1,4,DRIVING SKILLS/KNOWLEDGE/EXPERIENCE,2,2,0.0,0.0,0.0,0.0,0.0,3.0,19,6,2,02/02/2024,2024-02-02,19:17:00
03/29/2024 05:32:00 AM,7.0,3,3,5,7,3,3,1,3,1,4,FAILING TO YIELD RIGHT-OF-WAY,2,3,1.0,0.0,0.0,0.0,1.0,1.0,5,6,3,03/29/2024,2024-03-29,05:32:00
04/02/2024 05:13:00 AM,5.0,5,5,6,5,3,4,3,3,1,4,FAILING TO YIELD RIGHT-OF-WAY,2,3,1.0,0.0,0.0,0.0,1.0,1.0,5,3,4,04/02/2024,2024-04-02,05:13:00
07/19/2024 04:20:00 PM,5.0,3,2,4,5,3,3,3,2,1,3,UNABLE TO DETERMINE,2,2,0.0,0.0,0.0,0.0,0.0,3.0,16,6,7,07/19/2024,2024-07-19,16:20:00
04/04/2024 07:20:00 PM,5.0,4,4,6,4,3,3,3,2,0,3,IMPROPER TURNING/NO SIGNAL,2,2,0.0,0.0,0.0,0.0,0.0,3.0,19,5,4,04/04/2024,2024-04-04,19:20:00
02/25/2024 06:50:00 PM,7.0,3,5,14,5,3,3,3,3,1,3,UNABLE TO DETERMINE,2,4,1.0,0.0,0.0,1.0,0.0,2.0,18,1,2,02/25/2024,2024-02-25,18:50:00
02/02/2024 08:20:00 PM,3.0,3,2,3,6,3,3,3,2,1,4,UNABLE TO DETERMINE,2,2,0.0,0.0,0.0,0.0,0.0,2.0,20,6,2,02/02/2024,2024-02-02,20:20:00
03/22/2024 10:35:00 AM,5.0,6,2,6,5,3,4,3,2,1,3,UNABLE TO DETERMINE,2,2,0.0,0.0,0.0,0.0,0.0,3.0,10,6,3,03/22/2024,2024-03-22,10:35:00
02/21/2024 09:57:00 PM,3.0,3,5,6,6,3,3,3,3,1,4,FAILING TO REDUCE SPEED TO AVOID CRASH,2,4,1.0,0.0,0.0,1.0,0.0,2.0,21,4,2,02/21/2024,2024-02-21,21:57:00
06/08/2024 05:30:00 PM,5.0,3,2,3,4,3,3,3,2,1,4,UNABLE TO DETERMINE,2,2,0.0,0.0,0.0,0.0,0.0,2.0,17,7,6,06/08/2024,2024-06-08,17:30:00
07/05/2024 03:00:00 PM,5.0,3,2,6,5,3,3,1,2,1,3,NOT APPLICABLE,2,2,0.0,0.0,0.0,0.0,0.0,2.0,15,6,7,07/05/2024,2024-07-05,15:00:00
07/02/2024 09:00:00 AM,5.0,3,2,6,4,3,3,3,2,1,3,IMPROPER TURNING/NO SIGNAL,2,2,0.0,0.0,0.0,0.0,0.0,2.0,9,3,7,07/02/2024,2024-07-02,09:00:00
05/27/2024 12:15:00 PM,5.0,3,2,5,5,3,3,1,3,1,4,FAILING TO YIELD RIGHT-OF-WAY,2,4,2.0,0.0,0.0,2.0,0.0,5.0,12,2,5,05/27/2024,2024-05-27,12:15:00
04/10/2024 04:17:00 PM,3.0,3,2,14,7,3,3,3,3,1,4,FAILING TO YIELD RIGHT-OF-WAY,2,4,1.0,0.0,0.0,1.0,0.0,4.0,16,4,4,04/10/2024,2024-04-10,16:17:00
08/13/2024 01:05:00 PM,3.0,3,2,5,5,3,3,1,3,1,4,FAILING TO YIELD RIGHT-OF-WAY,2,4,1.0,0.0,0.0,1.0,0.0,1.0,13,3,8,08/13/2024,2024-08-13,13:05:00
05/03/2024 10:10:00 AM,5.0,4,2,6,5,3,3,3,2,1,4,IMPROPER TURNING/NO SIGNAL,2,2,0.0,0.0,0.0,0.0,0.0,2.0,10,6,5,05/03/2024,2024-05-03,10:10:00
01/08/2024 11:23:00 AM,5.0,3,2,4,6,3,3,3,2,1,4,IMPROPER BACKING,2,2,0.0,0.0,0.0,0.0,0.0,2.0,11,2,1,01/08/2024,2024-01-08,11:23:00
05/06/2024 05:55:00 AM,5.0,3,2,6,4,3,3,3,3,1,3,UNABLE TO DETERMINE,2,2,0.0,0.0,0.0,0.0,0.0,3.0,5,2,5,05/06/2024,2024-05-06,05:55:00
02/21/2024 03:08:00 PM,5.0,3,2,3,6,3,3,3,2,1,4,DRIVING SKILLS/KNOWLEDGE/EXPERIENCE,2,2,0.0,0.0,0.0,0.0,0.0,2.0,15,4,2,02/21/2024,2024-02-21,15:08:00
04/09/2024 05:35:00 PM,5.0,3,2,4,6,3,3,3,3,1,4,UNABLE TO DETERMINE,2,2,0.0,0.0,0.0,0.0,0.0,2.0,17,3,4,04/09/2024,2024-04-09,17:35:00
05/30/2024 03:20:00 PM,5.0,3,2,4,5,3,3,3,2,1,3,FOLLOWING TOO CLOSELY,2,2,0.0,0.0,0.0,0.0,0.0,2.0,15,5,5,05/30/2024,2024-05-30,15:20:00
04/22/2024 02:45:00 PM,3.0,3,2,5,5,3,3,3,2,1,4,FAILING TO YIELD RIGHT-OF-WAY,2,2,0.0,0.0,0.0,0.0,0.0,3.0,14,2,4,04/22/2024,2024-04-22,14:45:00
05/22/2024 11:30:00 AM,5.0,3,2,6,5,3,3,3,2,1,4,UNABLE TO DETERMINE,2,2,0.0,0.0,0.0,0.0,0.0,19.0,11,4,5,05/22/2024,2024-05-22,11:30:00
07/03/2024 08:46:00 AM,5.0,4,2,4,6,3,3,1,2,1,4,DRIVING SKILLS/KNOWLEDGE/EXPERIENCE,2,2,0.0,0.0,0.0,0.0,0.0,5.0,8,4,7,07/03/2024,2024-07-03,08:46:00
05/07/2024 01:03:00 PM,5.0,3,2,13,5,3,3,3,3,1,4,FAILING TO YIELD RIGHT-OF-WAY,2,3,1.0,0.0,0.0,0.0,1.0,1.0,13,3,5,05/07/2024,2024-05-07,13:03:00
02/21/2024 05:00:00 PM,5.0,3,2,3,4,3,3,3,2,1,4,IMPROPER OVERTAKING/PASSING,2,2,0.0,0.0,0.0,0.0,0.0,2.0,17,4,2,02/21/2024,2024-02-21,17:00:00
06/04/2024 02:30:00 PM,5.0,3,2,3,7,3,3,3,2,1,4,UNABLE TO DETERMINE,2,2,0.0,0.0,0.0,0.0,0.0,2.0,14,3,6,06/04/2024,2024-06-04,14:30:00
01/24/2024 08:15:00 AM,7.0,8,2,5,5,3,6,3,3,1,4,DISREGARDING STOP SIGN,2,4,2.0,0.0,0.0,2.0,0.0,1.0,8,4,1,01/24/2024,2024-01-24,08:15:00
03/30/2024 03:12:00 AM,5.0,5,6,13,4,3,4,1,3,1,4,FAILING TO YIELD RIGHT-OF-WAY,2,4,1.0,0.0,0.0,1.0,0.0,1.0,3,7,3,03/30/2024,2024-03-30,03:12:00
07/17/2024 08:48:00 AM,5.0,3,2,11,6,3,3,3,2,1,4,DRIVING SKILLS/KNOWLEDGE/EXPERIENCE,2,2,0.0,0.0,0.0,0.0,0.0,4.0,8,4,7,07/17/2024,2024-07-17,08:48:00
01/09/2024 03:10:00 PM,7.0,6,2,5,5,3,5,3,3,1,4,DISREGARDING STOP SIGN,2,4,2.0,0.0,0.0,1.0,1.0,3.0,15,3,1,01/09/2024,2024-01-09,15:10:00
04/11/2024 11:40:00 AM,5.0,3,2,6,5,3,3,3,2,1,4,UNABLE TO DETERMINE,2,2,0.0,0.0,0.0,0.0,0.0,2.0,11,5,4,04/11/2024,2024-04-11,11:40:00
05/10/2024 02:00:00 PM,5.0,3,2,10,4,3,3,3,3,1,4,UNABLE TO DETERMINE,2,2,0.0,0.0,0.0,0.0,0.0,2.0,14,6,5,05/10/2024,2024-05-10,14:00:00
04/20/2024 11:15:00 PM,7.0,3,5,5,5,3,3,3,2,1,4,DISREGARDING TRAFFIC SIGNALS,2,2,0.0,0.0,0.0,0.0,0.0,2.0,23,7,4,04/20/2024,2024-04-20,23:15:00
01/06/2024 07:30:00 PM,5.0,6,5,3,5,3,5,1,2,1,2,IMPROPER OVERTAKING/PASSING,2,2,0.0,0.0,0.0,0.0,0.0,2.0,19,7,1,01/06/2024,2024-01-06,19:30:00
06/02/2024 04:38:00 PM,5.0,3,2,5,5,3,3,3,3,1,4,DISREGARDING TRAFFIC SIGNALS,2,2,0.0,0.0,0.0,0.0,0.0,2.0,16,1,6,06/02/2024,2024-06-02,16:38:00
05/28/2024 11:10:00 AM,5.0,3,2,6,6,3,3,3,3,1,4,FAILING TO YIELD RIGHT-OF-WAY,2,2,0.0,0.0,0.0,0.0,0.0,2.0,11,3,5,05/28/2024,2024-05-28,11:10:00
04/26/2024 11:10:00 AM,5.0,3,2,6,1,3,1,1,2,1,4,UNABLE TO DETERMINE,2,2,0.0,0.0,0.0,0.0,0.0,4.0,11,6,4,04/26/2024,2024-04-26,11:10:00
01/25/2024 06:00:00 PM,3.0,5,6,6,7,3,4,3,2,1,4,FAILING TO YIELD RIGHT-OF-WAY,2,2,0.0,0.0,0.0,0.0,0.0,2.0,18,5,1,01/25/2024,2024-01-25,18:00:00
04/19/2024 05:25:00 PM,7.0,3,2,5,4,3,3,3,2,0,4,UNABLE TO DETERMINE,2,2,0.0,0.0,0.0,0.0,0.0,2.0,17,6,4,04/19/2024,2024-04-19,17:25:00
01/19/2024 06:15:00 PM,5.0,4,5,6,4,3,5,3,2,1,4,IMPROPER TURNING/NO SIGNAL,2,2,0.0,0.0,0.0,0.0,0.0,2.0,18,6,1,01/19/2024,2024-01-19,18:15:00
08/06/2024 02:00:00 PM,5.0,3,2,3,6,3,3,3,2,1,3,IMPROPER LANE USAGE,2,2,0.0,0.0,0.0,0.0,0.0,2.0,14,3,8,08/06/2024,2024-08-06,14:00:00
02/27/2024 10:33:00 AM,5.0,3,2,3,3,3,3,3,2,1,3,UNABLE TO DETERMINE,2,2,0.0,0.0,0.0,0.0,0.0,2.0,10,3,2,02/27/2024,2024-02-27,10:33:00
05/11/2024 02:45:00 AM,5.0,3,5,5,6,3,3,3,3,1,4,DRIVING ON WRONG SIDE/WRONG WAY,2,4,1.0,0.0,0.0,1.0,0.0,1.0,2,7,5,05/11/2024,2024-05-11,02:45:00
03/03/2024 01:30:00 AM,5.0,3,2,6,10,3,3,3,2,1,4,IMPROPER TURNING/NO SIGNAL,2,2,0.0,0.0,0.0,0.0,0.0,3.0,1,1,3,03/03/2024,2024-03-03,01:30:00
02/12/2024 06:53:00 PM,5.0,3,6,3,15,3,3,3,2,1,4,UNABLE TO DETERMINE,2,2,0.0,0.0,0.0,0.0,0.0,2.0,18,2,2,02/12/2024,2024-02-12,18:53:00
03/04/2024 10:14:00 PM,7.0,5,5,5,4,3,4,1,3,1,4,DISREGARDING OTHER TRAFFIC SIGNS,2,5,2.0,0.0,1.0,1.0,0.0,1.0,22,2,3,03/04/2024,2024-03-04,22:14:00
04/04/2024 01:55:00 PM,5.0,5,2,4,6,3,4,3,3,1,3,FOLLOWING TOO CLOSELY,2,3,1.0,0.0,0.0,0.0,1.0,1.0,13,5,4,04/04/2024,2024-04-04,13:55:00
05/29/2024 07:30:00 AM,1.0,3,2,3,1,3,1,1,2,1,4,UNABLE TO DETERMINE,2,2,0.0,0.0,0.0,0.0,0.0,2.0,7,4,5,05/29/2024,2024-05-29,07:30:00
06/09/2024 06:30:00 AM,7.0,3,2,4,10,3,3,1,2,1,4,FAILING TO YIELD RIGHT-OF-WAY,2,2,0.0,0.0,0.0,0.0,0.0,2.0,6,1,6,06/09/2024,2024-06-09,06:30:00
07/22/2024 11:47:00 AM,5.0,3,2,4,4,3,3,3,2,1,4,UNABLE TO DETERMINE,2,2,0.0,0.0,0.0,0.0,0.0,5.0,11,2,7,07/22/2024,2024-07-22,11:47:00
07/14/2024 02:30:00 AM,1.0,5,5,5,5,3,4,1,3,1,4,NOT APPLICABLE,2,4,1.0,0.0,0.0,1.0,0.0,1.0,2,1,7,07/14/2024,2024-07-14,02:30:00
07/21/2024 09:00:00 PM,7.0,3,6,5,5,3,3,3,2,1,4,FAILING TO YIELD RIGHT-OF-WAY,2,2,0.0,0.0,0.0,0.0,0.0,2.0,21,1,7,07/21/2024,2024-07-21,21:00:00
04/02/2024 06:30:00 PM,7.0,5,2,5,5,3,4,3,3,1,4,DISREGARDING STOP SIGN,2,4,2.0,0.0,0.0,1.0,1.0,3.0,18,3,4,04/02/2024,2024-04-02,18:30:00
02/05/2024 08:25:00 AM,5.0,4,2,3,5,3,3,3,2,1,3,IMPROPER OVERTAKING/PASSING,2,2,0.0,0.0,0.0,0.0,0.0,2.0,8,2,2,02/05/2024,2024-02-05,08:25:00
08/07/2024 01:30:00 PM,5.0,3,2,5,5,3,3,3,3,1,4,DISREGARDING TRAFFIC SIGNALS,2,3,1.0,0.0,0.0,0.0,1.0,1.0,13,4,8,08/07/2024,2024-08-07,13:30:00
01/08/2024 11:49:00 PM,5.0,3,5,8,10,3,4,3,2,1,3,IMPROPER BACKING,2,2,0.0,0.0,0.0,0.0,0.0,2.0,23,2,1,01/08/2024,2024-01-08,23:49:00
01/06/2024 03:38:00 PM,5.0,4,2,5,5,3,4,3,2,1,4,FAILING TO YIELD RIGHT-OF-WAY,2,2,0.0,0.0,0.0,0.0,0.0,2.0,15,7,1,01/06/2024,2024-01-06,15:38:00
05/03/2024 07:13:00 PM,3.0,3,4,6,6,3,3,3,2,1,4,UNABLE TO DETERMINE,2,2,0.0,0.0,0.0,0.0,0.0,2.0,19,6,5,05/03/2024,2024-05-03,19:13:00
07/10/2024 09:15:00 AM,5.0,5,2,4,4,3,4,3,2,1,4,FOLLOWING TOO CLOSELY,2,2,0.0,0.0,0.0,0.0,0.0,2.0,9,4,7,07/10/2024,2024-07-10,09:15:00
03/24/2024 12:00:00 PM,3.0,3,2,3,6,3,3,3,2,0,3,UNABLE TO DETERMINE,2,2,0.0,0.0,0.0,0.0,0.0,4.0,12,1,3,03/24/2024,2024-03-24,12:00:00
03/17/2024 09:30:00 PM,7.0,3,5,6,7,3,3,3,2,1,3,FAILING TO YIELD RIGHT-OF-WAY,2,2,0.0,0.0,0.0,0.0,0.0,2.0,21,1,3,03/17/2024,2024-03-17,21:30:00
07/31/2024 08:38:00 PM,7.0,3,5,5,4,3,3,3,3,1,3,UNABLE TO DETERMINE,2,3,1.0,0.0,0.0,0.0,1.0,2.0,20,4,7,07/31/2024,2024-07-31,20:38:00
01/08/2024 02:20:00 PM,5.0,3,2,3,4,3,3,3,2,1,4,UNABLE TO DETERMINE,2,2,0.0,0.0,0.0,0.0,0.0,2.0,14,2,1,01/08/2024,2024-01-08,14:20:00
01/17/2024 09:23:00 PM,3.0,3,6,4,6,3,3,1,3,0,4,FOLLOWING TOO CLOSELY,2,4,2.0,0.0,0.0,2.0,0.0,3.0,21,4,1,01/17/2024,2024-01-17,21:23:00
06/28/2024 07:30:00 PM,5.0,3,2,4,6,3,4,3,3,1,4,UNABLE TO DETERMINE,2,3,2.0,0.0,0.0,0.0,2.0,1.0,19,6,6,06/28/2024,2024-06-28,19:30:00
07/20/2024 02:07:00 PM,5.0,3,2,6,5,3,3,3,3,1,4,FAILING TO YIELD RIGHT-OF-WAY,2,2,0.0,0.0,0.0,0.0,0.0,2.0,14,7,7,07/20/2024,2024-07-20,14:07:00
05/23/2024 10:12:00 PM,7.0,3,5,5,5,3,3,3,3,1,4,DISREGARDING TRAFFIC SIGNALS,2,4,1.0,0.0,0.0,1.0,0.0,1.0,22,5,5,05/23/2024,2024-05-23,22:12:00
03/26/2024 12:45:00 PM,5.0,3,2,11,6,3,3,3,2,1,2,UNABLE TO DETERMINE,2,2,0.0,0.0,0.0,0.0,0.0,1.0,12,3,3,03/26/2024,2024-03-26,12:45:00
04/12/2024 04:33:00 PM,3.0,5,2,5,5,3,4,3,3,1,4,UNABLE TO DETERMINE,2,4,2.0,0.0,0.0,2.0,0.0,0.0,16,6,4,04/12/2024,2024-04-12,16:33:00
08/02/2024 04:39:00 PM,7.0,3,2,6,5,3,3,3,2,1,4,UNABLE TO DETERMINE,2,2,0.0,0.0,0.0,0.0,0.0,2.0,16,6,8,08/02/2024,2024-08-02,16:39:00
06/10/2024 06:52:00 PM,5.0,3,4,6,7,3,3,3,2,1,4,IMPROPER TURNING/NO SIGNAL,2,2,0.0,0.0,0.0,0.0,0.0,2.0,18,2,6,06/10/2024,2024-06-10,18:52:00
02/26/2024 01:03:00 PM,5.0,3,2,6,6,3,3,3,2,1,4,FAILING TO YIELD RIGHT-OF-WAY,2,2,0.0,0.0,0.0,0.0,0.0,2.0,13,2,2,02/26/2024,2024-02-26,13:03:00
05/05/2024 03:30:00 AM,5.0,3,5,6,4,3,4,3,3,1,4,FAILING TO YIELD RIGHT-OF-WAY,2,2,0.0,0.0,0.0,0.0,0.0,2.0,3,1,5,05/05/2024,2024-05-05,03:30:00
04/08/2024 09:59:00 PM,5.0,3,5,6,5,3,3,3,3,1,4,FAILING TO YIELD RIGHT-OF-WAY,2,2,0.0,0.0,0.0,0.0,0.0,3.0,21,2,4,04/08/2024,2024-04-08,21:59:00
01/29/2024 01:55:00 PM,7.0,3,2,6,4,3,3,3,2,1,4,FAILING TO YIELD RIGHT-OF-WAY,2,2,0.0,0.0,0.0,0.0,0.0,3.0,13,2,1,01/29/2024,2024-01-29,13:55:00
07/01/2024 06:40:00 PM,5.0,3,2,5,6,3,3,3,2,1,4,UNABLE TO DETERMINE,2,2,0.0,0.0,0.0,0.0,0.0,2.0,18,2,7,07/01/2024,2024-07-01,18:40:00
08/09/2024 11:35:00 PM,2.0,3,5,11,4,3,3,3,2,0,4,NOT APPLICABLE,2,2,0.0,0.0,0.0,0.0,0.0,1.0,23,6,8,08/09/2024,2024-08-09,23:35:00
05/22/2024 06:59:00 AM,7.0,3,2,5,6,3,3,3,2,1,3,DISREGARDING STOP SIGN,2,2,0.0,0.0,0.0,0.0,0.0,3.0,6,4,5,05/22/2024,2024-05-22,06:59:00
03/22/2024 04:28:00 PM,7.0,6,2,5,6,3,4,3,3,1,4,DISREGARDING STOP SIGN,2,2,0.0,0.0,0.0,0.0,0.0,2.0,16,6,3,03/22/2024,2024-03-22,16:28:00
02/16/2024 05:02:00 PM,5.0,3,2,6,5,3,3,3,2,1,2,DRIVING SKILLS/KNOWLEDGE/EXPERIENCE,2,2,0.0,0.0,0.0,0.0,0.0,2.0,17,6,2,02/16/2024,2024-02-16,17:02:00
07/07/2024 04:15:00 PM,5.0,3,2,6,4,3,3,3,3,1,4,FAILING TO YIELD RIGHT-OF-WAY,2,4,2.0,0.0,0.0,2.0,0.0,2.0,16,1,7,07/07/2024,2024-07-07,16:15:00
04/28/2024 01:00:00 AM,5.0,3,6,6,1,3,3,1,2,1,4,FAILING TO YIELD RIGHT-OF-WAY,2,2,0.0,0.0,0.0,0.0,0.0,2.0,1,1,4,04/28/2024,2024-04-28,01:00:00
03/06/2024 11:28:00 AM,5.0,3,2,4,5,3,3,3,2,1,3,UNABLE TO DETERMINE,2,2,0.0,0.0,0.0,0.0,0.0,3.0,11,4,3,03/06/2024,2024-03-06,11:28:00
07/23/2024 06:55:00 AM,5.0,3,2,3,3,3,3,1,2,1,4,"VISION OBSCURED (SIGNS, TREE LIMBS, BUILDINGS, ETC.)",2,2,0.0,0.0,0.0,0.0,0.0,2.0,6,3,7,07/23/2024,2024-07-23,06:55:00
07/05/2024 07:30:00 PM,5.0,3,5,6,3,3,3,3,2,1,3,UNABLE TO DETERMINE,2,2,0.0,0.0,0.0,0.0,0.0,3.0,19,6,7,07/05/2024,2024-07-05,19:30:00