crash_date,traffic_control_device,weather_condition,lighting_condition,first_crash_type,trafficway_type,alignment,roadway_surface_cond,road_defect,crash_type,intersection_related_i,damage,prim_contributory_cause,num_units,most_severe_injury,injuries_total,injuries_fatal,injuries_incapacitating,injuries_non_incapacitating,injuries_reported_not_evident,injuries_no_indication,crash_hour,crash_day_of_week,crash_month,parsed_datetime,date,time
02/02/2024 07:23:00 AM,5.0,3,2,6,4,3,3,3,3,1,4,FAILING TO YIELD RIGHT-OF-WAY,2,2,0.0,0.0,0.0,0.0,0.0,6.0,7,6,2,02/02/2024,2024-02-02,07:23:00
04/20/2024 01:45:00 PM,3.0,3,2,6,7,3,1,1,2,1,4,UNABLE TO DETERMINE,2,2,0.0,0.0,0.0,0.0,0.0,2.0,13,7,4,04/20/2024,2024-04-20,13:45:00
05/17/2024 11:40:00 PM,4.0,3,5,5,5,3,3,3,3,1,4,DISREGARDING TRAFFIC SIGNALS,2,4,1.0,0.0,0.0,1.0,0.0,1.0,23,6,5,05/17/2024,2024-05-17,23:40:00
04/18/2024 06:31:00 PM,7.0,3,4,4,6,3,4,3,3,1,4,DISREGARDING STOP SIGN,2,4,2.0,0.0,0.0,1.0,1.0,1.0,18,5,4,04/18/2024,2024-04-18,18:31:00
07/23/2024 01:03:00 PM,5.0,3,2,6,6,3,3,1,3,1,4,FAILING TO YIELD RIGHT-OF-WAY,2,2,0.0,0.0,0.0,0.0,0.0,2.0,13,3,7,07/23/2024,2024-07-23,13:03:00
01/16/2024 07:30:00 PM,5.0,3,6,4,6,3,3,3,3,1,2,FOLLOWING TOO CLOSELY,2,4,2.0,0.0,0.0,2.0,0.0,1.0,19,3,1,01/16/2024,2024-01-16,19:30:00
01/04/2024 11:00:00 AM,5.0,3,2,5,5,3,3,3,3,1,4,UNABLE TO DETERMINE,2,2,0.0,0.0,0.0,0.0,0.0,2.0,11,5,1,01/04/2024,2024-01-04,11:00:00
04/23/2024 03:40:00 PM,7.0,3,2,5,5,3,3,3,3,1,4,UNABLE TO DETERMINE,2,3,1.0,0.0,0.0,0.0,1.0,1.0,15,3,4,04/23/2024,2024-04-23,15:40:00
08/07/2024 09:45:00 AM,5.0,3,2,3,4,3,3,3,2,1,4,DRIVING SKILLS/KNOWLEDGE/EXPERIENCE,2,2,0.0,0.0,0.0,0.0,0.0,2.0,9,4,8,08/07/2024,2024-08-07,09:45:00
04/26/2024 05:30:00 PM,3.0,3,2,6,6,3,4,3,2,0,4,IMPROPER TURNING/NO SIGNAL,2,2,0.0,0.0,0.0,0.0,0.0,2.0,17,6,4,04/26/2024,2024-04-26,17:30:00
04/30/2024 04:00:00 PM,1.0,3,2,5,6,3,1,1,2,1,2,UNABLE TO DETERMINE,2,2,0.0,0.0,0.0,0.0,0.0,2.0,16,3,4,04/30/2024,2024-04-30,16:00:00
01/01/2024 02:40:00 AM,5.0,6,5,5,6,3,4,1,3,1,4,UNABLE TO DETERMINE,2,2,0.0,0.0,0.0,0.0,0.0,5.0,2,2,1,01/01/2024,2024-01-01,02:40:00
08/01/2024 06:56:00 PM,3.0,3,2,5,6,3,3,3,3,1,4,NOT APPLICABLE,2,2,0.0,0.0,0.0,0.0,0.0,2.0,18,5,8,08/01/2024,2024-08-01,18:56:00
07/03/2024 06:21:00 PM,5.0,3,2,3,4,3,3,3,2,1,4,IMPROPER LANE USAGE,2,2,0.0,0.0,0.0,0.0,0.0,2.0,18,4,7,07/03/2024,2024-07-03,18:21:00
07/29/2024 06:43:00 PM,5.0,3,3,6,6,3,3,3,3,1,4,DISREGARDING TRAFFIC SIGNALS,2,2,0.0,0.0,0.0,0.0,0.0,3.0,18,2,7,07/29/2024,2024-07-29,18:43:00
04/17/2024 10:15:00 PM,1.0,3,4,3,10,3,3,1,2,0,3,NOT APPLICABLE,2,2,0.0,0.0,0.0,0.0,0.0,2.0,22,4,4,04/17/2024,2024-04-17,22:15:00
07/17/2024 07:58:00 PM,3.0,3,2,6,6,3,3,3,2,0,4,FAILING TO YIELD RIGHT-OF-WAY,2,2,0.0,0.0,0.0,0.0,0.0,2.0,19,4,7,07/17/2024,2024-07-17,19:58:00
04/28/2024 02:20:00 AM,5.0,5,6,6,6,3,4,3,2,1,4,UNABLE TO DETERMINE,2,2,0.0,0.0,0.0,0.0,0.0,3.0,2,1,4,04/28/2024,2024-04-28,02:20:00
06/15/2024 05:30:00 PM,5.0,3,2,6,6,3,3,3,2,1,4,DISREGARDING OTHER TRAFFIC SIGNS,2,2,0.0,0.0,0.0,0.0,0.0,2.0,17,7,6,06/15/2024,2024-06-15,17:30:00
05/25/2024 11:30:00 PM,7.0,3,5,5,5,3,3,3,2,1,3,DISREGARDING STOP SIGN,2,2,0.0,0.0,0.0,0.0,0.0,3.0,23,7,5,05/25/2024,2024-05-25,23:30:00
05/29/2024 01:30:00 PM,5.0,3,2,4,4,3,3,3,2,1,4,FOLLOWING TOO CLOSELY,2,2,0.0,0.0,0.0,0.0,0.0,2.0,13,4,5,05/29/2024,2024-05-29,13:30:00
01/26/2024 10:35:00 PM,7.0,9,5,5,4,3,4,3,3,1,4,UNABLE TO DETERMINE,2,3,1.0,0.0,0.0,0.0,1.0,1.0,22,6,1,01/26/2024,2024-01-26,22:35:00
02/25/2024 02:20:00 PM,5.0,3,2,6,6,3,3,3,2,1,4,UNABLE TO DETERMINE,2,2,0.0,0.0,0.0,0.0,0.0,2.0,14,1,2,02/25/2024,2024-02-25,14:20:00
07/10/2024 02:10:00 PM,7.0,3,2,4,6,3,3,1,2,1,4,FAILING TO YIELD RIGHT-OF-WAY,2,2,0.0,0.0,0.0,0.0,0.0,2.0,14,4,7,07/10/2024,2024-07-10,14:10:00
06/20/2024 06:04:00 PM,7.0,4,2,6,7,3,3,3,2,1,3,IMPROPER TURNING/NO SIGNAL,2,2,0.0,0.0,0.0,0.0,0.0,2.0,18,5,6,06/20/2024,2024-06-20,18:04:00
06/10/2024 02:51:00 AM,5.0,5,5,5,5,3,4,3,3,1,4,FAILING TO YIELD RIGHT-OF-WAY,2,2,0.0,0.0,0.0,0.0,0.0,2.0,2,2,6,06/10/2024,2024-06-10,02:51:00
07/24/2024 04:20:00 PM,5.0,3,2,5,6,3,1,1,2,1,4,DISREGARDING TRAFFIC SIGNALS,2,2,0.0,0.0,0.0,0.0,0.0,2.0,16,4,7,07/24/2024,2024-07-24,16:20:00
04/15/2024 07:50:00 AM,5.0,3,2,6,5,3,3,3,2,1,3,IMPROPER TURNING/NO SIGNAL,2,2,0.0,0.0,0.0,0.0,0.0,2.0,7,2,4,04/15/2024,2024-04-15,07:50:00
08/04/2024 11:40:00 AM,5.0,3,2,14,6,3,3,7,3,1,4,"DISTRACTION - OTHER ELECTRONIC DEVICE (NAVIGATION DEVICE, DVD PLAYER, ETC.)",2,4,1.0,0.0,0.0,1.0,0.0,1.0,11,1,8,08/04/2024,2024-08-04,11:40:00
02/18/2024 09:24:00 AM,3.0,3,2,4,6,3,3,3,2,1,3,DRIVING SKILLS/KNOWLEDGE/EXPERIENCE,2,2,0.0,0.0,0.0,0.0,0.0,3.0,9,1,2,02/18/2024,2024-02-18,09:24:00
04/03/2024 01:55:00 PM,5.0,5,2,13,14,3,4,3,3,1,2,FAILING TO YIELD RIGHT-OF-WAY,2,4,1.0,0.0,0.0,1.0,0.0,1.0,13,4,4,04/03/2024,2024-04-03,13:55:00
05/24/2024 11:24:00 AM,5.0,3,2,6,6,3,3,3,2,1,4,IMPROPER LANE USAGE,2,2,0.0,0.0,0.0,0.0,0.0,2.0,11,6,5,05/24/2024,2024-05-24,11:24:00
08/08/2024 01:11:00 AM,7.0,3,5,4,5,3,3,3,3,1,4,UNDER THE INFLUENCE OF ALCOHOL/DRUGS (USE WHEN ARREST IS EFFECTED),2,2,0.0,0.0,0.0,0.0,0.0,3.0,1,5,8,08/08/2024,2024-08-08,01:11:00
04/01/2024 07:00:00 PM,3.0,5,5,6,6,3,4,3,2,1,4,IMPROPER OVERTAKING/PASSING,2,2,0.0,0.0,0.0,0.0,0.0,2.0,19,2,4,04/01/2024,2024-04-01,19:00:00
01/16/2024 04:45:00 PM,5.0,3,4,4,7,3,3,3,2,1,2,NOT APPLICABLE,2,2,0.0,0.0,0.0,0.0,0.0,2.0,16,3,1,01/16/2024,2024-01-16,16:45:00
05/13/2024 06:48:00 PM,5.0,5,2,3,5,3,4,3,2,1,4,UNABLE TO DETERMINE,2,2,0.0,0.0,0.0,0.0,0.0,2.0,18,2,5,05/13/2024,2024-05-13,18:48:00
01/26/2024 11:27:00 AM,5.0,4,2,6,5,3,1,3,2,1,4,IMPROPER LANE USAGE,2,2,0.0,0.0,0.0,0.0,0.0,2.0,11,6,1,01/26/2024,2024-01-26,11:27:00
01/17/2024 04:00:00 PM,5.0,4,2,5,5,3,3,3,2,1,4,FOLLOWING TOO CLOSELY,2,2,0.0,0.0,0.0,0.0,0.0,2.0,16,4,1,01/17/2024,2024-01-17,16:00:00
04/27/2024 12:39:00 AM,3.0,5,5,10,6,3,4,3,3,1,4,"OPERATING VEHICLE IN ERRATIC, RECKLESS, CARELESS, NEGLIGENT OR AGGRESSIVE MANNER",2,2,0.0,0.0,0.0,0.0,0.0,2.0,0,7,4,04/27/2024,2024-04-27,00:39:00
06/14/2024 05:22:00 PM,7.0,3,2,4,7,3,3,3,2,1,4,FAILING TO REDUCE SPEED TO AVOID CRASH,2,2,0.0,0.0,0.0,0.0,0.0,3.0,17,6,6,06/14/2024,2024-06-14,17:22:00
04/12/2024 07:22:00 AM,5.0,3,2,13,5,3,3,3,2,1,2,TURNING RIGHT ON RED,2,2,0.0,0.0,0.0,0.0,0.0,2.0,7,6,4,04/12/2024,2024-04-12,07:22:00
06/15/2024 04:30:00 PM,5.0,3,2,6,6,3,3,1,2,1,3,UNABLE TO DETERMINE,2,2,0.0,0.0,0.0,0.0,0.0,2.0,16,7,6,06/15/2024,2024-06-15,16:30:00
05/27/2024 04:16:00 PM,1.0,3,2,7,6,3,1,1,2,1,4,UNABLE TO DETERMINE,2,2,0.0,0.0,0.0,0.0,0.0,2.0,16,2,5,05/27/2024,2024-05-27,16:16:00
06/17/2024 02:18:00 PM,5.0,3,2,6,7,3,3,3,3,1,4,IMPROPER TURNING/NO SIGNAL,2,2,0.0,0.0,0.0,0.0,0.0,4.0,14,2,6,06/17/2024,2024-06-17,14:18:00
01/31/2024 09:20:00 AM,5.0,3,2,3,5,3,3,3,2,1,3,IMPROPER OVERTAKING/PASSING,2,2,0.0,0.0,0.0,0.0,0.0,2.0,9,4,1,01/31/2024,2024-01-31,09:20:00
05/08/2024 05:30:00 PM,7.0,3,2,5,5,3,3,3,2,1,4,FAILING TO YIELD RIGHT-OF-WAY,2,2,0.0,0.0,0.0,0.0,0.0,3.0,17,4,5,05/08/2024,2024-05-08,17:30:00
07/24/2024 04:18:00 PM,5.0,3,2,3,6,3,3,3,2,1,4,IMPROPER LANE USAGE,2,2,0.0,0.0,0.0,0.0,0.0,2.0,16,4,7,07/24/2024,2024-07-24,16:18:00
08/02/2024 11:00:00 PM,7.0,3,5,5,5,3,3,3,3,1,4,FAILING TO YIELD RIGHT-OF-WAY,2,3,1.0,0.0,0.0,0.0,1.0,1.0,23,6,8,08/02/2024,2024-08-02,23:00:00
01/29/2024 08:00:00 AM,5.0,3,2,5,6,3,3,3,2,1,4,FAILING TO YIELD RIGHT-OF-WAY,2,2,0.0,0.0,0.0,0.0,0.0,2.0,8,2,1,01/29/2024,2024-01-29,08:00:00
02/16/2024 11:17:00 AM,7.0,3,2,5,5,3,3,3,3,1,4,UNABLE TO DETERMINE,2,3,1.0,0.0,0.0,0.0,1.0,2.0,11,6,2,02/16/2024,2024-02-16,11:17:00
06/16/2024 06:36:00 PM,5.0,3,2,5,6,3,3,3,3,1,4,DISREGARDING TRAFFIC SIGNALS,2,2,0.0,0.0,0.0,0.0,0.0,5.0,18,1,6,06/16/2024,2024-06-16,18:36:00
04/04/2024 03:40:00 PM,5.0,3,2,6,5,3,3,3,3,1,4,FAILING TO YIELD RIGHT-OF-WAY,2,4,1.0,0.0,0.0,1.0,0.0,1.0,15,5,4,04/04/2024,2024-04-04,15:40:00
01/29/2024 10:35:00 PM,5.0,3,5,5,5,3,3,3,2,1,4,DISREGARDING TRAFFIC SIGNALS,2,2,0.0,0.0,0.0,0.0,0.0,4.0,22,2,1,01/29/2024,2024-01-29,22:35:00
04/11/2024 12:26:00 PM,7.0,4,2,14,7,3,4,3,3,1,3,FAILING TO YIELD RIGHT-OF-WAY,2,4,1.0,0.0,0.0,1.0,0.0,1.0,12,5,4,04/11/2024,2024-04-11,12:26:00
06/08/2024 10:30:00 PM,5.0,3,5,3,14,3,3,3,2,1,4,IMPROPER OVERTAKING/PASSING,2,2,0.0,0.0,0.0,0.0,0.0,2.0,22,7,6,06/08/2024,2024-06-08,22:30:00
05/14/2024 07:20:00 AM,3.0,3,2,5,6,3,3,3,2,1,4,FAILING TO YIELD RIGHT-OF-WAY,2,2,0.0,0.0,0.0,0.0,0.0,3.0,7,3,5,05/14/2024,2024-05-14,07:20:00
06/15/2024 12:14:00 AM,5.0,3,5,3,5,3,3,3,2,1,3,IMPROPER OVERTAKING/PASSING,2,2,0.0,0.0,0.0,0.0,0.0,5.0,0,7,6,06/15/2024,2024-06-15,00:14:00
06/27/2024 11:35:00 PM,5.0,3,5,3,4,3,3,3,2,1,4,FAILING TO YIELD RIGHT-OF-WAY,2,2,0.0,0.0,0.0,0.0,0.0,2.0,23,5,6,06/27/2024,2024-06-27,23:35:00
06/01/2024 04:50:00 PM,5.0,5,2,4,5,3,4,3,2,1,3,UNABLE TO DETERMINE,2,2,0.0,0.0,0.0,0.0,0.0,2.0,16,7,6,06/01/2024,2024-06-01,16:50:00
04/03/2024 03:11:00 PM,5.0,5,2,13,5,3,4,3,3,1,2,WEATHER,2,4,1.0,0.0,0.0,1.0,0.0,2.0,15,4,4,04/03/2024,2024-04-03,15:11:00
02/04/2024 05:42:00 PM,5.0,3,5,4,7,3,3,3,3,1,4,UNABLE TO DETERMINE,2,3,1.0,0.0,0.0,0.0,1.0,1.0,17,1,2,02/04/2024,2024-02-04,17:42:00
06/16/2024 03:11:00 PM,5.0,3,2,6,5,3,3,3,2,1,4,IMPROPER TURNING/NO SIGNAL,2,2,0.0,0.0,0.0,0.0,0.0,2.0,15,1,6,06/16/2024,2024-06-16,15:11:00
01/30/2024 03:50:00 PM,5.0,3,2,6,5,3,3,3,2,1,3,FOLLOWING TOO CLOSELY,2,2,0.0,0.0,0.0,0.0,0.0,3.0,15,3,1,01/30/2024,2024-01-30,15:50:00
04/24/2024 07:30:00 AM,3.0,3,2,3,18,3,3,3,2,0,4,IMPROPER OVERTAKING/PASSING,2,2,0.0,0.0,0.0,0.0,0.0,2.0,7,4,4,04/24/2024,2024-04-24,07:30:00
02/16/2024 07:20:00 PM,3.0,3,5,3,6,3,3,3,2,1,4,FAILING TO REDUCE SPEED TO AVOID CRASH,2,2,0.0,0.0,0.0,0.0,0.0,3.0,19,6,2,02/16/2024,2024-02-16,19:20:00
05/15/2024 08:30:00 AM,3.0,3,2,5,6,3,3,3,2,1,4,UNABLE TO DETERMINE,2,2,0.0,0.0,0.0,0.0,0.0,2.0,8,4,5,05/15/2024,2024-05-15,08:30:00
04/08/2024 05:44:00 PM,5.0,3,2,6,5,3,1,1,3,1,4,FAILING TO YIELD RIGHT-OF-WAY,2,2,0.0,0.0,0.0,0.0,0.0,2.0,17,2,4,04/08/2024,2024-04-08,17:44:00
04/07/2024 07:30:00 AM,3.0,3,2,6,5,3,3,3,2,1,4,FAILING TO YIELD RIGHT-OF-WAY,2,2,0.0,0.0,0.0,0.0,0.0,2.0,7,1,4,04/07/2024,2024-04-07,07:30:00
05/27/2024 07:25:00 PM,5.0,5,4,6,5,3,4,3,2,1,4,FAILING TO YIELD RIGHT-OF-WAY,2,2,0.0,0.0,0.0,0.0,0.0,2.0,19,2,5,05/27/2024,2024-05-27,19:25:00
05/16/2024 06:20:00 AM,5.0,3,2,13,1,3,3,3,3,1,2,UNABLE TO DETERMINE,2,4,1.0,0.0,0.0,1.0,0.0,1.0,6,5,5,05/16/2024,2024-05-16,06:20:00
07/02/2024 07:00:00 AM,3.0,3,2,6,2,3,3,3,3,0,4,IMPROPER LANE USAGE,2,3,1.0,0.0,0.0,0.0,1.0,1.0,7,3,7,07/02/2024,2024-07-02,07:00:00
07/30/2024 06:37:00 AM,3.0,3,2,5,4,3,3,3,3,1,4,IMPROPER OVERTAKING/PASSING,2,2,0.0,0.0,0.0,0.0,0.0,2.0,6,3,7,07/30/2024,2024-07-30,06:37:00
05/17/2024 12:36:00 PM,5.0,3,2,13,4,3,3,3,3,1,2,WEATHER,2,6,1.0,1.0,0.0,0.0,0.0,1.0,12,6,5,05/17/2024,2024-05-17,12:36:00
02/07/2024 06:55:00 PM,5.0,3,5,6,6,3,3,3,2,1,4,DISREGARDING TRAFFIC SIGNALS,2,2,0.0,0.0,0.0,0.0,0.0,3.0,18,4,2,02/07/2024,2024-02-07,18:55:00
05/19/2024 04:00:00 PM,3.0,3,2,4,6,3,3,3,2,1,4,UNABLE TO DETERMINE,2,2,0.0,0.0,0.0,0.0,0.0,2.0,16,1,5,05/19/2024,2024-05-19,16:00:00
03/08/2024 07:15:00 AM,5.0,3,2,4,3,3,4,3,2,1,4,FOLLOWING TOO CLOSELY,2,2,0.0,0.0,0.0,0.0,0.0,2.0,7,6,3,03/08/2024,2024-03-08,07:15:00
06/12/2024 09:00:00 AM,5.0,3,2,5,5,3,1,1,3,1,3,DISREGARDING OTHER TRAFFIC SIGNS,2,5,1.0,0.0,1.0,0.0,0.0,1.0,9,4,6,06/12/2024,2024-06-12,09:00:00
04/04/2024 04:15:00 PM,3.0,3,2,6,6,3,3,3,2,1,3,UNABLE TO DETERMINE,2,2,0.0,0.0,0.0,0.0,0.0,3.0,16,5,4,04/04/2024,2024-04-04,16:15:00
06/14/2024 04:10:00 PM,7.0,3,2,6,6,3,3,3,3,1,4,FAILING TO YIELD RIGHT-OF-WAY,2,2,0.0,0.0,0.0,0.0,0.0,2.0,16,6,6,06/14/2024,2024-06-14,16:10:00
07/21/2024 12:00:00 AM,5.0,3,5,5,10,3,3,3,2,1,3,UNABLE TO DETERMINE,2,2,0.0,0.0,0.0,0.0,0.0,2.0,0,1,7,07/21/2024,2024-07-21,00:00:00
05/30/2024 03:49:00 AM,5.0,3,5,14,4,3,3,3,3,1,4,UNABLE TO DETERMINE,2,4,1.0,0.0,0.0,1.0,0.0,1.0,3,5,5,05/30/2024,2024-05-30,03:49:00
08/06/2024 03:44:00 PM,7.0,4,2,5,6,3,1,1,3,1,4,DISREGARDING STOP SIGN,2,4,2.0,0.0,0.0,2.0,0.0,4.0,15,3,8,08/06/2024,2024-08-06,15:44:00
05/04/2024 07:32:00 PM,5.0,5,4,6,5,3,4,3,3,1,3,WEATHER,2,4,1.0,0.0,0.0,1.0,0.0,2.0,19,7,5,05/04/2024,2024-05-04,19:32:00
02/08/2024 05:42:00 AM,5.0,3,5,5,7,3,3,3,2,1,4,DISREGARDING TRAFFIC SIGNALS,2,2,0.0,0.0,0.0,0.0,0.0,2.0,5,5,2,02/08/2024,2024-02-08,05:42:00
02/01/2024 05:22:00 PM,3.0,3,5,13,4,3,3,3,3,0,4,UNABLE TO DETERMINE,2,5,1.0,0.0,1.0,0.0,0.0,1.0,17,5,2,02/01/2024,2024-02-01,17:22:00
02/22/2024 09:43:00 AM,1.0,3,2,3,5,3,1,1,2,1,3,UNABLE TO DETERMINE,2,2,0.0,0.0,0.0,0.0,0.0,2.0,9,5,2,02/22/2024,2024-02-22,09:43:00
06/04/2024 01:13:00 AM,7.0,3,5,3,5,3,3,3,3,1,3,IMPROPER LANE USAGE,2,2,0.0,0.0,0.0,0.0,0.0,2.0,1,3,6,06/04/2024,2024-06-04,01:13:00
06/30/2024 05:05:00 PM,5.0,3,2,6,5,3,3,3,2,1,4,UNABLE TO DETERMINE,2,2,0.0,0.0,0.0,0.0,0.0,3.0,17,1,6,06/30/2024,2024-06-30,17:05:00
02/10/2024 11:31:00 PM,5.0,3,5,6,5,3,1,1,2,1,4,UNABLE TO DETERMINE,2,2,0.0,0.0,0.0,0.0,0.0,2.0,23,7,2,02/10/2024,2024-02-10,23:31:00
06/16/2024 03:30:00 PM,5.0,3,2,6,6,3,3,3,3,1,4,FAILING TO YIELD RIGHT-OF-WAY,2,4,1.0,0.0,0.0,1.0,0.0,3.0,15,1,6,06/16/2024,2024-06-16,15:30:00
06/21/2024 04:06:00 PM,3.0,3,2,6,4,3,3,3,2,0,4,IMPROPER LANE USAGE,2,2,0.0,0.0,0.0,0.0,0.0,2.0,16,6,6,06/21/2024,2024-06-21,16:06:00
07/25/2024 02:28:00 PM,5.0,3,2,13,5,3,3,3,3,1,4,FAILING TO YIELD RIGHT-OF-WAY,2,3,1.0,0.0,0.0,0.0,1.0,1.0,14,5,7,07/25/2024,2024-07-25,14:28:00
06/04/2024 04:10:00 PM,5.0,4,2,4,4,3,3,3,3,1,3,FAILING TO REDUCE SPEED TO AVOID CRASH,2,3,1.0,0.0,0.0,0.0,1.0,1.0,16,3,6,06/04/2024,2024-06-04,16:10:00
01/29/2024 11:21:00 AM,3.0,3,2,13,6,3,3,3,3,1,2,UNABLE TO DETERMINE,2,5,1.0,0.0,1.0,0.0,0.0,1.0,11,2,1,01/29/2024,2024-01-29,11:21:00
07/18/2024 04:40:00 AM,7.0,3,5,5,5,3,3,3,3,1,4,FAILING TO YIELD RIGHT-OF-WAY,2,2,0.0,0.0,0.0,0.0,0.0,2.0,4,5,7,07/18/2024,2024-07-18,04:40:00
05/14/2024 08:58:00 AM,5.0,3,2,6,5,3,1,1,2,1,4,UNABLE TO DETERMINE,2,2,0.0,0.0,0.0,0.0,0.0,2.0,8,3,5,05/14/2024,2024-05-14,08:58:00
07/17/2024 09:40:00 AM,7.0,3,2,6,6,3,3,3,2,1,3,FAILING TO YIELD RIGHT-OF-WAY,2,2,0.0,0.0,0.0,0.0,0.0,4.0,9,4,7,07/17/2024,2024-07-17,09:40:00
03/13/2024 10:18:00 PM,5.0,5,5,3,6,3,4,3,2,1,3,UNABLE TO DETERMINE,2,2,0.0,0.0,0.0,0.0,0.0,2.0,22,4,3,03/13/2024,2024-03-13,22:18:00
07/09/2024 06:15:00 PM,5.0,3,2,6,6,3,4,3,2,1,4,FOLLOWING TOO CLOSELY,2,2,0.0,0.0,0.0,0.0,0.0,2.0,18,3,7,07/09/2024,2024-07-09,18:15:00
04/27/2024 02:00:00 PM,5.0,4,2,6,7,3,1,1,3,1,4,UNABLE TO DETERMINE,2,3,2.0,0.0,0.0,0.0,2.0,1.0,14,7,4,04/27/2024,2024-04-27,14:00:00
07/02/2024 07:14:00 PM,5.0,3,2,6,5,3,3,3,3,1,4,IMPROPER TURNING/NO SIGNAL,2,4,1.0,0.0,0.0,1.0,0.0,1.0,19,3,7,07/02/2024,2024-07-02,19:14:00
05/15/2024 03:43:00 PM,7.0,3,2,6,5,3,3,3,2,1,3,IMPROPER TURNING/NO SIGNAL,2,2,0.0,0.0,0.0,0.0,0.0,2.0,15,4,5,05/15/2024,2024-05-15,15:43:00
08/03/2024 04:37:00 PM,5.0,3,2,3,6,3,3,3,2,1,3,DISTRACTION - FROM INSIDE VEHICLE,2,2,0.0,0.0,0.0,0.0,0.0,2.0,16,7,8,08/03/2024,2024-08-03,16:37:00
06/13/2024 05:55:00 PM,7.0,3,2,3,7,3,3,3,2,1,3,FAILING TO YIELD RIGHT-OF-WAY,2,2,0.0,0.0,0.0,0.0,0.0,2.0,17,5,6,06/13/2024,2024-06-13,17:55:00
04/14/2024 12:03:00 AM,5.0,3,5,3,14,3,3,3,2,1,4,UNABLE TO DETERMINE,2,2,0.0,0.0,0.0,0.0,0.0,5.0,0,1,4,04/14/2024,2024-04-14,00:03:00
07/13/2024 04:42:00 PM,5.0,3,2,5,10,3,3,3,2,1,3,DISREGARDING TRAFFIC SIGNALS,2,2,0.0,0.0,0.0,0.0,0.0,3.0,16,7,7,07/13/2024,2024-07-13,16:42:00
02/02/2024 08:20:00 PM,7.0,3,5,6,5,3,3,3,3,1,4,DISTRACTION - FROM INSIDE VEHICLE,2,2,0.0,0.0,0.0,0.0,0.0,2.0,20,6,2,02/02/2024,2024-02-02,20:20:00
07/12/2024 02:14:00 PM,7.0,3,2,5,7,3,3,3,3,1,4,DISREGARDING STOP SIGN,2,2,0.0,0.0,0.0,0.0,0.0,2.0,14,6,7,07/12/2024,2024-07-12,14:14:00
02/07/2024 11:53:00 AM,5.0,3,2,6,5,3,3,3,2,1,4,FAILING TO YIELD RIGHT-OF-WAY,2,2,0.0,0.0,0.0,0.0,0.0,2.0,11,4,2,02/07/2024,2024-02-07,11:53:00
01/03/2024 02:30:00 PM,3.0,3,2,6,5,3,3,3,2,1,2,FAILING TO YIELD RIGHT-OF-WAY,2,2,0.0,0.0,0.0,0.0,0.0,2.0,14,4,1,01/03/2024,2024-01-03,14:30:00
01/29/2024 08:58:00 AM,5.0,3,2,3,6,3,3,3,2,1,3,UNABLE TO DETERMINE,2,2,0.0,0.0,0.0,0.0,0.0,3.0,8,2,1,01/29/2024,2024-01-29,08:58:00
07/07/2024 01:45:00 AM,7.0,3,6,5,6,3,3,3,3,1,4,DISREGARDING STOP SIGN,2,3,1.0,0.0,0.0,0.0,1.0,3.0,1,1,7,07/07/2024,2024-07-07,01:45:00
01/22/2024 10:50:00 AM,5.0,5,2,6,7,3,4,3,3,1,4,IMPROPER OVERTAKING/PASSING,2,2,0.0,0.0,0.0,0.0,0.0,2.0,10,2,1,01/22/2024,2024-01-22,10:50:00
06/17/2024 11:52:00 AM,5.0,3,2,4,5,3,3,3,2,1,4,UNABLE TO DETERMINE,2,2,0.0,0.0,0.0,0.0,0.0,2.0,11,2,6,06/17/2024,2024-06-17,11:52:00
06/18/2024 02:30:00 PM,3.0,3,2,6,6,3,1,1,2,0,4,FAILING TO YIELD RIGHT-OF-WAY,2,2,0.0,0.0,0.0,0.0,0.0,4.0,14,3,6,06/18/2024,2024-06-18,14:30:00
03/22/2024 05:07:00 PM,7.0,6,2,5,5,3,4,1,3,1,4,UNABLE TO DETERMINE,2,2,0.0,0.0,0.0,0.0,0.0,3.0,17,6,3,03/22/2024,2024-03-22,17:07:00
05/18/2024 10:50:00 AM,3.0,3,2,6,5,3,3,3,2,1,3,DRIVING SKILLS/KNOWLEDGE/EXPERIENCE,2,2,0.0,0.0,0.0,0.0,0.0,2.0,10,7,5,05/18/2024,2024-05-18,10:50:00
06/01/2024 09:00:00 PM,7.0,5,5,6,7,3,4,1,2,1,4,UNABLE TO DETERMINE,2,2,0.0,0.0,0.0,0.0,0.0,3.0,21,7,6,06/01/2024,2024-06-01,21:00:00
02/02/2024 04:34:00 PM,5.0,3,6,6,5,3,3,3,2,1,4,UNABLE TO DETERMINE,2,2,0.0,0.0,0.0,0.0,0.0,2.0,16,6,2,02/02/2024,2024-02-02,16:34:00
06/09/2024 11:09:00 PM,5.0,3,5,6,5,3,3,3,2,1,4,IMPROPER TURNING/NO SIGNAL,2,2,0.0,0.0,0.0,0.0,0.0,2.0,23,1,6,06/09/2024,2024-06-09,23:09:00
05/14/2024 03:00:00 AM,5.0,4,5,5,4,3,4,3,2,1,3,FAILING TO YIELD RIGHT-OF-WAY,2,2,0.0,0.0,0.0,0.0,0.0,4.0,3,3,5,05/14/2024,2024-05-14,03:00:00
03/06/2024 05:54:00 PM,1.0,3,3,6,6,3,1,3,2,1,3,UNABLE TO DETERMINE,2,2,0.0,0.0,0.0,0.0,0.0,2.0,17,4,3,03/06/2024,2024-03-06,17:54:00