crash_date,traffic_control_device,weather_condition,lighting_condition,first_crash_type,trafficway_type,alignment,roadway_surface_cond,road_defect,crash_type,intersection_related_i,damage,prim_contributory_cause,num_units,most_severe_injury,injuries_total,injuries_fatal,injuries_incapacitating,injuries_non_incapacitating,injuries_reported_not_evident,injuries_no_indication,crash_hour,crash_day_of_week,crash_month,parsed_datetime,date,time
05/01/2024 09:04:00 PM,5.0,3,5,4,7,3,3,3,2,1,4,FOLLOWING TOO CLOSELY,2,2,0.0,0.0,0.0,0.0,0.0,2.0,21,4,5,05/01/2024,2024-05-01,21:04:00
03/04/2024 09:04:00 PM,3.0,5,5,13,15,3,4,3,3,1,2,FAILING TO YIELD RIGHT-OF-WAY,2,5,1.0,0.0,1.0,0.0,0.0,1.0,21,2,3,03/04/2024,2024-03-04,21:04:00
05/26/2024 11:45:00 AM,5.0,5,2,5,5,3,4,3,3,1,4,FAILING TO YIELD RIGHT-OF-WAY,2,3,1.0,0.0,0.0,0.0,1.0,1.0,11,1,5,05/26/2024,2024-05-26,11:45:00
08/05/2024 08:35:00 AM,7.0,3,2,5,6,3,4,3,2,1,4,FAILING TO YIELD RIGHT-OF-WAY,2,2,0.0,0.0,0.0,0.0,0.0,3.0,8,2,8,08/05/2024,2024-08-05,08:35:00
03/28/2024 08:00:00 PM,7.0,3,5,6,6,3,3,3,2,1,4,FAILING TO YIELD RIGHT-OF-WAY,2,2,0.0,0.0,0.0,0.0,0.0,2.0,20,5,3,03/28/2024,2024-03-28,20:00:00
02/10/2024 04:39:00 PM,5.0,3,2,6,7,3,3,3,2,1,4,FAILING TO YIELD RIGHT-OF-WAY,2,2,0.0,0.0,0.0,0.0,0.0,3.0,16,7,2,02/10/2024,2024-02-10,16:39:00
02/13/2024 10:02:00 AM,7.0,3,2,5,5,3,3,3,3,1,4,DISREGARDING STOP SIGN,2,2,0.0,0.0,0.0,0.0,0.0,3.0,10,3,2,02/13/2024,2024-02-13,10:02:00
06/18/2024 05:05:00 PM,5.0,3,2,6,6,3,3,3,2,1,2,FAILING TO YIELD RIGHT-OF-WAY,2,2,0.0,0.0,0.0,0.0,0.0,3.0,17,3,6,06/18/2024,2024-06-18,17:05:00
03/29/2024 06:06:00 AM,12.0,3,3,17,2,3,3,3,3,1,4,DISREGARDING OTHER TRAFFIC SIGNS,2,2,0.0,0.0,0.0,0.0,0.0,2.0,6,6,3,03/29/2024,2024-03-29,06:06:00
02/07/2024 08:02:00 PM,5.0,3,5,5,6,3,3,3,3,1,4,DISREGARDING TRAFFIC SIGNALS,2,2,0.0,0.0,0.0,0.0,0.0,2.0,20,4,2,02/07/2024,2024-02-07,20:02:00
07/01/2024 03:30:00 PM,7.0,3,2,5,5,3,3,3,3,1,4,DISREGARDING STOP SIGN,2,4,2.0,0.0,0.0,1.0,1.0,1.0,15,2,7,07/01/2024,2024-07-01,15:30:00
02/14/2024 08:30:00 AM,5.0,3,5,6,7,3,3,3,2,1,3,FOLLOWING TOO CLOSELY,2,2,0.0,0.0,0.0,0.0,0.0,2.0,8,4,2,02/14/2024,2024-02-14,08:30:00
02/23/2024 08:10:00 AM,5.0,3,2,11,5,3,3,3,2,1,4,UNABLE TO DETERMINE,2,2,0.0,0.0,0.0,0.0,0.0,1.0,8,6,2,02/23/2024,2024-02-23,08:10:00
05/13/2024 08:08:00 PM,7.0,3,6,3,10,3,1,1,2,1,4,UNABLE TO DETERMINE,2,2,0.0,0.0,0.0,0.0,0.0,4.0,20,2,5,05/13/2024,2024-05-13,20:08:00
02/16/2024 10:40:00 AM,7.0,3,2,6,6,3,3,3,2,1,4,FAILING TO YIELD RIGHT-OF-WAY,2,2,0.0,0.0,0.0,0.0,0.0,3.0,10,6,2,02/16/2024,2024-02-16,10:40:00
03/03/2024 01:11:00 PM,3.0,3,2,6,4,3,3,3,2,1,4,FAILING TO YIELD RIGHT-OF-WAY,2,2,0.0,0.0,0.0,0.0,0.0,2.0,13,1,3,03/03/2024,2024-03-03,13:11:00
07/20/2024 02:30:00 PM,7.0,3,2,4,10,3,3,3,2,1,4,FOLLOWING TOO CLOSELY,2,2,0.0,0.0,0.0,0.0,0.0,3.0,14,7,7,07/20/2024,2024-07-20,14:30:00
07/25/2024 02:45:00 AM,3.0,3,5,3,6,3,3,3,3,0,4,IMPROPER OVERTAKING/PASSING,2,4,2.0,0.0,0.0,1.0,1.0,0.0,2,5,7,07/25/2024,2024-07-25,02:45:00
03/04/2024 04:20:00 PM,7.0,3,2,6,6,3,3,3,3,1,4,NOT APPLICABLE,2,5,1.0,0.0,1.0,0.0,0.0,1.0,16,2,3,03/04/2024,2024-03-04,16:20:00
06/15/2024 07:55:00 AM,5.0,3,2,5,6,3,3,1,3,1,4,DISREGARDING TRAFFIC SIGNALS,2,2,0.0,0.0,0.0,0.0,0.0,5.0,7,7,6,06/15/2024,2024-06-15,07:55:00
01/09/2024 07:57:00 PM,1.0,5,5,6,5,3,4,3,3,1,4,FAILING TO YIELD RIGHT-OF-WAY,2,2,0.0,0.0,0.0,0.0,0.0,2.0,19,3,1,01/09/2024,2024-01-09,19:57:00
07/15/2024 07:50:00 AM,5.0,3,2,6,5,3,3,3,2,1,4,FAILING TO YIELD RIGHT-OF-WAY,2,2,0.0,0.0,0.0,0.0,0.0,2.0,7,2,7,07/15/2024,2024-07-15,07:50:00
02/10/2024 05:15:00 PM,7.0,3,5,5,1,3,3,3,2,1,4,FAILING TO YIELD RIGHT-OF-WAY,2,2,0.0,0.0,0.0,0.0,0.0,2.0,17,7,2,02/10/2024,2024-02-10,17:15:00
06/05/2024 10:30:00 AM,5.0,3,2,4,4,3,3,3,3,1,3,FOLLOWING TOO CLOSELY,2,4,1.0,0.0,0.0,1.0,0.0,1.0,10,4,6,06/05/2024,2024-06-05,10:30:00
06/14/2024 06:37:00 PM,3.0,3,2,6,5,3,3,3,3,1,4,IMPROPER TURNING/NO SIGNAL,2,4,1.0,0.0,0.0,1.0,0.0,1.0,18,6,6,06/14/2024,2024-06-14,18:37:00
07/10/2024 04:36:00 PM,5.0,3,2,4,5,3,3,3,2,1,4,FOLLOWING TOO CLOSELY,2,2,0.0,0.0,0.0,0.0,0.0,2.0,16,4,7,07/10/2024,2024-07-10,16:36:00
06/15/2024 10:52:00 PM,5.0,3,5,4,6,3,3,3,2,0,4,EQUIPMENT - VEHICLE CONDITION,2,2,0.0,0.0,0.0,0.0,0.0,5.0,22,7,6,06/15/2024,2024-06-15,22:52:00
06/09/2024 01:40:00 PM,7.0,3,2,6,6,3,3,3,2,1,4,FAILING TO YIELD RIGHT-OF-WAY,2,2,0.0,0.0,0.0,0.0,0.0,2.0,13,1,6,06/09/2024,2024-06-09,13:40:00
06/20/2024 04:57:00 PM,5.0,3,2,3,10,3,3,3,2,1,4,FOLLOWING TOO CLOSELY,2,2,0.0,0.0,0.0,0.0,0.0,4.0,16,5,6,06/20/2024,2024-06-20,16:57:00
08/06/2024 01:33:00 PM,3.0,3,2,3,6,3,3,3,3,1,4,IMPROPER LANE USAGE,2,5,2.0,0.0,2.0,0.0,0.0,4.0,13,3,8,08/06/2024,2024-08-06,13:33:00
07/10/2024 02:07:00 PM,5.0,3,2,6,5,3,3,3,3,1,4,FAILING TO YIELD RIGHT-OF-WAY,2,4,1.0,0.0,0.0,1.0,0.0,1.0,14,4,7,07/10/2024,2024-07-10,14:07:00
08/07/2024 04:20:00 PM,7.0,3,2,6,6,3,3,3,2,1,4,FAILING TO YIELD RIGHT-OF-WAY,2,2,0.0,0.0,0.0,0.0,0.0,2.0,16,4,8,08/07/2024,2024-08-07,16:20:00
01/08/2024 06:00:00 PM,3.0,3,3,6,6,3,3,3,2,0,4,UNABLE TO DETERMINE,2,2,0.0,0.0,0.0,0.0,0.0,2.0,18,2,1,01/08/2024,2024-01-08,18:00:00
05/01/2024 05:56:00 AM,5.0,3,2,6,1,3,3,3,2,1,4,FAILING TO YIELD RIGHT-OF-WAY,2,2,0.0,0.0,0.0,0.0,0.0,2.0,5,4,5,05/01/2024,2024-05-01,05:56:00
05/30/2024 03:15:00 PM,7.0,3,2,3,7,3,3,3,2,1,2,UNABLE TO DETERMINE,2,2,0.0,0.0,0.0,0.0,0.0,3.0,15,5,5,05/30/2024,2024-05-30,15:15:00
06/05/2024 05:25:00 PM,3.0,3,2,6,4,3,3,3,2,1,3,FAILING TO YIELD RIGHT-OF-WAY,2,2,0.0,0.0,0.0,0.0,0.0,2.0,17,4,6,06/05/2024,2024-06-05,17:25:00
03/30/2024 03:00:00 PM,5.0,3,2,4,9,3,1,1,2,1,4,UNABLE TO DETERMINE,2,2,0.0,0.0,0.0,0.0,0.0,2.0,15,7,3,03/30/2024,2024-03-30,15:00:00
02/19/2024 03:45:00 PM,7.0,3,2,5,6,3,1,1,2,1,4,UNABLE TO DETERMINE,2,2,0.0,0.0,0.0,0.0,0.0,2.0,15,2,2,02/19/2024,2024-02-19,15:45:00
07/28/2024 06:45:00 PM,3.0,3,2,5,9,3,3,3,2,1,3,DISREGARDING STOP SIGN,2,2,0.0,0.0,0.0,0.0,0.0,3.0,18,1,7,07/28/2024,2024-07-28,18:45:00
08/05/2024 02:50:00 PM,7.0,3,2,5,1,3,3,3,2,1,3,"VISION OBSCURED (SIGNS, TREE LIMBS, BUILDINGS, ETC.)",2,2,0.0,0.0,0.0,0.0,0.0,3.0,14,2,8,08/05/2024,2024-08-05,14:50:00
04/26/2024 04:30:00 PM,7.0,5,2,5,5,3,4,3,3,1,4,DRIVING SKILLS/KNOWLEDGE/EXPERIENCE,2,2,0.0,0.0,0.0,0.0,0.0,2.0,16,6,4,04/26/2024,2024-04-26,16:30:00
04/15/2024 04:45:00 PM,7.0,3,2,5,6,3,3,1,2,1,4,NOT APPLICABLE,2,2,0.0,0.0,0.0,0.0,0.0,2.0,16,2,4,04/15/2024,2024-04-15,16:45:00
06/11/2024 10:15:00 AM,5.0,3,2,14,5,3,3,3,3,1,4,DISTRACTION - FROM INSIDE VEHICLE,2,4,1.0,0.0,0.0,1.0,0.0,4.0,10,3,6,06/11/2024,2024-06-11,10:15:00
04/19/2024 08:34:00 AM,5.0,3,2,6,12,3,3,3,3,1,3,"OPERATING VEHICLE IN ERRATIC, RECKLESS, CARELESS, NEGLIGENT OR AGGRESSIVE MANNER",2,2,0.0,0.0,0.0,0.0,0.0,2.0,8,6,4,04/19/2024,2024-04-19,08:34:00
05/26/2024 11:30:00 AM,5.0,5,2,4,6,3,5,3,2,1,4,FOLLOWING TOO CLOSELY,2,2,0.0,0.0,0.0,0.0,0.0,3.0,11,1,5,05/26/2024,2024-05-26,11:30:00
07/29/2024 02:59:00 PM,3.0,3,2,5,6,3,3,3,3,1,4,FAILING TO REDUCE SPEED TO AVOID CRASH,2,3,1.0,0.0,0.0,0.0,1.0,3.0,14,2,7,07/29/2024,2024-07-29,14:59:00
07/13/2024 06:05:00 AM,5.0,3,2,5,5,3,3,3,2,1,4,DISREGARDING OTHER TRAFFIC SIGNS,2,2,0.0,0.0,0.0,0.0,0.0,2.0,6,7,7,07/13/2024,2024-07-13,06:05:00
02/03/2024 08:25:00 PM,3.0,3,5,6,6,3,4,3,3,1,3,IMPROPER TURNING/NO SIGNAL,2,4,1.0,0.0,0.0,1.0,0.0,2.0,20,7,2,02/03/2024,2024-02-03,20:25:00
02/17/2024 09:30:00 PM,5.0,3,6,5,5,3,3,3,3,1,4,FAILING TO YIELD RIGHT-OF-WAY,2,3,1.0,0.0,0.0,0.0,1.0,2.0,21,7,2,02/17/2024,2024-02-17,21:30:00
04/25/2024 11:10:00 PM,7.0,3,5,6,4,3,3,3,2,1,3,UNABLE TO DETERMINE,2,2,0.0,0.0,0.0,0.0,0.0,3.0,23,5,4,04/25/2024,2024-04-25,23:10:00
07/13/2024 09:40:00 AM,5.0,3,2,3,6,3,3,3,2,1,2,IMPROPER OVERTAKING/PASSING,2,2,0.0,0.0,0.0,0.0,0.0,2.0,9,7,7,07/13/2024,2024-07-13,09:40:00
07/29/2024 11:40:00 PM,5.0,3,5,6,5,3,3,1,3,1,4,IMPROPER TURNING/NO SIGNAL,2,2,0.0,0.0,0.0,0.0,0.0,3.0,23,2,7,07/29/2024,2024-07-29,23:40:00
01/06/2024 12:20:00 PM,7.0,7,2,13,6,3,4,3,3,1,4,FAILING TO YIELD RIGHT-OF-WAY,2,5,1.0,0.0,1.0,0.0,0.0,2.0,12,7,1,01/06/2024,2024-01-06,12:20:00
04/09/2024 09:30:00 PM,1.0,3,4,5,6,3,3,1,2,1,3,NOT APPLICABLE,2,2,0.0,0.0,0.0,0.0,0.0,2.0,21,3,4,04/09/2024,2024-04-09,21:30:00
02/24/2024 02:27:00 AM,5.0,3,5,3,5,3,4,1,2,1,3,FOLLOWING TOO CLOSELY,2,2,0.0,0.0,0.0,0.0,0.0,2.0,2,7,2,02/24/2024,2024-02-24,02:27:00
03/09/2024 09:30:00 PM,7.0,3,2,11,6,3,3,3,2,1,4,UNABLE TO DETERMINE,2,2,0.0,0.0,0.0,0.0,0.0,1.0,21,7,3,03/09/2024,2024-03-09,21:30:00
07/17/2024 07:47:00 AM,5.0,3,2,6,5,3,3,3,3,1,3,FAILING TO YIELD RIGHT-OF-WAY,2,2,0.0,0.0,0.0,0.0,0.0,2.0,7,4,7,07/17/2024,2024-07-17,07:47:00
06/14/2024 12:39:00 PM,5.0,3,2,5,5,3,3,3,2,1,4,DISREGARDING TRAFFIC SIGNALS,2,2,0.0,0.0,0.0,0.0,0.0,3.0,12,6,6,06/14/2024,2024-06-14,12:39:00
03/11/2024 05:40:00 PM,5.0,3,2,6,5,3,3,1,2,1,4,IMPROPER TURNING/NO SIGNAL,2,2,0.0,0.0,0.0,0.0,0.0,2.0,17,2,3,03/11/2024,2024-03-11,17:40:00
05/17/2024 08:00:00 PM,5.0,3,5,4,6,3,1,1,2,1,4,FOLLOWING TOO CLOSELY,2,2,0.0,0.0,0.0,0.0,0.0,2.0,20,6,5,05/17/2024,2024-05-17,20:00:00
05/21/2024 03:50:00 PM,7.0,3,2,5,4,3,3,3,3,1,4,FAILING TO YIELD RIGHT-OF-WAY,2,4,1.0,0.0,0.0,1.0,0.0,3.0,15,3,5,05/21/2024,2024-05-21,15:50:00
01/02/2024 01:35:00 PM,5.0,3,2,5,5,3,3,3,3,1,4,DISREGARDING TRAFFIC SIGNALS,2,4,1.0,0.0,0.0,1.0,0.0,1.0,13,3,1,01/02/2024,2024-01-02,13:35:00
06/21/2024 02:25:00 PM,7.0,3,2,2,5,3,3,3,3,1,4,DISREGARDING STOP SIGN,2,4,1.0,0.0,0.0,1.0,0.0,2.0,14,6,6,06/21/2024,2024-06-21,14:25:00
07/08/2024 07:36:00 AM,3.0,3,2,5,16,3,4,3,2,1,2,UNABLE TO DETERMINE,2,2,0.0,0.0,0.0,0.0,0.0,2.0,7,2,7,07/08/2024,2024-07-08,07:36:00
03/16/2024 03:42:00 PM,5.0,3,2,4,5,3,3,1,2,1,4,UNABLE TO DETERMINE,2,2,0.0,0.0,0.0,0.0,0.0,3.0,15,7,3,03/16/2024,2024-03-16,15:42:00
04/26/2024 11:15:00 AM,5.0,3,5,10,6,3,4,3,2,1,4,UNABLE TO DETERMINE,2,2,0.0,0.0,0.0,0.0,0.0,2.0,11,6,4,04/26/2024,2024-04-26,11:15:00
05/28/2024 08:45:00 AM,3.0,3,2,6,6,3,3,3,3,1,4,IMPROPER OVERTAKING/PASSING,2,4,2.0,0.0,0.0,2.0,0.0,8.0,8,3,5,05/28/2024,2024-05-28,08:45:00
08/06/2024 11:23:00 AM,7.0,4,2,5,5,3,3,3,3,1,4,"VISION OBSCURED (SIGNS, TREE LIMBS, BUILDINGS, ETC.)",2,4,2.0,0.0,0.0,1.0,1.0,1.0,11,3,8,08/06/2024,2024-08-06,11:23:00
02/18/2024 11:12:00 PM,5.0,3,5,4,5,3,3,3,2,1,2,DRIVING SKILLS/KNOWLEDGE/EXPERIENCE,2,2,0.0,0.0,0.0,0.0,0.0,4.0,23,1,2,02/18/2024,2024-02-18,23:12:00
01/21/2024 02:50:00 AM,3.0,3,5,6,5,3,3,3,3,1,4,FAILING TO YIELD RIGHT-OF-WAY,2,2,0.0,0.0,0.0,0.0,0.0,7.0,2,1,1,01/21/2024,2024-01-21,02:50:00
05/08/2024 04:10:00 PM,7.0,3,2,11,5,3,3,1,2,1,4,DISREGARDING STOP SIGN,2,2,0.0,0.0,0.0,0.0,0.0,1.0,16,4,5,05/08/2024,2024-05-08,16:10:00
07/23/2024 10:30:00 AM,5.0,3,2,14,5,3,3,3,3,1,2,DRIVING SKILLS/KNOWLEDGE/EXPERIENCE,2,4,1.0,0.0,0.0,1.0,0.0,1.0,10,3,7,07/23/2024,2024-07-23,10:30:00
01/30/2024 03:46:00 PM,7.0,3,2,6,6,3,3,1,3,1,4,UNABLE TO DETERMINE,2,3,2.0,0.0,0.0,0.0,2.0,1.0,15,3,1,01/30/2024,2024-01-30,15:46:00
08/13/2024 12:26:00 PM,5.0,3,2,6,4,3,3,1,2,1,4,UNABLE TO DETERMINE,2,2,0.0,0.0,0.0,0.0,0.0,2.0,12,3,8,08/13/2024,2024-08-13,12:26:00
05/28/2024 07:37:00 PM,5.0,3,2,6,6,3,4,3,2,1,3,IMPROPER TURNING/NO SIGNAL,2,2,0.0,0.0,0.0,0.0,0.0,2.0,19,3,5,05/28/2024,2024-05-28,19:37:00
03/26/2024 05:32:00 PM,5.0,5,2,6,12,3,4,3,3,1,4,UNABLE TO DETERMINE,2,2,0.0,0.0,0.0,0.0,0.0,5.0,17,3,3,03/26/2024,2024-03-26,17:32:00
02/06/2024 05:10:00 PM,5.0,3,2,3,4,3,3,3,2,0,4,UNABLE TO DETERMINE,2,2,0.0,0.0,0.0,0.0,0.0,2.0,17,3,2,02/06/2024,2024-02-06,17:10:00
02/29/2024 07:58:00 AM,5.0,3,2,8,2,3,3,3,2,1,4,IMPROPER BACKING,2,2,0.0,0.0,0.0,0.0,0.0,3.0,7,5,2,02/29/2024,2024-02-29,07:58:00
05/03/2024 06:00:00 PM,1.0,3,2,6,5,3,3,3,2,1,4,FAILING TO YIELD RIGHT-OF-WAY,2,2,0.0,0.0,0.0,0.0,0.0,2.0,18,6,5,05/03/2024,2024-05-03,18:00:00
01/08/2024 06:00:00 AM,5.0,3,6,4,6,3,3,3,2,1,4,FOLLOWING TOO CLOSELY,2,2,0.0,0.0,0.0,0.0,0.0,2.0,6,2,1,01/08/2024,2024-01-08,06:00:00
02/18/2024 10:20:00 PM,5.0,3,5,6,5,3,3,3,3,1,4,IMPROPER TURNING/NO SIGNAL,2,4,2.0,0.0,0.0,2.0,0.0,2.0,22,1,2,02/18/2024,2024-02-18,22:20:00
02/23/2024 05:06:00 PM,7.0,10,4,5,7,3,4,1,2,1,4,UNABLE TO DETERMINE,2,2,0.0,0.0,0.0,0.0,0.0,2.0,17,6,2,02/23/2024,2024-02-23,17:06:00
01/11/2024 03:12:00 PM,5.0,3,2,3,5,3,3,3,2,1,4,FAILING TO YIELD RIGHT-OF-WAY,2,2,0.0,0.0,0.0,0.0,0.0,3.0,15,5,1,01/11/2024,2024-01-11,15:12:00
08/10/2024 02:10:00 PM,5.0,3,2,6,5,3,3,3,3,1,4,DRIVING SKILLS/KNOWLEDGE/EXPERIENCE,2,2,0.0,0.0,0.0,0.0,0.0,2.0,14,7,8,08/10/2024,2024-08-10,14:10:00
02/24/2024 07:22:00 PM,5.0,3,5,6,6,3,3,3,2,1,4,DISTRACTION - FROM INSIDE VEHICLE,2,2,0.0,0.0,0.0,0.0,0.0,5.0,19,7,2,02/24/2024,2024-02-24,19:22:00
06/06/2024 06:45:00 AM,5.0,3,2,6,6,3,3,3,3,1,4,UNABLE TO DETERMINE,2,2,0.0,0.0,0.0,0.0,0.0,2.0,6,5,6,06/06/2024,2024-06-06,06:45:00
07/27/2024 02:00:00 PM,7.0,3,2,6,6,3,3,3,3,1,4,UNABLE TO DETERMINE,2,4,2.0,0.0,0.0,1.0,1.0,0.0,14,7,7,07/27/2024,2024-07-27,14:00:00
05/23/2024 11:20:00 PM,7.0,3,5,5,6,3,3,1,3,0,4,UNABLE TO DETERMINE,2,4,1.0,0.0,0.0,1.0,0.0,2.0,23,5,5,05/23/2024,2024-05-23,23:20:00
08/08/2024 04:40:00 PM,5.0,3,2,5,5,3,3,3,3,1,4,UNABLE TO DETERMINE,2,2,0.0,0.0,0.0,0.0,0.0,2.0,16,5,8,08/08/2024,2024-08-08,16:40:00
01/31/2024 08:05:00 PM,3.0,3,5,10,5,3,3,3,3,1,3,FOLLOWING TOO CLOSELY,2,3,1.0,0.0,0.0,0.0,1.0,2.0,20,4,1,01/31/2024,2024-01-31,20:05:00
07/29/2024 08:00:00 PM,5.0,3,4,10,1,4,1,1,3,1,4,DISREGARDING TRAFFIC SIGNALS,2,5,1.0,0.0,1.0,0.0,0.0,1.0,20,2,7,07/29/2024,2024-07-29,20:00:00
01/13/2024 11:40:00 AM,5.0,4,2,6,5,6,4,3,2,1,4,FAILING TO YIELD RIGHT-OF-WAY,2,2,0.0,0.0,0.0,0.0,0.0,4.0,11,7,1,01/13/2024,2024-01-13,11:40:00
07/08/2024 06:33:00 PM,7.0,3,2,6,4,3,3,3,3,1,4,FAILING TO REDUCE SPEED TO AVOID CRASH,2,4,1.0,0.0,0.0,1.0,0.0,1.0,18,2,7,07/08/2024,2024-07-08,18:33:00
02/10/2024 05:50:00 PM,7.0,3,5,13,6,3,3,3,2,1,2,UNABLE TO DETERMINE,2,2,0.0,0.0,0.0,0.0,0.0,2.0,17,7,2,02/10/2024,2024-02-10,17:50:00
03/14/2024 06:00:00 AM,5.0,5,4,13,6,3,1,1,3,1,2,UNABLE TO DETERMINE,2,3,1.0,0.0,0.0,0.0,1.0,1.0,6,5,3,03/14/2024,2024-03-14,06:00:00
03/10/2024 10:10:00 AM,5.0,3,2,4,4,3,3,3,2,1,4,DRIVING SKILLS/KNOWLEDGE/EXPERIENCE,2,2,0.0,0.0,0.0,0.0,0.0,2.0,10,1,3,03/10/2024,2024-03-10,10:10:00
03/05/2024 08:00:00 AM,3.0,5,2,9,6,3,4,3,3,0,4,UNABLE TO DETERMINE,2,4,1.0,0.0,0.0,1.0,0.0,1.0,8,3,3,03/05/2024,2024-03-05,08:00:00
06/21/2024 07:45:00 AM,5.0,3,2,4,6,3,3,3,2,1,4,FOLLOWING TOO CLOSELY,2,2,0.0,0.0,0.0,0.0,0.0,2.0,7,6,6,06/21/2024,2024-06-21,07:45:00
01/15/2024 07:45:00 PM,1.0,3,5,4,6,3,1,1,2,1,4,UNABLE TO DETERMINE,2,2,0.0,0.0,0.0,0.0,0.0,2.0,19,2,1,01/15/2024,2024-01-15,19:45:00
04/29/2024 03:27:00 PM,5.0,5,2,4,4,3,4,1,2,0,4,FOLLOWING TOO CLOSELY,2,2,0.0,0.0,0.0,0.0,0.0,2.0,15,2,4,04/29/2024,2024-04-29,15:27:00
02/16/2024 11:54:00 AM,1.0,3,2,6,5,3,1,1,2,1,4,UNABLE TO DETERMINE,2,2,0.0,0.0,0.0,0.0,0.0,2.0,11,6,2,02/16/2024,2024-02-16,11:54:00
07/10/2024 04:12:00 PM,5.0,3,2,4,6,3,3,3,3,1,4,NOT APPLICABLE,2,3,1.0,0.0,0.0,0.0,1.0,1.0,16,4,7,07/10/2024,2024-07-10,16:12:00
06/11/2024 05:10:00 PM,5.0,3,2,5,4,3,1,1,2,1,4,UNABLE TO DETERMINE,2,2,0.0,0.0,0.0,0.0,0.0,2.0,17,3,6,06/11/2024,2024-06-11,17:10:00
05/28/2024 09:20:00 AM,5.0,3,2,13,6,3,3,3,2,1,2,FAILING TO YIELD RIGHT-OF-WAY,2,2,0.0,0.0,0.0,0.0,0.0,2.0,9,3,5,05/28/2024,2024-05-28,09:20:00
03/07/2024 02:30:00 PM,7.0,3,2,6,5,3,3,3,2,1,4,UNABLE TO DETERMINE,2,2,0.0,0.0,0.0,0.0,0.0,2.0,14,5,3,03/07/2024,2024-03-07,14:30:00
07/16/2024 05:31:00 PM,7.0,3,2,5,5,3,3,3,3,1,4,UNABLE TO DETERMINE,2,2,0.0,0.0,0.0,0.0,0.0,2.0,17,3,7,07/16/2024,2024-07-16,17:31:00
07/06/2024 02:02:00 PM,5.0,3,2,6,5,3,3,3,3,1,4,FAILING TO YIELD RIGHT-OF-WAY,2,2,0.0,0.0,0.0,0.0,0.0,2.0,14,7,7,07/06/2024,2024-07-06,14:02:00
04/28/2024 03:06:00 AM,5.0,5,5,5,5,3,4,3,3,1,4,DISREGARDING TRAFFIC SIGNALS,2,4,1.0,0.0,0.0,1.0,0.0,2.0,3,1,4,04/28/2024,2024-04-28,03:06:00
02/28/2024 09:00:00 PM,7.0,3,6,5,5,3,1,1,2,1,4,UNABLE TO DETERMINE,2,2,0.0,0.0,0.0,0.0,0.0,2.0,21,4,2,02/28/2024,2024-02-28,21:00:00
01/28/2024 08:00:00 PM,7.0,3,5,3,6,4,3,3,3,1,4,FAILING TO YIELD RIGHT-OF-WAY,2,4,1.0,0.0,0.0,1.0,0.0,3.0,20,1,1,01/28/2024,2024-01-28,20:00:00
06/22/2024 02:39:00 PM,7.0,3,2,13,5,3,3,3,3,1,2,UNABLE TO DETERMINE,2,4,1.0,0.0,0.0,1.0,0.0,1.0,14,7,6,06/22/2024,2024-06-22,14:39:00
06/03/2024 10:15:00 PM,5.0,3,6,6,5,3,3,3,2,1,4,FAILING TO REDUCE SPEED TO AVOID CRASH,2,2,0.0,0.0,0.0,0.0,0.0,3.0,22,2,6,06/03/2024,2024-06-03,22:15:00
05/22/2024 02:45:00 PM,5.0,3,2,6,5,3,3,1,2,1,4,IMPROPER TURNING/NO SIGNAL,2,2,0.0,0.0,0.0,0.0,0.0,3.0,14,4,5,05/22/2024,2024-05-22,14:45:00
04/22/2024 07:30:00 PM,5.0,3,2,4,5,3,1,1,2,1,4,DRIVING SKILLS/KNOWLEDGE/EXPERIENCE,2,2,0.0,0.0,0.0,0.0,0.0,2.0,19,2,4,04/22/2024,2024-04-22,19:30:00
08/11/2024 04:00:00 PM,5.0,3,2,6,5,3,3,1,2,1,4,FAILING TO YIELD RIGHT-OF-WAY,2,2,0.0,0.0,0.0,0.0,0.0,2.0,16,1,8,08/11/2024,2024-08-11,16:00:00
07/06/2024 06:10:00 PM,5.0,3,2,3,6,3,3,3,2,1,3,UNABLE TO DETERMINE,2,2,0.0,0.0,0.0,0.0,0.0,2.0,18,7,7,07/06/2024,2024-07-06,18:10:00
01/23/2024 01:00:00 PM,3.0,3,2,5,7,3,4,3,2,1,4,UNABLE TO DETERMINE,2,2,0.0,0.0,0.0,0.0,0.0,3.0,13,3,1,01/23/2024,2024-01-23,13:00:00
02/21/2024 04:05:00 PM,5.0,3,2,4,4,3,3,3,2,0,4,FOLLOWING TOO CLOSELY,2,2,0.0,0.0,0.0,0.0,0.0,2.0,16,4,2,02/21/2024,2024-02-21,16:05:00
01/01/2024 09:45:00 AM,5.0,3,2,14,6,3,3,1,2,1,3,FAILING TO YIELD RIGHT-OF-WAY,2,2,0.0,0.0,0.0,0.0,0.0,2.0,9,2,1,01/01/2024,2024-01-01,09:45:00
07/31/2024 05:50:00 PM,5.0,3,2,3,6,3,3,3,2,1,4,IMPROPER LANE USAGE,2,2,0.0,0.0,0.0,0.0,0.0,2.0,17,4,7,07/31/2024,2024-07-31,17:50:00
04/27/2024 09:10:00 AM,5.0,3,2,6,5,3,3,3,2,1,4,DRIVING SKILLS/KNOWLEDGE/EXPERIENCE,2,2,0.0,0.0,0.0,0.0,0.0,2.0,9,7,4,04/27/2024,2024-04-27,09:10:00
04/21/2024 01:40:00 PM,7.0,3,2,6,6,3,3,3,3,1,4,FAILING TO YIELD RIGHT-OF-WAY,2,2,0.0,0.0,0.0,0.0,0.0,7.0,13,1,4,04/21/2024,2024-04-21,13:40:00