crash_date,traffic_control_device,weather_condition,lighting_condition,first_crash_type,trafficway_type,alignment,roadway_surface_cond,road_defect,crash_type,intersection_related_i,damage,prim_contributory_cause,num_units,most_severe_injury,injuries_total,injuries_fatal,injuries_incapacitating,injuries_non_incapacitating,injuries_reported_not_evident,injuries_no_indication,crash_hour,crash_day_of_week,crash_month,parsed_datetime,date,time
02/20/2024 09:15:00 AM,5.0,3,2,6,5,3,3,3,2,1,4,NOT APPLICABLE,2,2,0.0,0.0,0.0,0.0,0.0,2.0,9,3,2,02/20/2024,2024-02-20,09:15:00
07/13/2024 04:15:00 AM,5.0,3,3,5,6,3,3,1,3,1,4,DISREGARDING TRAFFIC SIGNALS,2,4,2.0,0.0,0.0,1.0,1.0,1.0,4,7,7,07/13/2024,2024-07-13,04:15:00
06/06/2024 01:02:00 PM,3.0,3,2,6,9,3,3,5,3,1,4,UNABLE TO DETERMINE,2,3,1.0,0.0,0.0,0.0,1.0,2.0,13,5,6,06/06/2024,2024-06-06,13:02:00
06/26/2024 08:20:00 AM,7.0,9,2,5,5,3,3,3,3,1,4,FAILING TO YIELD RIGHT-OF-WAY,2,2,0.0,0.0,0.0,0.0,0.0,2.0,8,4,6,06/26/2024,2024-06-26,08:20:00
03/26/2024 04:49:00 PM,5.0,3,2,6,6,3,3,3,2,1,4,IMPROPER TURNING/NO SIGNAL,2,2,0.0,0.0,0.0,0.0,0.0,2.0,16,3,3,03/26/2024,2024-03-26,16:49:00
02/23/2024 11:00:00 PM,7.0,8,5,4,7,3,6,3,2,1,3,UNABLE TO DETERMINE,2,2,0.0,0.0,0.0,0.0,0.0,2.0,23,6,2,02/23/2024,2024-02-23,23:00:00
06/22/2024 06:23:00 AM,5.0,3,2,3,3,3,3,1,2,1,4,UNABLE TO DETERMINE,2,2,0.0,0.0,0.0,0.0,0.0,5.0,6,7,6,06/22/2024,2024-06-22,06:23:00
06/20/2024 02:20:00 PM,5.0,3,2,3,6,3,3,3,2,1,4,FAILING TO YIELD RIGHT-OF-WAY,2,2,0.0,0.0,0.0,0.0,0.0,6.0,14,5,6,06/20/2024,2024-06-20,14:20:00
05/09/2024 12:23:00 AM,5.0,3,6,5,5,3,3,3,3,1,4,DISREGARDING TRAFFIC SIGNALS,2,4,2.0,0.0,0.0,1.0,1.0,3.0,0,5,5,05/09/2024,2024-05-09,00:23:00
04/09/2024 03:10:00 PM,5.0,3,2,5,5,3,3,3,3,1,4,DISREGARDING TRAFFIC SIGNALS,2,2,0.0,0.0,0.0,0.0,0.0,2.0,15,3,4,04/09/2024,2024-04-09,15:10:00
07/11/2024 12:25:00 AM,5.0,3,5,3,5,3,3,3,2,1,2,IMPROPER OVERTAKING/PASSING,2,2,0.0,0.0,0.0,0.0,0.0,2.0,0,5,7,07/11/2024,2024-07-11,00:25:00
01/02/2024 11:01:00 PM,5.0,3,5,6,1,3,3,3,2,1,4,FOLLOWING TOO CLOSELY,2,2,0.0,0.0,0.0,0.0,0.0,2.0,23,3,1,01/02/2024,2024-01-02,23:01:00
01/07/2024 05:00:00 AM,5.0,6,5,3,4,3,5,3,2,1,4,IMPROPER LANE USAGE,2,2,0.0,0.0,0.0,0.0,0.0,3.0,5,1,1,01/07/2024,2024-01-07,05:00:00
06/09/2024 01:50:00 PM,3.0,3,2,3,6,3,3,2,2,1,4,FAILING TO YIELD RIGHT-OF-WAY,2,2,0.0,0.0,0.0,0.0,0.0,2.0,13,1,6,06/09/2024,2024-06-09,13:50:00
04/23/2024 06:30:00 PM,3.0,3,2,5,5,3,3,1,2,1,4,UNABLE TO DETERMINE,2,2,0.0,0.0,0.0,0.0,0.0,2.0,18,3,4,04/23/2024,2024-04-23,18:30:00
03/08/2024 10:50:00 AM,5.0,5,2,5,5,3,4,1,3,1,4,FAILING TO YIELD RIGHT-OF-WAY,2,3,1.0,0.0,0.0,0.0,1.0,1.0,10,6,3,03/08/2024,2024-03-08,10:50:00
07/19/2024 11:40:00 AM,1.0,3,2,3,10,3,1,1,2,1,4,IMPROPER OVERTAKING/PASSING,2,2,0.0,0.0,0.0,0.0,0.0,2.0,11,6,7,07/19/2024,2024-07-19,11:40:00
04/23/2024 05:30:00 PM,3.0,4,2,11,10,3,3,3,2,0,2,FAILING TO REDUCE SPEED TO AVOID CRASH,2,2,0.0,0.0,0.0,0.0,0.0,1.0,17,3,4,04/23/2024,2024-04-23,17:30:00
07/23/2024 07:30:00 PM,6.0,5,4,13,3,3,4,3,3,1,2,WEATHER,2,3,1.0,0.0,0.0,0.0,1.0,2.0,19,3,7,07/23/2024,2024-07-23,19:30:00
01/19/2024 11:05:00 PM,5.0,3,5,4,6,3,3,3,2,0,4,FOLLOWING TOO CLOSELY,2,2,0.0,0.0,0.0,0.0,0.0,3.0,23,6,1,01/19/2024,2024-01-19,23:05:00
06/18/2024 02:45:00 PM,5.0,3,2,4,5,3,3,3,2,1,4,UNABLE TO DETERMINE,2,2,0.0,0.0,0.0,0.0,0.0,2.0,14,3,6,06/18/2024,2024-06-18,14:45:00
05/05/2024 12:46:00 AM,5.0,3,5,5,5,3,3,3,3,1,4,"OPERATING VEHICLE IN ERRATIC, RECKLESS, CARELESS, NEGLIGENT OR AGGRESSIVE MANNER",2,4,1.0,0.0,0.0,1.0,0.0,2.0,0,1,5,05/05/2024,2024-05-05,00:46:00
06/29/2024 07:20:00 PM,1.0,3,2,13,1,3,1,1,3,1,2,UNABLE TO DETERMINE,2,4,1.0,0.0,0.0,1.0,0.0,1.0,19,7,6,06/29/2024,2024-06-29,19:20:00
05/22/2024 10:45:00 AM,1.0,3,2,4,1,3,1,1,2,1,4,UNABLE TO DETERMINE,2,2,0.0,0.0,0.0,0.0,0.0,2.0,10,4,5,05/22/2024,2024-05-22,10:45:00
07/05/2024 03:09:00 AM,5.0,3,5,5,5,3,3,3,3,1,4,UNABLE TO DETERMINE,2,3,1.0,0.0,0.0,0.0,1.0,1.0,3,6,7,07/05/2024,2024-07-05,03:09:00
06/04/2024 01:11:00 AM,5.0,3,5,5,5,3,3,3,3,1,4,DISREGARDING TRAFFIC SIGNALS,2,3,2.0,0.0,0.0,0.0,2.0,6.0,1,3,6,06/04/2024,2024-06-04,01:11:00
02/12/2024 06:30:00 PM,5.0,3,5,6,5,3,3,3,2,1,4,IMPROPER TURNING/NO SIGNAL,2,2,0.0,0.0,0.0,0.0,0.0,2.0,18,2,2,02/12/2024,2024-02-12,18:30:00
05/17/2024 07:29:00 PM,5.0,3,2,5,6,3,3,3,3,1,4,DISREGARDING TRAFFIC SIGNALS,2,2,0.0,0.0,0.0,0.0,0.0,5.0,19,6,5,05/17/2024,2024-05-17,19:29:00
06/12/2024 06:26:00 AM,4.0,3,2,5,2,3,3,3,2,1,4,UNABLE TO DETERMINE,2,2,0.0,0.0,0.0,0.0,0.0,2.0,6,4,6,06/12/2024,2024-06-12,06:26:00
08/13/2024 11:45:00 AM,7.0,3,2,5,6,3,3,3,2,1,4,UNABLE TO DETERMINE,2,2,0.0,0.0,0.0,0.0,0.0,3.0,11,3,8,08/13/2024,2024-08-13,11:45:00
04/05/2024 06:44:00 PM,5.0,3,2,6,4,3,3,3,2,1,4,UNABLE TO DETERMINE,2,2,0.0,0.0,0.0,0.0,0.0,2.0,18,6,4,04/05/2024,2024-04-05,18:44:00
04/21/2024 12:45:00 PM,7.0,3,2,6,6,3,3,3,3,1,4,UNABLE TO DETERMINE,2,2,0.0,0.0,0.0,0.0,0.0,2.0,12,1,4,04/21/2024,2024-04-21,12:45:00
08/13/2024 01:10:00 PM,16.0,3,2,11,3,3,3,3,3,1,4,CELL PHONE USE OTHER THAN TEXTING,2,2,0.0,0.0,0.0,0.0,0.0,1.0,13,3,8,08/13/2024,2024-08-13,13:10:00
01/25/2024 04:30:00 PM,7.0,3,2,6,6,3,4,3,2,1,4,UNABLE TO DETERMINE,2,2,0.0,0.0,0.0,0.0,0.0,2.0,16,5,1,01/25/2024,2024-01-25,16:30:00
04/19/2024 07:00:00 PM,5.0,3,4,13,5,3,3,3,3,1,2,UNABLE TO DETERMINE,2,3,1.0,0.0,0.0,0.0,1.0,1.0,19,6,4,04/19/2024,2024-04-19,19:00:00
01/07/2024 12:00:00 PM,7.0,4,2,5,4,3,3,3,3,1,4,FAILING TO YIELD RIGHT-OF-WAY,2,4,1.0,0.0,0.0,1.0,0.0,3.0,12,1,1,01/07/2024,2024-01-07,12:00:00
02/19/2024 05:40:00 AM,5.0,3,5,14,6,3,3,3,3,1,2,UNABLE TO DETERMINE,2,4,1.0,0.0,0.0,1.0,0.0,1.0,5,2,2,02/19/2024,2024-02-19,05:40:00
06/02/2024 11:25:00 PM,5.0,3,5,14,5,3,3,1,3,1,4,UNABLE TO DETERMINE,2,4,1.0,0.0,0.0,1.0,0.0,1.0,23,1,6,06/02/2024,2024-06-02,23:25:00
04/09/2024 08:50:00 AM,7.0,3,2,13,8,3,3,1,3,1,2,FAILING TO YIELD RIGHT-OF-WAY,2,4,1.0,0.0,0.0,1.0,0.0,1.0,8,3,4,04/09/2024,2024-04-09,08:50:00
01/04/2024 07:00:00 PM,3.0,3,5,6,6,3,3,3,2,0,4,IMPROPER TURNING/NO SIGNAL,2,2,0.0,0.0,0.0,0.0,0.0,2.0,19,5,1,01/04/2024,2024-01-04,19:00:00
07/14/2024 02:23:00 AM,5.0,5,5,6,5,3,4,3,3,1,4,FAILING TO YIELD RIGHT-OF-WAY,2,4,2.0,0.0,0.0,2.0,0.0,1.0,2,1,7,07/14/2024,2024-07-14,02:23:00
03/22/2024 01:08:00 PM,1.0,4,2,4,5,3,1,1,3,1,2,UNABLE TO DETERMINE,2,3,1.0,0.0,0.0,0.0,1.0,1.0,13,6,3,03/22/2024,2024-03-22,13:08:00
06/27/2024 07:40:00 PM,7.0,3,2,6,6,3,3,3,2,1,3,FAILING TO YIELD RIGHT-OF-WAY,2,2,0.0,0.0,0.0,0.0,0.0,2.0,19,5,6,06/27/2024,2024-06-27,19:40:00
01/16/2024 07:11:00 PM,5.0,3,5,6,6,3,3,3,3,1,4,NOT APPLICABLE,2,3,1.0,0.0,0.0,0.0,1.0,1.0,19,3,1,01/16/2024,2024-01-16,19:11:00
07/21/2024 04:40:00 AM,5.0,3,6,5,3,3,3,3,3,1,4,UNABLE TO DETERMINE,2,4,2.0,0.0,0.0,1.0,1.0,0.0,4,1,7,07/21/2024,2024-07-21,04:40:00
05/24/2024 11:00:00 PM,5.0,3,6,5,5,3,3,1,3,1,4,DISREGARDING TRAFFIC SIGNALS,2,4,1.0,0.0,0.0,1.0,0.0,1.0,23,6,5,05/24/2024,2024-05-24,23:00:00
07/29/2024 06:00:00 PM,5.0,3,2,6,5,3,1,1,2,1,4,FAILING TO REDUCE SPEED TO AVOID CRASH,2,2,0.0,0.0,0.0,0.0,0.0,2.0,18,2,7,07/29/2024,2024-07-29,18:00:00
05/28/2024 10:48:00 AM,7.0,3,2,13,7,3,3,1,3,1,4,UNABLE TO DETERMINE,2,5,1.0,0.0,1.0,0.0,0.0,1.0,10,3,5,05/28/2024,2024-05-28,10:48:00
03/12/2024 08:30:00 PM,5.0,3,5,3,6,3,3,1,2,1,2,IMPROPER TURNING/NO SIGNAL,2,2,0.0,0.0,0.0,0.0,0.0,2.0,20,3,3,03/12/2024,2024-03-12,20:30:00
08/02/2024 05:35:00 PM,5.0,3,2,6,5,3,3,3,2,1,4,IMPROPER LANE USAGE,2,2,0.0,0.0,0.0,0.0,0.0,2.0,17,6,8,08/02/2024,2024-08-02,17:35:00
06/21/2024 02:15:00 PM,5.0,3,2,4,4,3,3,3,2,1,4,FOLLOWING TOO CLOSELY,2,2,0.0,0.0,0.0,0.0,0.0,2.0,14,6,6,06/21/2024,2024-06-21,14:15:00
04/29/2024 03:30:00 PM,1.0,3,2,6,5,3,1,1,2,1,4,UNABLE TO DETERMINE,2,2,0.0,0.0,0.0,0.0,0.0,2.0,15,2,4,04/29/2024,2024-04-29,15:30:00
07/30/2024 12:30:00 PM,5.0,3,2,6,5,3,3,3,2,1,4,DISREGARDING TRAFFIC SIGNALS,2,2,0.0,0.0,0.0,0.0,0.0,2.0,12,3,7,07/30/2024,2024-07-30,12:30:00
04/16/2024 04:30:00 PM,5.0,4,2,14,5,3,3,3,3,1,4,UNABLE TO DETERMINE,2,4,1.0,0.0,0.0,1.0,0.0,1.0,16,3,4,04/16/2024,2024-04-16,16:30:00
06/18/2024 04:50:00 PM,5.0,3,2,4,4,3,3,1,2,1,3,FOLLOWING TOO CLOSELY,2,2,0.0,0.0,0.0,0.0,0.0,2.0,16,3,6,06/18/2024,2024-06-18,16:50:00
05/18/2024 06:00:00 PM,3.0,3,5,6,6,3,3,3,3,1,4,IMPROPER LANE USAGE,2,2,0.0,0.0,0.0,0.0,0.0,2.0,18,7,5,05/18/2024,2024-05-18,18:00:00
05/22/2024 10:20:00 PM,7.0,3,5,5,5,3,3,3,2,1,3,FAILING TO YIELD RIGHT-OF-WAY,2,2,0.0,0.0,0.0,0.0,0.0,2.0,22,4,5,05/22/2024,2024-05-22,22:20:00
04/04/2024 03:47:00 PM,7.0,3,2,3,5,3,4,3,2,1,3,UNABLE TO DETERMINE,2,2,0.0,0.0,0.0,0.0,0.0,2.0,15,5,4,04/04/2024,2024-04-04,15:47:00
03/01/2024 11:20:00 AM,5.0,3,2,6,12,3,1,1,2,1,3,IMPROPER TURNING/NO SIGNAL,2,2,0.0,0.0,0.0,0.0,0.0,2.0,11,6,3,03/01/2024,2024-03-01,11:20:00
05/25/2024 04:05:00 PM,7.0,3,2,6,7,5,3,3,2,1,4,FAILING TO YIELD RIGHT-OF-WAY,2,2,0.0,0.0,0.0,0.0,0.0,3.0,16,7,5,05/25/2024,2024-05-25,16:05:00
06/04/2024 01:09:00 PM,7.0,3,2,5,5,3,3,3,3,1,4,FAILING TO YIELD RIGHT-OF-WAY,2,2,0.0,0.0,0.0,0.0,0.0,5.0,13,3,6,06/04/2024,2024-06-04,13:09:00
03/03/2024 12:15:00 PM,5.0,3,2,6,3,3,3,3,3,1,4,FAILING TO YIELD RIGHT-OF-WAY,2,2,0.0,0.0,0.0,0.0,0.0,2.0,12,1,3,03/03/2024,2024-03-03,12:15:00
02/07/2024 08:20:00 AM,3.0,3,2,4,6,3,3,3,3,0,4,FAILING TO REDUCE SPEED TO AVOID CRASH,2,3,1.0,0.0,0.0,0.0,1.0,1.0,8,4,2,02/07/2024,2024-02-07,08:20:00
06/22/2024 01:00:00 PM,1.0,3,2,3,4,3,3,1,2,1,3,IMPROPER OVERTAKING/PASSING,2,2,0.0,0.0,0.0,0.0,0.0,2.0,13,7,6,06/22/2024,2024-06-22,13:00:00
08/05/2024 12:28:00 PM,5.0,3,2,6,5,3,3,3,2,1,4,IMPROPER TURNING/NO SIGNAL,2,2,0.0,0.0,0.0,0.0,0.0,2.0,12,2,8,08/05/2024,2024-08-05,12:28:00
03/12/2024 03:50:00 PM,7.0,3,2,6,6,3,3,3,2,1,4,UNABLE TO DETERMINE,2,2,0.0,0.0,0.0,0.0,0.0,2.0,15,3,3,03/12/2024,2024-03-12,15:50:00
07/26/2024 05:49:00 PM,3.0,3,2,6,7,3,3,3,3,1,4,IMPROPER OVERTAKING/PASSING,2,2,0.0,0.0,0.0,0.0,0.0,2.0,17,6,7,07/26/2024,2024-07-26,17:49:00
03/23/2024 04:50:00 PM,7.0,3,2,5,5,3,3,3,3,1,4,FAILING TO YIELD RIGHT-OF-WAY,2,3,2.0,0.0,0.0,0.0,2.0,2.0,16,7,3,03/23/2024,2024-03-23,16:50:00
06/27/2024 11:21:00 AM,3.0,3,2,11,6,3,3,3,2,1,4,IMPROPER TURNING/NO SIGNAL,2,2,0.0,0.0,0.0,0.0,0.0,1.0,11,5,6,06/27/2024,2024-06-27,11:21:00
07/16/2024 03:15:00 PM,1.0,3,2,14,7,3,1,1,3,1,4,NOT APPLICABLE,2,3,1.0,0.0,0.0,0.0,1.0,1.0,15,3,7,07/16/2024,2024-07-16,15:15:00
06/19/2024 10:27:00 PM,5.0,3,5,5,1,3,3,3,2,1,4,DISREGARDING TRAFFIC SIGNALS,2,2,0.0,0.0,0.0,0.0,0.0,3.0,22,4,6,06/19/2024,2024-06-19,22:27:00
06/16/2024 05:15:00 PM,7.0,3,2,5,13,3,3,1,2,1,3,DISREGARDING STOP SIGN,2,2,0.0,0.0,0.0,0.0,0.0,2.0,17,1,6,06/16/2024,2024-06-16,17:15:00
05/13/2024 06:51:00 AM,7.0,3,2,2,10,3,3,3,3,1,4,EQUIPMENT - VEHICLE CONDITION,2,4,1.0,0.0,0.0,1.0,0.0,0.0,6,2,5,05/13/2024,2024-05-13,06:51:00
02/06/2024 11:46:00 PM,7.0,3,5,6,7,3,3,1,3,1,4,FAILING TO YIELD RIGHT-OF-WAY,2,2,0.0,0.0,0.0,0.0,0.0,5.0,23,3,2,02/06/2024,2024-02-06,23:46:00
03/12/2024 07:30:00 PM,5.0,3,5,4,5,3,3,3,2,1,4,UNABLE TO DETERMINE,2,2,0.0,0.0,0.0,0.0,0.0,3.0,19,3,3,03/12/2024,2024-03-12,19:30:00
03/11/2024 02:00:00 PM,3.0,3,2,4,10,3,3,3,2,0,2,IMPROPER BACKING,2,2,0.0,0.0,0.0,0.0,0.0,3.0,14,2,3,03/11/2024,2024-03-11,14:00:00
01/22/2024 01:15:00 AM,5.0,3,5,5,5,3,3,3,3,1,4,DISREGARDING TRAFFIC SIGNALS,2,2,0.0,0.0,0.0,0.0,0.0,5.0,1,2,1,01/22/2024,2024-01-22,01:15:00
05/19/2024 09:35:00 AM,3.0,3,2,6,6,3,3,3,3,1,4,UNABLE TO DETERMINE,2,5,1.0,0.0,1.0,0.0,0.0,2.0,9,1,5,05/19/2024,2024-05-19,09:35:00
05/23/2024 07:15:00 AM,5.0,3,2,6,5,3,3,3,2,1,3,UNABLE TO DETERMINE,2,2,0.0,0.0,0.0,0.0,0.0,2.0,7,5,5,05/23/2024,2024-05-23,07:15:00
08/01/2024 09:48:00 AM,7.0,4,2,5,5,3,3,1,3,1,4,FAILING TO YIELD RIGHT-OF-WAY,2,2,0.0,0.0,0.0,0.0,0.0,3.0,9,5,8,08/01/2024,2024-08-01,09:48:00
02/24/2024 08:00:00 PM,5.0,3,5,5,5,3,3,1,3,1,4,FAILING TO YIELD RIGHT-OF-WAY,2,4,2.0,0.0,0.0,2.0,0.0,0.0,20,7,2,02/24/2024,2024-02-24,20:00:00
05/11/2024 11:05:00 PM,3.0,3,5,4,6,3,3,3,3,1,4,FAILING TO REDUCE SPEED TO AVOID CRASH,2,2,0.0,0.0,0.0,0.0,0.0,3.0,23,7,5,05/11/2024,2024-05-11,23:05:00
07/07/2024 01:35:00 PM,7.0,3,2,6,10,3,3,3,2,1,4,UNABLE TO DETERMINE,2,2,0.0,0.0,0.0,0.0,0.0,2.0,13,1,7,07/07/2024,2024-07-07,13:35:00
03/14/2024 12:45:00 AM,5.0,3,5,6,10,3,3,3,2,1,4,IMPROPER OVERTAKING/PASSING,2,2,0.0,0.0,0.0,0.0,0.0,2.0,0,5,3,03/14/2024,2024-03-14,00:45:00
05/19/2024 08:30:00 AM,5.0,3,2,4,4,3,3,3,2,1,2,FOLLOWING TOO CLOSELY,2,2,0.0,0.0,0.0,0.0,0.0,2.0,8,1,5,05/19/2024,2024-05-19,08:30:00
03/03/2024 04:30:00 PM,5.0,3,2,3,6,3,3,3,2,1,2,IMPROPER OVERTAKING/PASSING,2,2,0.0,0.0,0.0,0.0,0.0,3.0,16,1,3,03/03/2024,2024-03-03,16:30:00
01/26/2024 11:41:00 AM,5.0,5,2,6,1,4,4,3,2,1,4,FAILING TO YIELD RIGHT-OF-WAY,2,2,0.0,0.0,0.0,0.0,0.0,3.0,11,6,1,01/26/2024,2024-01-26,11:41:00
04/30/2024 10:55:00 AM,5.0,3,2,5,6,3,3,3,3,1,4,DISREGARDING TRAFFIC SIGNALS,2,4,1.0,0.0,0.0,1.0,0.0,1.0,10,3,4,04/30/2024,2024-04-30,10:55:00
06/22/2024 11:30:00 PM,5.0,5,5,14,4,3,4,1,2,1,2,UNABLE TO DETERMINE,2,2,0.0,0.0,0.0,0.0,0.0,3.0,23,7,6,06/22/2024,2024-06-22,23:30:00
08/06/2024 12:30:00 PM,7.0,3,2,5,1,3,3,3,2,1,4,DISREGARDING STOP SIGN,2,2,0.0,0.0,0.0,0.0,0.0,3.0,12,3,8,08/06/2024,2024-08-06,12:30:00
07/10/2024 11:36:00 PM,5.0,3,5,6,6,3,3,3,2,0,4,IMPROPER OVERTAKING/PASSING,2,2,0.0,0.0,0.0,0.0,0.0,3.0,23,4,7,07/10/2024,2024-07-10,23:36:00
03/20/2024 10:32:00 AM,5.0,3,2,5,4,3,3,1,2,1,4,FAILING TO YIELD RIGHT-OF-WAY,2,2,0.0,0.0,0.0,0.0,0.0,2.0,10,4,3,03/20/2024,2024-03-20,10:32:00
03/27/2024 04:28:00 PM,3.0,3,2,5,6,3,3,3,3,1,4,FAILING TO YIELD RIGHT-OF-WAY,2,4,1.0,0.0,0.0,1.0,0.0,1.0,16,4,3,03/27/2024,2024-03-27,16:28:00
06/05/2024 08:45:00 AM,5.0,3,2,6,5,3,1,3,2,1,4,DRIVING SKILLS/KNOWLEDGE/EXPERIENCE,2,2,0.0,0.0,0.0,0.0,0.0,2.0,8,4,6,06/05/2024,2024-06-05,08:45:00
01/22/2024 08:45:00 AM,5.0,4,2,3,6,3,3,3,2,1,4,UNABLE TO DETERMINE,2,2,0.0,0.0,0.0,0.0,0.0,2.0,8,2,1,01/22/2024,2024-01-22,08:45:00
06/01/2024 05:15:00 PM,5.0,5,2,6,4,3,4,3,2,1,3,FAILING TO YIELD RIGHT-OF-WAY,2,2,0.0,0.0,0.0,0.0,0.0,2.0,17,7,6,06/01/2024,2024-06-01,17:15:00
05/08/2024 08:50:00 PM,5.0,3,5,6,4,3,3,3,2,1,4,IMPROPER TURNING/NO SIGNAL,2,2,0.0,0.0,0.0,0.0,0.0,3.0,20,4,5,05/08/2024,2024-05-08,20:50:00
06/05/2024 07:15:00 PM,3.0,3,2,6,7,3,3,3,2,1,4,FAILING TO YIELD RIGHT-OF-WAY,2,2,0.0,0.0,0.0,0.0,0.0,2.0,19,4,6,06/05/2024,2024-06-05,19:15:00
07/01/2024 12:05:00 AM,5.0,3,5,3,5,3,3,3,2,1,2,IMPROPER TURNING/NO SIGNAL,2,2,0.0,0.0,0.0,0.0,0.0,4.0,0,2,7,07/01/2024,2024-07-01,00:05:00
04/05/2024 09:00:00 AM,3.0,4,2,6,6,3,3,3,3,1,4,FAILING TO YIELD RIGHT-OF-WAY,2,2,0.0,0.0,0.0,0.0,0.0,2.0,9,6,4,04/05/2024,2024-04-05,09:00:00
07/12/2024 12:30:00 PM,5.0,3,2,3,4,3,3,1,2,0,4,UNABLE TO DETERMINE,2,2,0.0,0.0,0.0,0.0,0.0,2.0,12,6,7,07/12/2024,2024-07-12,12:30:00
06/27/2024 06:15:00 PM,3.0,3,2,6,6,3,1,1,2,1,4,FAILING TO YIELD RIGHT-OF-WAY,2,2,0.0,0.0,0.0,0.0,0.0,3.0,18,5,6,06/27/2024,2024-06-27,18:15:00
03/07/2024 04:50:00 PM,5.0,4,2,6,6,3,3,3,2,1,4,DRIVING SKILLS/KNOWLEDGE/EXPERIENCE,2,2,0.0,0.0,0.0,0.0,0.0,2.0,16,5,3,03/07/2024,2024-03-07,16:50:00
01/22/2024 06:00:00 PM,5.0,8,2,6,5,3,4,1,2,1,4,IMPROPER LANE USAGE,2,2,0.0,0.0,0.0,0.0,0.0,2.0,18,2,1,01/22/2024,2024-01-22,18:00:00
07/24/2024 09:20:00 PM,3.0,3,5,14,4,3,3,3,2,1,4,FAILING TO YIELD RIGHT-OF-WAY,2,2,0.0,0.0,0.0,0.0,0.0,2.0,21,4,7,07/24/2024,2024-07-24,21:20:00
02/14/2024 03:25:00 PM,7.0,3,2,5,1,3,3,3,2,1,4,FAILING TO YIELD RIGHT-OF-WAY,2,2,0.0,0.0,0.0,0.0,0.0,2.0,15,4,2,02/14/2024,2024-02-14,15:25:00
02/13/2024 04:00:00 PM,5.0,3,2,5,5,3,3,3,3,1,4,FAILING TO REDUCE SPEED TO AVOID CRASH,2,4,1.0,0.0,0.0,1.0,0.0,2.0,16,3,2,02/13/2024,2024-02-13,16:00:00
05/09/2024 12:25:00 PM,5.0,3,2,3,4,6,4,3,2,1,3,FAILING TO YIELD RIGHT-OF-WAY,2,2,0.0,0.0,0.0,0.0,0.0,2.0,12,5,5,05/09/2024,2024-05-09,12:25:00
04/19/2024 02:36:00 PM,5.0,3,2,6,10,3,3,3,3,1,4,IMPROPER TURNING/NO SIGNAL,2,2,0.0,0.0,0.0,0.0,0.0,2.0,14,6,4,04/19/2024,2024-04-19,14:36:00
08/04/2024 05:15:00 AM,7.0,3,5,5,6,3,3,3,2,0,4,FAILING TO YIELD RIGHT-OF-WAY,2,2,0.0,0.0,0.0,0.0,0.0,4.0,5,1,8,08/04/2024,2024-08-04,05:15:00
03/21/2024 08:49:00 AM,7.0,3,2,5,3,3,3,3,2,1,4,FAILING TO YIELD RIGHT-OF-WAY,2,2,0.0,0.0,0.0,0.0,0.0,3.0,8,5,3,03/21/2024,2024-03-21,08:49:00
03/26/2024 06:11:00 PM,3.0,5,2,6,6,3,4,3,2,1,3,DRIVING SKILLS/KNOWLEDGE/EXPERIENCE,2,2,0.0,0.0,0.0,0.0,0.0,5.0,18,3,3,03/26/2024,2024-03-26,18:11:00
01/29/2024 03:30:00 PM,1.0,3,2,13,7,3,1,1,2,1,4,UNABLE TO DETERMINE,2,2,0.0,0.0,0.0,0.0,0.0,2.0,15,2,1,01/29/2024,2024-01-29,15:30:00
08/03/2024 04:10:00 PM,6.0,3,2,4,4,3,3,3,3,1,4,FAILING TO REDUCE SPEED TO AVOID CRASH,2,2,0.0,0.0,0.0,0.0,0.0,2.0,16,7,8,08/03/2024,2024-08-03,16:10:00
01/19/2024 07:45:00 AM,3.0,6,3,6,5,3,5,3,2,1,4,DRIVING SKILLS/KNOWLEDGE/EXPERIENCE,2,2,0.0,0.0,0.0,0.0,0.0,2.0,7,6,1,01/19/2024,2024-01-19,07:45:00
07/23/2024 03:05:00 PM,1.0,3,2,4,6,3,1,1,2,1,4,UNABLE TO DETERMINE,2,2,0.0,0.0,0.0,0.0,0.0,3.0,15,3,7,07/23/2024,2024-07-23,15:05:00
02/11/2024 04:14:00 PM,7.0,3,2,4,4,3,3,3,2,1,4,FOLLOWING TOO CLOSELY,2,2,0.0,0.0,0.0,0.0,0.0,2.0,16,1,2,02/11/2024,2024-02-11,16:14:00
07/12/2024 10:15:00 AM,5.0,3,2,4,5,3,3,3,3,1,4,DRIVING SKILLS/KNOWLEDGE/EXPERIENCE,2,4,1.0,0.0,0.0,1.0,0.0,1.0,10,6,7,07/12/2024,2024-07-12,10:15:00
05/25/2024 11:00:00 AM,3.0,3,2,6,9,3,3,3,2,1,3,FOLLOWING TOO CLOSELY,2,2,0.0,0.0,0.0,0.0,0.0,2.0,11,7,5,05/25/2024,2024-05-25,11:00:00
06/27/2024 05:23:00 PM,7.0,3,2,4,5,3,3,3,2,1,4,UNABLE TO DETERMINE,2,2,0.0,0.0,0.0,0.0,0.0,3.0,17,5,6,06/27/2024,2024-06-27,17:23:00
06/18/2024 02:10:00 PM,7.0,3,2,5,5,3,3,1,2,1,4,FAILING TO YIELD RIGHT-OF-WAY,2,2,0.0,0.0,0.0,0.0,0.0,4.0,14,3,6,06/18/2024,2024-06-18,14:10:00