crash_date,traffic_control_device,weather_condition,lighting_condition,first_crash_type,trafficway_type,alignment,roadway_surface_cond,road_defect,crash_type,intersection_related_i,damage,prim_contributory_cause,num_units,most_severe_injury,injuries_total,injuries_fatal,injuries_incapacitating,injuries_non_incapacitating,injuries_reported_not_evident,injuries_no_indication,crash_hour,crash_day_of_week,crash_month,parsed_datetime,date,time
05/04/2024 07:00:00 PM,5.0,3,5,5,5,3,4,1,3,1,4,DISREGARDING TRAFFIC SIGNALS,2,3,1.0,0.0,0.0,0.0,1.0,1.0,19,7,5,05/04/2024,2024-05-04,19:00:00
01/08/2024 06:32:00 PM,5.0,3,5,4,3,3,3,3,2,1,3,FOLLOWING TOO CLOSELY,2,2,0.0,0.0,0.0,0.0,0.0,4.0,18,2,1,01/08/2024,2024-01-08,18:32:00
07/31/2024 05:08:00 PM,3.0,3,2,5,10,3,3,3,2,1,4,UNABLE TO DETERMINE,2,2,0.0,0.0,0.0,0.0,0.0,3.0,17,4,7,07/31/2024,2024-07-31,17:08:00
01/26/2024 11:45:00 AM,5.0,5,2,3,4,3,4,3,2,1,4,IMPROPER OVERTAKING/PASSING,2,2,0.0,0.0,0.0,0.0,0.0,3.0,11,6,1,01/26/2024,2024-01-26,11:45:00
05/23/2024 11:20:00 AM,5.0,3,2,5,5,3,3,3,2,1,4,UNABLE TO DETERMINE,2,2,0.0,0.0,0.0,0.0,0.0,2.0,11,5,5,05/23/2024,2024-05-23,11:20:00
06/13/2024 09:47:00 PM,5.0,3,5,6,5,3,3,3,3,1,4,DISREGARDING TRAFFIC SIGNALS,2,2,0.0,0.0,0.0,0.0,0.0,2.0,21,5,6,06/13/2024,2024-06-13,21:47:00
06/21/2024 07:46:00 AM,7.0,3,2,4,6,3,3,3,2,1,4,FOLLOWING TOO CLOSELY,2,2,0.0,0.0,0.0,0.0,0.0,2.0,7,6,6,06/21/2024,2024-06-21,07:46:00
04/05/2024 08:00:00 PM,7.0,3,6,13,1,3,3,3,3,0,2,FAILING TO YIELD RIGHT-OF-WAY,2,4,1.0,0.0,0.0,1.0,0.0,1.0,20,6,4,04/05/2024,2024-04-05,20:00:00
03/13/2024 10:16:00 AM,5.0,3,2,3,5,3,3,3,3,1,4,IMPROPER TURNING/NO SIGNAL,2,2,0.0,0.0,0.0,0.0,0.0,2.0,10,4,3,03/13/2024,2024-03-13,10:16:00
08/01/2024 05:28:00 PM,5.0,3,2,4,4,3,3,3,3,0,4,FAILING TO REDUCE SPEED TO AVOID CRASH,2,2,0.0,0.0,0.0,0.0,0.0,2.0,17,5,8,08/01/2024,2024-08-01,17:28:00
08/12/2024 12:15:00 AM,5.0,3,5,4,5,3,3,3,2,1,4,UNABLE TO DETERMINE,2,2,0.0,0.0,0.0,0.0,0.0,2.0,0,2,8,08/12/2024,2024-08-12,00:15:00
05/03/2024 02:40:00 PM,5.0,3,2,3,4,3,3,1,2,1,4,IMPROPER OVERTAKING/PASSING,2,2,0.0,0.0,0.0,0.0,0.0,2.0,14,6,5,05/03/2024,2024-05-03,14:40:00
04/17/2024 08:25:00 AM,5.0,3,2,6,4,3,3,1,2,1,4,IMPROPER TURNING/NO SIGNAL,2,2,0.0,0.0,0.0,0.0,0.0,2.0,8,4,4,04/17/2024,2024-04-17,08:25:00
08/09/2024 08:40:00 PM,5.0,3,5,14,2,3,3,7,3,1,4,UNABLE TO DETERMINE,2,4,1.0,0.0,0.0,1.0,0.0,1.0,20,6,8,08/09/2024,2024-08-09,20:40:00
04/22/2024 12:00:00 PM,3.0,3,2,3,6,3,3,3,2,1,4,"OPERATING VEHICLE IN ERRATIC, RECKLESS, CARELESS, NEGLIGENT OR AGGRESSIVE MANNER",2,2,0.0,0.0,0.0,0.0,0.0,2.0,12,2,4,04/22/2024,2024-04-22,12:00:00
05/12/2024 10:40:00 PM,5.0,3,6,3,6,3,2,1,2,1,4,"OPERATING VEHICLE IN ERRATIC, RECKLESS, CARELESS, NEGLIGENT OR AGGRESSIVE MANNER",2,2,0.0,0.0,0.0,0.0,0.0,2.0,22,1,5,05/12/2024,2024-05-12,22:40:00
06/20/2024 03:00:00 PM,5.0,3,2,4,7,3,3,1,3,1,4,FAILING TO REDUCE SPEED TO AVOID CRASH,2,4,1.0,0.0,0.0,1.0,0.0,1.0,15,5,6,06/20/2024,2024-06-20,15:00:00
07/03/2024 06:31:00 PM,5.0,3,2,5,5,3,3,3,3,1,3,FAILING TO YIELD RIGHT-OF-WAY,2,3,2.0,0.0,0.0,0.0,2.0,2.0,18,4,7,07/03/2024,2024-07-03,18:31:00
05/10/2024 01:04:00 PM,2.0,3,2,5,5,3,3,3,2,1,3,DISREGARDING TRAFFIC SIGNALS,2,2,0.0,0.0,0.0,0.0,0.0,2.0,13,6,5,05/10/2024,2024-05-10,13:04:00
08/05/2024 08:17:00 PM,5.0,3,5,13,10,3,3,3,3,1,4,DISREGARDING STOP SIGN,2,3,1.0,0.0,0.0,0.0,1.0,1.0,20,2,8,08/05/2024,2024-08-05,20:17:00
04/06/2024 07:00:00 AM,5.0,3,2,5,6,3,3,3,3,1,4,"VISION OBSCURED (SIGNS, TREE LIMBS, BUILDINGS, ETC.)",2,2,0.0,0.0,0.0,0.0,0.0,2.0,7,7,4,04/06/2024,2024-04-06,07:00:00
07/28/2024 09:30:00 AM,5.0,3,2,6,5,3,3,3,3,1,4,FAILING TO YIELD RIGHT-OF-WAY,2,2,0.0,0.0,0.0,0.0,0.0,5.0,9,1,7,07/28/2024,2024-07-28,09:30:00
02/08/2024 04:51:00 AM,5.0,3,5,6,4,3,3,1,3,1,4,FAILING TO YIELD RIGHT-OF-WAY,2,3,2.0,0.0,0.0,0.0,2.0,0.0,4,5,2,02/08/2024,2024-02-08,04:51:00
01/18/2024 03:59:00 PM,7.0,3,2,6,5,3,3,3,3,1,4,FAILING TO YIELD RIGHT-OF-WAY,2,4,1.0,0.0,0.0,1.0,0.0,1.0,15,5,1,01/18/2024,2024-01-18,15:59:00
03/08/2024 03:34:00 PM,7.0,5,2,13,6,3,4,3,3,1,3,UNABLE TO DETERMINE,2,3,1.0,0.0,0.0,0.0,1.0,2.0,15,6,3,03/08/2024,2024-03-08,15:34:00
01/02/2024 07:24:00 PM,5.0,3,5,6,5,3,3,1,2,1,4,IMPROPER TURNING/NO SIGNAL,2,2,0.0,0.0,0.0,0.0,0.0,2.0,19,3,1,01/02/2024,2024-01-02,19:24:00
05/16/2024 02:45:00 PM,5.0,3,2,6,5,3,1,1,2,1,4,UNABLE TO DETERMINE,2,2,0.0,0.0,0.0,0.0,0.0,2.0,14,5,5,05/16/2024,2024-05-16,14:45:00
04/22/2024 03:00:00 PM,5.0,3,2,4,5,3,3,3,3,1,2,DRIVING SKILLS/KNOWLEDGE/EXPERIENCE,2,3,2.0,0.0,0.0,0.0,2.0,2.0,15,2,4,04/22/2024,2024-04-22,15:00:00
02/18/2024 06:00:00 PM,5.0,3,5,6,6,3,3,3,3,1,4,DISREGARDING TRAFFIC SIGNALS,2,4,1.0,0.0,0.0,1.0,0.0,5.0,18,1,2,02/18/2024,2024-02-18,18:00:00
05/11/2024 11:23:00 PM,7.0,3,5,6,5,3,3,1,3,1,4,FAILING TO YIELD RIGHT-OF-WAY,2,2,0.0,0.0,0.0,0.0,0.0,4.0,23,7,5,05/11/2024,2024-05-11,23:23:00
04/07/2024 01:30:00 PM,7.0,5,2,5,6,3,4,3,2,1,4,UNABLE TO DETERMINE,2,2,0.0,0.0,0.0,0.0,0.0,2.0,13,1,4,04/07/2024,2024-04-07,13:30:00
01/12/2024 01:20:00 PM,5.0,5,2,4,6,3,4,3,3,1,3,FOLLOWING TOO CLOSELY,2,3,1.0,0.0,0.0,0.0,1.0,2.0,13,6,1,01/12/2024,2024-01-12,13:20:00
01/12/2024 12:30:00 AM,5.0,3,6,6,6,6,3,3,2,1,4,UNABLE TO DETERMINE,2,2,0.0,0.0,0.0,0.0,0.0,3.0,0,6,1,01/12/2024,2024-01-12,00:30:00
01/21/2024 03:45:00 PM,5.0,3,2,4,5,3,1,1,2,1,4,UNABLE TO DETERMINE,2,2,0.0,0.0,0.0,0.0,0.0,3.0,15,1,1,01/21/2024,2024-01-21,15:45:00
01/08/2024 05:59:00 AM,5.0,3,6,6,4,3,3,3,3,1,4,FAILING TO REDUCE SPEED TO AVOID CRASH,2,5,2.0,0.0,2.0,0.0,0.0,0.0,5,2,1,01/08/2024,2024-01-08,05:59:00
01/31/2024 06:10:00 PM,5.0,3,5,14,6,3,3,3,2,1,2,UNABLE TO DETERMINE,2,2,0.0,0.0,0.0,0.0,0.0,2.0,18,4,1,01/31/2024,2024-01-31,18:10:00
06/14/2024 06:10:00 PM,3.0,3,2,4,6,3,3,3,2,1,3,FOLLOWING TOO CLOSELY,2,2,0.0,0.0,0.0,0.0,0.0,2.0,18,6,6,06/14/2024,2024-06-14,18:10:00
01/25/2024 06:10:00 PM,5.0,5,5,4,5,3,4,3,2,1,3,UNABLE TO DETERMINE,2,2,0.0,0.0,0.0,0.0,0.0,2.0,18,5,1,01/25/2024,2024-01-25,18:10:00
07/27/2024 12:39:00 AM,7.0,3,6,5,6,3,3,1,3,1,4,FAILING TO REDUCE SPEED TO AVOID CRASH,2,4,2.0,0.0,0.0,2.0,0.0,0.0,0,7,7,07/27/2024,2024-07-27,00:39:00
08/09/2024 02:40:00 PM,5.0,3,2,5,5,3,3,1,3,1,4,DISREGARDING TRAFFIC SIGNALS,2,3,1.0,0.0,0.0,0.0,1.0,2.0,14,6,8,08/09/2024,2024-08-09,14:40:00
06/09/2024 08:29:00 AM,7.0,3,2,5,6,3,3,3,3,1,4,FAILING TO YIELD RIGHT-OF-WAY,2,2,0.0,0.0,0.0,0.0,0.0,3.0,8,1,6,06/09/2024,2024-06-09,08:29:00
05/08/2024 07:16:00 PM,5.0,3,2,6,4,3,3,3,2,1,4,IMPROPER TURNING/NO SIGNAL,2,2,0.0,0.0,0.0,0.0,0.0,3.0,19,4,5,05/08/2024,2024-05-08,19:16:00
08/08/2024 05:04:00 PM,3.0,3,2,6,7,3,3,3,3,1,4,FAILING TO YIELD RIGHT-OF-WAY,2,2,0.0,0.0,0.0,0.0,0.0,2.0,17,5,8,08/08/2024,2024-08-08,17:04:00
04/02/2024 03:44:00 PM,7.0,4,2,5,5,3,3,3,2,1,4,DISREGARDING STOP SIGN,2,2,0.0,0.0,0.0,0.0,0.0,3.0,15,3,4,04/02/2024,2024-04-02,15:44:00
01/17/2024 09:51:00 AM,7.0,3,2,6,4,3,3,3,3,1,4,FAILING TO YIELD RIGHT-OF-WAY,2,3,2.0,0.0,0.0,0.0,2.0,0.0,9,4,1,01/17/2024,2024-01-17,09:51:00
02/09/2024 02:54:00 PM,7.0,3,4,5,6,3,3,3,3,1,4,FAILING TO YIELD RIGHT-OF-WAY,2,2,0.0,0.0,0.0,0.0,0.0,4.0,14,6,2,02/09/2024,2024-02-09,14:54:00
07/25/2024 06:02:00 PM,7.0,3,2,5,5,3,3,3,3,0,4,UNABLE TO DETERMINE,2,4,1.0,0.0,0.0,1.0,0.0,1.0,18,5,7,07/25/2024,2024-07-25,18:02:00
03/05/2024 02:30:00 PM,5.0,3,2,5,5,3,3,3,2,1,3,FAILING TO YIELD RIGHT-OF-WAY,2,2,0.0,0.0,0.0,0.0,0.0,2.0,14,3,3,03/05/2024,2024-03-05,14:30:00
07/17/2024 08:09:00 PM,5.0,3,5,14,6,3,3,3,2,1,2,FAILING TO YIELD RIGHT-OF-WAY,2,2,0.0,0.0,0.0,0.0,0.0,2.0,20,4,7,07/17/2024,2024-07-17,20:09:00
06/16/2024 12:00:00 PM,5.0,3,2,3,6,3,3,3,2,1,3,UNABLE TO DETERMINE,2,2,0.0,0.0,0.0,0.0,0.0,3.0,12,1,6,06/16/2024,2024-06-16,12:00:00
03/17/2024 01:00:00 PM,5.0,3,2,4,10,3,3,3,2,1,4,FOLLOWING TOO CLOSELY,2,2,0.0,0.0,0.0,0.0,0.0,3.0,13,1,3,03/17/2024,2024-03-17,13:00:00
04/13/2024 10:54:00 AM,5.0,3,2,3,4,3,3,3,2,0,4,DISTRACTION - FROM OUTSIDE VEHICLE,2,2,0.0,0.0,0.0,0.0,0.0,2.0,10,7,4,04/13/2024,2024-04-13,10:54:00
02/24/2024 12:41:00 AM,5.0,6,6,5,6,3,5,1,2,1,4,DISREGARDING TRAFFIC SIGNALS,2,2,0.0,0.0,0.0,0.0,0.0,2.0,0,7,2,02/24/2024,2024-02-24,00:41:00
04/16/2024 12:00:00 PM,5.0,3,2,3,5,3,1,1,2,1,4,IMPROPER LANE USAGE,2,2,0.0,0.0,0.0,0.0,0.0,2.0,12,3,4,04/16/2024,2024-04-16,12:00:00
04/23/2024 12:45:00 PM,5.0,3,2,4,2,3,3,3,2,0,4,UNABLE TO DETERMINE,2,2,0.0,0.0,0.0,0.0,0.0,2.0,12,3,4,04/23/2024,2024-04-23,12:45:00
04/26/2024 07:30:00 PM,1.0,3,2,6,6,3,3,3,2,0,3,FAILING TO YIELD RIGHT-OF-WAY,2,2,0.0,0.0,0.0,0.0,0.0,2.0,19,6,4,04/26/2024,2024-04-26,19:30:00
05/03/2024 10:07:00 PM,7.0,3,5,6,7,3,3,3,3,1,4,IMPROPER TURNING/NO SIGNAL,2,5,1.0,0.0,1.0,0.0,0.0,2.0,22,6,5,05/03/2024,2024-05-03,22:07:00
07/29/2024 04:11:00 PM,5.0,5,2,4,6,3,4,3,2,0,4,FOLLOWING TOO CLOSELY,2,2,0.0,0.0,0.0,0.0,0.0,2.0,16,2,7,07/29/2024,2024-07-29,16:11:00
06/22/2024 05:40:00 PM,7.0,3,2,5,5,3,3,3,2,1,4,FAILING TO YIELD RIGHT-OF-WAY,2,2,0.0,0.0,0.0,0.0,0.0,2.0,17,7,6,06/22/2024,2024-06-22,17:40:00
01/02/2024 06:05:00 PM,5.0,3,5,5,5,3,3,3,2,1,4,UNABLE TO DETERMINE,2,2,0.0,0.0,0.0,0.0,0.0,2.0,18,3,1,01/02/2024,2024-01-02,18:05:00
02/01/2024 08:30:00 AM,5.0,3,2,3,5,3,3,3,2,1,3,UNABLE TO DETERMINE,2,2,0.0,0.0,0.0,0.0,0.0,2.0,8,5,2,02/01/2024,2024-02-01,08:30:00
08/10/2024 05:50:00 PM,3.0,3,2,14,6,3,3,1,2,1,4,IMPROPER OVERTAKING/PASSING,2,2,0.0,0.0,0.0,0.0,0.0,2.0,17,7,8,08/10/2024,2024-08-10,17:50:00
05/10/2024 04:50:00 PM,5.0,3,2,6,6,3,3,3,3,1,4,FAILING TO YIELD RIGHT-OF-WAY,2,4,1.0,0.0,0.0,1.0,0.0,3.0,16,6,5,05/10/2024,2024-05-10,16:50:00
07/31/2024 01:45:00 PM,5.0,3,2,5,4,3,3,3,2,1,4,DISREGARDING TRAFFIC SIGNALS,2,2,0.0,0.0,0.0,0.0,0.0,2.0,13,4,7,07/31/2024,2024-07-31,13:45:00
08/05/2024 06:45:00 PM,3.0,3,4,3,7,3,3,3,2,1,4,UNABLE TO DETERMINE,2,2,0.0,0.0,0.0,0.0,0.0,2.0,18,2,8,08/05/2024,2024-08-05,18:45:00
05/21/2024 12:00:00 PM,5.0,3,2,3,5,3,3,3,3,1,4,IMPROPER OVERTAKING/PASSING,2,4,1.0,0.0,0.0,1.0,0.0,2.0,12,3,5,05/21/2024,2024-05-21,12:00:00
02/03/2024 02:56:00 PM,5.0,3,2,5,6,3,3,3,3,1,4,UNABLE TO DETERMINE,2,2,0.0,0.0,0.0,0.0,0.0,2.0,14,7,2,02/03/2024,2024-02-03,14:56:00
05/01/2024 10:10:00 AM,7.0,3,2,6,7,6,3,3,2,1,4,IMPROPER TURNING/NO SIGNAL,2,2,0.0,0.0,0.0,0.0,0.0,2.0,10,4,5,05/01/2024,2024-05-01,10:10:00
04/14/2024 09:10:00 PM,3.0,3,5,6,6,3,3,3,2,1,4,UNABLE TO DETERMINE,2,2,0.0,0.0,0.0,0.0,0.0,4.0,21,1,4,04/14/2024,2024-04-14,21:10:00
05/31/2024 11:50:00 AM,5.0,3,2,13,5,3,3,1,3,1,4,FAILING TO YIELD RIGHT-OF-WAY,2,5,1.0,0.0,1.0,0.0,0.0,1.0,11,6,5,05/31/2024,2024-05-31,11:50:00
08/13/2024 05:23:00 PM,5.0,3,2,6,3,3,3,1,3,1,4,IMPROPER OVERTAKING/PASSING,2,4,1.0,0.0,0.0,1.0,0.0,1.0,17,3,8,08/13/2024,2024-08-13,17:23:00
01/08/2024 02:02:00 AM,5.0,3,5,6,5,3,3,1,2,1,4,"OPERATING VEHICLE IN ERRATIC, RECKLESS, CARELESS, NEGLIGENT OR AGGRESSIVE MANNER",2,2,0.0,0.0,0.0,0.0,0.0,3.0,2,2,1,01/08/2024,2024-01-08,02:02:00
07/03/2024 02:45:00 AM,5.0,3,2,3,5,3,3,3,2,1,4,UNABLE TO DETERMINE,2,2,0.0,0.0,0.0,0.0,0.0,2.0,2,4,7,07/03/2024,2024-07-03,02:45:00
08/09/2024 05:37:00 PM,5.0,4,2,3,6,3,3,3,2,1,3,IMPROPER OVERTAKING/PASSING,2,2,0.0,0.0,0.0,0.0,0.0,2.0,17,6,8,08/09/2024,2024-08-09,17:37:00
02/29/2024 04:00:00 PM,7.0,3,2,5,6,3,3,3,2,1,3,FAILING TO YIELD RIGHT-OF-WAY,2,2,0.0,0.0,0.0,0.0,0.0,5.0,16,5,2,02/29/2024,2024-02-29,16:00:00
07/15/2024 01:57:00 PM,3.0,3,2,5,7,3,3,3,3,1,4,ROAD CONSTRUCTION/MAINTENANCE,2,2,0.0,0.0,0.0,0.0,0.0,3.0,13,2,7,07/15/2024,2024-07-15,13:57:00
02/10/2024 05:40:00 PM,5.0,3,2,5,5,3,1,1,2,1,4,UNABLE TO DETERMINE,2,2,0.0,0.0,0.0,0.0,0.0,2.0,17,7,2,02/10/2024,2024-02-10,17:40:00
06/29/2024 02:45:00 PM,5.0,3,2,3,6,3,3,3,2,0,4,UNABLE TO DETERMINE,2,2,0.0,0.0,0.0,0.0,0.0,2.0,14,7,6,06/29/2024,2024-06-29,14:45:00
06/26/2024 09:50:00 PM,5.0,3,5,6,6,3,3,3,2,1,4,IMPROPER LANE USAGE,2,2,0.0,0.0,0.0,0.0,0.0,4.0,21,4,6,06/26/2024,2024-06-26,21:50:00
03/11/2024 09:31:00 AM,5.0,3,2,6,5,3,3,3,2,1,3,DRIVING SKILLS/KNOWLEDGE/EXPERIENCE,2,2,0.0,0.0,0.0,0.0,0.0,3.0,9,2,3,03/11/2024,2024-03-11,09:31:00
07/29/2024 03:27:00 AM,5.0,3,5,6,6,3,3,3,3,1,4,DISREGARDING TRAFFIC SIGNALS,2,2,0.0,0.0,0.0,0.0,0.0,2.0,3,2,7,07/29/2024,2024-07-29,03:27:00
01/22/2024 05:48:00 PM,7.0,5,6,13,5,3,6,3,3,1,2,UNABLE TO DETERMINE,2,5,1.0,0.0,1.0,0.0,0.0,2.0,17,2,1,01/22/2024,2024-01-22,17:48:00
02/29/2024 06:44:00 PM,3.0,3,5,4,4,3,3,1,2,1,4,UNABLE TO DETERMINE,2,2,0.0,0.0,0.0,0.0,0.0,2.0,18,5,2,02/29/2024,2024-02-29,18:44:00
04/21/2024 05:02:00 AM,5.0,3,3,6,6,3,3,1,3,1,4,FAILING TO YIELD RIGHT-OF-WAY,2,2,0.0,0.0,0.0,0.0,0.0,2.0,5,1,4,04/21/2024,2024-04-21,05:02:00
08/12/2024 03:59:00 PM,7.0,3,2,5,6,3,3,3,2,1,4,FAILING TO YIELD RIGHT-OF-WAY,2,2,0.0,0.0,0.0,0.0,0.0,3.0,15,2,8,08/12/2024,2024-08-12,15:59:00
04/02/2024 09:20:00 AM,1.0,5,2,13,5,3,4,1,2,1,2,UNABLE TO DETERMINE,2,2,0.0,0.0,0.0,0.0,0.0,2.0,9,3,4,04/02/2024,2024-04-02,09:20:00
08/07/2024 12:43:00 PM,5.0,3,2,6,12,3,3,3,2,1,4,IMPROPER TURNING/NO SIGNAL,2,2,0.0,0.0,0.0,0.0,0.0,2.0,12,4,8,08/07/2024,2024-08-07,12:43:00
03/06/2024 01:47:00 PM,7.0,3,2,4,6,3,3,3,2,0,4,UNABLE TO DETERMINE,2,2,0.0,0.0,0.0,0.0,0.0,2.0,13,4,3,03/06/2024,2024-03-06,13:47:00
04/24/2024 07:00:00 PM,5.0,3,2,3,5,3,3,1,2,1,4,UNABLE TO DETERMINE,2,2,0.0,0.0,0.0,0.0,0.0,2.0,19,4,4,04/24/2024,2024-04-24,19:00:00
07/26/2024 10:46:00 AM,5.0,3,2,5,10,3,3,3,3,1,4,DISREGARDING TRAFFIC SIGNALS,2,4,1.0,0.0,0.0,1.0,0.0,4.0,10,6,7,07/26/2024,2024-07-26,10:46:00
05/14/2024 12:30:00 PM,7.0,3,2,6,5,3,3,3,2,1,3,UNABLE TO DETERMINE,2,2,0.0,0.0,0.0,0.0,0.0,2.0,12,3,5,05/14/2024,2024-05-14,12:30:00
04/24/2024 09:26:00 PM,7.0,3,6,6,5,3,3,3,2,1,4,DISREGARDING STOP SIGN,2,2,0.0,0.0,0.0,0.0,0.0,2.0,21,4,4,04/24/2024,2024-04-24,21:26:00
02/23/2024 08:53:00 PM,3.0,6,5,11,17,3,5,3,2,0,4,UNABLE TO DETERMINE,2,2,0.0,0.0,0.0,0.0,0.0,1.0,20,6,2,02/23/2024,2024-02-23,20:53:00
07/21/2024 12:35:00 PM,7.0,3,2,11,4,3,3,3,2,1,4,UNABLE TO DETERMINE,2,2,0.0,0.0,0.0,0.0,0.0,1.0,12,1,7,07/21/2024,2024-07-21,12:35:00
05/11/2024 08:23:00 AM,7.0,3,2,14,7,3,3,3,3,1,4,FAILING TO YIELD RIGHT-OF-WAY,2,4,1.0,0.0,0.0,1.0,0.0,1.0,8,7,5,05/11/2024,2024-05-11,08:23:00
04/12/2024 10:50:00 PM,7.0,3,5,5,5,3,3,3,2,1,2,FAILING TO YIELD RIGHT-OF-WAY,2,2,0.0,0.0,0.0,0.0,0.0,2.0,22,6,4,04/12/2024,2024-04-12,22:50:00
07/27/2024 06:41:00 PM,5.0,3,2,5,5,3,3,3,3,1,4,FAILING TO YIELD RIGHT-OF-WAY,2,4,1.0,0.0,0.0,1.0,0.0,2.0,18,7,7,07/27/2024,2024-07-27,18:41:00
06/10/2024 01:00:00 PM,5.0,3,2,3,5,3,3,1,3,1,3,FOLLOWING TOO CLOSELY,2,5,1.0,0.0,1.0,0.0,0.0,1.0,13,2,6,06/10/2024,2024-06-10,13:00:00
06/25/2024 09:00:00 PM,5.0,3,4,3,6,3,3,3,2,1,3,IMPROPER LANE USAGE,2,2,0.0,0.0,0.0,0.0,0.0,2.0,21,3,6,06/25/2024,2024-06-25,21:00:00
01/18/2024 03:40:00 PM,5.0,3,2,6,7,3,1,1,3,1,4,UNABLE TO DETERMINE,2,4,1.0,0.0,0.0,1.0,0.0,1.0,15,5,1,01/18/2024,2024-01-18,15:40:00
05/08/2024 07:45:00 PM,7.0,3,6,6,7,3,1,1,2,1,3,FAILING TO YIELD RIGHT-OF-WAY,2,2,0.0,0.0,0.0,0.0,0.0,2.0,19,4,5,05/08/2024,2024-05-08,19:45:00
07/29/2024 11:41:00 AM,7.0,4,2,5,7,3,4,3,3,1,4,FAILING TO YIELD RIGHT-OF-WAY,2,3,1.0,0.0,0.0,0.0,1.0,1.0,11,2,7,07/29/2024,2024-07-29,11:41:00
02/18/2024 09:45:00 PM,5.0,3,5,5,5,3,3,1,3,1,4,DISREGARDING TRAFFIC SIGNALS,2,3,2.0,0.0,0.0,0.0,2.0,1.0,21,1,2,02/18/2024,2024-02-18,21:45:00
06/14/2024 12:30:00 PM,3.0,3,2,6,17,3,3,3,2,1,4,DRIVING SKILLS/KNOWLEDGE/EXPERIENCE,2,2,0.0,0.0,0.0,0.0,0.0,2.0,12,6,6,06/14/2024,2024-06-14,12:30:00
02/09/2024 02:15:00 PM,5.0,3,2,13,3,3,3,1,3,1,4,FAILING TO YIELD RIGHT-OF-WAY,2,3,1.0,0.0,0.0,0.0,1.0,1.0,14,6,2,02/09/2024,2024-02-09,14:15:00
01/19/2024 06:23:00 PM,5.0,3,5,6,5,3,5,1,2,1,4,UNABLE TO DETERMINE,2,2,0.0,0.0,0.0,0.0,0.0,2.0,18,6,1,01/19/2024,2024-01-19,18:23:00
06/06/2024 10:40:00 AM,8.0,3,2,5,5,3,3,3,2,1,4,DISREGARDING TRAFFIC SIGNALS,2,2,0.0,0.0,0.0,0.0,0.0,3.0,10,5,6,06/06/2024,2024-06-06,10:40:00
02/13/2024 08:50:00 PM,7.0,3,5,5,1,3,1,1,2,1,4,FAILING TO YIELD RIGHT-OF-WAY,2,2,0.0,0.0,0.0,0.0,0.0,2.0,20,3,2,02/13/2024,2024-02-13,20:50:00
01/22/2024 11:43:00 PM,7.0,7,5,11,10,3,6,3,2,1,3,WEATHER,2,2,0.0,0.0,0.0,0.0,0.0,1.0,23,2,1,01/22/2024,2024-01-22,23:43:00
08/03/2024 08:14:00 PM,5.0,3,5,4,14,3,3,3,2,1,4,UNABLE TO DETERMINE,2,2,0.0,0.0,0.0,0.0,0.0,4.0,20,7,8,08/03/2024,2024-08-03,20:14:00
04/11/2024 06:35:00 PM,5.0,3,4,4,5,3,3,3,2,1,4,UNABLE TO DETERMINE,2,2,0.0,0.0,0.0,0.0,0.0,5.0,18,5,4,04/11/2024,2024-04-11,18:35:00
05/26/2024 04:30:00 AM,5.0,3,2,11,4,3,3,3,3,1,4,NOT APPLICABLE,2,2,0.0,0.0,0.0,0.0,0.0,1.0,4,1,5,05/26/2024,2024-05-26,04:30:00
05/16/2024 09:30:00 AM,5.0,3,2,4,6,3,3,3,2,1,2,UNABLE TO DETERMINE,2,2,0.0,0.0,0.0,0.0,0.0,3.0,9,5,5,05/16/2024,2024-05-16,09:30:00
03/12/2024 11:10:00 AM,5.0,3,2,6,5,3,3,3,3,1,4,DISTRACTION - FROM INSIDE VEHICLE,2,2,0.0,0.0,0.0,0.0,0.0,3.0,11,3,3,03/12/2024,2024-03-12,11:10:00
08/08/2024 05:10:00 PM,7.0,3,2,5,5,3,3,3,2,1,4,FAILING TO YIELD RIGHT-OF-WAY,2,2,0.0,0.0,0.0,0.0,0.0,2.0,17,5,8,08/08/2024,2024-08-08,17:10:00
05/26/2024 10:00:00 AM,1.0,3,2,5,5,3,1,1,3,0,3,NOT APPLICABLE,2,3,1.0,0.0,0.0,0.0,1.0,1.0,10,1,5,05/26/2024,2024-05-26,10:00:00
02/12/2024 12:50:00 PM,5.0,3,2,6,5,3,3,3,2,1,4,FOLLOWING TOO CLOSELY,2,2,0.0,0.0,0.0,0.0,0.0,2.0,12,2,2,02/12/2024,2024-02-12,12:50:00
02/14/2024 07:50:00 AM,5.0,3,2,6,6,3,3,3,3,1,4,FAILING TO YIELD RIGHT-OF-WAY,2,2,0.0,0.0,0.0,0.0,0.0,2.0,7,4,2,02/14/2024,2024-02-14,07:50:00
01/25/2024 10:47:00 AM,5.0,3,2,6,5,3,3,3,2,1,4,DRIVING SKILLS/KNOWLEDGE/EXPERIENCE,2,2,0.0,0.0,0.0,0.0,0.0,2.0,10,5,1,01/25/2024,2024-01-25,10:47:00
07/31/2024 03:30:00 PM,5.0,3,2,5,5,3,3,3,2,1,4,DISREGARDING TRAFFIC SIGNALS,2,2,0.0,0.0,0.0,0.0,0.0,2.0,15,4,7,07/31/2024,2024-07-31,15:30:00
03/10/2024 07:25:00 PM,7.0,3,5,5,5,3,3,3,3,1,4,DISREGARDING STOP SIGN,2,4,2.0,0.0,0.0,2.0,0.0,2.0,19,1,3,03/10/2024,2024-03-10,19:25:00