crash_date,traffic_control_device,weather_condition,lighting_condition,first_crash_type,trafficway_type,alignment,roadway_surface_cond,road_defect,crash_type,intersection_related_i,damage,prim_contributory_cause,num_units,most_severe_injury,injuries_total,injuries_fatal,injuries_incapacitating,injuries_non_incapacitating,injuries_reported_not_evident,injuries_no_indication,crash_hour,crash_day_of_week,crash_month,parsed_datetime,date,time
03/16/2024 01:13:00 PM,5.0,3,2,6,5,3,3,3,2,1,4,FAILING TO YIELD RIGHT-OF-WAY,2,2,0.0,0.0,0.0,0.0,0.0,2.0,13,7,3,03/16/2024,2024-03-16,13:13:00
05/03/2024 04:00:00 PM,1.0,3,2,4,5,3,1,1,2,1,4,UNABLE TO DETERMINE,2,2,0.0,0.0,0.0,0.0,0.0,2.0,16,6,5,05/03/2024,2024-05-03,16:00:00
08/09/2024 11:26:00 AM,7.0,3,2,6,6,3,3,3,3,1,4,FAILING TO REDUCE SPEED TO AVOID CRASH,2,2,0.0,0.0,0.0,0.0,0.0,2.0,11,6,8,08/09/2024,2024-08-09,11:26:00
08/08/2024 11:30:00 AM,5.0,3,2,4,10,3,3,3,2,1,2,DRIVING SKILLS/KNOWLEDGE/EXPERIENCE,2,2,0.0,0.0,0.0,0.0,0.0,2.0,11,5,8,08/08/2024,2024-08-08,11:30:00
06/13/2024 06:18:00 AM,5.0,3,2,6,6,3,1,3,3,1,3,UNABLE TO DETERMINE,2,5,1.0,0.0,1.0,0.0,0.0,1.0,6,5,6,06/13/2024,2024-06-13,06:18:00
07/16/2024 02:24:00 PM,5.0,3,2,5,5,3,3,3,3,1,4,FAILING TO YIELD RIGHT-OF-WAY,2,3,1.0,0.0,0.0,0.0,1.0,1.0,14,3,7,07/16/2024,2024-07-16,14:24:00
07/13/2024 09:14:00 PM,7.0,3,5,5,11,3,3,3,2,1,2,DISREGARDING STOP SIGN,2,2,0.0,0.0,0.0,0.0,0.0,4.0,21,7,7,07/13/2024,2024-07-13,21:14:00
03/12/2024 08:50:00 AM,5.0,3,2,6,5,3,3,3,3,1,4,UNABLE TO DETERMINE,2,2,0.0,0.0,0.0,0.0,0.0,2.0,8,3,3,03/12/2024,2024-03-12,08:50:00
05/02/2024 05:30:00 PM,7.0,3,2,5,6,3,4,1,3,1,3,FAILING TO YIELD RIGHT-OF-WAY,2,3,1.0,0.0,0.0,0.0,1.0,6.0,17,5,5,05/02/2024,2024-05-02,17:30:00
02/03/2024 06:10:00 PM,5.0,3,4,6,5,3,3,3,3,1,4,FAILING TO YIELD RIGHT-OF-WAY,2,2,0.0,0.0,0.0,0.0,0.0,2.0,18,7,2,02/03/2024,2024-02-03,18:10:00
05/28/2024 05:15:00 PM,7.0,3,2,14,5,3,3,3,3,1,3,DISREGARDING STOP SIGN,2,4,1.0,0.0,0.0,1.0,0.0,1.0,17,3,5,05/28/2024,2024-05-28,17:15:00
02/21/2024 07:57:00 AM,7.0,3,3,5,1,3,3,3,3,1,4,UNABLE TO DETERMINE,2,4,2.0,0.0,0.0,2.0,0.0,1.0,7,4,2,02/21/2024,2024-02-21,07:57:00
03/04/2024 07:22:00 AM,5.0,3,2,4,5,3,1,1,2,1,4,DISTRACTION - FROM OUTSIDE VEHICLE,2,2,0.0,0.0,0.0,0.0,0.0,5.0,7,2,3,03/04/2024,2024-03-04,07:22:00
04/23/2024 09:00:00 AM,7.0,3,2,6,5,3,3,3,2,1,4,UNABLE TO DETERMINE,2,2,0.0,0.0,0.0,0.0,0.0,2.0,9,3,4,04/23/2024,2024-04-23,09:00:00
02/22/2024 12:30:00 PM,5.0,3,2,4,5,3,3,1,2,1,3,UNABLE TO DETERMINE,2,2,0.0,0.0,0.0,0.0,0.0,2.0,12,5,2,02/22/2024,2024-02-22,12:30:00
04/08/2024 09:00:00 AM,3.0,3,2,4,7,3,3,3,2,1,4,FOLLOWING TOO CLOSELY,2,2,0.0,0.0,0.0,0.0,0.0,2.0,9,2,4,04/08/2024,2024-04-08,09:00:00
05/12/2024 08:30:00 PM,7.0,3,5,5,5,3,3,1,3,1,4,DISREGARDING STOP SIGN,2,4,1.0,0.0,0.0,1.0,0.0,1.0,20,1,5,05/12/2024,2024-05-12,20:30:00
07/31/2024 12:33:00 PM,5.0,3,2,4,3,3,3,3,3,1,4,FOLLOWING TOO CLOSELY,2,5,2.0,0.0,1.0,1.0,0.0,2.0,12,4,7,07/31/2024,2024-07-31,12:33:00
04/03/2024 04:08:00 PM,7.0,5,2,6,7,3,4,1,2,1,4,IMPROPER TURNING/NO SIGNAL,2,2,0.0,0.0,0.0,0.0,0.0,2.0,16,4,4,04/03/2024,2024-04-03,16:08:00
06/28/2024 09:25:00 AM,5.0,5,2,6,5,3,4,3,2,1,4,FAILING TO YIELD RIGHT-OF-WAY,2,2,0.0,0.0,0.0,0.0,0.0,2.0,9,6,6,06/28/2024,2024-06-28,09:25:00
01/26/2024 02:30:00 PM,7.0,5,2,13,3,3,4,1,3,1,2,FAILING TO YIELD RIGHT-OF-WAY,2,4,1.0,0.0,0.0,1.0,0.0,1.0,14,6,1,01/26/2024,2024-01-26,14:30:00
06/13/2024 05:58:00 PM,5.0,3,2,4,5,3,3,3,2,1,4,DISTRACTION - FROM INSIDE VEHICLE,2,2,0.0,0.0,0.0,0.0,0.0,4.0,17,5,6,06/13/2024,2024-06-13,17:58:00
01/19/2024 11:00:00 PM,3.0,3,5,5,7,3,1,1,3,1,3,FAILING TO REDUCE SPEED TO AVOID CRASH,2,2,0.0,0.0,0.0,0.0,0.0,3.0,23,6,1,01/19/2024,2024-01-19,23:00:00
02/18/2024 12:30:00 PM,5.0,3,2,4,6,3,3,3,3,1,4,UNABLE TO DETERMINE,2,2,0.0,0.0,0.0,0.0,0.0,2.0,12,1,2,02/18/2024,2024-02-18,12:30:00
04/29/2024 03:00:00 AM,5.0,4,5,10,4,3,3,3,2,1,3,DRIVING ON WRONG SIDE/WRONG WAY,2,2,0.0,0.0,0.0,0.0,0.0,2.0,3,2,4,04/29/2024,2024-04-29,03:00:00
07/12/2024 09:30:00 PM,3.0,3,5,14,5,3,3,3,3,1,2,UNABLE TO DETERMINE,2,4,1.0,0.0,0.0,1.0,0.0,1.0,21,6,7,07/12/2024,2024-07-12,21:30:00
07/19/2024 11:30:00 AM,3.0,3,2,6,4,3,3,3,3,0,4,FAILING TO YIELD RIGHT-OF-WAY,2,2,0.0,0.0,0.0,0.0,0.0,2.0,11,6,7,07/19/2024,2024-07-19,11:30:00
05/04/2024 12:20:00 PM,5.0,3,2,6,6,3,1,1,2,1,4,FAILING TO YIELD RIGHT-OF-WAY,2,2,0.0,0.0,0.0,0.0,0.0,2.0,12,7,5,05/04/2024,2024-05-04,12:20:00
03/19/2024 06:00:00 PM,5.0,3,2,6,5,3,3,3,2,1,2,FAILING TO YIELD RIGHT-OF-WAY,2,2,0.0,0.0,0.0,0.0,0.0,3.0,18,3,3,03/19/2024,2024-03-19,18:00:00
05/19/2024 06:30:00 PM,5.0,3,2,4,5,3,1,1,2,1,4,FOLLOWING TOO CLOSELY,2,2,0.0,0.0,0.0,0.0,0.0,2.0,18,1,5,05/19/2024,2024-05-19,18:30:00
02/18/2024 06:45:00 PM,7.0,3,5,13,5,3,3,1,2,1,2,UNABLE TO DETERMINE,2,2,0.0,0.0,0.0,0.0,0.0,2.0,18,1,2,02/18/2024,2024-02-18,18:45:00
06/11/2024 02:00:00 PM,5.0,3,2,3,6,3,3,3,2,1,4,IMPROPER OVERTAKING/PASSING,2,2,0.0,0.0,0.0,0.0,0.0,2.0,14,3,6,06/11/2024,2024-06-11,14:00:00
05/13/2024 08:45:00 AM,5.0,3,2,4,5,3,3,3,2,1,2,UNABLE TO DETERMINE,2,2,0.0,0.0,0.0,0.0,0.0,3.0,8,2,5,05/13/2024,2024-05-13,08:45:00
03/31/2024 08:00:00 PM,5.0,5,5,4,4,3,4,3,2,1,4,FOLLOWING TOO CLOSELY,2,2,0.0,0.0,0.0,0.0,0.0,2.0,20,1,3,03/31/2024,2024-03-31,20:00:00
07/24/2024 12:19:00 AM,5.0,3,6,6,7,3,4,6,3,1,4,DISREGARDING TRAFFIC SIGNALS,2,5,1.0,0.0,1.0,0.0,0.0,1.0,0,4,7,07/24/2024,2024-07-24,00:19:00
03/19/2024 07:30:00 PM,7.0,3,5,14,5,3,3,1,2,1,2,DISREGARDING STOP SIGN,2,2,0.0,0.0,0.0,0.0,0.0,2.0,19,3,3,03/19/2024,2024-03-19,19:30:00
07/26/2024 12:15:00 PM,5.0,3,2,6,6,3,3,1,2,1,4,UNABLE TO DETERMINE,2,2,0.0,0.0,0.0,0.0,0.0,2.0,12,6,7,07/26/2024,2024-07-26,12:15:00
03/25/2024 08:31:00 AM,5.0,4,2,6,4,3,3,3,2,1,4,"VISION OBSCURED (SIGNS, TREE LIMBS, BUILDINGS, ETC.)",2,2,0.0,0.0,0.0,0.0,0.0,3.0,8,2,3,03/25/2024,2024-03-25,08:31:00
06/29/2024 09:20:00 AM,7.0,3,2,6,6,3,3,3,2,1,4,FAILING TO YIELD RIGHT-OF-WAY,2,2,0.0,0.0,0.0,0.0,0.0,3.0,9,7,6,06/29/2024,2024-06-29,09:20:00
01/23/2024 12:25:00 PM,5.0,5,2,6,5,3,4,3,3,1,4,IMPROPER TURNING/NO SIGNAL,2,4,2.0,0.0,0.0,2.0,0.0,1.0,12,3,1,01/23/2024,2024-01-23,12:25:00
04/03/2024 12:30:00 PM,7.0,5,2,6,6,3,4,1,2,1,4,DRIVING SKILLS/KNOWLEDGE/EXPERIENCE,2,2,0.0,0.0,0.0,0.0,0.0,3.0,12,4,4,04/03/2024,2024-04-03,12:30:00
04/25/2024 03:54:00 PM,3.0,3,2,6,6,3,3,3,3,1,4,FAILING TO YIELD RIGHT-OF-WAY,2,2,0.0,0.0,0.0,0.0,0.0,2.0,15,5,4,04/25/2024,2024-04-25,15:54:00
08/09/2024 03:00:00 PM,5.0,3,2,6,6,3,2,1,2,1,4,IMPROPER TURNING/NO SIGNAL,2,2,0.0,0.0,0.0,0.0,0.0,2.0,15,6,8,08/09/2024,2024-08-09,15:00:00
03/18/2024 07:02:00 PM,5.0,3,3,5,5,3,3,3,3,1,4,FAILING TO YIELD RIGHT-OF-WAY,2,4,1.0,0.0,0.0,1.0,0.0,1.0,19,2,3,03/18/2024,2024-03-18,19:02:00
03/22/2024 07:06:00 PM,5.0,3,5,4,6,3,4,1,2,1,4,DISREGARDING OTHER TRAFFIC SIGNS,2,2,0.0,0.0,0.0,0.0,0.0,2.0,19,6,3,03/22/2024,2024-03-22,19:06:00
02/18/2024 11:50:00 AM,7.0,3,2,4,5,3,1,1,2,1,4,UNABLE TO DETERMINE,2,2,0.0,0.0,0.0,0.0,0.0,2.0,11,1,2,02/18/2024,2024-02-18,11:50:00
06/29/2024 01:40:00 PM,7.0,3,2,5,5,3,3,3,3,1,4,FAILING TO YIELD RIGHT-OF-WAY,2,3,2.0,0.0,0.0,0.0,2.0,2.0,13,7,6,06/29/2024,2024-06-29,13:40:00
04/10/2024 07:38:00 PM,5.0,3,5,5,6,3,3,3,3,0,4,FAILING TO YIELD RIGHT-OF-WAY,2,2,0.0,0.0,0.0,0.0,0.0,2.0,19,4,4,04/10/2024,2024-04-10,19:38:00
07/04/2024 02:15:00 AM,5.0,3,5,3,3,3,3,3,3,1,4,DRIVING SKILLS/KNOWLEDGE/EXPERIENCE,2,2,0.0,0.0,0.0,0.0,0.0,2.0,2,5,7,07/04/2024,2024-07-04,02:15:00
02/25/2024 05:40:00 PM,3.0,3,4,6,5,3,3,3,3,1,4,FAILING TO YIELD RIGHT-OF-WAY,2,2,0.0,0.0,0.0,0.0,0.0,2.0,17,1,2,02/25/2024,2024-02-25,17:40:00
06/23/2024 01:30:00 PM,3.0,2,2,4,6,3,3,3,2,1,4,FAILING TO REDUCE SPEED TO AVOID CRASH,2,2,0.0,0.0,0.0,0.0,0.0,2.0,13,1,6,06/23/2024,2024-06-23,13:30:00
03/03/2024 05:15:00 PM,5.0,3,2,5,6,3,3,3,2,1,4,IMPROPER OVERTAKING/PASSING,2,2,0.0,0.0,0.0,0.0,0.0,2.0,17,1,3,03/03/2024,2024-03-03,17:15:00
03/08/2024 08:14:00 PM,7.0,5,5,5,1,3,4,1,3,1,4,UNABLE TO DETERMINE,2,3,1.0,0.0,0.0,0.0,1.0,2.0,20,6,3,03/08/2024,2024-03-08,20:14:00
07/25/2024 11:45:00 AM,5.0,3,2,6,4,3,3,3,2,1,4,UNABLE TO DETERMINE,2,2,0.0,0.0,0.0,0.0,0.0,2.0,11,5,7,07/25/2024,2024-07-25,11:45:00
07/19/2024 04:06:00 PM,5.0,3,2,6,6,3,3,3,3,1,4,FAILING TO YIELD RIGHT-OF-WAY,2,2,0.0,0.0,0.0,0.0,0.0,5.0,16,6,7,07/19/2024,2024-07-19,16:06:00
01/25/2024 08:05:00 AM,3.0,4,2,5,5,3,4,3,2,1,4,FAILING TO YIELD RIGHT-OF-WAY,2,2,0.0,0.0,0.0,0.0,0.0,5.0,8,5,1,01/25/2024,2024-01-25,08:05:00
02/21/2024 08:00:00 AM,3.0,3,2,5,1,3,3,1,2,1,4,UNABLE TO DETERMINE,2,2,0.0,0.0,0.0,0.0,0.0,2.0,8,4,2,02/21/2024,2024-02-21,08:00:00
01/29/2024 07:53:00 PM,5.0,3,5,6,6,3,3,3,3,1,4,UNABLE TO DETERMINE,2,2,0.0,0.0,0.0,0.0,0.0,2.0,19,2,1,01/29/2024,2024-01-29,19:53:00
03/29/2024 08:50:00 AM,5.0,3,2,6,4,3,3,3,3,1,4,IMPROPER TURNING/NO SIGNAL,2,2,0.0,0.0,0.0,0.0,0.0,2.0,8,6,3,03/29/2024,2024-03-29,08:50:00
07/24/2024 11:00:00 AM,5.0,3,2,6,5,3,3,3,2,1,4,FAILING TO YIELD RIGHT-OF-WAY,2,2,0.0,0.0,0.0,0.0,0.0,2.0,11,4,7,07/24/2024,2024-07-24,11:00:00
02/20/2024 05:06:00 PM,3.0,3,2,5,6,3,3,3,3,0,4,UNABLE TO DETERMINE,2,2,0.0,0.0,0.0,0.0,0.0,4.0,17,3,2,02/20/2024,2024-02-20,17:06:00
04/05/2024 05:30:00 PM,1.0,3,2,13,10,3,1,1,3,1,4,UNABLE TO DETERMINE,2,4,1.0,0.0,0.0,1.0,0.0,1.0,17,6,4,04/05/2024,2024-04-05,17:30:00
07/28/2024 02:30:00 PM,5.0,3,2,6,6,3,1,1,3,1,4,FAILING TO YIELD RIGHT-OF-WAY,2,2,0.0,0.0,0.0,0.0,0.0,3.0,14,1,7,07/28/2024,2024-07-28,14:30:00
03/17/2024 11:12:00 PM,5.0,3,5,6,14,3,3,1,2,1,4,FAILING TO YIELD RIGHT-OF-WAY,2,2,0.0,0.0,0.0,0.0,0.0,3.0,23,1,3,03/17/2024,2024-03-17,23:12:00
04/27/2024 11:49:00 PM,5.0,8,5,5,7,3,1,3,3,1,4,DISREGARDING TRAFFIC SIGNALS,2,2,0.0,0.0,0.0,0.0,0.0,3.0,23,7,4,04/27/2024,2024-04-27,23:49:00
03/22/2024 02:38:00 PM,5.0,3,2,5,6,3,3,3,3,1,4,NOT APPLICABLE,2,3,1.0,0.0,0.0,0.0,1.0,4.0,14,6,3,03/22/2024,2024-03-22,14:38:00
05/15/2024 02:40:00 PM,1.0,3,2,5,6,3,3,1,2,1,3,NOT APPLICABLE,2,2,0.0,0.0,0.0,0.0,0.0,2.0,14,4,5,05/15/2024,2024-05-15,14:40:00
07/31/2024 07:40:00 AM,5.0,3,2,6,5,3,3,3,3,1,2,UNABLE TO DETERMINE,2,4,2.0,0.0,0.0,1.0,1.0,1.0,7,4,7,07/31/2024,2024-07-31,07:40:00
03/23/2024 10:18:00 PM,3.0,3,5,6,5,3,3,3,2,1,4,UNABLE TO DETERMINE,2,2,0.0,0.0,0.0,0.0,0.0,2.0,22,7,3,03/23/2024,2024-03-23,22:18:00
05/12/2024 10:15:00 PM,5.0,3,5,3,2,3,3,3,2,0,3,IMPROPER OVERTAKING/PASSING,2,2,0.0,0.0,0.0,0.0,0.0,2.0,22,1,5,05/12/2024,2024-05-12,22:15:00
01/18/2024 05:01:00 PM,5.0,2,6,3,5,3,4,1,2,1,4,UNABLE TO DETERMINE,2,2,0.0,0.0,0.0,0.0,0.0,2.0,17,5,1,01/18/2024,2024-01-18,17:01:00
03/17/2024 07:50:00 PM,1.0,3,5,6,5,3,3,7,2,1,4,IMPROPER OVERTAKING/PASSING,2,2,0.0,0.0,0.0,0.0,0.0,2.0,19,1,3,03/17/2024,2024-03-17,19:50:00
07/21/2024 04:05:00 PM,5.0,3,2,6,5,3,3,3,2,1,3,UNABLE TO DETERMINE,2,2,0.0,0.0,0.0,0.0,0.0,2.0,16,1,7,07/21/2024,2024-07-21,16:05:00
01/30/2024 09:00:00 AM,7.0,3,2,5,7,3,1,1,2,0,4,FAILING TO YIELD RIGHT-OF-WAY,2,2,0.0,0.0,0.0,0.0,0.0,2.0,9,3,1,01/30/2024,2024-01-30,09:00:00
01/12/2024 06:28:00 AM,5.0,6,6,4,3,3,5,3,2,0,4,UNABLE TO DETERMINE,2,2,0.0,0.0,0.0,0.0,0.0,2.0,6,6,1,01/12/2024,2024-01-12,06:28:00
03/31/2024 03:47:00 PM,7.0,3,2,5,6,3,3,3,3,1,4,NOT APPLICABLE,2,3,1.0,0.0,0.0,0.0,1.0,4.0,15,1,3,03/31/2024,2024-03-31,15:47:00
04/22/2024 07:40:00 AM,7.0,3,2,5,5,3,3,3,3,1,4,FAILING TO YIELD RIGHT-OF-WAY,2,2,0.0,0.0,0.0,0.0,0.0,6.0,7,2,4,04/22/2024,2024-04-22,07:40:00
01/13/2024 09:00:00 PM,5.0,6,5,4,5,3,4,3,2,1,4,FAILING TO REDUCE SPEED TO AVOID CRASH,2,2,0.0,0.0,0.0,0.0,0.0,2.0,21,7,1,01/13/2024,2024-01-13,21:00:00
04/26/2024 03:14:00 PM,3.0,5,2,4,7,3,4,3,3,1,3,UNABLE TO DETERMINE,2,3,2.0,0.0,0.0,0.0,2.0,2.0,15,6,4,04/26/2024,2024-04-26,15:14:00
02/28/2024 10:30:00 PM,5.0,3,5,5,5,3,3,1,3,1,4,UNABLE TO DETERMINE,2,4,1.0,0.0,0.0,1.0,0.0,2.0,22,4,2,02/28/2024,2024-02-28,22:30:00
08/03/2024 07:20:00 PM,1.0,3,2,11,6,3,1,1,2,1,4,IMPROPER OVERTAKING/PASSING,2,2,0.0,0.0,0.0,0.0,0.0,1.0,19,7,8,08/03/2024,2024-08-03,19:20:00
07/11/2024 08:15:00 AM,5.0,3,2,6,7,3,3,3,3,1,4,IMPROPER TURNING/NO SIGNAL,2,4,1.0,0.0,0.0,1.0,0.0,1.0,8,5,7,07/11/2024,2024-07-11,08:15:00
03/30/2024 11:00:00 AM,7.0,3,2,13,5,3,3,1,2,1,3,FAILING TO YIELD RIGHT-OF-WAY,2,2,0.0,0.0,0.0,0.0,0.0,2.0,11,7,3,03/30/2024,2024-03-30,11:00:00
05/12/2024 06:51:00 PM,5.0,3,2,5,14,3,3,3,2,1,4,UNABLE TO DETERMINE,2,2,0.0,0.0,0.0,0.0,0.0,8.0,18,1,5,05/12/2024,2024-05-12,18:51:00
06/18/2024 01:20:00 AM,7.0,3,5,6,5,3,3,3,3,1,4,DRIVING SKILLS/KNOWLEDGE/EXPERIENCE,2,2,0.0,0.0,0.0,0.0,0.0,2.0,1,3,6,06/18/2024,2024-06-18,01:20:00
02/12/2024 03:09:00 PM,7.0,3,2,6,3,3,3,3,3,1,4,FAILING TO YIELD RIGHT-OF-WAY,2,2,0.0,0.0,0.0,0.0,0.0,2.0,15,2,2,02/12/2024,2024-02-12,15:09:00
03/29/2024 09:36:00 AM,7.0,3,2,11,6,3,3,3,3,1,4,IMPROPER OVERTAKING/PASSING,2,2,0.0,0.0,0.0,0.0,0.0,1.0,9,6,3,03/29/2024,2024-03-29,09:36:00
03/26/2024 02:25:00 PM,5.0,5,2,13,5,3,4,3,2,1,3,UNABLE TO DETERMINE,2,2,0.0,0.0,0.0,0.0,0.0,2.0,14,3,3,03/26/2024,2024-03-26,14:25:00
04/26/2024 02:18:00 PM,3.0,5,2,5,6,3,4,3,3,1,4,FAILING TO YIELD RIGHT-OF-WAY,2,2,0.0,0.0,0.0,0.0,0.0,5.0,14,6,4,04/26/2024,2024-04-26,14:18:00
01/03/2024 04:20:00 PM,5.0,3,5,6,5,3,3,3,2,1,4,FAILING TO YIELD RIGHT-OF-WAY,2,2,0.0,0.0,0.0,0.0,0.0,3.0,16,4,1,01/03/2024,2024-01-03,16:20:00
02/17/2024 05:32:00 AM,5.0,3,5,6,6,3,3,3,2,0,4,NOT APPLICABLE,2,2,0.0,0.0,0.0,0.0,0.0,2.0,5,7,2,02/17/2024,2024-02-17,05:32:00
06/07/2024 03:30:00 PM,1.0,3,2,6,5,3,1,1,3,1,4,DISREGARDING TRAFFIC SIGNALS,2,2,0.0,0.0,0.0,0.0,0.0,5.0,15,6,6,06/07/2024,2024-06-07,15:30:00
03/17/2024 08:20:00 AM,5.0,3,2,4,5,3,3,1,2,1,4,UNABLE TO DETERMINE,2,2,0.0,0.0,0.0,0.0,0.0,4.0,8,1,3,03/17/2024,2024-03-17,08:20:00
01/27/2024 09:42:00 PM,5.0,5,5,13,5,3,4,3,3,1,4,FAILING TO YIELD RIGHT-OF-WAY,2,4,1.0,0.0,0.0,1.0,0.0,1.0,21,7,1,01/27/2024,2024-01-27,21:42:00
03/20/2024 07:45:00 AM,5.0,3,2,4,6,3,3,3,2,1,4,UNABLE TO DETERMINE,2,2,0.0,0.0,0.0,0.0,0.0,2.0,7,4,3,03/20/2024,2024-03-20,07:45:00
06/28/2024 02:58:00 PM,7.0,6,2,5,6,3,4,3,3,1,4,FAILING TO YIELD RIGHT-OF-WAY,2,2,0.0,0.0,0.0,0.0,0.0,3.0,14,6,6,06/28/2024,2024-06-28,14:58:00
01/30/2024 07:39:00 AM,5.0,5,2,6,5,3,4,3,2,1,4,FAILING TO YIELD RIGHT-OF-WAY,2,2,0.0,0.0,0.0,0.0,0.0,2.0,7,3,1,01/30/2024,2024-01-30,07:39:00
04/04/2024 08:20:00 AM,7.0,3,2,5,5,3,3,3,2,1,3,"VISION OBSCURED (SIGNS, TREE LIMBS, BUILDINGS, ETC.)",2,2,0.0,0.0,0.0,0.0,0.0,2.0,8,5,4,04/04/2024,2024-04-04,08:20:00
08/11/2024 01:30:00 AM,5.0,3,5,4,14,3,3,1,3,1,4,FAILING TO REDUCE SPEED TO AVOID CRASH,2,2,0.0,0.0,0.0,0.0,0.0,3.0,1,1,8,08/11/2024,2024-08-11,01:30:00
05/15/2024 05:10:00 PM,5.0,3,2,6,6,3,3,3,2,1,4,UNABLE TO DETERMINE,2,2,0.0,0.0,0.0,0.0,0.0,2.0,17,4,5,05/15/2024,2024-05-15,17:10:00
02/27/2024 08:50:00 AM,7.0,3,2,5,6,3,3,3,3,1,4,FAILING TO YIELD RIGHT-OF-WAY,2,2,0.0,0.0,0.0,0.0,0.0,3.0,8,3,2,02/27/2024,2024-02-27,08:50:00
04/01/2024 05:00:00 PM,7.0,5,2,14,5,3,4,1,3,1,2,WEATHER,2,4,1.0,0.0,0.0,1.0,0.0,1.0,17,2,4,04/01/2024,2024-04-01,17:00:00
05/30/2024 07:45:00 AM,7.0,3,2,13,7,3,3,3,3,0,2,DISREGARDING STOP SIGN,2,4,1.0,0.0,0.0,1.0,0.0,1.0,7,5,5,05/30/2024,2024-05-30,07:45:00
08/05/2024 09:15:00 PM,5.0,3,5,4,7,3,3,3,3,1,4,FAILING TO REDUCE SPEED TO AVOID CRASH,2,3,1.0,0.0,0.0,0.0,1.0,1.0,21,2,8,08/05/2024,2024-08-05,21:15:00
01/13/2024 10:06:00 PM,5.0,6,5,4,4,3,6,3,3,1,4,FAILING TO REDUCE SPEED TO AVOID CRASH,2,4,2.0,0.0,0.0,2.0,0.0,0.0,22,7,1,01/13/2024,2024-01-13,22:06:00
05/03/2024 09:33:00 AM,7.0,5,2,5,5,3,4,3,3,1,4,FAILING TO YIELD RIGHT-OF-WAY,2,3,1.0,0.0,0.0,0.0,1.0,4.0,9,6,5,05/03/2024,2024-05-03,09:33:00
05/11/2024 06:00:00 AM,5.0,3,2,4,4,3,3,3,2,1,3,FOLLOWING TOO CLOSELY,2,2,0.0,0.0,0.0,0.0,0.0,2.0,6,7,5,05/11/2024,2024-05-11,06:00:00
01/10/2024 01:30:00 PM,5.0,3,2,6,6,3,4,3,2,1,4,UNABLE TO DETERMINE,2,2,0.0,0.0,0.0,0.0,0.0,2.0,13,4,1,01/10/2024,2024-01-10,13:30:00
06/18/2024 06:30:00 PM,3.0,3,2,4,6,3,3,1,2,1,4,UNABLE TO DETERMINE,2,2,0.0,0.0,0.0,0.0,0.0,2.0,18,3,6,06/18/2024,2024-06-18,18:30:00
06/21/2024 10:58:00 AM,1.0,3,2,6,12,3,3,3,3,1,4,IMPROPER OVERTAKING/PASSING,2,4,1.0,0.0,0.0,1.0,0.0,1.0,10,6,6,06/21/2024,2024-06-21,10:58:00
01/23/2024 05:53:00 PM,3.0,5,6,6,4,3,4,3,2,1,4,UNABLE TO DETERMINE,2,2,0.0,0.0,0.0,0.0,0.0,3.0,17,3,1,01/23/2024,2024-01-23,17:53:00
04/11/2024 07:49:00 PM,5.0,4,5,13,5,3,3,3,3,1,2,"VISION OBSCURED (SIGNS, TREE LIMBS, BUILDINGS, ETC.)",2,4,1.0,0.0,0.0,1.0,0.0,1.0,19,5,4,04/11/2024,2024-04-11,19:49:00
07/22/2024 03:15:00 PM,5.0,3,2,10,7,3,1,1,2,1,4,FAILING TO REDUCE SPEED TO AVOID CRASH,2,2,0.0,0.0,0.0,0.0,0.0,2.0,15,2,7,07/22/2024,2024-07-22,15:15:00
07/23/2024 07:49:00 AM,5.0,3,2,3,5,3,3,3,2,1,2,IMPROPER OVERTAKING/PASSING,2,2,0.0,0.0,0.0,0.0,0.0,2.0,7,3,7,07/23/2024,2024-07-23,07:49:00
05/12/2024 03:00:00 PM,5.0,3,2,4,1,3,3,1,2,1,4,DISREGARDING TRAFFIC SIGNALS,2,2,0.0,0.0,0.0,0.0,0.0,3.0,15,1,5,05/12/2024,2024-05-12,15:00:00
03/02/2024 12:40:00 AM,5.0,3,5,4,5,3,3,3,2,1,3,PHYSICAL CONDITION OF DRIVER,2,2,0.0,0.0,0.0,0.0,0.0,4.0,0,7,3,03/02/2024,2024-03-02,00:40:00
01/17/2024 01:50:00 PM,5.0,2,2,5,5,3,4,3,3,1,4,FAILING TO REDUCE SPEED TO AVOID CRASH,2,3,1.0,0.0,0.0,0.0,1.0,1.0,13,4,1,01/17/2024,2024-01-17,13:50:00
05/06/2024 06:40:00 PM,5.0,3,2,6,3,3,3,3,2,1,2,UNABLE TO DETERMINE,2,2,0.0,0.0,0.0,0.0,0.0,4.0,18,2,5,05/06/2024,2024-05-06,18:40:00
01/26/2024 05:00:00 AM,5.0,9,5,6,7,3,4,3,2,1,4,FOLLOWING TOO CLOSELY,2,2,0.0,0.0,0.0,0.0,0.0,2.0,5,6,1,01/26/2024,2024-01-26,05:00:00
07/09/2024 01:12:00 PM,3.0,3,2,4,4,3,3,3,2,1,4,UNABLE TO DETERMINE,2,2,0.0,0.0,0.0,0.0,0.0,2.0,13,3,7,07/09/2024,2024-07-09,13:12:00
02/15/2024 04:40:00 AM,5.0,5,5,5,6,3,4,3,3,1,4,DISREGARDING TRAFFIC SIGNALS,2,2,0.0,0.0,0.0,0.0,0.0,2.0,4,5,2,02/15/2024,2024-02-15,04:40:00