crash_date,traffic_control_device,weather_condition,lighting_condition,first_crash_type,trafficway_type,alignment,roadway_surface_cond,road_defect,crash_type,intersection_related_i,damage,prim_contributory_cause,num_units,most_severe_injury,injuries_total,injuries_fatal,injuries_incapacitating,injuries_non_incapacitating,injuries_reported_not_evident,injuries_no_indication,crash_hour,crash_day_of_week,crash_month,parsed_datetime,date,time
07/27/2024 10:43:00 PM,5.0,3,5,6,5,3,3,1,3,1,4,FAILING TO YIELD RIGHT-OF-WAY,2,2,0.0,0.0,0.0,0.0,0.0,3.0,22,7,7,07/27/2024,2024-07-27,22:43:00
03/06/2024 10:50:00 AM,5.0,3,2,3,6,3,3,3,2,1,2,UNABLE TO DETERMINE,2,2,0.0,0.0,0.0,0.0,0.0,2.0,10,4,3,03/06/2024,2024-03-06,10:50:00
07/01/2024 12:01:00 AM,5.0,3,5,6,6,3,3,3,2,1,4,UNABLE TO DETERMINE,2,2,0.0,0.0,0.0,0.0,0.0,2.0,0,2,7,07/01/2024,2024-07-01,00:01:00
05/10/2024 01:09:00 AM,5.0,3,6,3,6,3,3,3,3,1,3,NOT APPLICABLE,2,4,1.0,0.0,0.0,1.0,0.0,2.0,1,6,5,05/10/2024,2024-05-10,01:09:00
01/18/2024 03:30:00 PM,3.0,3,2,11,17,3,5,3,2,0,4,UNABLE TO DETERMINE,2,2,0.0,0.0,0.0,0.0,0.0,1.0,15,5,1,01/18/2024,2024-01-18,15:30:00
04/27/2024 12:13:00 AM,5.0,5,5,4,6,3,4,3,3,1,4,"OPERATING VEHICLE IN ERRATIC, RECKLESS, CARELESS, NEGLIGENT OR AGGRESSIVE MANNER",2,2,0.0,0.0,0.0,0.0,0.0,3.0,0,7,4,04/27/2024,2024-04-27,00:13:00
03/28/2024 01:30:00 PM,5.0,3,2,6,5,3,3,1,2,1,4,IMPROPER TURNING/NO SIGNAL,2,2,0.0,0.0,0.0,0.0,0.0,2.0,13,5,3,03/28/2024,2024-03-28,13:30:00
06/01/2024 11:45:00 AM,5.0,5,5,4,10,3,4,3,3,1,4,DISTRACTION - FROM INSIDE VEHICLE,2,3,1.0,0.0,0.0,0.0,1.0,3.0,11,7,6,06/01/2024,2024-06-01,11:45:00
03/25/2024 10:52:00 PM,5.0,5,5,13,5,3,4,1,3,1,4,WEATHER,2,5,1.0,0.0,1.0,0.0,0.0,1.0,22,2,3,03/25/2024,2024-03-25,22:52:00
02/02/2024 05:50:00 PM,5.0,3,5,6,14,3,3,3,3,1,4,IMPROPER TURNING/NO SIGNAL,2,2,0.0,0.0,0.0,0.0,0.0,3.0,17,6,2,02/02/2024,2024-02-02,17:50:00
05/01/2024 07:55:00 AM,3.0,3,2,4,6,3,3,3,2,1,4,NOT APPLICABLE,2,2,0.0,0.0,0.0,0.0,0.0,2.0,7,4,5,05/01/2024,2024-05-01,07:55:00
03/16/2024 06:07:00 PM,5.0,3,2,13,5,3,3,3,3,1,4,DISREGARDING TRAFFIC SIGNALS,2,4,1.0,0.0,0.0,1.0,0.0,1.0,18,7,3,03/16/2024,2024-03-16,18:07:00
02/09/2024 08:50:00 PM,5.0,3,5,6,5,3,1,7,2,1,4,DRIVING ON WRONG SIDE/WRONG WAY,2,2,0.0,0.0,0.0,0.0,0.0,2.0,20,6,2,02/09/2024,2024-02-09,20:50:00
07/12/2024 04:00:00 PM,5.0,3,2,9,5,3,3,3,3,1,4,FAILING TO REDUCE SPEED TO AVOID CRASH,2,4,2.0,0.0,0.0,2.0,0.0,0.0,16,6,7,07/12/2024,2024-07-12,16:00:00
03/18/2024 06:08:00 PM,7.0,3,2,5,6,3,3,3,3,1,4,FAILING TO YIELD RIGHT-OF-WAY,2,4,1.0,0.0,0.0,1.0,0.0,1.0,18,2,3,03/18/2024,2024-03-18,18:08:00
06/21/2024 03:55:00 PM,7.0,3,2,3,6,3,1,1,2,1,3,UNABLE TO DETERMINE,2,2,0.0,0.0,0.0,0.0,0.0,2.0,15,6,6,06/21/2024,2024-06-21,15:55:00
04/15/2024 08:12:00 AM,7.0,3,2,13,5,4,3,3,2,1,2,"VISION OBSCURED (SIGNS, TREE LIMBS, BUILDINGS, ETC.)",2,2,0.0,0.0,0.0,0.0,0.0,2.0,8,2,4,04/15/2024,2024-04-15,08:12:00
03/12/2024 10:15:00 AM,7.0,3,2,5,5,3,3,3,3,1,4,FAILING TO REDUCE SPEED TO AVOID CRASH,2,2,0.0,0.0,0.0,0.0,0.0,3.0,10,3,3,03/12/2024,2024-03-12,10:15:00
01/14/2024 09:40:00 PM,5.0,3,6,5,5,3,4,3,3,1,4,DRIVING SKILLS/KNOWLEDGE/EXPERIENCE,2,4,1.0,0.0,0.0,1.0,0.0,1.0,21,1,1,01/14/2024,2024-01-14,21:40:00
04/05/2024 07:12:00 AM,5.0,3,2,14,6,3,3,3,3,1,4,FAILING TO YIELD RIGHT-OF-WAY,2,3,1.0,0.0,0.0,0.0,1.0,1.0,7,6,4,04/05/2024,2024-04-05,07:12:00
02/28/2024 07:34:00 AM,7.0,3,2,13,6,3,3,1,3,1,2,UNABLE TO DETERMINE,2,4,1.0,0.0,0.0,1.0,0.0,4.0,7,4,2,02/28/2024,2024-02-28,07:34:00
01/23/2024 04:19:00 PM,7.0,5,2,5,5,3,4,3,3,1,4,FAILING TO YIELD RIGHT-OF-WAY,2,4,1.0,0.0,0.0,1.0,0.0,2.0,16,3,1,01/23/2024,2024-01-23,16:19:00
06/14/2024 12:15:00 PM,5.0,3,2,3,10,3,3,1,2,1,4,IMPROPER OVERTAKING/PASSING,2,2,0.0,0.0,0.0,0.0,0.0,2.0,12,6,6,06/14/2024,2024-06-14,12:15:00
03/05/2024 07:50:00 AM,7.0,5,2,6,6,3,4,3,3,1,4,FAILING TO YIELD RIGHT-OF-WAY,2,3,1.0,0.0,0.0,0.0,1.0,1.0,7,3,3,03/05/2024,2024-03-05,07:50:00
02/25/2024 03:30:00 PM,5.0,3,2,3,6,3,3,3,2,1,4,IMPROPER OVERTAKING/PASSING,2,2,0.0,0.0,0.0,0.0,0.0,2.0,15,1,2,02/25/2024,2024-02-25,15:30:00
06/19/2024 06:05:00 PM,7.0,3,2,8,10,3,3,3,2,1,4,NOT APPLICABLE,2,2,0.0,0.0,0.0,0.0,0.0,3.0,18,4,6,06/19/2024,2024-06-19,18:05:00
02/28/2024 03:25:00 PM,5.0,3,2,6,6,3,3,3,3,1,4,UNABLE TO DETERMINE,2,2,0.0,0.0,0.0,0.0,0.0,2.0,15,4,2,02/28/2024,2024-02-28,15:25:00
04/30/2024 04:15:00 PM,7.0,3,2,4,4,3,3,3,3,1,4,UNABLE TO DETERMINE,2,4,2.0,0.0,0.0,2.0,0.0,1.0,16,3,4,04/30/2024,2024-04-30,16:15:00
01/25/2024 08:20:00 PM,7.0,5,5,6,5,3,4,1,2,1,4,UNABLE TO DETERMINE,2,2,0.0,0.0,0.0,0.0,0.0,2.0,20,5,1,01/25/2024,2024-01-25,20:20:00
02/27/2024 03:30:00 PM,5.0,3,2,4,5,3,3,3,2,1,4,DRIVING SKILLS/KNOWLEDGE/EXPERIENCE,2,2,0.0,0.0,0.0,0.0,0.0,2.0,15,3,2,02/27/2024,2024-02-27,15:30:00
01/17/2024 03:20:00 PM,5.0,3,2,6,5,3,3,3,2,1,4,UNABLE TO DETERMINE,2,2,0.0,0.0,0.0,0.0,0.0,2.0,15,4,1,01/17/2024,2024-01-17,15:20:00
06/14/2024 03:10:00 PM,7.0,3,2,4,1,3,1,1,2,1,4,FAILING TO REDUCE SPEED TO AVOID CRASH,2,2,0.0,0.0,0.0,0.0,0.0,3.0,15,6,6,06/14/2024,2024-06-14,15:10:00
07/12/2024 04:40:00 PM,1.0,3,2,6,6,3,3,1,2,1,2,UNABLE TO DETERMINE,2,2,0.0,0.0,0.0,0.0,0.0,2.0,16,6,7,07/12/2024,2024-07-12,16:40:00
07/17/2024 01:30:00 PM,1.0,3,2,3,5,3,1,1,2,1,4,IMPROPER LANE USAGE,2,2,0.0,0.0,0.0,0.0,0.0,2.0,13,4,7,07/17/2024,2024-07-17,13:30:00
04/10/2024 08:54:00 PM,5.0,3,5,4,4,3,3,1,3,1,4,UNABLE TO DETERMINE,2,4,1.0,0.0,0.0,1.0,0.0,1.0,20,4,4,04/10/2024,2024-04-10,20:54:00
05/02/2024 07:43:00 AM,5.0,3,2,14,5,3,3,3,3,1,3,IMPROPER LANE USAGE,2,4,1.0,0.0,0.0,1.0,0.0,1.0,7,5,5,05/02/2024,2024-05-02,07:43:00
07/03/2024 08:55:00 PM,5.0,3,5,3,4,3,3,3,2,1,4,FAILING TO YIELD RIGHT-OF-WAY,2,2,0.0,0.0,0.0,0.0,0.0,2.0,20,4,7,07/03/2024,2024-07-03,20:55:00
08/12/2024 02:00:00 PM,3.0,3,2,14,7,3,3,1,2,1,4,DRIVING SKILLS/KNOWLEDGE/EXPERIENCE,2,2,0.0,0.0,0.0,0.0,0.0,2.0,14,2,8,08/12/2024,2024-08-12,14:00:00
05/10/2024 02:00:00 PM,5.0,3,2,4,6,3,3,3,2,1,4,FOLLOWING TOO CLOSELY,2,2,0.0,0.0,0.0,0.0,0.0,2.0,14,6,5,05/10/2024,2024-05-10,14:00:00
02/22/2024 08:50:00 AM,5.0,3,2,6,5,3,3,3,2,1,4,FAILING TO YIELD RIGHT-OF-WAY,2,2,0.0,0.0,0.0,0.0,0.0,2.0,8,5,2,02/22/2024,2024-02-22,08:50:00
04/02/2024 09:30:00 PM,7.0,3,2,5,2,3,1,1,2,1,3,UNABLE TO DETERMINE,2,2,0.0,0.0,0.0,0.0,0.0,2.0,21,3,4,04/02/2024,2024-04-02,21:30:00
02/27/2024 06:00:00 PM,5.0,3,4,5,5,3,3,3,2,1,2,FAILING TO YIELD RIGHT-OF-WAY,2,2,0.0,0.0,0.0,0.0,0.0,2.0,18,3,2,02/27/2024,2024-02-27,18:00:00
03/12/2024 04:45:00 PM,7.0,3,2,7,6,3,1,1,2,1,4,NOT APPLICABLE,2,2,0.0,0.0,0.0,0.0,0.0,2.0,16,3,3,03/12/2024,2024-03-12,16:45:00
01/06/2024 06:37:00 PM,5.0,3,6,4,5,3,3,3,2,1,4,FOLLOWING TOO CLOSELY,2,2,0.0,0.0,0.0,0.0,0.0,2.0,18,7,1,01/06/2024,2024-01-06,18:37:00
03/08/2024 03:55:00 AM,5.0,3,5,4,5,3,3,3,3,1,4,DISTRACTION - FROM INSIDE VEHICLE,2,3,1.0,0.0,0.0,0.0,1.0,2.0,3,6,3,03/08/2024,2024-03-08,03:55:00
05/26/2024 05:13:00 PM,7.0,3,2,5,6,3,3,3,3,1,4,FAILING TO REDUCE SPEED TO AVOID CRASH,2,4,2.0,0.0,0.0,2.0,0.0,2.0,17,1,5,05/26/2024,2024-05-26,17:13:00
05/25/2024 06:28:00 PM,7.0,3,2,13,6,3,3,3,3,1,4,FAILING TO YIELD RIGHT-OF-WAY,2,3,2.0,0.0,0.0,0.0,2.0,0.0,18,7,5,05/25/2024,2024-05-25,18:28:00
06/21/2024 12:20:00 PM,5.0,3,2,4,4,3,3,1,2,1,2,FOLLOWING TOO CLOSELY,2,2,0.0,0.0,0.0,0.0,0.0,3.0,12,6,6,06/21/2024,2024-06-21,12:20:00
05/17/2024 11:48:00 AM,5.0,3,2,6,3,3,3,3,3,1,4,FAILING TO YIELD RIGHT-OF-WAY,2,3,2.0,0.0,0.0,0.0,2.0,0.0,11,6,5,05/17/2024,2024-05-17,11:48:00
05/01/2024 02:00:00 PM,5.0,3,2,6,5,3,3,3,3,1,4,IMPROPER TURNING/NO SIGNAL,2,4,2.0,0.0,0.0,2.0,0.0,2.0,14,4,5,05/01/2024,2024-05-01,14:00:00
08/13/2024 04:35:00 PM,7.0,3,2,5,6,3,3,3,3,1,4,FAILING TO YIELD RIGHT-OF-WAY,2,4,2.0,0.0,0.0,2.0,0.0,1.0,16,3,8,08/13/2024,2024-08-13,16:35:00
04/25/2024 08:41:00 AM,5.0,3,2,13,6,3,3,3,3,1,2,FAILING TO YIELD RIGHT-OF-WAY,2,4,1.0,0.0,0.0,1.0,0.0,1.0,8,5,4,04/25/2024,2024-04-25,08:41:00
07/18/2024 11:00:00 AM,5.0,3,2,6,6,3,3,2,2,1,4,ROAD CONSTRUCTION/MAINTENANCE,2,2,0.0,0.0,0.0,0.0,0.0,2.0,11,5,7,07/18/2024,2024-07-18,11:00:00
03/15/2024 03:00:00 PM,5.0,3,2,5,5,3,3,3,2,1,4,DISREGARDING TRAFFIC SIGNALS,2,2,0.0,0.0,0.0,0.0,0.0,2.0,15,6,3,03/15/2024,2024-03-15,15:00:00
02/16/2024 02:45:00 PM,3.0,3,2,7,5,3,3,3,2,1,4,UNABLE TO DETERMINE,2,2,0.0,0.0,0.0,0.0,0.0,2.0,14,6,2,02/16/2024,2024-02-16,14:45:00
02/17/2024 10:54:00 AM,7.0,3,2,6,6,3,3,3,2,1,4,UNABLE TO DETERMINE,2,2,0.0,0.0,0.0,0.0,0.0,2.0,10,7,2,02/17/2024,2024-02-17,10:54:00
04/29/2024 08:25:00 AM,7.0,3,2,6,6,3,4,3,2,1,3,UNABLE TO DETERMINE,2,2,0.0,0.0,0.0,0.0,0.0,2.0,8,2,4,04/29/2024,2024-04-29,08:25:00
02/28/2024 11:47:00 AM,5.0,3,2,6,3,3,3,3,3,1,4,FAILING TO YIELD RIGHT-OF-WAY,2,3,1.0,0.0,0.0,0.0,1.0,2.0,11,4,2,02/28/2024,2024-02-28,11:47:00
04/07/2024 06:39:00 PM,5.0,5,2,6,3,3,4,1,3,1,4,FAILING TO REDUCE SPEED TO AVOID CRASH,2,2,0.0,0.0,0.0,0.0,0.0,3.0,18,1,4,04/07/2024,2024-04-07,18:39:00
08/04/2024 11:36:00 AM,3.0,3,2,6,7,3,3,3,3,1,4,DRIVING SKILLS/KNOWLEDGE/EXPERIENCE,2,2,0.0,0.0,0.0,0.0,0.0,5.0,11,1,8,08/04/2024,2024-08-04,11:36:00
08/07/2024 10:50:00 AM,5.0,3,2,3,6,3,3,3,2,1,4,NOT APPLICABLE,2,2,0.0,0.0,0.0,0.0,0.0,2.0,10,4,8,08/07/2024,2024-08-07,10:50:00
04/07/2024 09:24:00 AM,5.0,5,2,5,4,3,4,1,3,1,4,FAILING TO YIELD RIGHT-OF-WAY,2,2,0.0,0.0,0.0,0.0,0.0,2.0,9,1,4,04/07/2024,2024-04-07,09:24:00
02/06/2024 11:15:00 AM,3.0,3,2,8,6,3,3,3,2,1,4,UNABLE TO DETERMINE,2,2,0.0,0.0,0.0,0.0,0.0,2.0,11,3,2,02/06/2024,2024-02-06,11:15:00
07/20/2024 09:22:00 PM,3.0,3,6,3,6,3,3,1,2,1,2,IMPROPER LANE USAGE,2,2,0.0,0.0,0.0,0.0,0.0,2.0,21,7,7,07/20/2024,2024-07-20,21:22:00
02/15/2024 05:10:00 AM,5.0,5,5,5,5,3,4,3,3,1,4,UNABLE TO DETERMINE,2,2,0.0,0.0,0.0,0.0,0.0,2.0,5,5,2,02/15/2024,2024-02-15,05:10:00
05/16/2024 08:52:00 PM,5.0,3,5,6,5,3,3,3,3,1,4,FAILING TO YIELD RIGHT-OF-WAY,2,2,0.0,0.0,0.0,0.0,0.0,4.0,20,5,5,05/16/2024,2024-05-16,20:52:00
03/04/2024 05:30:00 PM,7.0,3,2,14,6,3,3,3,3,1,4,FAILING TO YIELD RIGHT-OF-WAY,2,4,1.0,0.0,0.0,1.0,0.0,1.0,17,2,3,03/04/2024,2024-03-04,17:30:00
01/14/2024 12:45:00 PM,3.0,3,2,6,5,3,1,1,2,1,4,UNABLE TO DETERMINE,2,2,0.0,0.0,0.0,0.0,0.0,2.0,12,1,1,01/14/2024,2024-01-14,12:45:00
07/31/2024 04:52:00 PM,5.0,3,2,3,3,3,3,3,2,1,2,UNABLE TO DETERMINE,2,2,0.0,0.0,0.0,0.0,0.0,2.0,16,4,7,07/31/2024,2024-07-31,16:52:00
05/18/2024 05:40:00 AM,5.0,3,2,4,4,3,3,3,2,1,3,UNABLE TO DETERMINE,2,2,0.0,0.0,0.0,0.0,0.0,2.0,5,7,5,05/18/2024,2024-05-18,05:40:00
02/18/2024 11:45:00 AM,3.0,3,2,3,6,3,3,3,2,1,4,UNABLE TO DETERMINE,2,2,0.0,0.0,0.0,0.0,0.0,4.0,11,1,2,02/18/2024,2024-02-18,11:45:00
02/18/2024 08:30:00 PM,7.0,3,5,5,5,3,3,3,2,1,4,DISREGARDING STOP SIGN,2,2,0.0,0.0,0.0,0.0,0.0,6.0,20,1,2,02/18/2024,2024-02-18,20:30:00
05/22/2024 04:27:00 PM,5.0,3,2,3,5,3,3,3,2,1,4,IMPROPER OVERTAKING/PASSING,2,2,0.0,0.0,0.0,0.0,0.0,2.0,16,4,5,05/22/2024,2024-05-22,16:27:00
04/16/2024 06:25:00 AM,7.0,3,2,14,7,3,3,1,3,1,2,FAILING TO YIELD RIGHT-OF-WAY,2,4,1.0,0.0,0.0,1.0,0.0,1.0,6,3,4,04/16/2024,2024-04-16,06:25:00
06/02/2024 01:47:00 AM,5.0,5,5,3,6,3,4,1,3,1,3,IMPROPER OVERTAKING/PASSING,2,5,1.0,0.0,1.0,0.0,0.0,1.0,1,1,6,06/02/2024,2024-06-02,01:47:00
02/24/2024 04:25:00 PM,5.0,3,2,3,4,3,5,3,2,1,4,UNABLE TO DETERMINE,2,2,0.0,0.0,0.0,0.0,0.0,2.0,16,7,2,02/24/2024,2024-02-24,16:25:00
03/01/2024 07:48:00 AM,7.0,3,2,4,10,3,3,3,2,1,4,FOLLOWING TOO CLOSELY,2,2,0.0,0.0,0.0,0.0,0.0,4.0,7,6,3,03/01/2024,2024-03-01,07:48:00
01/21/2024 12:39:00 AM,5.0,3,5,5,5,3,4,3,3,1,4,DISREGARDING TRAFFIC SIGNALS,2,4,1.0,0.0,0.0,1.0,0.0,1.0,0,1,1,01/21/2024,2024-01-21,00:39:00
08/07/2024 01:40:00 PM,5.0,3,2,6,4,3,3,1,2,1,4,FAILING TO YIELD RIGHT-OF-WAY,2,2,0.0,0.0,0.0,0.0,0.0,2.0,13,4,8,08/07/2024,2024-08-07,13:40:00
03/29/2024 02:20:00 PM,7.0,3,2,5,5,3,3,3,2,1,4,UNABLE TO DETERMINE,2,2,0.0,0.0,0.0,0.0,0.0,2.0,14,6,3,03/29/2024,2024-03-29,14:20:00
08/04/2024 03:58:00 PM,3.0,3,2,3,3,3,3,3,3,1,3,UNABLE TO DETERMINE,2,3,1.0,0.0,0.0,0.0,1.0,2.0,15,1,8,08/04/2024,2024-08-04,15:58:00
06/03/2024 12:22:00 AM,5.0,3,5,6,3,3,3,3,3,1,4,FAILING TO YIELD RIGHT-OF-WAY,2,5,1.0,0.0,1.0,0.0,0.0,3.0,0,2,6,06/03/2024,2024-06-03,00:22:00
05/15/2024 10:00:00 AM,5.0,3,2,6,5,3,3,3,2,1,4,IMPROPER LANE USAGE,2,2,0.0,0.0,0.0,0.0,0.0,3.0,10,4,5,05/15/2024,2024-05-15,10:00:00
03/20/2024 01:33:00 PM,5.0,3,2,5,6,3,3,3,3,1,4,NOT APPLICABLE,2,3,1.0,0.0,0.0,0.0,1.0,3.0,13,4,3,03/20/2024,2024-03-20,13:33:00
04/05/2024 02:40:00 PM,7.0,3,2,5,5,3,1,1,3,1,4,UNABLE TO DETERMINE,2,3,2.0,0.0,0.0,0.0,2.0,1.0,14,6,4,04/05/2024,2024-04-05,14:40:00
05/29/2024 08:00:00 AM,7.0,3,2,4,6,3,3,1,2,0,4,FAILING TO REDUCE SPEED TO AVOID CRASH,2,2,0.0,0.0,0.0,0.0,0.0,2.0,8,4,5,05/29/2024,2024-05-29,08:00:00
06/15/2024 06:12:00 PM,3.0,3,2,3,6,3,3,3,2,0,4,IMPROPER OVERTAKING/PASSING,2,2,0.0,0.0,0.0,0.0,0.0,2.0,18,7,6,06/15/2024,2024-06-15,18:12:00
05/04/2024 09:36:00 PM,3.0,3,2,14,1,3,1,1,3,1,2,UNABLE TO DETERMINE,2,4,1.0,0.0,0.0,1.0,0.0,1.0,21,7,5,05/04/2024,2024-05-04,21:36:00
02/02/2024 10:25:00 PM,5.0,3,5,4,6,3,3,3,2,1,4,FAILING TO REDUCE SPEED TO AVOID CRASH,2,2,0.0,0.0,0.0,0.0,0.0,2.0,22,6,2,02/02/2024,2024-02-02,22:25:00
07/04/2024 01:30:00 AM,5.0,3,5,3,5,3,1,1,3,1,4,UNABLE TO DETERMINE,2,2,0.0,0.0,0.0,0.0,0.0,2.0,1,5,7,07/04/2024,2024-07-04,01:30:00
02/23/2024 01:34:00 PM,5.0,3,2,6,5,3,3,3,3,1,2,DISREGARDING TRAFFIC SIGNALS,2,3,1.0,0.0,0.0,0.0,1.0,2.0,13,6,2,02/23/2024,2024-02-23,13:34:00
05/02/2024 05:27:00 PM,3.0,4,2,5,5,3,4,1,3,1,4,FAILING TO YIELD RIGHT-OF-WAY,2,2,0.0,0.0,0.0,0.0,0.0,2.0,17,5,5,05/02/2024,2024-05-02,17:27:00
07/15/2024 05:03:00 AM,1.0,3,5,13,5,3,4,3,3,1,4,FAILING TO REDUCE SPEED TO AVOID CRASH,2,4,2.0,0.0,0.0,1.0,1.0,0.0,5,2,7,07/15/2024,2024-07-15,05:03:00
07/25/2024 05:45:00 PM,5.0,3,2,13,5,3,3,3,2,1,2,FAILING TO YIELD RIGHT-OF-WAY,2,2,0.0,0.0,0.0,0.0,0.0,2.0,17,5,7,07/25/2024,2024-07-25,17:45:00
03/06/2024 02:15:00 PM,5.0,3,2,3,4,3,3,3,2,1,4,IMPROPER OVERTAKING/PASSING,2,2,0.0,0.0,0.0,0.0,0.0,2.0,14,4,3,03/06/2024,2024-03-06,14:15:00
01/18/2024 02:24:00 PM,3.0,3,2,5,5,3,4,3,3,1,4,UNABLE TO DETERMINE,2,2,0.0,0.0,0.0,0.0,0.0,2.0,14,5,1,01/18/2024,2024-01-18,14:24:00
05/07/2024 08:40:00 PM,5.0,5,5,11,6,3,4,3,3,1,4,UNABLE TO DETERMINE,2,3,2.0,0.0,0.0,0.0,2.0,0.0,20,3,5,05/07/2024,2024-05-07,20:40:00
01/05/2024 01:15:00 PM,7.0,4,2,3,6,3,3,3,2,1,4,FAILING TO YIELD RIGHT-OF-WAY,2,2,0.0,0.0,0.0,0.0,0.0,2.0,13,6,1,01/05/2024,2024-01-05,13:15:00
02/23/2024 01:00:00 PM,7.0,3,2,5,5,3,3,3,2,1,2,UNABLE TO DETERMINE,2,2,0.0,0.0,0.0,0.0,0.0,3.0,13,6,2,02/23/2024,2024-02-23,13:00:00
06/28/2024 06:30:00 PM,7.0,4,2,5,7,3,4,3,3,1,3,FAILING TO YIELD RIGHT-OF-WAY,2,3,1.0,0.0,0.0,0.0,1.0,1.0,18,6,6,06/28/2024,2024-06-28,18:30:00
05/05/2024 01:10:00 AM,5.0,3,5,6,5,3,3,3,3,1,4,IMPROPER OVERTAKING/PASSING,2,6,2.0,1.0,1.0,0.0,0.0,3.0,1,1,5,05/05/2024,2024-05-05,01:10:00
01/24/2024 12:11:00 PM,5.0,5,2,13,5,3,4,3,3,1,2,NOT APPLICABLE,2,5,1.0,0.0,1.0,0.0,0.0,1.0,12,4,1,01/24/2024,2024-01-24,12:11:00
04/27/2024 01:50:00 PM,5.0,3,2,5,6,3,3,3,2,1,4,DISREGARDING TRAFFIC SIGNALS,2,2,0.0,0.0,0.0,0.0,0.0,2.0,13,7,4,04/27/2024,2024-04-27,13:50:00
07/08/2024 07:50:00 AM,7.0,5,2,13,6,3,4,3,3,1,4,FAILING TO YIELD RIGHT-OF-WAY,2,4,1.0,0.0,0.0,1.0,0.0,3.0,7,2,7,07/08/2024,2024-07-08,07:50:00
05/04/2024 01:23:00 PM,5.0,3,2,6,6,3,3,3,2,1,4,UNABLE TO DETERMINE,2,2,0.0,0.0,0.0,0.0,0.0,4.0,13,7,5,05/04/2024,2024-05-04,13:23:00
03/27/2024 11:58:00 AM,7.0,3,2,4,7,3,3,3,3,1,4,UNABLE TO DETERMINE,2,2,0.0,0.0,0.0,0.0,0.0,2.0,11,4,3,03/27/2024,2024-03-27,11:58:00
06/14/2024 09:34:00 AM,7.0,3,2,5,7,3,3,3,2,1,2,FAILING TO YIELD RIGHT-OF-WAY,2,2,0.0,0.0,0.0,0.0,0.0,3.0,9,6,6,06/14/2024,2024-06-14,09:34:00
05/04/2024 10:50:00 AM,7.0,3,2,14,6,3,3,3,2,1,3,FAILING TO YIELD RIGHT-OF-WAY,2,2,0.0,0.0,0.0,0.0,0.0,2.0,10,7,5,05/04/2024,2024-05-04,10:50:00
03/12/2024 01:00:00 PM,5.0,3,2,6,12,3,3,3,2,1,4,FAILING TO YIELD RIGHT-OF-WAY,2,2,0.0,0.0,0.0,0.0,0.0,2.0,13,3,3,03/12/2024,2024-03-12,13:00:00
07/28/2024 09:35:00 PM,5.0,3,5,4,6,3,3,1,3,1,4,FAILING TO REDUCE SPEED TO AVOID CRASH,2,3,1.0,0.0,0.0,0.0,1.0,1.0,21,1,7,07/28/2024,2024-07-28,21:35:00
03/01/2024 03:20:00 PM,5.0,3,2,6,1,3,2,1,3,1,4,DISREGARDING TRAFFIC SIGNALS,2,3,2.0,0.0,0.0,0.0,2.0,0.0,15,6,3,03/01/2024,2024-03-01,15:20:00
07/06/2024 01:16:00 PM,3.0,3,2,6,5,3,3,3,2,1,4,FAILING TO REDUCE SPEED TO AVOID CRASH,2,2,0.0,0.0,0.0,0.0,0.0,2.0,13,7,7,07/06/2024,2024-07-06,13:16:00
01/24/2024 01:00:00 PM,5.0,5,2,4,5,3,4,3,3,1,3,UNABLE TO DETERMINE,2,3,1.0,0.0,0.0,0.0,1.0,1.0,13,4,1,01/24/2024,2024-01-24,13:00:00
05/08/2024 05:45:00 PM,5.0,3,2,6,5,3,3,3,2,1,4,UNABLE TO DETERMINE,2,2,0.0,0.0,0.0,0.0,0.0,2.0,17,4,5,05/08/2024,2024-05-08,17:45:00
04/27/2024 02:25:00 AM,3.0,3,5,4,3,3,4,3,2,1,2,UNABLE TO DETERMINE,2,2,0.0,0.0,0.0,0.0,0.0,2.0,2,7,4,04/27/2024,2024-04-27,02:25:00
04/26/2024 03:22:00 PM,5.0,5,2,6,4,3,4,3,2,1,3,UNABLE TO DETERMINE,2,2,0.0,0.0,0.0,0.0,0.0,2.0,15,6,4,04/26/2024,2024-04-26,15:22:00
01/04/2024 08:12:00 AM,5.0,3,2,5,5,3,3,3,2,1,4,DISREGARDING TRAFFIC SIGNALS,2,2,0.0,0.0,0.0,0.0,0.0,2.0,8,5,1,01/04/2024,2024-01-04,08:12:00
01/11/2024 01:50:00 PM,7.0,3,4,5,5,3,3,3,3,1,3,FAILING TO YIELD RIGHT-OF-WAY,2,4,1.0,0.0,0.0,1.0,0.0,1.0,13,5,1,01/11/2024,2024-01-11,13:50:00
04/23/2024 07:20:00 AM,5.0,4,2,3,5,3,3,3,2,1,2,IMPROPER LANE USAGE,2,2,0.0,0.0,0.0,0.0,0.0,3.0,7,3,4,04/23/2024,2024-04-23,07:20:00
02/09/2024 08:05:00 AM,5.0,3,2,5,7,3,3,3,3,1,4,FAILING TO REDUCE SPEED TO AVOID CRASH,2,2,0.0,0.0,0.0,0.0,0.0,2.0,8,6,2,02/09/2024,2024-02-09,08:05:00
05/04/2024 03:40:00 PM,3.0,3,2,6,6,3,3,3,3,1,4,FAILING TO YIELD RIGHT-OF-WAY,2,4,1.0,0.0,0.0,1.0,0.0,1.0,15,7,5,05/04/2024,2024-05-04,15:40:00