crash_date,traffic_control_device,weather_condition,lighting_condition,first_crash_type,trafficway_type,alignment,roadway_surface_cond,road_defect,crash_type,intersection_related_i,damage,prim_contributory_cause,num_units,most_severe_injury,injuries_total,injuries_fatal,injuries_incapacitating,injuries_non_incapacitating,injuries_reported_not_evident,injuries_no_indication,crash_hour,crash_day_of_week,crash_month,parsed_datetime,date,time
01/21/2024 07:17:00 AM,5.0,3,5,4,6,3,3,3,2,1,4,FOLLOWING TOO CLOSELY,2,2,0.0,0.0,0.0,0.0,0.0,3.0,7,1,1,01/21/2024,2024-01-21,07:17:00
05/18/2024 02:47:00 PM,5.0,3,2,5,3,3,3,3,3,1,4,UNABLE TO DETERMINE,2,5,1.0,0.0,1.0,0.0,0.0,1.0,14,7,5,05/18/2024,2024-05-18,14:47:00
07/08/2024 12:40:00 PM,5.0,3,2,4,6,3,3,3,3,0,4,FOLLOWING TOO CLOSELY,2,4,1.0,0.0,0.0,1.0,0.0,1.0,12,2,7,07/08/2024,2024-07-08,12:40:00
02/13/2024 02:15:00 PM,5.0,3,2,3,4,3,3,3,2,1,4,IMPROPER OVERTAKING/PASSING,2,2,0.0,0.0,0.0,0.0,0.0,2.0,14,3,2,02/13/2024,2024-02-13,14:15:00
04/26/2024 02:30:00 PM,1.0,5,2,6,5,3,1,1,3,1,4,UNABLE TO DETERMINE,2,4,1.0,0.0,0.0,1.0,0.0,1.0,14,6,4,04/26/2024,2024-04-26,14:30:00
05/09/2024 01:00:00 AM,5.0,3,5,4,1,3,3,1,2,1,4,UNABLE TO DETERMINE,2,2,0.0,0.0,0.0,0.0,0.0,4.0,1,5,5,05/09/2024,2024-05-09,01:00:00
01/18/2024 05:47:00 PM,5.0,3,6,6,9,3,3,3,2,0,4,FAILING TO YIELD RIGHT-OF-WAY,2,2,0.0,0.0,0.0,0.0,0.0,2.0,17,5,1,01/18/2024,2024-01-18,17:47:00
02/16/2024 03:11:00 PM,7.0,3,2,6,7,3,3,3,2,1,2,FAILING TO YIELD RIGHT-OF-WAY,2,2,0.0,0.0,0.0,0.0,0.0,2.0,15,6,2,02/16/2024,2024-02-16,15:11:00
02/21/2024 06:20:00 PM,5.0,3,5,13,6,3,3,1,2,1,2,UNABLE TO DETERMINE,2,2,0.0,0.0,0.0,0.0,0.0,2.0,18,4,2,02/21/2024,2024-02-21,18:20:00
07/25/2024 02:45:00 PM,7.0,3,2,6,7,3,3,3,3,1,4,DISREGARDING STOP SIGN,2,2,0.0,0.0,0.0,0.0,0.0,2.0,14,5,7,07/25/2024,2024-07-25,14:45:00
02/29/2024 06:09:00 PM,3.0,3,2,11,6,3,3,3,2,1,4,UNABLE TO DETERMINE,2,2,0.0,0.0,0.0,0.0,0.0,3.0,18,5,2,02/29/2024,2024-02-29,18:09:00
07/27/2024 03:40:00 PM,3.0,3,2,4,3,3,3,3,2,1,4,FAILING TO REDUCE SPEED TO AVOID CRASH,2,2,0.0,0.0,0.0,0.0,0.0,2.0,15,7,7,07/27/2024,2024-07-27,15:40:00
04/19/2024 05:05:00 PM,3.0,3,2,3,6,3,3,3,2,1,4,FAILING TO YIELD RIGHT-OF-WAY,2,2,0.0,0.0,0.0,0.0,0.0,2.0,17,6,4,04/19/2024,2024-04-19,17:05:00
01/13/2024 06:26:00 PM,5.0,6,5,6,5,3,5,3,2,1,4,IMPROPER TURNING/NO SIGNAL,2,2,0.0,0.0,0.0,0.0,0.0,2.0,18,7,1,01/13/2024,2024-01-13,18:26:00
07/26/2024 11:00:00 AM,7.0,3,2,6,7,3,3,3,3,1,4,UNABLE TO DETERMINE,2,2,0.0,0.0,0.0,0.0,0.0,2.0,11,6,7,07/26/2024,2024-07-26,11:00:00
04/01/2024 04:50:00 AM,5.0,4,3,6,5,3,4,7,3,1,4,FAILING TO REDUCE SPEED TO AVOID CRASH,2,4,1.0,0.0,0.0,1.0,0.0,2.0,4,2,4,04/01/2024,2024-04-01,04:50:00
02/14/2024 03:09:00 PM,5.0,3,2,6,6,3,3,3,3,1,4,UNABLE TO DETERMINE,2,2,0.0,0.0,0.0,0.0,0.0,2.0,15,4,2,02/14/2024,2024-02-14,15:09:00
04/14/2024 07:50:00 PM,5.0,3,4,5,6,3,3,3,2,1,4,UNABLE TO DETERMINE,2,2,0.0,0.0,0.0,0.0,0.0,3.0,19,1,4,04/14/2024,2024-04-14,19:50:00
03/13/2024 03:20:00 PM,5.0,3,2,13,4,3,3,3,3,0,2,UNABLE TO DETERMINE,2,4,1.0,0.0,0.0,1.0,0.0,1.0,15,4,3,03/13/2024,2024-03-13,15:20:00
02/04/2024 10:30:00 AM,5.0,3,2,4,6,3,3,3,2,1,3,FOLLOWING TOO CLOSELY,2,2,0.0,0.0,0.0,0.0,0.0,2.0,10,1,2,02/04/2024,2024-02-04,10:30:00
05/18/2024 02:45:00 PM,5.0,3,2,9,4,3,3,3,3,1,4,IMPROPER OVERTAKING/PASSING,2,4,2.0,0.0,0.0,2.0,0.0,1.0,14,7,5,05/18/2024,2024-05-18,14:45:00
03/14/2024 05:02:00 PM,6.0,3,2,14,6,3,1,1,2,1,3,UNABLE TO DETERMINE,2,2,0.0,0.0,0.0,0.0,0.0,2.0,17,5,3,03/14/2024,2024-03-14,17:02:00
06/18/2024 08:55:00 AM,5.0,3,2,4,6,3,1,1,2,1,4,FOLLOWING TOO CLOSELY,2,2,0.0,0.0,0.0,0.0,0.0,2.0,8,3,6,06/18/2024,2024-06-18,08:55:00
04/27/2024 10:11:00 PM,7.0,3,5,6,6,3,3,3,2,1,4,FAILING TO YIELD RIGHT-OF-WAY,2,2,0.0,0.0,0.0,0.0,0.0,4.0,22,7,4,04/27/2024,2024-04-27,22:11:00
03/17/2024 04:40:00 PM,5.0,3,2,3,6,3,3,3,2,1,3,FAILING TO YIELD RIGHT-OF-WAY,2,2,0.0,0.0,0.0,0.0,0.0,2.0,16,1,3,03/17/2024,2024-03-17,16:40:00
08/01/2024 11:35:00 PM,4.0,5,5,13,5,3,4,3,3,1,2,WEATHER,2,3,1.0,0.0,0.0,0.0,1.0,1.0,23,5,8,08/01/2024,2024-08-01,23:35:00
01/26/2024 07:39:00 PM,5.0,3,5,6,5,3,4,3,2,1,4,IMPROPER TURNING/NO SIGNAL,2,2,0.0,0.0,0.0,0.0,0.0,2.0,19,6,1,01/26/2024,2024-01-26,19:39:00
07/16/2024 03:25:00 PM,5.0,3,2,6,5,3,3,3,3,1,4,FAILING TO REDUCE SPEED TO AVOID CRASH,2,4,1.0,0.0,0.0,1.0,0.0,1.0,15,3,7,07/16/2024,2024-07-16,15:25:00
04/02/2024 08:30:00 PM,5.0,5,5,9,7,3,4,1,3,1,4,WEATHER,2,2,0.0,0.0,0.0,0.0,0.0,2.0,20,3,4,04/02/2024,2024-04-02,20:30:00
01/30/2024 07:40:00 AM,5.0,3,2,5,6,3,3,3,2,1,3,UNABLE TO DETERMINE,2,2,0.0,0.0,0.0,0.0,0.0,3.0,7,3,1,01/30/2024,2024-01-30,07:40:00
07/26/2024 12:37:00 PM,7.0,3,2,5,5,3,3,1,3,1,3,DISREGARDING STOP SIGN,2,2,0.0,0.0,0.0,0.0,0.0,2.0,12,6,7,07/26/2024,2024-07-26,12:37:00
07/03/2024 01:44:00 AM,5.0,3,5,5,5,3,3,3,3,1,4,FAILING TO YIELD RIGHT-OF-WAY,2,5,1.0,0.0,1.0,0.0,0.0,4.0,1,4,7,07/03/2024,2024-07-03,01:44:00
07/27/2024 05:11:00 PM,7.0,3,2,13,6,3,3,3,2,1,2,FAILING TO YIELD RIGHT-OF-WAY,2,2,0.0,0.0,0.0,0.0,0.0,2.0,17,7,7,07/27/2024,2024-07-27,17:11:00
05/13/2024 05:50:00 PM,7.0,4,2,5,5,3,1,1,2,1,4,UNABLE TO DETERMINE,2,2,0.0,0.0,0.0,0.0,0.0,2.0,17,2,5,05/13/2024,2024-05-13,17:50:00
02/28/2024 06:00:00 PM,5.0,3,2,6,3,3,3,3,2,1,4,UNABLE TO DETERMINE,2,2,0.0,0.0,0.0,0.0,0.0,2.0,18,4,2,02/28/2024,2024-02-28,18:00:00
04/28/2024 12:28:00 AM,7.0,3,5,5,6,3,3,3,3,1,4,FAILING TO YIELD RIGHT-OF-WAY,2,5,2.0,0.0,2.0,0.0,0.0,1.0,0,1,4,04/28/2024,2024-04-28,00:28:00
02/24/2024 08:00:00 PM,5.0,3,5,3,3,3,3,1,3,1,4,IMPROPER OVERTAKING/PASSING,2,4,1.0,0.0,0.0,1.0,0.0,1.0,20,7,2,02/24/2024,2024-02-24,20:00:00
05/18/2024 02:35:00 PM,5.0,3,2,3,6,3,3,3,2,1,3,IMPROPER OVERTAKING/PASSING,2,2,0.0,0.0,0.0,0.0,0.0,2.0,14,7,5,05/18/2024,2024-05-18,14:35:00
02/15/2024 04:23:00 PM,7.0,3,2,5,5,3,3,1,3,1,4,FAILING TO YIELD RIGHT-OF-WAY,2,4,2.0,0.0,0.0,2.0,0.0,1.0,16,5,2,02/15/2024,2024-02-15,16:23:00
08/07/2024 09:35:00 PM,7.0,3,5,4,1,3,3,3,2,0,2,FOLLOWING TOO CLOSELY,2,2,0.0,0.0,0.0,0.0,0.0,5.0,21,4,8,08/07/2024,2024-08-07,21:35:00
02/11/2024 06:50:00 AM,5.0,2,2,5,2,3,3,3,3,1,4,NOT APPLICABLE,2,2,0.0,0.0,0.0,0.0,0.0,2.0,6,1,2,02/11/2024,2024-02-11,06:50:00
06/22/2024 06:30:00 PM,5.0,3,2,6,5,3,3,3,2,1,4,UNABLE TO DETERMINE,2,2,0.0,0.0,0.0,0.0,0.0,2.0,18,7,6,06/22/2024,2024-06-22,18:30:00
06/10/2024 06:22:00 PM,7.0,3,2,6,6,3,3,3,3,1,4,FAILING TO YIELD RIGHT-OF-WAY,2,3,1.0,0.0,0.0,0.0,1.0,1.0,18,2,6,06/10/2024,2024-06-10,18:22:00
07/12/2024 05:07:00 PM,3.0,3,2,4,5,3,3,3,2,1,4,FAILING TO REDUCE SPEED TO AVOID CRASH,2,2,0.0,0.0,0.0,0.0,0.0,2.0,17,6,7,07/12/2024,2024-07-12,17:07:00
04/20/2024 02:00:00 AM,1.0,3,5,4,6,3,3,3,2,1,4,FAILING TO REDUCE SPEED TO AVOID CRASH,2,2,0.0,0.0,0.0,0.0,0.0,3.0,2,7,4,04/20/2024,2024-04-20,02:00:00
08/03/2024 07:20:00 PM,7.0,3,4,6,7,3,3,1,3,1,4,UNABLE TO DETERMINE,2,4,1.0,0.0,0.0,1.0,0.0,1.0,19,7,8,08/03/2024,2024-08-03,19:20:00
07/02/2024 09:45:00 PM,3.0,3,5,4,6,3,3,3,3,0,4,UNABLE TO DETERMINE,2,4,1.0,0.0,0.0,1.0,0.0,1.0,21,3,7,07/02/2024,2024-07-02,21:45:00
07/20/2024 03:00:00 AM,5.0,3,5,9,6,3,3,3,3,0,4,UNABLE TO DETERMINE,2,4,1.0,0.0,0.0,1.0,0.0,1.0,3,7,7,07/20/2024,2024-07-20,03:00:00
07/13/2024 01:45:00 PM,5.0,3,2,3,4,3,3,3,2,1,4,IMPROPER OVERTAKING/PASSING,2,2,0.0,0.0,0.0,0.0,0.0,4.0,13,7,7,07/13/2024,2024-07-13,13:45:00
02/27/2024 10:52:00 PM,5.0,3,3,6,3,3,3,1,2,1,3,IMPROPER LANE USAGE,2,2,0.0,0.0,0.0,0.0,0.0,2.0,22,3,2,02/27/2024,2024-02-27,22:52:00
01/28/2024 07:07:00 PM,5.0,3,4,6,5,3,3,1,3,1,4,FAILING TO YIELD RIGHT-OF-WAY,2,4,2.0,0.0,0.0,1.0,1.0,2.0,19,1,1,01/28/2024,2024-01-28,19:07:00
05/12/2024 08:36:00 PM,3.0,3,4,4,7,3,3,3,2,1,3,NOT APPLICABLE,2,2,0.0,0.0,0.0,0.0,0.0,3.0,20,1,5,05/12/2024,2024-05-12,20:36:00
07/30/2024 04:00:00 PM,5.0,3,2,6,5,3,3,3,2,1,4,FAILING TO YIELD RIGHT-OF-WAY,2,2,0.0,0.0,0.0,0.0,0.0,3.0,16,3,7,07/30/2024,2024-07-30,16:00:00
05/10/2024 07:55:00 AM,7.0,3,2,5,5,3,3,3,3,1,4,FAILING TO YIELD RIGHT-OF-WAY,2,3,1.0,0.0,0.0,0.0,1.0,2.0,7,6,5,05/10/2024,2024-05-10,07:55:00
05/02/2024 06:07:00 PM,5.0,3,2,3,6,3,3,3,2,0,4,FAILING TO YIELD RIGHT-OF-WAY,2,2,0.0,0.0,0.0,0.0,0.0,3.0,18,5,5,05/02/2024,2024-05-02,18:07:00
05/14/2024 06:49:00 PM,5.0,4,2,6,7,3,3,3,2,1,4,UNABLE TO DETERMINE,2,2,0.0,0.0,0.0,0.0,0.0,2.0,18,3,5,05/14/2024,2024-05-14,18:49:00
04/08/2024 04:00:00 PM,5.0,3,2,4,6,3,3,3,2,1,4,UNABLE TO DETERMINE,2,2,0.0,0.0,0.0,0.0,0.0,2.0,16,2,4,04/08/2024,2024-04-08,16:00:00
03/24/2024 12:22:00 PM,5.0,3,2,6,6,3,3,1,3,1,2,UNABLE TO DETERMINE,2,4,1.0,0.0,0.0,1.0,0.0,1.0,12,1,3,03/24/2024,2024-03-24,12:22:00
03/02/2024 09:05:00 PM,3.0,3,5,6,10,3,3,3,2,1,4,FAILING TO REDUCE SPEED TO AVOID CRASH,2,2,0.0,0.0,0.0,0.0,0.0,4.0,21,7,3,03/02/2024,2024-03-02,21:05:00
04/27/2024 03:15:00 PM,7.0,3,2,5,5,3,3,3,3,1,4,FAILING TO REDUCE SPEED TO AVOID CRASH,2,2,0.0,0.0,0.0,0.0,0.0,2.0,15,7,4,04/27/2024,2024-04-27,15:15:00
03/08/2024 04:18:00 PM,7.0,3,2,6,1,3,4,3,2,1,4,UNABLE TO DETERMINE,2,2,0.0,0.0,0.0,0.0,0.0,5.0,16,6,3,03/08/2024,2024-03-08,16:18:00
04/08/2024 09:32:00 AM,5.0,3,2,5,5,3,3,3,3,1,4,UNABLE TO DETERMINE,2,3,2.0,0.0,0.0,0.0,2.0,0.0,9,2,4,04/08/2024,2024-04-08,09:32:00
05/23/2024 03:07:00 PM,7.0,3,2,6,1,3,3,3,3,1,4,FAILING TO YIELD RIGHT-OF-WAY,2,2,0.0,0.0,0.0,0.0,0.0,2.0,15,5,5,05/23/2024,2024-05-23,15:07:00
01/19/2024 09:05:00 AM,5.0,6,2,4,5,3,5,3,2,0,4,FOLLOWING TOO CLOSELY,2,2,0.0,0.0,0.0,0.0,0.0,2.0,9,6,1,01/19/2024,2024-01-19,09:05:00
01/23/2024 05:10:00 AM,5.0,3,5,5,5,3,3,3,2,1,4,FAILING TO YIELD RIGHT-OF-WAY,2,2,0.0,0.0,0.0,0.0,0.0,2.0,5,3,1,01/23/2024,2024-01-23,05:10:00
07/03/2024 01:00:00 PM,7.0,3,2,14,4,3,3,3,2,1,4,UNABLE TO DETERMINE,2,2,0.0,0.0,0.0,0.0,0.0,2.0,13,4,7,07/03/2024,2024-07-03,13:00:00
08/08/2024 12:25:00 PM,5.0,3,2,3,10,3,3,3,3,1,4,IMPROPER LANE USAGE,2,2,0.0,0.0,0.0,0.0,0.0,2.0,12,5,8,08/08/2024,2024-08-08,12:25:00
06/01/2024 11:39:00 AM,5.0,5,2,4,6,3,4,3,2,1,3,FAILING TO REDUCE SPEED TO AVOID CRASH,2,2,0.0,0.0,0.0,0.0,0.0,4.0,11,7,6,06/01/2024,2024-06-01,11:39:00
04/08/2024 07:55:00 AM,3.0,3,2,3,6,3,3,3,2,1,4,FAILING TO REDUCE SPEED TO AVOID CRASH,2,2,0.0,0.0,0.0,0.0,0.0,2.0,7,2,4,04/08/2024,2024-04-08,07:55:00
02/24/2024 07:08:00 PM,5.0,3,2,6,6,3,1,1,2,1,3,IMPROPER OVERTAKING/PASSING,2,2,0.0,0.0,0.0,0.0,0.0,2.0,19,7,2,02/24/2024,2024-02-24,19:08:00
06/23/2024 02:27:00 PM,5.0,3,2,6,2,3,1,1,2,1,4,IMPROPER OVERTAKING/PASSING,2,2,0.0,0.0,0.0,0.0,0.0,2.0,14,1,6,06/23/2024,2024-06-23,14:27:00
07/20/2024 01:30:00 PM,5.0,3,2,6,5,3,3,3,2,1,4,UNABLE TO DETERMINE,2,2,0.0,0.0,0.0,0.0,0.0,2.0,13,7,7,07/20/2024,2024-07-20,13:30:00
06/13/2024 08:57:00 AM,5.0,3,2,6,5,3,3,3,3,1,4,FAILING TO YIELD RIGHT-OF-WAY,2,4,1.0,0.0,0.0,1.0,0.0,1.0,8,5,6,06/13/2024,2024-06-13,08:57:00
03/07/2024 07:30:00 PM,7.0,3,3,5,4,3,1,1,2,1,4,UNABLE TO DETERMINE,2,2,0.0,0.0,0.0,0.0,0.0,2.0,19,5,3,03/07/2024,2024-03-07,19:30:00
05/29/2024 10:36:00 AM,7.0,3,2,14,6,3,3,3,3,1,2,UNABLE TO DETERMINE,2,3,1.0,0.0,0.0,0.0,1.0,1.0,10,4,5,05/29/2024,2024-05-29,10:36:00
03/11/2024 04:30:00 AM,5.0,3,5,6,5,3,3,3,3,1,4,IMPROPER TURNING/NO SIGNAL,2,2,0.0,0.0,0.0,0.0,0.0,2.0,4,2,3,03/11/2024,2024-03-11,04:30:00
01/07/2024 10:00:00 PM,5.0,3,5,6,5,3,4,3,3,1,4,FAILING TO YIELD RIGHT-OF-WAY,2,4,1.0,0.0,0.0,1.0,0.0,1.0,22,1,1,01/07/2024,2024-01-07,22:00:00
01/15/2024 11:29:00 PM,7.0,3,5,6,5,3,3,3,2,1,4,FAILING TO YIELD RIGHT-OF-WAY,2,2,0.0,0.0,0.0,0.0,0.0,3.0,23,2,1,01/15/2024,2024-01-15,23:29:00
07/17/2024 12:37:00 PM,5.0,3,2,3,6,3,3,1,2,1,4,FAILING TO YIELD RIGHT-OF-WAY,2,2,0.0,0.0,0.0,0.0,0.0,2.0,12,4,7,07/17/2024,2024-07-17,12:37:00
01/22/2024 05:30:00 PM,5.0,4,5,3,5,3,4,3,2,1,4,UNABLE TO DETERMINE,2,2,0.0,0.0,0.0,0.0,0.0,5.0,17,2,1,01/22/2024,2024-01-22,17:30:00
06/22/2024 07:10:00 AM,5.0,3,2,6,6,3,3,3,3,1,4,FAILING TO REDUCE SPEED TO AVOID CRASH,2,3,2.0,0.0,0.0,0.0,2.0,1.0,7,7,6,06/22/2024,2024-06-22,07:10:00
05/08/2024 02:00:00 PM,7.0,3,2,5,5,3,3,3,2,1,3,UNABLE TO DETERMINE,2,2,0.0,0.0,0.0,0.0,0.0,2.0,14,4,5,05/08/2024,2024-05-08,14:00:00
05/05/2024 01:27:00 AM,5.0,3,5,5,5,3,3,3,3,1,4,DISREGARDING TRAFFIC SIGNALS,2,4,2.0,0.0,0.0,2.0,0.0,0.0,1,1,5,05/05/2024,2024-05-05,01:27:00
02/06/2024 08:01:00 AM,7.0,9,2,3,10,3,3,1,2,0,4,FAILING TO YIELD RIGHT-OF-WAY,2,2,0.0,0.0,0.0,0.0,0.0,3.0,8,3,2,02/06/2024,2024-02-06,08:01:00
06/03/2024 06:45:00 AM,5.0,3,2,6,5,3,3,1,2,1,2,UNABLE TO DETERMINE,2,2,0.0,0.0,0.0,0.0,0.0,3.0,6,2,6,06/03/2024,2024-06-03,06:45:00
02/25/2024 03:30:00 PM,7.0,3,2,5,5,3,3,3,3,1,4,DISREGARDING STOP SIGN,2,2,0.0,0.0,0.0,0.0,0.0,2.0,15,1,2,02/25/2024,2024-02-25,15:30:00
02/01/2024 06:43:00 PM,5.0,3,2,4,7,3,1,1,3,1,4,UNABLE TO DETERMINE,2,3,1.0,0.0,0.0,0.0,1.0,1.0,18,5,2,02/01/2024,2024-02-01,18:43:00
05/02/2024 08:00:00 AM,5.0,3,2,4,5,3,1,1,3,1,4,UNABLE TO DETERMINE,2,2,0.0,0.0,0.0,0.0,0.0,2.0,8,5,5,05/02/2024,2024-05-02,08:00:00
06/07/2024 11:40:00 PM,5.0,3,5,4,5,3,3,3,3,1,4,HAD BEEN DRINKING (USE WHEN ARREST IS NOT MADE),2,3,1.0,0.0,0.0,0.0,1.0,1.0,23,6,6,06/07/2024,2024-06-07,23:40:00
01/16/2024 09:40:00 AM,7.0,3,2,5,5,3,3,3,2,1,3,DISREGARDING STOP SIGN,2,2,0.0,0.0,0.0,0.0,0.0,2.0,9,3,1,01/16/2024,2024-01-16,09:40:00
03/18/2024 11:40:00 PM,1.0,3,5,5,5,3,3,1,3,1,4,DISREGARDING TRAFFIC SIGNALS,2,4,1.0,0.0,0.0,1.0,0.0,2.0,23,2,3,03/18/2024,2024-03-18,23:40:00
07/09/2024 12:45:00 PM,5.0,5,2,4,7,3,4,7,2,1,4,FOLLOWING TOO CLOSELY,2,2,0.0,0.0,0.0,0.0,0.0,4.0,12,3,7,07/09/2024,2024-07-09,12:45:00
01/27/2024 05:04:00 PM,5.0,5,6,13,5,3,4,3,3,1,4,UNABLE TO DETERMINE,2,3,1.0,0.0,0.0,0.0,1.0,1.0,17,7,1,01/27/2024,2024-01-27,17:04:00
02/20/2024 06:00:00 AM,5.0,3,2,6,6,3,3,3,2,1,4,IMPROPER TURNING/NO SIGNAL,2,2,0.0,0.0,0.0,0.0,0.0,2.0,6,3,2,02/20/2024,2024-02-20,06:00:00
06/02/2024 06:15:00 PM,5.0,3,2,6,14,3,3,1,2,1,4,IMPROPER TURNING/NO SIGNAL,2,2,0.0,0.0,0.0,0.0,0.0,2.0,18,1,6,06/02/2024,2024-06-02,18:15:00
05/07/2024 01:58:00 PM,5.0,3,2,5,5,3,3,3,2,1,2,UNABLE TO DETERMINE,2,2,0.0,0.0,0.0,0.0,0.0,3.0,13,3,5,05/07/2024,2024-05-07,13:58:00
06/26/2024 08:02:00 PM,5.0,3,2,6,7,3,3,3,3,1,4,FAILING TO YIELD RIGHT-OF-WAY,2,2,0.0,0.0,0.0,0.0,0.0,2.0,20,4,6,06/26/2024,2024-06-26,20:02:00
05/17/2024 10:05:00 PM,5.0,3,5,4,4,3,3,3,2,1,4,UNABLE TO DETERMINE,2,2,0.0,0.0,0.0,0.0,0.0,2.0,22,6,5,05/17/2024,2024-05-17,22:05:00
04/19/2024 10:00:00 AM,5.0,3,2,6,5,3,3,3,2,1,4,FAILING TO REDUCE SPEED TO AVOID CRASH,2,2,0.0,0.0,0.0,0.0,0.0,4.0,10,6,4,04/19/2024,2024-04-19,10:00:00
06/22/2024 06:15:00 PM,3.0,3,2,11,10,3,3,1,2,1,4,IMPROPER TURNING/NO SIGNAL,2,2,0.0,0.0,0.0,0.0,0.0,1.0,18,7,6,06/22/2024,2024-06-22,18:15:00
07/12/2024 04:47:00 PM,5.0,3,2,6,5,3,3,3,3,1,4,FAILING TO YIELD RIGHT-OF-WAY,2,2,0.0,0.0,0.0,0.0,0.0,8.0,16,6,7,07/12/2024,2024-07-12,16:47:00
02/20/2024 01:13:00 PM,5.0,3,2,6,5,3,3,3,2,1,4,UNABLE TO DETERMINE,2,2,0.0,0.0,0.0,0.0,0.0,2.0,13,3,2,02/20/2024,2024-02-20,13:13:00
06/18/2024 07:15:00 AM,5.0,3,2,5,5,3,3,3,3,1,4,UNABLE TO DETERMINE,2,3,1.0,0.0,0.0,0.0,1.0,2.0,7,3,6,06/18/2024,2024-06-18,07:15:00
05/10/2024 08:12:00 PM,5.0,3,5,3,5,3,3,3,2,1,3,UNABLE TO DETERMINE,2,2,0.0,0.0,0.0,0.0,0.0,2.0,20,6,5,05/10/2024,2024-05-10,20:12:00
04/06/2024 03:00:00 PM,5.0,3,2,6,5,3,3,3,2,1,4,FAILING TO YIELD RIGHT-OF-WAY,2,2,0.0,0.0,0.0,0.0,0.0,2.0,15,7,4,04/06/2024,2024-04-06,15:00:00
03/24/2024 04:25:00 PM,5.0,3,2,6,4,3,3,3,2,1,4,FAILING TO YIELD RIGHT-OF-WAY,2,2,0.0,0.0,0.0,0.0,0.0,2.0,16,1,3,03/24/2024,2024-03-24,16:25:00
02/28/2024 10:15:00 AM,7.0,3,2,5,6,3,3,6,2,1,4,UNABLE TO DETERMINE,2,2,0.0,0.0,0.0,0.0,0.0,2.0,10,4,2,02/28/2024,2024-02-28,10:15:00
03/21/2024 11:20:00 AM,7.0,4,2,5,5,3,3,3,2,1,4,DISREGARDING STOP SIGN,2,2,0.0,0.0,0.0,0.0,0.0,2.0,11,5,3,03/21/2024,2024-03-21,11:20:00
04/15/2024 01:50:00 PM,3.0,3,2,6,4,3,3,3,2,1,4,FAILING TO YIELD RIGHT-OF-WAY,2,2,0.0,0.0,0.0,0.0,0.0,5.0,13,2,4,04/15/2024,2024-04-15,13:50:00
04/30/2024 09:30:00 AM,7.0,3,2,6,7,3,3,3,2,1,4,FAILING TO YIELD RIGHT-OF-WAY,2,2,0.0,0.0,0.0,0.0,0.0,2.0,9,3,4,04/30/2024,2024-04-30,09:30:00
07/24/2024 01:07:00 PM,5.0,3,2,5,9,3,3,1,3,1,4,UNABLE TO DETERMINE,2,2,0.0,0.0,0.0,0.0,0.0,2.0,13,4,7,07/24/2024,2024-07-24,13:07:00
07/03/2024 06:56:00 AM,5.0,3,2,4,3,4,3,3,2,1,3,FOLLOWING TOO CLOSELY,2,2,0.0,0.0,0.0,0.0,0.0,2.0,6,4,7,07/03/2024,2024-07-03,06:56:00
01/17/2024 06:23:00 PM,7.0,3,5,6,5,3,6,3,2,1,4,UNABLE TO DETERMINE,2,2,0.0,0.0,0.0,0.0,0.0,3.0,18,4,1,01/17/2024,2024-01-17,18:23:00
05/25/2024 03:30:00 PM,5.0,3,2,6,5,3,3,3,2,1,4,UNABLE TO DETERMINE,2,2,0.0,0.0,0.0,0.0,0.0,3.0,15,7,5,05/25/2024,2024-05-25,15:30:00
01/04/2024 06:25:00 PM,5.0,3,5,6,5,3,3,3,2,1,4,DISREGARDING TRAFFIC SIGNALS,2,2,0.0,0.0,0.0,0.0,0.0,6.0,18,5,1,01/04/2024,2024-01-04,18:25:00
05/19/2024 12:45:00 AM,5.0,3,5,5,3,3,3,3,2,1,4,DISREGARDING TRAFFIC SIGNALS,2,2,0.0,0.0,0.0,0.0,0.0,2.0,0,1,5,05/19/2024,2024-05-19,00:45:00
02/28/2024 07:28:00 AM,5.0,6,2,13,6,3,4,3,3,0,2,UNABLE TO DETERMINE,2,5,1.0,0.0,1.0,0.0,0.0,1.0,7,4,2,02/28/2024,2024-02-28,07:28:00
05/09/2024 05:00:00 PM,5.0,3,2,6,7,3,3,3,2,1,4,FAILING TO YIELD RIGHT-OF-WAY,2,2,0.0,0.0,0.0,0.0,0.0,2.0,17,5,5,05/09/2024,2024-05-09,17:00:00
03/03/2024 03:11:00 AM,3.0,3,5,5,6,3,3,1,3,1,4,IMPROPER OVERTAKING/PASSING,2,4,2.0,0.0,0.0,2.0,0.0,0.0,3,1,3,03/03/2024,2024-03-03,03:11:00
07/25/2024 10:45:00 AM,3.0,3,2,6,7,3,3,3,3,1,4,IMPROPER TURNING/NO SIGNAL,2,2,0.0,0.0,0.0,0.0,0.0,2.0,10,5,7,07/25/2024,2024-07-25,10:45:00
06/22/2024 11:00:00 PM,1.0,3,6,14,6,3,3,1,3,1,4,UNABLE TO DETERMINE,2,5,1.0,0.0,1.0,0.0,0.0,1.0,23,7,6,06/22/2024,2024-06-22,23:00:00
06/24/2024 11:40:00 AM,3.0,3,2,6,6,3,3,3,2,1,4,FAILING TO YIELD RIGHT-OF-WAY,2,2,0.0,0.0,0.0,0.0,0.0,2.0,11,2,6,06/24/2024,2024-06-24,11:40:00