crash_date,traffic_control_device,weather_condition,lighting_condition,first_crash_type,trafficway_type,alignment,roadway_surface_cond,road_defect,crash_type,intersection_related_i,damage,prim_contributory_cause,num_units,most_severe_injury,injuries_total,injuries_fatal,injuries_incapacitating,injuries_non_incapacitating,injuries_reported_not_evident,injuries_no_indication,crash_hour,crash_day_of_week,crash_month,parsed_datetime,date,time
02/11/2024 10:00:00 AM,5.0,3,2,6,6,3,1,1,2,1,3,IMPROPER OVERTAKING/PASSING,2,2,0.0,0.0,0.0,0.0,0.0,2.0,10,1,2,02/11/2024,2024-02-11,10:00:00
01/09/2024 07:10:00 AM,7.0,5,5,13,5,3,4,3,3,1,4,UNABLE TO DETERMINE,2,4,1.0,0.0,0.0,1.0,0.0,1.0,7,3,1,01/09/2024,2024-01-09,07:10:00
01/09/2024 03:17:00 PM,5.0,6,2,8,3,3,4,1,2,1,4,UNABLE TO DETERMINE,2,2,0.0,0.0,0.0,0.0,0.0,4.0,15,3,1,01/09/2024,2024-01-09,15:17:00
01/09/2024 10:13:00 PM,5.0,5,5,6,5,3,4,3,2,1,3,DRIVING SKILLS/KNOWLEDGE/EXPERIENCE,2,2,0.0,0.0,0.0,0.0,0.0,2.0,22,3,1,01/09/2024,2024-01-09,22:13:00
02/19/2024 12:30:00 PM,3.0,3,2,6,4,3,3,3,3,0,4,UNABLE TO DETERMINE,2,2,0.0,0.0,0.0,0.0,0.0,2.0,12,2,2,02/19/2024,2024-02-19,12:30:00
02/19/2024 12:09:00 AM,5.0,3,5,3,6,3,1,1,2,1,4,IMPROPER OVERTAKING/PASSING,2,2,0.0,0.0,0.0,0.0,0.0,3.0,0,2,2,02/19/2024,2024-02-19,00:09:00
01/06/2024 03:35:00 PM,5.0,6,4,5,4,3,4,3,2,1,4,FAILING TO YIELD RIGHT-OF-WAY,2,2,0.0,0.0,0.0,0.0,0.0,2.0,15,7,1,01/06/2024,2024-01-06,15:35:00
05/31/2024 10:00:00 PM,5.0,3,5,6,5,3,3,3,3,1,4,UNABLE TO DETERMINE,2,2,0.0,0.0,0.0,0.0,0.0,2.0,22,6,5,05/31/2024,2024-05-31,22:00:00
03/16/2024 06:30:00 PM,3.0,3,3,3,6,3,3,1,2,1,4,UNABLE TO DETERMINE,2,2,0.0,0.0,0.0,0.0,0.0,2.0,18,7,3,03/16/2024,2024-03-16,18:30:00
04/14/2024 08:40:00 PM,5.0,3,5,5,5,3,3,3,3,1,4,DISREGARDING TRAFFIC SIGNALS,2,4,1.0,0.0,0.0,1.0,0.0,1.0,20,1,4,04/14/2024,2024-04-14,20:40:00
03/13/2024 04:45:00 PM,5.0,3,2,14,4,3,3,3,3,1,4,UNABLE TO DETERMINE,2,3,1.0,0.0,0.0,0.0,1.0,2.0,16,4,3,03/13/2024,2024-03-13,16:45:00
01/24/2024 05:38:00 AM,5.0,9,3,13,12,3,4,3,3,1,2,FAILING TO YIELD RIGHT-OF-WAY,2,5,1.0,0.0,1.0,0.0,0.0,1.0,5,4,1,01/24/2024,2024-01-24,05:38:00
08/03/2024 02:15:00 PM,7.0,3,2,5,5,3,3,3,3,1,4,UNABLE TO DETERMINE,2,2,0.0,0.0,0.0,0.0,0.0,2.0,14,7,8,08/03/2024,2024-08-03,14:15:00
07/18/2024 10:30:00 AM,5.0,3,2,5,5,3,3,3,2,1,4,FAILING TO YIELD RIGHT-OF-WAY,2,2,0.0,0.0,0.0,0.0,0.0,2.0,10,5,7,07/18/2024,2024-07-18,10:30:00
03/02/2024 02:50:00 PM,3.0,3,2,13,5,3,3,3,3,1,2,FAILING TO YIELD RIGHT-OF-WAY,2,3,2.0,0.0,0.0,0.0,2.0,0.0,14,7,3,03/02/2024,2024-03-02,14:50:00
05/10/2024 06:30:00 AM,3.0,3,2,4,5,3,3,3,3,1,4,FOLLOWING TOO CLOSELY,2,2,0.0,0.0,0.0,0.0,0.0,2.0,6,6,5,05/10/2024,2024-05-10,06:30:00
02/15/2024 11:30:00 AM,5.0,3,2,5,5,3,3,3,3,1,4,DISREGARDING TRAFFIC SIGNALS,2,2,0.0,0.0,0.0,0.0,0.0,2.0,11,5,2,02/15/2024,2024-02-15,11:30:00
06/29/2024 10:15:00 AM,3.0,2,2,4,1,3,4,3,3,1,3,FOLLOWING TOO CLOSELY,2,3,2.0,0.0,0.0,0.0,2.0,1.0,10,7,6,06/29/2024,2024-06-29,10:15:00
03/31/2024 07:03:00 PM,5.0,5,5,5,5,3,4,3,3,1,4,DISREGARDING TRAFFIC SIGNALS,2,2,0.0,0.0,0.0,0.0,0.0,5.0,19,1,3,03/31/2024,2024-03-31,19:03:00
01/23/2024 07:50:00 PM,7.0,3,5,3,4,3,4,3,2,1,4,IMPROPER OVERTAKING/PASSING,2,2,0.0,0.0,0.0,0.0,0.0,2.0,19,3,1,01/23/2024,2024-01-23,19:50:00
08/12/2024 06:50:00 AM,5.0,3,2,3,4,3,3,3,2,1,4,IMPROPER LANE USAGE,2,2,0.0,0.0,0.0,0.0,0.0,2.0,6,2,8,08/12/2024,2024-08-12,06:50:00
07/11/2024 04:00:00 PM,7.0,3,2,6,5,3,3,3,2,1,4,IMPROPER TURNING/NO SIGNAL,2,2,0.0,0.0,0.0,0.0,0.0,2.0,16,5,7,07/11/2024,2024-07-11,16:00:00
03/06/2024 04:22:00 PM,5.0,3,2,4,6,3,3,3,3,0,4,FOLLOWING TOO CLOSELY,2,2,0.0,0.0,0.0,0.0,0.0,2.0,16,4,3,03/06/2024,2024-03-06,16:22:00
06/19/2024 08:50:00 PM,3.0,3,6,6,6,3,3,3,2,1,2,IMPROPER LANE USAGE,2,2,0.0,0.0,0.0,0.0,0.0,2.0,20,4,6,06/19/2024,2024-06-19,20:50:00
04/08/2024 05:28:00 PM,5.0,3,2,5,6,3,3,3,2,1,4,DISREGARDING TRAFFIC SIGNALS,2,2,0.0,0.0,0.0,0.0,0.0,2.0,17,2,4,04/08/2024,2024-04-08,17:28:00
07/16/2024 03:23:00 PM,5.0,3,2,14,9,3,3,3,2,1,3,DISREGARDING TRAFFIC SIGNALS,2,2,0.0,0.0,0.0,0.0,0.0,2.0,15,3,7,07/16/2024,2024-07-16,15:23:00
06/15/2024 05:57:00 PM,7.0,3,2,5,6,3,3,3,2,1,2,FAILING TO YIELD RIGHT-OF-WAY,2,2,0.0,0.0,0.0,0.0,0.0,4.0,17,7,6,06/15/2024,2024-06-15,17:57:00
01/04/2024 03:20:00 PM,5.0,3,2,6,5,3,3,3,2,1,3,UNABLE TO DETERMINE,2,2,0.0,0.0,0.0,0.0,0.0,2.0,15,5,1,01/04/2024,2024-01-04,15:20:00
06/10/2024 02:58:00 AM,7.0,5,5,5,5,3,4,3,3,1,4,DISREGARDING STOP SIGN,2,2,0.0,0.0,0.0,0.0,0.0,3.0,2,2,6,06/10/2024,2024-06-10,02:58:00
02/27/2024 07:15:00 AM,5.0,3,2,3,5,3,3,3,2,1,2,IMPROPER LANE USAGE,2,2,0.0,0.0,0.0,0.0,0.0,2.0,7,3,2,02/27/2024,2024-02-27,07:15:00
02/01/2024 01:28:00 PM,5.0,3,2,6,5,3,3,3,3,1,4,FAILING TO YIELD RIGHT-OF-WAY,2,2,0.0,0.0,0.0,0.0,0.0,2.0,13,5,2,02/01/2024,2024-02-01,13:28:00
04/29/2024 08:35:00 AM,3.0,5,2,5,6,3,4,3,3,1,4,WEATHER,2,4,1.0,0.0,0.0,1.0,0.0,1.0,8,2,4,04/29/2024,2024-04-29,08:35:00
06/29/2024 08:30:00 PM,5.0,3,5,4,5,3,1,1,2,1,3,FOLLOWING TOO CLOSELY,2,2,0.0,0.0,0.0,0.0,0.0,2.0,20,7,6,06/29/2024,2024-06-29,20:30:00
01/23/2024 01:19:00 PM,7.0,4,2,9,10,3,5,1,2,0,2,"OPERATING VEHICLE IN ERRATIC, RECKLESS, CARELESS, NEGLIGENT OR AGGRESSIVE MANNER",2,2,0.0,0.0,0.0,0.0,0.0,3.0,13,3,1,01/23/2024,2024-01-23,13:19:00
08/06/2024 11:00:00 AM,7.0,3,2,5,7,3,3,3,2,1,4,DISREGARDING STOP SIGN,2,2,0.0,0.0,0.0,0.0,0.0,3.0,11,3,8,08/06/2024,2024-08-06,11:00:00
07/26/2024 10:00:00 AM,5.0,3,2,4,4,3,3,3,2,1,4,FOLLOWING TOO CLOSELY,2,2,0.0,0.0,0.0,0.0,0.0,3.0,10,6,7,07/26/2024,2024-07-26,10:00:00
04/22/2024 03:30:00 PM,7.0,3,2,8,5,3,1,1,2,1,3,IMPROPER BACKING,2,2,0.0,0.0,0.0,0.0,0.0,2.0,15,2,4,04/22/2024,2024-04-22,15:30:00
02/24/2024 04:26:00 PM,3.0,3,2,3,4,3,3,3,3,1,4,IMPROPER OVERTAKING/PASSING,2,2,0.0,0.0,0.0,0.0,0.0,2.0,16,7,2,02/24/2024,2024-02-24,16:26:00
05/25/2024 12:50:00 PM,5.0,3,2,4,6,3,3,3,3,1,4,FOLLOWING TOO CLOSELY,2,2,0.0,0.0,0.0,0.0,0.0,3.0,12,7,5,05/25/2024,2024-05-25,12:50:00
05/08/2024 01:05:00 AM,7.0,3,5,5,5,3,3,3,3,1,4,DISREGARDING STOP SIGN,2,2,0.0,0.0,0.0,0.0,0.0,2.0,1,4,5,05/08/2024,2024-05-08,01:05:00
06/10/2024 11:55:00 AM,5.0,3,2,3,5,3,3,3,2,1,4,IMPROPER OVERTAKING/PASSING,2,2,0.0,0.0,0.0,0.0,0.0,2.0,11,2,6,06/10/2024,2024-06-10,11:55:00
06/04/2024 04:09:00 PM,7.0,3,2,6,5,3,3,3,3,1,4,UNABLE TO DETERMINE,2,2,0.0,0.0,0.0,0.0,0.0,3.0,16,3,6,06/04/2024,2024-06-04,16:09:00
06/06/2024 10:54:00 PM,3.0,3,5,6,7,3,3,3,3,1,4,DISREGARDING STOP SIGN,2,2,0.0,0.0,0.0,0.0,0.0,2.0,22,5,6,06/06/2024,2024-06-06,22:54:00
05/05/2024 11:00:00 PM,3.0,3,4,14,6,3,3,3,3,1,4,UNABLE TO DETERMINE,2,4,1.0,0.0,0.0,1.0,0.0,1.0,23,1,5,05/05/2024,2024-05-05,23:00:00
05/22/2024 04:00:00 PM,5.0,3,2,5,6,3,3,3,2,1,4,UNABLE TO DETERMINE,2,2,0.0,0.0,0.0,0.0,0.0,2.0,16,4,5,05/22/2024,2024-05-22,16:00:00
06/15/2024 05:30:00 PM,5.0,3,2,6,5,3,3,1,2,1,3,UNABLE TO DETERMINE,2,2,0.0,0.0,0.0,0.0,0.0,2.0,17,7,6,06/15/2024,2024-06-15,17:30:00
02/10/2024 10:51:00 AM,7.0,3,2,5,4,3,3,3,2,1,4,DISREGARDING STOP SIGN,2,2,0.0,0.0,0.0,0.0,0.0,2.0,10,7,2,02/10/2024,2024-02-10,10:51:00
01/23/2024 10:15:00 AM,7.0,8,2,4,10,3,5,3,2,1,4,WEATHER,2,2,0.0,0.0,0.0,0.0,0.0,2.0,10,3,1,01/23/2024,2024-01-23,10:15:00
02/16/2024 04:00:00 AM,3.0,3,5,6,5,3,3,3,3,1,4,IMPROPER TURNING/NO SIGNAL,2,2,0.0,0.0,0.0,0.0,0.0,2.0,4,6,2,02/16/2024,2024-02-16,04:00:00
01/11/2024 11:01:00 AM,5.0,3,2,13,5,3,3,1,3,1,4,FAILING TO YIELD RIGHT-OF-WAY,2,4,1.0,0.0,0.0,1.0,0.0,2.0,11,5,1,01/11/2024,2024-01-11,11:01:00
03/10/2024 09:59:00 AM,5.0,3,2,4,6,3,3,3,3,1,3,FOLLOWING TOO CLOSELY,2,3,1.0,0.0,0.0,0.0,1.0,1.0,9,1,3,03/10/2024,2024-03-10,09:59:00
03/08/2024 10:15:00 PM,5.0,3,5,6,5,3,1,1,2,1,4,IMPROPER TURNING/NO SIGNAL,2,2,0.0,0.0,0.0,0.0,0.0,2.0,22,6,3,03/08/2024,2024-03-08,22:15:00
01/03/2024 11:45:00 PM,5.0,6,5,5,5,3,4,3,2,1,4,DISREGARDING TRAFFIC SIGNALS,2,2,0.0,0.0,0.0,0.0,0.0,2.0,23,4,1,01/03/2024,2024-01-03,23:45:00
03/20/2024 05:05:00 PM,3.0,3,2,5,6,3,3,3,2,1,4,FAILING TO YIELD RIGHT-OF-WAY,2,2,0.0,0.0,0.0,0.0,0.0,3.0,17,4,3,03/20/2024,2024-03-20,17:05:00
03/02/2024 10:14:00 PM,5.0,3,5,5,5,3,3,3,2,1,4,UNABLE TO DETERMINE,2,2,0.0,0.0,0.0,0.0,0.0,3.0,22,7,3,03/02/2024,2024-03-02,22:14:00
07/03/2024 12:45:00 PM,5.0,3,2,14,1,3,3,3,2,1,4,DISREGARDING TRAFFIC SIGNALS,2,2,0.0,0.0,0.0,0.0,0.0,2.0,12,4,7,07/03/2024,2024-07-03,12:45:00
04/25/2024 02:46:00 PM,3.0,3,2,5,6,3,3,3,2,1,4,FAILING TO YIELD RIGHT-OF-WAY,2,2,0.0,0.0,0.0,0.0,0.0,2.0,14,5,4,04/25/2024,2024-04-25,14:46:00
01/16/2024 07:49:00 PM,5.0,3,5,8,6,3,5,3,2,1,4,FAILING TO YIELD RIGHT-OF-WAY,2,2,0.0,0.0,0.0,0.0,0.0,3.0,19,3,1,01/16/2024,2024-01-16,19:49:00
07/06/2024 11:00:00 PM,5.0,3,5,3,10,3,3,1,2,1,3,IMPROPER LANE USAGE,2,2,0.0,0.0,0.0,0.0,0.0,2.0,23,7,7,07/06/2024,2024-07-06,23:00:00
05/17/2024 06:16:00 AM,7.0,3,2,6,7,3,3,3,3,1,4,UNABLE TO DETERMINE,2,2,0.0,0.0,0.0,0.0,0.0,2.0,6,6,5,05/17/2024,2024-05-17,06:16:00
04/06/2024 02:15:00 AM,5.0,3,5,5,5,3,3,1,3,1,4,UNABLE TO DETERMINE,2,3,1.0,0.0,0.0,0.0,1.0,2.0,2,7,4,04/06/2024,2024-04-06,02:15:00
05/03/2024 11:15:00 PM,7.0,3,5,5,1,3,3,3,2,1,3,FAILING TO YIELD RIGHT-OF-WAY,2,2,0.0,0.0,0.0,0.0,0.0,3.0,23,6,5,05/03/2024,2024-05-03,23:15:00
01/26/2024 12:51:00 PM,5.0,5,2,5,5,3,4,3,2,1,4,FAILING TO YIELD RIGHT-OF-WAY,2,2,0.0,0.0,0.0,0.0,0.0,3.0,12,6,1,01/26/2024,2024-01-26,12:51:00
02/05/2024 05:15:00 PM,5.0,3,4,3,3,3,3,3,2,1,4,UNABLE TO DETERMINE,2,2,0.0,0.0,0.0,0.0,0.0,2.0,17,2,2,02/05/2024,2024-02-05,17:15:00
04/04/2024 02:30:00 PM,5.0,3,2,3,4,3,3,3,2,1,4,UNABLE TO DETERMINE,2,2,0.0,0.0,0.0,0.0,0.0,2.0,14,5,4,04/04/2024,2024-04-04,14:30:00
07/17/2024 10:15:00 AM,7.0,3,2,5,5,3,3,3,3,1,4,FAILING TO YIELD RIGHT-OF-WAY,2,2,0.0,0.0,0.0,0.0,0.0,2.0,10,4,7,07/17/2024,2024-07-17,10:15:00
06/09/2024 06:25:00 PM,5.0,3,2,6,1,3,1,1,2,1,4,DISREGARDING TRAFFIC SIGNALS,2,2,0.0,0.0,0.0,0.0,0.0,4.0,18,1,6,06/09/2024,2024-06-09,18:25:00
04/27/2024 07:15:00 PM,5.0,3,5,14,5,3,3,3,3,1,3,FAILING TO YIELD RIGHT-OF-WAY,2,4,1.0,0.0,0.0,1.0,0.0,1.0,19,7,4,04/27/2024,2024-04-27,19:15:00
02/04/2024 02:00:00 PM,7.0,3,2,6,6,3,3,3,3,1,4,UNABLE TO DETERMINE,2,2,0.0,0.0,0.0,0.0,0.0,5.0,14,1,2,02/04/2024,2024-02-04,14:00:00
03/11/2024 07:00:00 PM,7.0,3,4,5,5,3,3,3,2,1,4,FAILING TO YIELD RIGHT-OF-WAY,2,2,0.0,0.0,0.0,0.0,0.0,2.0,19,2,3,03/11/2024,2024-03-11,19:00:00
05/26/2024 03:41:00 PM,3.0,3,2,3,5,3,4,3,3,1,4,UNABLE TO DETERMINE,2,2,0.0,0.0,0.0,0.0,0.0,2.0,15,1,5,05/26/2024,2024-05-26,15:41:00
01/06/2024 06:26:00 PM,5.0,8,5,6,5,3,4,3,2,1,4,IMPROPER LANE USAGE,2,2,0.0,0.0,0.0,0.0,0.0,2.0,18,7,1,01/06/2024,2024-01-06,18:26:00
01/21/2024 08:40:00 PM,5.0,3,5,6,6,3,4,1,2,1,4,UNABLE TO DETERMINE,2,2,0.0,0.0,0.0,0.0,0.0,3.0,20,1,1,01/21/2024,2024-01-21,20:40:00
06/14/2024 01:39:00 AM,5.0,3,5,5,5,3,3,1,3,1,4,DISREGARDING TRAFFIC SIGNALS,2,2,0.0,0.0,0.0,0.0,0.0,2.0,1,6,6,06/14/2024,2024-06-14,01:39:00
01/03/2024 06:55:00 AM,7.0,8,5,5,5,3,4,3,3,1,4,FAILING TO YIELD RIGHT-OF-WAY,2,2,0.0,0.0,0.0,0.0,0.0,2.0,6,4,1,01/03/2024,2024-01-03,06:55:00
08/05/2024 03:33:00 PM,7.0,3,2,5,4,3,3,3,3,1,4,UNABLE TO DETERMINE,2,2,0.0,0.0,0.0,0.0,0.0,2.0,15,2,8,08/05/2024,2024-08-05,15:33:00
08/01/2024 06:31:00 PM,5.0,3,4,4,6,3,3,3,2,0,3,UNABLE TO DETERMINE,2,2,0.0,0.0,0.0,0.0,0.0,3.0,18,5,8,08/01/2024,2024-08-01,18:31:00
02/04/2024 09:24:00 PM,7.0,3,5,5,6,3,3,1,3,1,4,FAILING TO YIELD RIGHT-OF-WAY,2,3,1.0,0.0,0.0,0.0,1.0,2.0,21,1,2,02/04/2024,2024-02-04,21:24:00
05/30/2024 05:25:00 PM,6.0,3,2,13,5,3,3,3,3,1,2,FAILING TO YIELD RIGHT-OF-WAY,2,4,1.0,0.0,0.0,1.0,0.0,1.0,17,5,5,05/30/2024,2024-05-30,17:25:00
04/06/2024 06:00:00 AM,7.0,3,2,11,7,3,3,3,2,1,4,UNABLE TO DETERMINE,2,2,0.0,0.0,0.0,0.0,0.0,1.0,6,7,4,04/06/2024,2024-04-06,06:00:00
04/30/2024 08:45:00 PM,3.0,3,6,4,6,3,3,3,2,1,4,FOLLOWING TOO CLOSELY,2,2,0.0,0.0,0.0,0.0,0.0,3.0,20,3,4,04/30/2024,2024-04-30,20:45:00
05/06/2024 03:48:00 PM,5.0,3,2,6,4,3,3,3,3,1,4,IMPROPER LANE USAGE,2,2,0.0,0.0,0.0,0.0,0.0,2.0,15,2,5,05/06/2024,2024-05-06,15:48:00
07/28/2024 08:45:00 PM,5.0,3,5,5,5,3,3,3,3,1,4,FAILING TO REDUCE SPEED TO AVOID CRASH,2,2,0.0,0.0,0.0,0.0,0.0,5.0,20,1,7,07/28/2024,2024-07-28,20:45:00
05/06/2024 05:30:00 PM,3.0,3,2,5,4,3,3,3,2,1,4,UNABLE TO DETERMINE,2,2,0.0,0.0,0.0,0.0,0.0,3.0,17,2,5,05/06/2024,2024-05-06,17:30:00
04/01/2024 01:15:00 AM,7.0,5,6,6,7,3,4,1,3,1,4,FAILING TO YIELD RIGHT-OF-WAY,2,3,1.0,0.0,0.0,0.0,1.0,1.0,1,2,4,04/01/2024,2024-04-01,01:15:00
07/19/2024 07:00:00 AM,5.0,3,2,2,5,3,3,3,2,1,4,DISREGARDING TRAFFIC SIGNALS,2,2,0.0,0.0,0.0,0.0,0.0,2.0,7,6,7,07/19/2024,2024-07-19,07:00:00
03/08/2024 12:34:00 PM,5.0,5,2,6,10,3,4,3,3,1,4,IMPROPER LANE USAGE,2,2,0.0,0.0,0.0,0.0,0.0,2.0,12,6,3,03/08/2024,2024-03-08,12:34:00
05/12/2024 01:50:00 PM,7.0,3,2,3,5,3,3,3,2,1,4,IMPROPER OVERTAKING/PASSING,2,2,0.0,0.0,0.0,0.0,0.0,2.0,13,1,5,05/12/2024,2024-05-12,13:50:00
05/18/2024 09:31:00 AM,5.0,3,2,4,6,3,3,3,2,1,3,FOLLOWING TOO CLOSELY,2,2,0.0,0.0,0.0,0.0,0.0,2.0,9,7,5,05/18/2024,2024-05-18,09:31:00
05/19/2024 02:19:00 PM,3.0,3,2,11,6,3,3,3,2,0,4,UNABLE TO DETERMINE,2,2,0.0,0.0,0.0,0.0,0.0,1.0,14,1,5,05/19/2024,2024-05-19,14:19:00
07/13/2024 07:36:00 PM,5.0,3,2,14,5,3,3,3,3,1,3,BICYCLE ADVANCING LEGALLY ON RED LIGHT,2,4,1.0,0.0,0.0,1.0,0.0,1.0,19,7,7,07/13/2024,2024-07-13,19:36:00
05/06/2024 09:05:00 PM,7.0,3,5,5,5,3,3,3,3,1,4,UNABLE TO DETERMINE,2,2,0.0,0.0,0.0,0.0,0.0,4.0,21,2,5,05/06/2024,2024-05-06,21:05:00
07/30/2024 01:44:00 PM,7.0,3,2,5,5,3,3,3,3,1,3,FAILING TO YIELD RIGHT-OF-WAY,2,2,0.0,0.0,0.0,0.0,0.0,3.0,13,3,7,07/30/2024,2024-07-30,13:44:00
03/20/2024 09:30:00 AM,7.0,3,2,3,6,3,3,3,2,1,4,UNABLE TO DETERMINE,2,2,0.0,0.0,0.0,0.0,0.0,2.0,9,4,3,03/20/2024,2024-03-20,09:30:00
04/22/2024 08:35:00 AM,3.0,3,2,3,6,3,3,3,2,0,4,ROAD ENGINEERING/SURFACE/MARKING DEFECTS,2,2,0.0,0.0,0.0,0.0,0.0,3.0,8,2,4,04/22/2024,2024-04-22,08:35:00
05/19/2024 05:10:00 AM,5.0,3,3,4,6,3,3,3,2,1,4,FAILING TO REDUCE SPEED TO AVOID CRASH,2,2,0.0,0.0,0.0,0.0,0.0,2.0,5,1,5,05/19/2024,2024-05-19,05:10:00
07/12/2024 02:30:00 AM,3.0,3,5,11,6,3,3,3,3,1,4,FAILING TO REDUCE SPEED TO AVOID CRASH,2,5,1.0,0.0,1.0,0.0,0.0,0.0,2,6,7,07/12/2024,2024-07-12,02:30:00
07/08/2024 07:45:00 AM,3.0,3,2,5,5,3,3,3,2,1,3,UNABLE TO DETERMINE,2,2,0.0,0.0,0.0,0.0,0.0,2.0,7,2,7,07/08/2024,2024-07-08,07:45:00
06/25/2024 10:15:00 PM,7.0,3,5,5,5,3,3,1,2,1,4,FAILING TO YIELD RIGHT-OF-WAY,2,2,0.0,0.0,0.0,0.0,0.0,3.0,22,3,6,06/25/2024,2024-06-25,22:15:00
06/14/2024 06:30:00 PM,5.0,3,4,3,6,3,3,3,2,1,4,UNABLE TO DETERMINE,2,2,0.0,0.0,0.0,0.0,0.0,2.0,18,6,6,06/14/2024,2024-06-14,18:30:00
07/03/2024 02:00:00 AM,3.0,3,5,6,6,3,3,3,2,1,3,FAILING TO YIELD RIGHT-OF-WAY,2,2,0.0,0.0,0.0,0.0,0.0,2.0,2,4,7,07/03/2024,2024-07-03,02:00:00
03/21/2024 08:00:00 AM,5.0,3,2,6,7,3,1,2,2,1,4,UNABLE TO DETERMINE,2,2,0.0,0.0,0.0,0.0,0.0,2.0,8,5,3,03/21/2024,2024-03-21,08:00:00
08/13/2024 08:40:00 PM,7.0,3,5,5,5,3,3,1,2,1,4,UNABLE TO DETERMINE,2,2,0.0,0.0,0.0,0.0,0.0,2.0,20,3,8,08/13/2024,2024-08-13,20:40:00
03/23/2024 01:54:00 PM,7.0,3,2,6,7,3,3,3,3,1,4,IMPROPER TURNING/NO SIGNAL,2,3,1.0,0.0,0.0,0.0,1.0,2.0,13,7,3,03/23/2024,2024-03-23,13:54:00
03/14/2024 08:26:00 AM,5.0,5,2,6,3,3,4,3,2,1,4,FAILING TO YIELD RIGHT-OF-WAY,2,2,0.0,0.0,0.0,0.0,0.0,2.0,8,5,3,03/14/2024,2024-03-14,08:26:00
02/11/2024 12:39:00 AM,7.0,3,5,4,4,3,3,3,2,1,4,UNABLE TO DETERMINE,2,2,0.0,0.0,0.0,0.0,0.0,3.0,0,1,2,02/11/2024,2024-02-11,00:39:00
06/23/2024 04:42:00 PM,5.0,3,2,4,6,3,3,1,2,1,4,FAILING TO YIELD RIGHT-OF-WAY,2,2,0.0,0.0,0.0,0.0,0.0,3.0,16,1,6,06/23/2024,2024-06-23,16:42:00
01/06/2024 08:00:00 AM,3.0,2,2,5,7,3,1,1,2,1,4,UNABLE TO DETERMINE,2,2,0.0,0.0,0.0,0.0,0.0,2.0,8,7,1,01/06/2024,2024-01-06,08:00:00
08/12/2024 08:29:00 PM,5.0,3,6,6,4,3,3,3,3,1,4,FAILING TO YIELD RIGHT-OF-WAY,2,4,1.0,0.0,0.0,1.0,0.0,2.0,20,2,8,08/12/2024,2024-08-12,20:29:00
06/19/2024 10:45:00 AM,5.0,3,2,14,6,3,3,3,3,1,2,UNABLE TO DETERMINE,2,4,1.0,0.0,0.0,1.0,0.0,1.0,10,4,6,06/19/2024,2024-06-19,10:45:00
06/21/2024 08:00:00 AM,5.0,3,2,6,7,3,3,3,2,1,4,IMPROPER TURNING/NO SIGNAL,2,2,0.0,0.0,0.0,0.0,0.0,2.0,8,6,6,06/21/2024,2024-06-21,08:00:00
02/14/2024 05:56:00 PM,3.0,3,5,6,6,3,3,3,3,0,4,IMPROPER OVERTAKING/PASSING,2,2,0.0,0.0,0.0,0.0,0.0,2.0,17,4,2,02/14/2024,2024-02-14,17:56:00
03/20/2024 08:30:00 AM,5.0,3,2,5,5,3,3,3,2,1,4,UNABLE TO DETERMINE,2,2,0.0,0.0,0.0,0.0,0.0,2.0,8,4,3,03/20/2024,2024-03-20,08:30:00
06/19/2024 05:00:00 PM,7.0,3,2,5,5,3,3,1,3,1,4,UNABLE TO DETERMINE,2,3,1.0,0.0,0.0,0.0,1.0,2.0,17,4,6,06/19/2024,2024-06-19,17:00:00
06/29/2024 12:53:00 PM,3.0,3,2,6,5,3,3,1,3,1,4,FAILING TO YIELD RIGHT-OF-WAY,2,3,1.0,0.0,0.0,0.0,1.0,1.0,12,7,6,06/29/2024,2024-06-29,12:53:00
02/12/2024 12:53:00 PM,5.0,3,2,3,3,3,1,1,2,1,4,IMPROPER LANE USAGE,2,2,0.0,0.0,0.0,0.0,0.0,3.0,12,2,2,02/12/2024,2024-02-12,12:53:00
05/19/2024 10:58:00 PM,5.0,3,5,4,6,3,3,3,3,0,3,FOLLOWING TOO CLOSELY,2,3,1.0,0.0,0.0,0.0,1.0,1.0,22,1,5,05/19/2024,2024-05-19,22:58:00
08/03/2024 02:04:00 AM,3.0,3,5,11,7,3,3,3,2,0,4,IMPROPER BACKING,2,2,0.0,0.0,0.0,0.0,0.0,2.0,2,7,8,08/03/2024,2024-08-03,02:04:00
07/06/2024 07:40:00 PM,5.0,3,2,6,5,3,3,3,3,1,4,FAILING TO YIELD RIGHT-OF-WAY,2,5,2.0,0.0,2.0,0.0,0.0,2.0,19,7,7,07/06/2024,2024-07-06,19:40:00
06/05/2024 08:54:00 PM,1.0,3,5,9,5,3,3,1,3,1,4,NOT APPLICABLE,2,2,0.0,0.0,0.0,0.0,0.0,2.0,20,4,6,06/05/2024,2024-06-05,20:54:00
02/27/2024 05:50:00 AM,3.0,3,2,3,2,3,3,3,2,1,4,NOT APPLICABLE,2,2,0.0,0.0,0.0,0.0,0.0,3.0,5,3,2,02/27/2024,2024-02-27,05:50:00
08/08/2024 09:00:00 PM,7.0,3,5,6,6,3,3,3,3,1,4,UNABLE TO DETERMINE,2,2,0.0,0.0,0.0,0.0,0.0,2.0,21,5,8,08/08/2024,2024-08-08,21:00:00
03/16/2024 12:17:00 PM,8.0,3,2,4,1,6,3,1,2,1,4,DISTRACTION - FROM OUTSIDE VEHICLE,2,2,0.0,0.0,0.0,0.0,0.0,2.0,12,7,3,03/16/2024,2024-03-16,12:17:00