crash_date,traffic_control_device,weather_condition,lighting_condition,first_crash_type,trafficway_type,alignment,roadway_surface_cond,road_defect,crash_type,intersection_related_i,damage,prim_contributory_cause,num_units,most_severe_injury,injuries_total,injuries_fatal,injuries_incapacitating,injuries_non_incapacitating,injuries_reported_not_evident,injuries_no_indication,crash_hour,crash_day_of_week,crash_month,parsed_datetime,date,time
05/22/2024 04:37:00 PM,3.0,3,2,6,6,3,3,3,3,1,4,IMPROPER OVERTAKING/PASSING,2,3,1.0,0.0,0.0,0.0,1.0,1.0,16,4,5,05/22/2024,2024-05-22,16:37:00
02/14/2024 01:19:00 PM,7.0,3,2,5,6,3,3,3,2,1,3,FAILING TO YIELD RIGHT-OF-WAY,2,2,0.0,0.0,0.0,0.0,0.0,2.0,13,4,2,02/14/2024,2024-02-14,13:19:00
03/31/2024 09:30:00 PM,8.0,5,5,6,5,3,4,3,2,1,4,WEATHER,2,2,0.0,0.0,0.0,0.0,0.0,2.0,21,1,3,03/31/2024,2024-03-31,21:30:00
08/02/2024 02:20:00 PM,7.0,3,2,5,6,3,3,3,3,1,4,DISREGARDING STOP SIGN,2,3,1.0,0.0,0.0,0.0,1.0,1.0,14,6,8,08/02/2024,2024-08-02,14:20:00
06/02/2024 11:46:00 PM,7.0,3,5,5,4,3,3,3,3,1,4,DISREGARDING STOP SIGN,2,4,2.0,0.0,0.0,2.0,0.0,3.0,23,1,6,06/02/2024,2024-06-02,23:46:00
05/15/2024 06:00:00 PM,5.0,3,2,3,6,3,3,3,2,1,4,UNABLE TO DETERMINE,2,2,0.0,0.0,0.0,0.0,0.0,7.0,18,4,5,05/15/2024,2024-05-15,18:00:00
06/19/2024 03:40:00 PM,5.0,3,2,6,5,3,3,3,2,1,2,UNABLE TO DETERMINE,2,2,0.0,0.0,0.0,0.0,0.0,2.0,15,4,6,06/19/2024,2024-06-19,15:40:00
05/08/2024 03:45:00 PM,3.0,3,2,10,9,3,3,3,2,1,4,NOT APPLICABLE,2,2,0.0,0.0,0.0,0.0,0.0,2.0,15,4,5,05/08/2024,2024-05-08,15:45:00
04/26/2024 05:03:00 PM,7.0,5,2,5,5,3,4,3,3,1,4,FAILING TO YIELD RIGHT-OF-WAY,2,2,0.0,0.0,0.0,0.0,0.0,3.0,17,6,4,04/26/2024,2024-04-26,17:03:00
06/14/2024 10:39:00 PM,5.0,3,6,5,5,3,3,3,3,1,4,FAILING TO YIELD RIGHT-OF-WAY,2,4,1.0,0.0,0.0,1.0,0.0,1.0,22,6,6,06/14/2024,2024-06-14,22:39:00
06/19/2024 11:16:00 AM,3.0,3,2,5,16,3,3,3,3,1,4,FAILING TO YIELD RIGHT-OF-WAY,2,4,1.0,0.0,0.0,1.0,0.0,2.0,11,4,6,06/19/2024,2024-06-19,11:16:00
06/14/2024 10:11:00 AM,5.0,3,2,6,6,3,3,3,3,1,4,FAILING TO YIELD RIGHT-OF-WAY,2,4,1.0,0.0,0.0,1.0,0.0,3.0,10,6,6,06/14/2024,2024-06-14,10:11:00
06/14/2024 05:50:00 PM,3.0,3,2,4,3,3,3,3,2,1,2,DISTRACTION - FROM INSIDE VEHICLE,2,2,0.0,0.0,0.0,0.0,0.0,4.0,17,6,6,06/14/2024,2024-06-14,17:50:00
07/27/2024 05:15:00 PM,5.0,3,2,4,5,3,3,3,2,1,4,FOLLOWING TOO CLOSELY,2,2,0.0,0.0,0.0,0.0,0.0,2.0,17,7,7,07/27/2024,2024-07-27,17:15:00
05/02/2024 04:18:00 PM,5.0,5,2,6,7,3,4,1,2,1,2,DRIVING SKILLS/KNOWLEDGE/EXPERIENCE,2,2,0.0,0.0,0.0,0.0,0.0,2.0,16,5,5,05/02/2024,2024-05-02,16:18:00
04/05/2024 02:47:00 PM,7.0,3,2,6,5,3,3,3,3,1,4,NOT APPLICABLE,2,3,1.0,0.0,0.0,0.0,1.0,1.0,14,6,4,04/05/2024,2024-04-05,14:47:00
06/12/2024 10:45:00 PM,5.0,3,5,5,1,3,3,3,3,1,4,DISREGARDING TRAFFIC SIGNALS,2,3,2.0,0.0,0.0,0.0,2.0,1.0,22,4,6,06/12/2024,2024-06-12,22:45:00
03/17/2024 08:53:00 AM,5.0,3,2,5,5,3,3,3,3,1,4,UNABLE TO DETERMINE,2,2,0.0,0.0,0.0,0.0,0.0,2.0,8,1,3,03/17/2024,2024-03-17,08:53:00
05/25/2024 01:00:00 PM,3.0,3,2,3,4,3,1,3,2,0,3,IMPROPER LANE USAGE,2,2,0.0,0.0,0.0,0.0,0.0,2.0,13,7,5,05/25/2024,2024-05-25,13:00:00
08/09/2024 02:22:00 PM,5.0,3,2,3,5,3,3,3,2,1,4,IMPROPER LANE USAGE,2,2,0.0,0.0,0.0,0.0,0.0,2.0,14,6,8,08/09/2024,2024-08-09,14:22:00
07/03/2024 07:30:00 PM,5.0,3,2,4,5,3,3,3,2,1,3,EQUIPMENT - VEHICLE CONDITION,2,2,0.0,0.0,0.0,0.0,0.0,2.0,19,4,7,07/03/2024,2024-07-03,19:30:00
04/20/2024 07:12:00 PM,7.0,3,4,5,5,3,3,3,2,1,3,FAILING TO YIELD RIGHT-OF-WAY,2,2,0.0,0.0,0.0,0.0,0.0,2.0,19,7,4,04/20/2024,2024-04-20,19:12:00
02/19/2024 12:20:00 PM,7.0,3,2,11,7,3,3,3,3,1,4,IMPROPER TURNING/NO SIGNAL,2,2,0.0,0.0,0.0,0.0,0.0,3.0,12,2,2,02/19/2024,2024-02-19,12:20:00
05/08/2024 01:10:00 PM,5.0,3,2,6,7,3,3,3,3,1,4,FAILING TO YIELD RIGHT-OF-WAY,2,4,1.0,0.0,0.0,1.0,0.0,1.0,13,4,5,05/08/2024,2024-05-08,13:10:00
02/05/2024 07:00:00 PM,5.0,3,5,4,5,3,1,1,2,1,4,FAILING TO REDUCE SPEED TO AVOID CRASH,2,2,0.0,0.0,0.0,0.0,0.0,4.0,19,2,2,02/05/2024,2024-02-05,19:00:00
06/02/2024 03:53:00 PM,7.0,3,2,6,5,3,3,3,3,1,4,FAILING TO YIELD RIGHT-OF-WAY,2,4,1.0,0.0,0.0,1.0,0.0,2.0,15,1,6,06/02/2024,2024-06-02,15:53:00
05/15/2024 05:30:00 PM,1.0,3,2,3,5,3,1,1,2,1,4,UNABLE TO DETERMINE,2,2,0.0,0.0,0.0,0.0,0.0,2.0,17,4,5,05/15/2024,2024-05-15,17:30:00
05/29/2024 07:15:00 AM,5.0,3,2,4,4,3,3,3,2,1,3,FOLLOWING TOO CLOSELY,2,2,0.0,0.0,0.0,0.0,0.0,2.0,7,4,5,05/29/2024,2024-05-29,07:15:00
04/21/2024 05:55:00 PM,3.0,3,2,3,6,3,3,1,2,0,4,FAILING TO REDUCE SPEED TO AVOID CRASH,2,2,0.0,0.0,0.0,0.0,0.0,2.0,17,1,4,04/21/2024,2024-04-21,17:55:00
03/04/2024 10:30:00 AM,3.0,3,2,6,6,3,3,3,2,1,4,FOLLOWING TOO CLOSELY,2,2,0.0,0.0,0.0,0.0,0.0,2.0,10,2,3,03/04/2024,2024-03-04,10:30:00
06/03/2024 05:08:00 PM,7.0,3,2,5,2,3,3,3,3,1,4,FAILING TO YIELD RIGHT-OF-WAY,2,4,1.0,0.0,0.0,1.0,0.0,2.0,17,2,6,06/03/2024,2024-06-03,17:08:00
01/18/2024 07:30:00 AM,7.0,3,2,5,6,3,3,3,2,1,4,FAILING TO YIELD RIGHT-OF-WAY,2,2,0.0,0.0,0.0,0.0,0.0,2.0,7,5,1,01/18/2024,2024-01-18,07:30:00
06/01/2024 10:10:00 AM,5.0,5,2,13,5,3,4,3,2,1,2,RELATED TO BUS STOP,2,2,0.0,0.0,0.0,0.0,0.0,2.0,10,7,6,06/01/2024,2024-06-01,10:10:00
04/24/2024 04:14:00 PM,3.0,3,2,6,5,3,3,3,2,1,3,IMPROPER OVERTAKING/PASSING,2,2,0.0,0.0,0.0,0.0,0.0,2.0,16,4,4,04/24/2024,2024-04-24,16:14:00
01/24/2024 07:20:00 PM,5.0,5,5,4,4,4,4,3,3,1,4,FAILING TO REDUCE SPEED TO AVOID CRASH,2,4,1.0,0.0,0.0,1.0,0.0,2.0,19,4,1,01/24/2024,2024-01-24,19:20:00
06/10/2024 12:39:00 PM,3.0,3,2,11,7,3,3,3,2,1,3,IMPROPER TURNING/NO SIGNAL,2,2,0.0,0.0,0.0,0.0,0.0,1.0,12,2,6,06/10/2024,2024-06-10,12:39:00
03/08/2024 08:45:00 PM,3.0,3,6,6,5,3,4,3,3,1,4,IMPROPER OVERTAKING/PASSING,2,3,1.0,0.0,0.0,0.0,1.0,1.0,20,6,3,03/08/2024,2024-03-08,20:45:00
08/01/2024 07:40:00 PM,5.0,3,2,14,1,3,1,1,3,1,4,UNABLE TO DETERMINE,2,3,1.0,0.0,0.0,0.0,1.0,1.0,19,5,8,08/01/2024,2024-08-01,19:40:00
07/16/2024 06:00:00 PM,5.0,3,2,4,4,3,3,3,2,1,4,FOLLOWING TOO CLOSELY,2,2,0.0,0.0,0.0,0.0,0.0,3.0,18,3,7,07/16/2024,2024-07-16,18:00:00
04/29/2024 01:30:00 AM,5.0,5,5,6,5,3,4,3,2,1,4,UNABLE TO DETERMINE,2,2,0.0,0.0,0.0,0.0,0.0,2.0,1,2,4,04/29/2024,2024-04-29,01:30:00
03/20/2024 11:05:00 AM,5.0,3,2,6,5,3,3,3,3,1,2,TURNING RIGHT ON RED,2,3,1.0,0.0,0.0,0.0,1.0,2.0,11,4,3,03/20/2024,2024-03-20,11:05:00
03/14/2024 10:30:00 AM,7.0,3,2,4,4,3,4,1,2,1,4,IMPROPER BACKING,2,2,0.0,0.0,0.0,0.0,0.0,2.0,10,5,3,03/14/2024,2024-03-14,10:30:00
04/19/2024 07:20:00 PM,5.0,3,5,6,4,3,3,3,2,1,3,IMPROPER OVERTAKING/PASSING,2,2,0.0,0.0,0.0,0.0,0.0,3.0,19,6,4,04/19/2024,2024-04-19,19:20:00
06/26/2024 03:15:00 PM,5.0,3,2,6,6,3,3,3,2,1,4,IMPROPER LANE USAGE,2,2,0.0,0.0,0.0,0.0,0.0,2.0,15,4,6,06/26/2024,2024-06-26,15:15:00
02/24/2024 12:30:00 PM,7.0,3,2,6,5,3,3,3,2,1,3,UNABLE TO DETERMINE,2,2,0.0,0.0,0.0,0.0,0.0,2.0,12,7,2,02/24/2024,2024-02-24,12:30:00
02/08/2024 08:34:00 AM,5.0,3,2,5,5,3,3,3,2,1,3,FAILING TO YIELD RIGHT-OF-WAY,2,2,0.0,0.0,0.0,0.0,0.0,3.0,8,5,2,02/08/2024,2024-02-08,08:34:00
02/26/2024 03:35:00 PM,2.0,3,2,5,4,3,3,3,2,0,4,DRIVING ON WRONG SIDE/WRONG WAY,2,2,0.0,0.0,0.0,0.0,0.0,2.0,15,2,2,02/26/2024,2024-02-26,15:35:00
05/15/2024 07:13:00 PM,5.0,3,2,13,5,3,3,3,3,1,2,NOT APPLICABLE,2,6,1.0,1.0,0.0,0.0,0.0,1.0,19,4,5,05/15/2024,2024-05-15,19:13:00
02/08/2024 03:15:00 PM,5.0,3,2,4,5,3,4,3,3,1,2,FOLLOWING TOO CLOSELY,2,3,1.0,0.0,0.0,0.0,1.0,1.0,15,5,2,02/08/2024,2024-02-08,15:15:00
04/18/2024 02:10:00 PM,3.0,3,2,11,6,3,3,3,2,0,4,NOT APPLICABLE,2,2,0.0,0.0,0.0,0.0,0.0,2.0,14,5,4,04/18/2024,2024-04-18,14:10:00
01/14/2024 11:00:00 AM,5.0,3,2,5,14,3,6,1,3,1,4,UNABLE TO DETERMINE,2,2,0.0,0.0,0.0,0.0,0.0,2.0,11,1,1,01/14/2024,2024-01-14,11:00:00
07/21/2024 08:52:00 PM,5.0,3,5,6,5,3,3,3,2,1,4,UNABLE TO DETERMINE,2,2,0.0,0.0,0.0,0.0,0.0,3.0,20,1,7,07/21/2024,2024-07-21,20:52:00
03/19/2024 07:47:00 PM,7.0,3,5,6,5,3,3,3,3,1,4,FAILING TO YIELD RIGHT-OF-WAY,2,4,2.0,0.0,0.0,2.0,0.0,0.0,19,3,3,03/19/2024,2024-03-19,19:47:00
05/29/2024 02:00:00 PM,3.0,3,2,5,5,3,3,3,2,1,4,UNABLE TO DETERMINE,2,2,0.0,0.0,0.0,0.0,0.0,2.0,14,4,5,05/29/2024,2024-05-29,14:00:00
04/18/2024 07:59:00 AM,5.0,3,2,3,5,3,3,3,2,1,2,UNABLE TO DETERMINE,2,2,0.0,0.0,0.0,0.0,0.0,2.0,7,5,4,04/18/2024,2024-04-18,07:59:00
04/23/2024 03:55:00 PM,5.0,3,2,4,5,3,3,3,3,1,3,FOLLOWING TOO CLOSELY,2,3,1.0,0.0,0.0,0.0,1.0,3.0,15,3,4,04/23/2024,2024-04-23,15:55:00
01/11/2024 07:35:00 AM,7.0,3,2,3,10,3,3,3,2,1,4,FAILING TO YIELD RIGHT-OF-WAY,2,2,0.0,0.0,0.0,0.0,0.0,2.0,7,5,1,01/11/2024,2024-01-11,07:35:00
03/06/2024 12:54:00 PM,5.0,3,2,4,4,3,3,3,3,1,4,FOLLOWING TOO CLOSELY,2,2,0.0,0.0,0.0,0.0,0.0,2.0,12,4,3,03/06/2024,2024-03-06,12:54:00
01/30/2024 04:20:00 PM,5.0,3,4,6,5,3,3,1,2,1,4,IMPROPER TURNING/NO SIGNAL,2,2,0.0,0.0,0.0,0.0,0.0,3.0,16,3,1,01/30/2024,2024-01-30,16:20:00
06/16/2024 09:49:00 PM,5.0,3,5,6,5,3,3,3,3,1,4,DISREGARDING TRAFFIC SIGNALS,2,3,1.0,0.0,0.0,0.0,1.0,4.0,21,1,6,06/16/2024,2024-06-16,21:49:00
06/21/2024 03:30:00 PM,5.0,3,2,3,5,3,3,3,3,1,3,IMPROPER OVERTAKING/PASSING,2,2,0.0,0.0,0.0,0.0,0.0,2.0,15,6,6,06/21/2024,2024-06-21,15:30:00
05/02/2024 08:52:00 AM,3.0,3,2,4,6,3,3,3,2,1,2,UNABLE TO DETERMINE,2,2,0.0,0.0,0.0,0.0,0.0,2.0,8,5,5,05/02/2024,2024-05-02,08:52:00
07/25/2024 05:35:00 PM,7.0,3,2,4,4,6,3,3,2,1,3,UNABLE TO DETERMINE,2,2,0.0,0.0,0.0,0.0,0.0,2.0,17,5,7,07/25/2024,2024-07-25,17:35:00
05/18/2024 01:06:00 PM,5.0,3,2,4,10,3,3,3,3,1,4,FAILING TO REDUCE SPEED TO AVOID CRASH,2,3,1.0,0.0,0.0,0.0,1.0,1.0,13,7,5,05/18/2024,2024-05-18,13:06:00
02/12/2024 01:08:00 AM,5.0,3,5,4,5,3,3,3,3,1,4,UNDER THE INFLUENCE OF ALCOHOL/DRUGS (USE WHEN ARREST IS EFFECTED),2,4,1.0,0.0,0.0,1.0,0.0,2.0,1,2,2,02/12/2024,2024-02-12,01:08:00
04/26/2024 05:49:00 PM,5.0,3,2,6,4,3,1,3,2,1,4,FOLLOWING TOO CLOSELY,2,2,0.0,0.0,0.0,0.0,0.0,3.0,17,6,4,04/26/2024,2024-04-26,17:49:00
07/10/2024 07:32:00 AM,5.0,4,2,6,5,3,4,1,2,1,4,IMPROPER TURNING/NO SIGNAL,2,2,0.0,0.0,0.0,0.0,0.0,2.0,7,4,7,07/10/2024,2024-07-10,07:32:00
05/28/2024 12:44:00 PM,7.0,4,2,5,4,3,1,3,3,1,4,FAILING TO YIELD RIGHT-OF-WAY,2,4,1.0,0.0,0.0,1.0,0.0,1.0,12,3,5,05/28/2024,2024-05-28,12:44:00
03/12/2024 07:30:00 PM,5.0,3,5,4,7,3,3,3,2,1,4,UNABLE TO DETERMINE,2,2,0.0,0.0,0.0,0.0,0.0,2.0,19,3,3,03/12/2024,2024-03-12,19:30:00
07/26/2024 03:36:00 AM,5.0,3,5,4,6,3,3,3,2,1,4,FAILING TO REDUCE SPEED TO AVOID CRASH,2,2,0.0,0.0,0.0,0.0,0.0,4.0,3,6,7,07/26/2024,2024-07-26,03:36:00
03/02/2024 04:37:00 PM,2.0,3,2,2,5,3,3,3,3,1,4,DRIVING ON WRONG SIDE/WRONG WAY,2,5,1.0,0.0,1.0,0.0,0.0,2.0,16,7,3,03/02/2024,2024-03-02,16:37:00
04/15/2024 05:00:00 PM,5.0,3,2,6,7,3,3,3,2,1,3,IMPROPER OVERTAKING/PASSING,2,2,0.0,0.0,0.0,0.0,0.0,2.0,17,2,4,04/15/2024,2024-04-15,17:00:00
02/02/2024 09:50:00 PM,7.0,3,5,11,10,3,3,1,2,0,4,FOLLOWING TOO CLOSELY,2,2,0.0,0.0,0.0,0.0,0.0,1.0,21,6,2,02/02/2024,2024-02-02,21:50:00
06/22/2024 10:00:00 PM,5.0,3,5,3,6,3,1,1,2,0,4,IMPROPER OVERTAKING/PASSING,2,2,0.0,0.0,0.0,0.0,0.0,3.0,22,7,6,06/22/2024,2024-06-22,22:00:00
02/01/2024 08:25:00 AM,3.0,3,2,6,6,3,3,3,3,1,4,IMPROPER OVERTAKING/PASSING,2,2,0.0,0.0,0.0,0.0,0.0,4.0,8,5,2,02/01/2024,2024-02-01,08:25:00
03/11/2024 08:00:00 AM,1.0,3,2,5,6,3,3,1,3,1,4,NOT APPLICABLE,2,4,2.0,0.0,0.0,2.0,0.0,1.0,8,2,3,03/11/2024,2024-03-11,08:00:00
03/13/2024 11:40:00 AM,5.0,3,2,5,5,3,3,3,3,1,4,DISREGARDING OTHER TRAFFIC SIGNS,2,2,0.0,0.0,0.0,0.0,0.0,3.0,11,4,3,03/13/2024,2024-03-13,11:40:00
06/01/2024 12:30:00 PM,5.0,5,2,6,5,3,4,3,3,1,4,FAILING TO YIELD RIGHT-OF-WAY,2,2,0.0,0.0,0.0,0.0,0.0,2.0,12,7,6,06/01/2024,2024-06-01,12:30:00
07/23/2024 09:55:00 AM,7.0,3,2,4,6,3,3,3,2,1,3,DISTRACTION - FROM INSIDE VEHICLE,2,2,0.0,0.0,0.0,0.0,0.0,4.0,9,3,7,07/23/2024,2024-07-23,09:55:00
02/23/2024 12:40:00 AM,5.0,3,2,13,6,3,3,1,3,1,4,FAILING TO YIELD RIGHT-OF-WAY,2,4,1.0,0.0,0.0,1.0,0.0,1.0,0,6,2,02/23/2024,2024-02-23,00:40:00
05/20/2024 06:25:00 AM,5.0,3,2,6,5,3,3,3,2,1,3,IMPROPER TURNING/NO SIGNAL,2,2,0.0,0.0,0.0,0.0,0.0,2.0,6,2,5,05/20/2024,2024-05-20,06:25:00
04/07/2024 03:48:00 PM,7.0,5,2,4,10,3,4,1,2,1,3,FOLLOWING TOO CLOSELY,2,2,0.0,0.0,0.0,0.0,0.0,2.0,15,1,4,04/07/2024,2024-04-07,15:48:00
06/28/2024 03:30:00 AM,7.0,3,5,6,6,3,1,1,2,1,4,FAILING TO REDUCE SPEED TO AVOID CRASH,2,2,0.0,0.0,0.0,0.0,0.0,2.0,3,6,6,06/28/2024,2024-06-28,03:30:00
05/08/2024 04:55:00 PM,7.0,3,2,5,5,3,3,3,3,1,4,DISREGARDING STOP SIGN,2,3,1.0,0.0,0.0,0.0,1.0,2.0,16,4,5,05/08/2024,2024-05-08,16:55:00
04/12/2024 09:00:00 PM,7.0,3,5,6,7,3,1,1,2,1,4,FAILING TO YIELD RIGHT-OF-WAY,2,2,0.0,0.0,0.0,0.0,0.0,2.0,21,6,4,04/12/2024,2024-04-12,21:00:00
04/15/2024 02:39:00 AM,5.0,3,5,6,9,3,3,3,3,1,4,UNABLE TO DETERMINE,2,2,0.0,0.0,0.0,0.0,0.0,2.0,2,2,4,04/15/2024,2024-04-15,02:39:00
03/20/2024 09:18:00 AM,7.0,3,2,6,18,3,3,3,2,0,4,FAILING TO REDUCE SPEED TO AVOID CRASH,2,2,0.0,0.0,0.0,0.0,0.0,2.0,9,4,3,03/20/2024,2024-03-20,09:18:00
07/17/2024 10:39:00 AM,5.0,3,2,4,4,3,3,1,3,1,4,FOLLOWING TOO CLOSELY,2,2,0.0,0.0,0.0,0.0,0.0,2.0,10,4,7,07/17/2024,2024-07-17,10:39:00
05/25/2024 12:30:00 PM,5.0,3,2,6,4,3,3,3,2,1,2,FAILING TO YIELD RIGHT-OF-WAY,2,2,0.0,0.0,0.0,0.0,0.0,2.0,12,7,5,05/25/2024,2024-05-25,12:30:00
02/17/2024 08:40:00 PM,7.0,3,2,5,5,3,1,1,2,1,4,UNABLE TO DETERMINE,2,2,0.0,0.0,0.0,0.0,0.0,2.0,20,7,2,02/17/2024,2024-02-17,20:40:00
05/10/2024 11:30:00 AM,5.0,3,2,3,6,3,3,3,2,1,3,IMPROPER LANE USAGE,2,2,0.0,0.0,0.0,0.0,0.0,3.0,11,6,5,05/10/2024,2024-05-10,11:30:00
03/16/2024 12:05:00 PM,5.0,3,2,5,1,3,1,1,2,1,4,UNABLE TO DETERMINE,2,2,0.0,0.0,0.0,0.0,0.0,2.0,12,7,3,03/16/2024,2024-03-16,12:05:00
03/30/2024 01:45:00 PM,5.0,3,2,4,5,3,3,3,2,1,4,UNABLE TO DETERMINE,2,2,0.0,0.0,0.0,0.0,0.0,2.0,13,7,3,03/30/2024,2024-03-30,13:45:00
01/11/2024 03:15:00 PM,7.0,3,2,5,5,3,3,3,2,1,4,UNABLE TO DETERMINE,2,2,0.0,0.0,0.0,0.0,0.0,2.0,15,5,1,01/11/2024,2024-01-11,15:15:00
05/18/2024 12:24:00 AM,5.0,3,5,6,5,3,3,3,2,1,4,IMPROPER TURNING/NO SIGNAL,2,2,0.0,0.0,0.0,0.0,0.0,2.0,0,7,5,05/18/2024,2024-05-18,00:24:00
08/09/2024 06:05:00 PM,7.0,3,2,5,6,3,3,3,3,1,4,FAILING TO YIELD RIGHT-OF-WAY,2,4,1.0,0.0,0.0,1.0,0.0,1.0,18,6,8,08/09/2024,2024-08-09,18:05:00
05/09/2024 09:27:00 PM,3.0,3,4,7,7,3,3,1,2,1,4,NOT APPLICABLE,2,2,0.0,0.0,0.0,0.0,0.0,2.0,21,5,5,05/09/2024,2024-05-09,21:27:00
03/07/2024 05:50:00 PM,5.0,3,4,6,5,3,3,1,3,1,4,UNABLE TO DETERMINE,2,2,0.0,0.0,0.0,0.0,0.0,6.0,17,5,3,03/07/2024,2024-03-07,17:50:00
04/28/2024 10:40:00 PM,5.0,3,2,4,4,3,3,3,2,1,4,FOLLOWING TOO CLOSELY,2,2,0.0,0.0,0.0,0.0,0.0,2.0,22,1,4,04/28/2024,2024-04-28,22:40:00
03/12/2024 11:00:00 AM,5.0,3,2,6,15,3,3,3,2,0,3,UNABLE TO DETERMINE,2,2,0.0,0.0,0.0,0.0,0.0,4.0,11,3,3,03/12/2024,2024-03-12,11:00:00
03/17/2024 11:00:00 PM,5.0,3,5,9,3,3,3,3,3,1,4,FAILING TO YIELD RIGHT-OF-WAY,2,2,0.0,0.0,0.0,0.0,0.0,2.0,23,1,3,03/17/2024,2024-03-17,23:00:00
01/05/2024 07:38:00 AM,5.0,3,2,6,3,3,3,7,3,1,4,IMPROPER LANE USAGE,2,2,0.0,0.0,0.0,0.0,0.0,4.0,7,6,1,01/05/2024,2024-01-05,07:38:00
05/21/2024 04:15:00 PM,7.0,3,2,11,6,3,3,3,2,1,4,UNABLE TO DETERMINE,2,2,0.0,0.0,0.0,0.0,0.0,1.0,16,3,5,05/21/2024,2024-05-21,16:15:00
04/29/2024 07:50:00 AM,5.0,5,2,5,6,3,4,3,3,1,4,DISREGARDING TRAFFIC SIGNALS,2,4,1.0,0.0,0.0,1.0,0.0,1.0,7,2,4,04/29/2024,2024-04-29,07:50:00
07/31/2024 07:08:00 PM,5.0,3,2,5,6,3,3,3,3,1,4,FAILING TO YIELD RIGHT-OF-WAY,2,3,1.0,0.0,0.0,0.0,1.0,2.0,19,4,7,07/31/2024,2024-07-31,19:08:00
03/27/2024 11:00:00 AM,5.0,3,2,4,7,3,3,3,2,1,2,FOLLOWING TOO CLOSELY,2,2,0.0,0.0,0.0,0.0,0.0,2.0,11,4,3,03/27/2024,2024-03-27,11:00:00
06/15/2024 03:32:00 PM,5.0,3,2,3,6,3,3,3,2,1,4,UNABLE TO DETERMINE,2,2,0.0,0.0,0.0,0.0,0.0,2.0,15,7,6,06/15/2024,2024-06-15,15:32:00
06/09/2024 11:18:00 AM,5.0,3,2,5,5,3,3,3,3,1,4,DISREGARDING TRAFFIC SIGNALS,2,4,2.0,0.0,0.0,2.0,0.0,2.0,11,1,6,06/09/2024,2024-06-09,11:18:00
03/01/2024 08:00:00 AM,5.0,3,2,9,9,3,3,3,3,1,4,FAILING TO REDUCE SPEED TO AVOID CRASH,2,2,0.0,0.0,0.0,0.0,0.0,2.0,8,6,3,03/01/2024,2024-03-01,08:00:00
07/05/2024 03:30:00 PM,5.0,3,2,6,10,3,3,3,2,1,4,IMPROPER TURNING/NO SIGNAL,2,2,0.0,0.0,0.0,0.0,0.0,3.0,15,6,7,07/05/2024,2024-07-05,15:30:00
05/28/2024 09:58:00 AM,5.0,3,2,6,6,3,3,3,2,1,3,IMPROPER TURNING/NO SIGNAL,2,2,0.0,0.0,0.0,0.0,0.0,3.0,9,3,5,05/28/2024,2024-05-28,09:58:00
07/21/2024 10:46:00 PM,5.0,3,5,8,3,3,3,3,2,0,4,IMPROPER BACKING,2,2,0.0,0.0,0.0,0.0,0.0,4.0,22,1,7,07/21/2024,2024-07-21,22:46:00
04/17/2024 02:17:00 PM,5.0,3,2,4,6,3,1,1,2,1,4,FOLLOWING TOO CLOSELY,2,2,0.0,0.0,0.0,0.0,0.0,2.0,14,4,4,04/17/2024,2024-04-17,14:17:00
06/10/2024 03:25:00 PM,5.0,3,2,5,5,3,3,3,3,1,4,FAILING TO YIELD RIGHT-OF-WAY,2,3,2.0,0.0,0.0,0.0,2.0,0.0,15,2,6,06/10/2024,2024-06-10,15:25:00
01/07/2024 03:23:00 AM,5.0,6,3,5,5,3,4,3,3,1,4,DRIVING ON WRONG SIDE/WRONG WAY,2,5,1.0,0.0,1.0,0.0,0.0,1.0,3,1,1,01/07/2024,2024-01-07,03:23:00
06/27/2024 07:10:00 PM,7.0,3,4,8,7,3,3,3,2,1,4,UNABLE TO DETERMINE,2,2,0.0,0.0,0.0,0.0,0.0,2.0,19,5,6,06/27/2024,2024-06-27,19:10:00
03/02/2024 10:30:00 AM,5.0,3,2,4,5,3,3,3,2,1,4,FOLLOWING TOO CLOSELY,2,2,0.0,0.0,0.0,0.0,0.0,2.0,10,7,3,03/02/2024,2024-03-02,10:30:00
08/02/2024 09:10:00 AM,3.0,3,2,4,6,3,3,3,2,1,4,FAILING TO REDUCE SPEED TO AVOID CRASH,2,2,0.0,0.0,0.0,0.0,0.0,2.0,9,6,8,08/02/2024,2024-08-02,09:10:00
06/24/2024 08:15:00 AM,5.0,3,2,5,5,3,3,3,3,1,4,DISREGARDING TRAFFIC SIGNALS,2,6,1.0,1.0,0.0,0.0,0.0,1.0,8,2,6,06/24/2024,2024-06-24,08:15:00
05/04/2024 06:20:00 AM,5.0,3,2,5,5,3,3,3,2,1,4,EQUIPMENT - VEHICLE CONDITION,2,2,0.0,0.0,0.0,0.0,0.0,3.0,6,7,5,05/04/2024,2024-05-04,06:20:00
03/27/2024 03:57:00 PM,4.0,3,2,5,5,3,1,1,2,1,4,FAILING TO YIELD RIGHT-OF-WAY,2,2,0.0,0.0,0.0,0.0,0.0,3.0,15,4,3,03/27/2024,2024-03-27,15:57:00
05/04/2024 11:27:00 PM,5.0,3,5,4,1,3,3,3,3,1,4,FOLLOWING TOO CLOSELY,2,2,0.0,0.0,0.0,0.0,0.0,3.0,23,7,5,05/04/2024,2024-05-04,23:27:00