crash_date,traffic_control_device,weather_condition,lighting_condition,first_crash_type,trafficway_type,alignment,roadway_surface_cond,road_defect,crash_type,intersection_related_i,damage,prim_contributory_cause,num_units,most_severe_injury,injuries_total,injuries_fatal,injuries_incapacitating,injuries_non_incapacitating,injuries_reported_not_evident,injuries_no_indication,crash_hour,crash_day_of_week,crash_month,parsed_datetime,date,time
03/29/2024 01:30:00 PM,3.0,3,2,4,5,3,1,1,2,1,3,FAILING TO REDUCE SPEED TO AVOID CRASH,2,2,0.0,0.0,0.0,0.0,0.0,2.0,13,6,3,03/29/2024,2024-03-29,13:30:00
04/06/2024 10:50:00 PM,7.0,3,5,5,5,3,3,3,3,1,4,DISREGARDING STOP SIGN,2,2,0.0,0.0,0.0,0.0,0.0,5.0,22,7,4,04/06/2024,2024-04-06,22:50:00
07/07/2024 05:30:00 AM,5.0,3,2,4,4,3,3,3,2,1,2,UNABLE TO DETERMINE,2,2,0.0,0.0,0.0,0.0,0.0,2.0,5,1,7,07/07/2024,2024-07-07,05:30:00
06/13/2024 08:10:00 AM,5.0,5,2,6,7,3,4,3,3,1,4,FAILING TO YIELD RIGHT-OF-WAY,2,4,1.0,0.0,0.0,1.0,0.0,1.0,8,5,6,06/13/2024,2024-06-13,08:10:00
04/24/2024 06:54:00 AM,3.0,3,2,6,6,3,3,3,3,1,4,FAILING TO YIELD RIGHT-OF-WAY,2,3,2.0,0.0,0.0,0.0,2.0,0.0,6,4,4,04/24/2024,2024-04-24,06:54:00
08/01/2024 02:00:00 PM,7.0,3,2,4,4,3,3,3,3,1,3,PHYSICAL CONDITION OF DRIVER,2,3,1.0,0.0,0.0,0.0,1.0,1.0,14,5,8,08/01/2024,2024-08-01,14:00:00
05/21/2024 12:00:00 PM,5.0,3,2,3,5,4,3,3,3,1,4,IMPROPER LANE USAGE,2,2,0.0,0.0,0.0,0.0,0.0,2.0,12,3,5,05/21/2024,2024-05-21,12:00:00
02/10/2024 06:50:00 AM,5.0,3,3,5,4,3,3,3,3,1,4,DRIVING SKILLS/KNOWLEDGE/EXPERIENCE,2,2,0.0,0.0,0.0,0.0,0.0,2.0,6,7,2,02/10/2024,2024-02-10,06:50:00
02/04/2024 11:40:00 AM,5.0,3,2,14,6,3,3,3,3,1,4,DRIVING ON WRONG SIDE/WRONG WAY,2,4,2.0,0.0,0.0,2.0,0.0,0.0,11,1,2,02/04/2024,2024-02-04,11:40:00
03/02/2024 04:40:00 PM,5.0,3,2,6,9,3,1,1,2,1,4,IMPROPER OVERTAKING/PASSING,2,2,0.0,0.0,0.0,0.0,0.0,2.0,16,7,3,03/02/2024,2024-03-02,16:40:00
06/13/2024 01:30:00 PM,7.0,3,2,4,10,3,3,3,3,1,4,UNABLE TO DETERMINE,2,3,2.0,0.0,0.0,0.0,2.0,2.0,13,5,6,06/13/2024,2024-06-13,13:30:00
03/08/2024 10:00:00 AM,5.0,5,2,6,5,3,4,3,2,1,4,FAILING TO YIELD RIGHT-OF-WAY,2,2,0.0,0.0,0.0,0.0,0.0,2.0,10,6,3,03/08/2024,2024-03-08,10:00:00
02/29/2024 07:00:00 AM,5.0,3,5,6,4,3,3,3,2,1,4,IMPROPER OVERTAKING/PASSING,2,2,0.0,0.0,0.0,0.0,0.0,2.0,7,5,2,02/29/2024,2024-02-29,07:00:00
04/11/2024 10:05:00 AM,7.0,5,2,6,5,3,4,3,3,1,4,FAILING TO YIELD RIGHT-OF-WAY,2,4,1.0,0.0,0.0,1.0,0.0,1.0,10,5,4,04/11/2024,2024-04-11,10:05:00
03/12/2024 04:00:00 PM,5.0,3,2,4,5,3,3,3,2,1,4,FOLLOWING TOO CLOSELY,2,2,0.0,0.0,0.0,0.0,0.0,3.0,16,3,3,03/12/2024,2024-03-12,16:00:00
02/07/2024 09:15:00 PM,3.0,3,5,4,6,3,3,3,3,1,4,UNABLE TO DETERMINE,2,2,0.0,0.0,0.0,0.0,0.0,2.0,21,4,2,02/07/2024,2024-02-07,21:15:00
04/05/2024 09:33:00 PM,5.0,2,5,3,6,3,1,3,2,1,3,UNABLE TO DETERMINE,2,2,0.0,0.0,0.0,0.0,0.0,2.0,21,6,4,04/05/2024,2024-04-05,21:33:00
06/13/2024 08:00:00 AM,7.0,3,2,6,1,3,1,1,2,1,4,UNABLE TO DETERMINE,2,2,0.0,0.0,0.0,0.0,0.0,2.0,8,5,6,06/13/2024,2024-06-13,08:00:00
05/16/2024 10:12:00 AM,7.0,3,2,5,6,3,3,3,3,1,4,FAILING TO YIELD RIGHT-OF-WAY,2,3,1.0,0.0,0.0,0.0,1.0,2.0,10,5,5,05/16/2024,2024-05-16,10:12:00
04/01/2024 02:15:00 PM,5.0,5,2,5,5,3,4,3,3,1,4,UNABLE TO DETERMINE,2,3,1.0,0.0,0.0,0.0,1.0,2.0,14,2,4,04/01/2024,2024-04-01,14:15:00
05/19/2024 12:00:00 AM,5.0,3,5,6,12,3,3,3,3,1,4,UNABLE TO DETERMINE,2,4,2.0,0.0,0.0,2.0,0.0,0.0,0,1,5,05/19/2024,2024-05-19,00:00:00
02/15/2024 10:39:00 AM,7.0,3,2,5,5,3,3,3,2,1,4,DISREGARDING STOP SIGN,2,2,0.0,0.0,0.0,0.0,0.0,3.0,10,5,2,02/15/2024,2024-02-15,10:39:00
01/12/2024 08:30:00 PM,5.0,4,5,5,5,3,4,1,3,1,4,DISREGARDING TRAFFIC SIGNALS,2,2,0.0,0.0,0.0,0.0,0.0,2.0,20,6,1,01/12/2024,2024-01-12,20:30:00
05/10/2024 07:00:00 AM,3.0,3,2,4,4,3,3,3,2,0,2,UNABLE TO DETERMINE,2,2,0.0,0.0,0.0,0.0,0.0,2.0,7,6,5,05/10/2024,2024-05-10,07:00:00
05/13/2024 06:11:00 PM,5.0,3,5,5,6,3,3,3,2,1,4,FAILING TO YIELD RIGHT-OF-WAY,2,2,0.0,0.0,0.0,0.0,0.0,2.0,18,2,5,05/13/2024,2024-05-13,18:11:00
05/29/2024 02:01:00 PM,5.0,3,2,4,4,3,3,3,2,1,4,FOLLOWING TOO CLOSELY,2,2,0.0,0.0,0.0,0.0,0.0,2.0,14,4,5,05/29/2024,2024-05-29,14:01:00
07/18/2024 10:05:00 AM,5.0,3,2,6,7,3,3,3,3,1,4,IMPROPER TURNING/NO SIGNAL,2,3,1.0,0.0,0.0,0.0,1.0,2.0,10,5,7,07/18/2024,2024-07-18,10:05:00
03/28/2024 04:45:00 PM,5.0,3,2,6,5,3,3,3,2,1,2,IMPROPER OVERTAKING/PASSING,2,2,0.0,0.0,0.0,0.0,0.0,2.0,16,5,3,03/28/2024,2024-03-28,16:45:00
07/09/2024 01:40:00 PM,5.0,5,2,4,5,3,4,3,2,1,4,FOLLOWING TOO CLOSELY,2,2,0.0,0.0,0.0,0.0,0.0,2.0,13,3,7,07/09/2024,2024-07-09,13:40:00
02/28/2024 08:30:00 AM,5.0,3,2,4,5,3,3,3,2,0,4,FOLLOWING TOO CLOSELY,2,2,0.0,0.0,0.0,0.0,0.0,2.0,8,4,2,02/28/2024,2024-02-28,08:30:00
01/21/2024 08:30:00 AM,5.0,3,2,6,6,3,3,3,2,1,4,FAILING TO YIELD RIGHT-OF-WAY,2,2,0.0,0.0,0.0,0.0,0.0,3.0,8,1,1,01/21/2024,2024-01-21,08:30:00
03/19/2024 12:40:00 PM,7.0,3,2,6,7,3,3,3,2,1,4,IMPROPER TURNING/NO SIGNAL,2,2,0.0,0.0,0.0,0.0,0.0,2.0,12,3,3,03/19/2024,2024-03-19,12:40:00
05/22/2024 04:13:00 PM,5.0,3,2,3,6,3,3,3,2,1,4,IMPROPER OVERTAKING/PASSING,2,2,0.0,0.0,0.0,0.0,0.0,2.0,16,4,5,05/22/2024,2024-05-22,16:13:00
06/01/2024 09:41:00 AM,5.0,5,2,5,5,3,4,3,3,1,4,DISREGARDING TRAFFIC SIGNALS,2,3,1.0,0.0,0.0,0.0,1.0,4.0,9,7,6,06/01/2024,2024-06-01,09:41:00
01/08/2024 07:30:00 AM,5.0,3,2,6,5,3,3,3,2,1,4,FAILING TO YIELD RIGHT-OF-WAY,2,2,0.0,0.0,0.0,0.0,0.0,3.0,7,2,1,01/08/2024,2024-01-08,07:30:00
04/02/2024 01:00:00 PM,5.0,5,2,13,5,3,4,3,3,1,2,FAILING TO YIELD RIGHT-OF-WAY,2,3,1.0,0.0,0.0,0.0,1.0,1.0,13,3,4,04/02/2024,2024-04-02,13:00:00
05/22/2024 08:15:00 AM,3.0,3,2,6,6,3,3,3,3,1,4,UNABLE TO DETERMINE,2,4,1.0,0.0,0.0,1.0,0.0,1.0,8,4,5,05/22/2024,2024-05-22,08:15:00
02/23/2024 06:55:00 PM,7.0,6,5,6,7,3,4,3,3,1,4,FAILING TO YIELD RIGHT-OF-WAY,2,2,0.0,0.0,0.0,0.0,0.0,2.0,18,6,2,02/23/2024,2024-02-23,18:55:00
03/04/2024 01:45:00 PM,7.0,3,2,6,7,3,3,3,3,1,4,IMPROPER TURNING/NO SIGNAL,2,2,0.0,0.0,0.0,0.0,0.0,2.0,13,2,3,03/04/2024,2024-03-04,13:45:00
05/27/2024 07:53:00 PM,5.0,3,5,6,5,3,3,3,2,1,4,UNABLE TO DETERMINE,2,2,0.0,0.0,0.0,0.0,0.0,3.0,19,2,5,05/27/2024,2024-05-27,19:53:00
03/08/2024 11:45:00 PM,5.0,3,5,6,5,3,1,1,2,1,4,DISREGARDING TRAFFIC SIGNALS,2,2,0.0,0.0,0.0,0.0,0.0,2.0,23,6,3,03/08/2024,2024-03-08,23:45:00
01/17/2024 08:30:00 AM,3.0,3,2,8,4,3,4,3,2,0,3,IMPROPER BACKING,2,2,0.0,0.0,0.0,0.0,0.0,2.0,8,4,1,01/17/2024,2024-01-17,08:30:00
02/15/2024 04:34:00 PM,5.0,3,4,6,6,3,3,3,2,1,4,FAILING TO YIELD RIGHT-OF-WAY,2,2,0.0,0.0,0.0,0.0,0.0,2.0,16,5,2,02/15/2024,2024-02-15,16:34:00
03/25/2024 07:25:00 PM,5.0,3,5,6,5,3,3,3,2,1,4,UNABLE TO DETERMINE,2,2,0.0,0.0,0.0,0.0,0.0,2.0,19,2,3,03/25/2024,2024-03-25,19:25:00
05/12/2024 12:57:00 AM,7.0,3,5,5,5,3,3,3,2,1,4,FAILING TO YIELD RIGHT-OF-WAY,2,2,0.0,0.0,0.0,0.0,0.0,2.0,0,1,5,05/12/2024,2024-05-12,00:57:00
07/27/2024 08:49:00 AM,5.0,3,2,6,6,3,3,3,3,1,4,FAILING TO YIELD RIGHT-OF-WAY,2,3,1.0,0.0,0.0,0.0,1.0,2.0,8,7,7,07/27/2024,2024-07-27,08:49:00
07/27/2024 04:40:00 PM,5.0,3,2,3,10,3,3,3,2,1,4,IMPROPER OVERTAKING/PASSING,2,2,0.0,0.0,0.0,0.0,0.0,2.0,16,7,7,07/27/2024,2024-07-27,16:40:00
04/11/2024 09:46:00 AM,5.0,2,2,6,5,3,4,3,3,1,4,UNABLE TO DETERMINE,2,4,2.0,0.0,0.0,2.0,0.0,2.0,9,5,4,04/11/2024,2024-04-11,09:46:00
04/17/2024 01:19:00 PM,5.0,3,2,6,5,3,3,1,3,1,4,FAILING TO REDUCE SPEED TO AVOID CRASH,2,2,0.0,0.0,0.0,0.0,0.0,2.0,13,4,4,04/17/2024,2024-04-17,13:19:00
05/14/2024 07:00:00 PM,5.0,4,2,4,12,3,3,1,2,1,4,FAILING TO REDUCE SPEED TO AVOID CRASH,2,2,0.0,0.0,0.0,0.0,0.0,2.0,19,3,5,05/14/2024,2024-05-14,19:00:00
07/13/2024 09:36:00 PM,5.0,3,6,4,4,3,3,3,2,1,4,FOLLOWING TOO CLOSELY,2,2,0.0,0.0,0.0,0.0,0.0,4.0,21,7,7,07/13/2024,2024-07-13,21:36:00
08/02/2024 01:45:00 PM,5.0,3,2,4,5,3,3,2,3,1,4,ROAD CONSTRUCTION/MAINTENANCE,2,4,2.0,0.0,0.0,2.0,0.0,0.0,13,6,8,08/02/2024,2024-08-02,13:45:00
05/11/2024 12:20:00 PM,7.0,3,2,14,5,3,3,3,3,1,3,FAILING TO YIELD RIGHT-OF-WAY,2,4,1.0,0.0,0.0,1.0,0.0,1.0,12,7,5,05/11/2024,2024-05-11,12:20:00
07/17/2024 02:25:00 PM,5.0,3,2,5,6,3,3,3,2,1,4,UNABLE TO DETERMINE,2,2,0.0,0.0,0.0,0.0,0.0,3.0,14,4,7,07/17/2024,2024-07-17,14:25:00
08/10/2024 09:09:00 PM,5.0,3,5,3,5,3,3,1,2,1,4,UNABLE TO DETERMINE,2,2,0.0,0.0,0.0,0.0,0.0,2.0,21,7,8,08/10/2024,2024-08-10,21:09:00
07/05/2024 10:46:00 PM,5.0,4,5,6,5,3,1,1,3,1,4,FAILING TO YIELD RIGHT-OF-WAY,2,2,0.0,0.0,0.0,0.0,0.0,3.0,22,6,7,07/05/2024,2024-07-05,22:46:00
01/10/2024 05:25:00 PM,5.0,3,5,6,5,3,3,1,3,1,4,DRIVING SKILLS/KNOWLEDGE/EXPERIENCE,2,2,0.0,0.0,0.0,0.0,0.0,2.0,17,4,1,01/10/2024,2024-01-10,17:25:00
07/22/2024 08:30:00 AM,5.0,3,2,6,6,3,3,3,2,1,4,IMPROPER TURNING/NO SIGNAL,2,2,0.0,0.0,0.0,0.0,0.0,2.0,8,2,7,07/22/2024,2024-07-22,08:30:00
07/14/2024 03:10:00 AM,5.0,5,5,5,5,3,4,3,3,1,4,FAILING TO YIELD RIGHT-OF-WAY,2,2,0.0,0.0,0.0,0.0,0.0,2.0,3,1,7,07/14/2024,2024-07-14,03:10:00
03/01/2024 08:37:00 AM,7.0,3,2,6,6,3,3,3,2,1,4,UNABLE TO DETERMINE,2,2,0.0,0.0,0.0,0.0,0.0,3.0,8,6,3,03/01/2024,2024-03-01,08:37:00
03/10/2024 04:15:00 AM,5.0,3,2,6,14,3,2,1,2,1,2,UNABLE TO DETERMINE,2,2,0.0,0.0,0.0,0.0,0.0,2.0,4,1,3,03/10/2024,2024-03-10,04:15:00
07/03/2024 06:20:00 AM,5.0,3,2,3,5,3,3,3,2,1,4,FAILING TO YIELD RIGHT-OF-WAY,2,2,0.0,0.0,0.0,0.0,0.0,2.0,6,4,7,07/03/2024,2024-07-03,06:20:00
01/29/2024 03:00:00 PM,5.0,3,2,3,5,3,3,3,2,1,4,IMPROPER LANE USAGE,2,2,0.0,0.0,0.0,0.0,0.0,2.0,15,2,1,01/29/2024,2024-01-29,15:00:00
05/15/2024 01:45:00 PM,5.0,3,2,4,5,3,3,1,2,1,4,FAILING TO YIELD RIGHT-OF-WAY,2,2,0.0,0.0,0.0,0.0,0.0,2.0,13,4,5,05/15/2024,2024-05-15,13:45:00
08/02/2024 10:00:00 AM,7.0,3,2,6,6,3,4,3,3,1,4,DISREGARDING STOP SIGN,2,3,1.0,0.0,0.0,0.0,1.0,1.0,10,6,8,08/02/2024,2024-08-02,10:00:00
01/15/2024 07:46:00 AM,5.0,3,2,5,6,3,4,3,2,1,4,UNABLE TO DETERMINE,2,2,0.0,0.0,0.0,0.0,0.0,3.0,7,2,1,01/15/2024,2024-01-15,07:46:00
04/22/2024 08:00:00 AM,7.0,3,2,5,7,3,3,3,2,1,4,FAILING TO YIELD RIGHT-OF-WAY,2,2,0.0,0.0,0.0,0.0,0.0,2.0,8,2,4,04/22/2024,2024-04-22,08:00:00
07/11/2024 05:41:00 PM,7.0,3,2,6,6,3,3,3,2,1,4,IMPROPER OVERTAKING/PASSING,2,2,0.0,0.0,0.0,0.0,0.0,4.0,17,5,7,07/11/2024,2024-07-11,17:41:00
07/03/2024 03:29:00 PM,5.0,3,2,4,5,3,3,3,2,1,4,UNABLE TO DETERMINE,2,2,0.0,0.0,0.0,0.0,0.0,2.0,15,4,7,07/03/2024,2024-07-03,15:29:00
06/06/2024 06:27:00 AM,5.0,3,2,6,14,5,3,3,2,1,4,UNABLE TO DETERMINE,2,2,0.0,0.0,0.0,0.0,0.0,2.0,6,5,6,06/06/2024,2024-06-06,06:27:00
01/04/2024 12:00:00 AM,5.0,3,6,5,6,3,3,1,3,1,4,DISREGARDING TRAFFIC SIGNALS,2,4,1.0,0.0,0.0,1.0,0.0,1.0,0,5,1,01/04/2024,2024-01-04,00:00:00
02/15/2024 11:30:00 AM,7.0,3,2,5,6,3,3,1,2,1,4,NOT APPLICABLE,2,2,0.0,0.0,0.0,0.0,0.0,2.0,11,5,2,02/15/2024,2024-02-15,11:30:00
01/09/2024 12:30:00 PM,5.0,5,2,6,6,3,4,3,2,1,4,DISREGARDING TRAFFIC SIGNALS,2,2,0.0,0.0,0.0,0.0,0.0,2.0,12,3,1,01/09/2024,2024-01-09,12:30:00
04/23/2024 08:30:00 AM,5.0,3,2,6,5,3,3,3,2,1,4,IMPROPER LANE USAGE,2,2,0.0,0.0,0.0,0.0,0.0,4.0,8,3,4,04/23/2024,2024-04-23,08:30:00
01/10/2024 06:20:00 PM,1.0,3,2,3,4,3,3,3,2,1,4,IMPROPER OVERTAKING/PASSING,2,2,0.0,0.0,0.0,0.0,0.0,2.0,18,4,1,01/10/2024,2024-01-10,18:20:00
02/24/2024 03:00:00 AM,1.0,3,2,13,5,3,1,1,3,1,3,UNABLE TO DETERMINE,2,3,1.0,0.0,0.0,0.0,1.0,1.0,3,7,2,02/24/2024,2024-02-24,03:00:00
03/17/2024 12:08:00 PM,1.0,3,2,5,6,3,3,1,3,1,4,DISREGARDING TRAFFIC SIGNALS,2,2,0.0,0.0,0.0,0.0,0.0,2.0,12,1,3,03/17/2024,2024-03-17,12:08:00
07/14/2024 01:20:00 PM,7.0,3,2,6,6,3,3,3,3,1,4,UNABLE TO DETERMINE,2,3,1.0,0.0,0.0,0.0,1.0,2.0,13,1,7,07/14/2024,2024-07-14,13:20:00
01/13/2024 01:19:00 PM,5.0,6,2,6,6,3,5,1,2,0,4,IMPROPER TURNING/NO SIGNAL,2,2,0.0,0.0,0.0,0.0,0.0,4.0,13,7,1,01/13/2024,2024-01-13,13:19:00
02/04/2024 04:04:00 PM,7.0,3,2,14,9,3,3,1,3,0,4,FAILING TO YIELD RIGHT-OF-WAY,2,4,1.0,0.0,0.0,1.0,0.0,2.0,16,1,2,02/04/2024,2024-02-04,16:04:00
03/13/2024 02:20:00 PM,5.0,3,2,4,5,3,3,3,2,1,4,FAILING TO REDUCE SPEED TO AVOID CRASH,2,2,0.0,0.0,0.0,0.0,0.0,2.0,14,4,3,03/13/2024,2024-03-13,14:20:00
03/05/2024 11:35:00 AM,5.0,3,2,5,6,3,3,3,3,1,3,UNABLE TO DETERMINE,2,2,0.0,0.0,0.0,0.0,0.0,3.0,11,3,3,03/05/2024,2024-03-05,11:35:00
05/20/2024 06:17:00 AM,3.0,3,3,6,7,3,3,1,2,1,4,IMPROPER TURNING/NO SIGNAL,2,2,0.0,0.0,0.0,0.0,0.0,3.0,6,2,5,05/20/2024,2024-05-20,06:17:00
02/15/2024 11:59:00 AM,5.0,3,2,6,5,3,3,3,3,1,4,FAILING TO YIELD RIGHT-OF-WAY,2,2,0.0,0.0,0.0,0.0,0.0,4.0,11,5,2,02/15/2024,2024-02-15,11:59:00
03/01/2024 11:08:00 AM,7.0,3,2,14,7,3,1,1,2,1,2,UNABLE TO DETERMINE,2,2,0.0,0.0,0.0,0.0,0.0,2.0,11,6,3,03/01/2024,2024-03-01,11:08:00
01/29/2024 08:10:00 AM,5.0,3,2,4,5,3,3,1,2,1,4,UNABLE TO DETERMINE,2,2,0.0,0.0,0.0,0.0,0.0,2.0,8,2,1,01/29/2024,2024-01-29,08:10:00
07/22/2024 06:15:00 AM,5.0,3,2,5,5,3,3,3,3,1,4,UNABLE TO DETERMINE,2,3,2.0,0.0,0.0,0.0,2.0,0.0,6,2,7,07/22/2024,2024-07-22,06:15:00
03/08/2024 08:00:00 PM,5.0,3,2,13,2,3,1,1,3,1,4,UNABLE TO DETERMINE,2,4,1.0,0.0,0.0,1.0,0.0,1.0,20,6,3,03/08/2024,2024-03-08,20:00:00
01/26/2024 02:30:00 PM,5.0,3,2,4,3,3,3,3,2,1,3,UNABLE TO DETERMINE,2,2,0.0,0.0,0.0,0.0,0.0,2.0,14,6,1,01/26/2024,2024-01-26,14:30:00
07/04/2024 06:29:00 PM,7.0,3,2,14,5,3,3,3,3,1,4,FAILING TO YIELD RIGHT-OF-WAY,2,4,1.0,0.0,0.0,1.0,0.0,1.0,18,5,7,07/04/2024,2024-07-04,18:29:00
06/05/2024 06:40:00 PM,3.0,3,4,11,7,3,3,3,2,1,2,UNABLE TO DETERMINE,2,2,0.0,0.0,0.0,0.0,0.0,1.0,18,4,6,06/05/2024,2024-06-05,18:40:00
01/16/2024 07:19:00 PM,7.0,6,5,5,6,3,3,3,3,1,4,FAILING TO YIELD RIGHT-OF-WAY,2,3,2.0,0.0,0.0,0.0,2.0,0.0,19,3,1,01/16/2024,2024-01-16,19:19:00
07/04/2024 04:20:00 PM,7.0,3,2,5,4,3,3,3,2,1,4,FAILING TO YIELD RIGHT-OF-WAY,2,2,0.0,0.0,0.0,0.0,0.0,2.0,16,5,7,07/04/2024,2024-07-04,16:20:00
07/27/2024 05:30:00 AM,7.0,3,3,5,5,3,3,3,2,1,4,DISREGARDING STOP SIGN,2,2,0.0,0.0,0.0,0.0,0.0,2.0,5,7,7,07/27/2024,2024-07-27,05:30:00
04/05/2024 01:20:00 PM,7.0,3,2,5,4,3,3,3,2,1,4,IMPROPER OVERTAKING/PASSING,2,2,0.0,0.0,0.0,0.0,0.0,3.0,13,6,4,04/05/2024,2024-04-05,13:20:00
05/21/2024 11:21:00 AM,5.0,3,2,6,5,3,3,3,2,1,3,IMPROPER TURNING/NO SIGNAL,2,2,0.0,0.0,0.0,0.0,0.0,5.0,11,3,5,05/21/2024,2024-05-21,11:21:00
06/12/2024 08:10:00 AM,5.0,3,2,3,6,3,3,3,2,1,4,IMPROPER OVERTAKING/PASSING,2,2,0.0,0.0,0.0,0.0,0.0,3.0,8,4,6,06/12/2024,2024-06-12,08:10:00
06/14/2024 10:58:00 PM,3.0,3,5,3,10,3,3,3,2,1,4,DRIVING SKILLS/KNOWLEDGE/EXPERIENCE,2,2,0.0,0.0,0.0,0.0,0.0,3.0,22,6,6,06/14/2024,2024-06-14,22:58:00
05/30/2024 07:40:00 AM,7.0,3,2,5,5,3,3,3,2,1,4,FAILING TO YIELD RIGHT-OF-WAY,2,2,0.0,0.0,0.0,0.0,0.0,6.0,7,5,5,05/30/2024,2024-05-30,07:40:00
06/19/2024 10:58:00 PM,5.0,3,5,6,7,3,3,3,3,1,4,UNABLE TO DETERMINE,2,2,0.0,0.0,0.0,0.0,0.0,2.0,22,4,6,06/19/2024,2024-06-19,22:58:00
02/06/2024 06:46:00 PM,5.0,3,3,13,5,3,3,3,3,1,4,FAILING TO YIELD RIGHT-OF-WAY,2,3,1.0,0.0,0.0,0.0,1.0,1.0,18,3,2,02/06/2024,2024-02-06,18:46:00
08/08/2024 05:59:00 AM,7.0,3,3,6,5,3,3,3,2,1,4,UNABLE TO DETERMINE,2,2,0.0,0.0,0.0,0.0,0.0,2.0,5,5,8,08/08/2024,2024-08-08,05:59:00
02/15/2024 02:15:00 PM,5.0,3,2,6,6,3,3,1,2,1,4,FAILING TO YIELD RIGHT-OF-WAY,2,2,0.0,0.0,0.0,0.0,0.0,3.0,14,5,2,02/15/2024,2024-02-15,14:15:00
04/19/2024 02:17:00 PM,5.0,3,2,6,4,3,3,3,3,1,4,FAILING TO YIELD RIGHT-OF-WAY,2,3,2.0,0.0,0.0,0.0,2.0,1.0,14,6,4,04/19/2024,2024-04-19,14:17:00
02/20/2024 03:00:00 PM,3.0,3,2,13,6,3,3,3,3,1,4,UNABLE TO DETERMINE,2,3,1.0,0.0,0.0,0.0,1.0,1.0,15,3,2,02/20/2024,2024-02-20,15:00:00
06/04/2024 09:00:00 AM,7.0,3,2,5,6,3,4,3,3,1,4,DISREGARDING STOP SIGN,2,2,0.0,0.0,0.0,0.0,0.0,2.0,9,3,6,06/04/2024,2024-06-04,09:00:00
07/22/2024 10:00:00 PM,7.0,3,2,11,6,3,1,1,2,1,4,UNABLE TO DETERMINE,2,2,0.0,0.0,0.0,0.0,0.0,1.0,22,2,7,07/22/2024,2024-07-22,22:00:00
04/27/2024 09:00:00 AM,3.0,3,2,7,7,3,3,3,2,1,4,IMPROPER BACKING,2,2,0.0,0.0,0.0,0.0,0.0,3.0,9,7,4,04/27/2024,2024-04-27,09:00:00
05/03/2024 09:30:00 PM,7.0,3,5,6,4,3,3,3,3,1,4,UNABLE TO DETERMINE,2,3,1.0,0.0,0.0,0.0,1.0,1.0,21,6,5,05/03/2024,2024-05-03,21:30:00
06/07/2024 03:00:00 PM,1.0,3,2,3,5,3,1,1,2,0,3,UNABLE TO DETERMINE,2,2,0.0,0.0,0.0,0.0,0.0,2.0,15,6,6,06/07/2024,2024-06-07,15:00:00
07/15/2024 03:26:00 PM,5.0,3,2,3,6,3,3,3,2,1,3,IMPROPER OVERTAKING/PASSING,2,2,0.0,0.0,0.0,0.0,0.0,2.0,15,2,7,07/15/2024,2024-07-15,15:26:00
08/12/2024 02:04:00 PM,7.0,3,2,4,6,3,3,3,2,1,4,UNABLE TO DETERMINE,2,2,0.0,0.0,0.0,0.0,0.0,2.0,14,2,8,08/12/2024,2024-08-12,14:04:00
08/11/2024 02:30:00 PM,1.0,3,2,5,5,3,1,1,2,1,4,UNABLE TO DETERMINE,2,2,0.0,0.0,0.0,0.0,0.0,2.0,14,1,8,08/11/2024,2024-08-11,14:30:00
08/28/2024 03:55:00 PM,3.0,3,2,6,4,3,1,1,2,1,4,FOLLOWING TOO CLOSELY,2,2,0.0,0.0,0.0,0.0,0.0,5.0,15,4,8,08/28/2024,2024-08-28,15:55:00
08/28/2024 12:15:00 PM,3.0,3,2,2,6,3,3,3,2,0,4,UNABLE TO DETERMINE,2,2,0.0,0.0,0.0,0.0,0.0,2.0,12,4,8,08/28/2024,2024-08-28,12:15:00
08/28/2024 07:31:00 PM,5.0,3,6,4,5,3,3,3,2,1,4,FOLLOWING TOO CLOSELY,2,2,0.0,0.0,0.0,0.0,0.0,2.0,19,4,8,08/28/2024,2024-08-28,19:31:00
08/28/2024 12:00:00 PM,7.0,3,2,5,5,3,1,1,3,1,4,UNABLE TO DETERMINE,2,3,1.0,0.0,0.0,0.0,1.0,2.0,12,4,8,08/28/2024,2024-08-28,12:00:00
08/28/2024 02:30:00 AM,5.0,3,2,4,4,3,3,3,2,1,4,UNABLE TO DETERMINE,2,2,0.0,0.0,0.0,0.0,0.0,2.0,2,4,8,08/28/2024,2024-08-28,02:30:00
08/28/2024 06:15:00 AM,5.0,3,2,5,6,3,3,3,2,1,4,UNABLE TO DETERMINE,2,2,0.0,0.0,0.0,0.0,0.0,3.0,6,4,8,08/28/2024,2024-08-28,06:15:00
08/28/2024 02:37:00 PM,5.0,3,2,6,5,3,3,3,2,1,2,DISTRACTION - FROM INSIDE VEHICLE,2,2,0.0,0.0,0.0,0.0,0.0,3.0,14,4,8,08/28/2024,2024-08-28,14:37:00
08/05/2024 06:20:00 PM,7.0,3,2,5,3,3,3,3,3,1,4,FAILING TO YIELD RIGHT-OF-WAY,2,4,1.0,0.0,0.0,1.0,0.0,1.0,18,2,8,08/05/2024,2024-08-05,18:20:00
08/27/2024 09:06:00 PM,5.0,5,6,4,7,3,4,3,2,1,4,FAILING TO REDUCE SPEED TO AVOID CRASH,2,2,0.0,0.0,0.0,0.0,0.0,2.0,21,3,8,08/27/2024,2024-08-27,21:06:00
08/28/2024 07:23:00 AM,5.0,3,2,11,14,3,3,3,3,1,4,PHYSICAL CONDITION OF DRIVER,2,2,0.0,0.0,0.0,0.0,0.0,1.0,7,4,8,08/28/2024,2024-08-28,07:23:00