crash_date,traffic_control_device,weather_condition,lighting_condition,first_crash_type,trafficway_type,alignment,roadway_surface_cond,road_defect,crash_type,intersection_related_i,damage,prim_contributory_cause,num_units,most_severe_injury,injuries_total,injuries_fatal,injuries_incapacitating,injuries_non_incapacitating,injuries_reported_not_evident,injuries_no_indication,crash_hour,crash_day_of_week,crash_month,parsed_datetime,date,time
08/27/2024 08:53:00 PM,5.0,5,6,6,5,3,4,1,3,1,3,NOT APPLICABLE,2,2,0.0,0.0,0.0,0.0,0.0,3.0,20,3,8,08/27/2024,2024-08-27,20:53:00
08/27/2024 07:15:00 PM,7.0,3,2,5,4,3,3,3,2,1,4,UNABLE TO DETERMINE,2,2,0.0,0.0,0.0,0.0,0.0,2.0,19,3,8,08/27/2024,2024-08-27,19:15:00
08/28/2024 09:30:00 PM,5.0,3,6,6,5,3,3,3,2,1,4,FOLLOWING TOO CLOSELY,2,2,0.0,0.0,0.0,0.0,0.0,2.0,21,4,8,08/28/2024,2024-08-28,21:30:00
08/17/2024 08:00:00 PM,7.0,5,5,6,6,3,4,3,2,1,3,IMPROPER TURNING/NO SIGNAL,2,2,0.0,0.0,0.0,0.0,0.0,3.0,20,7,8,08/17/2024,2024-08-17,20:00:00
08/28/2024 07:00:00 PM,5.0,3,2,4,6,3,3,1,2,1,4,FAILING TO REDUCE SPEED TO AVOID CRASH,2,2,0.0,0.0,0.0,0.0,0.0,2.0,19,4,8,08/28/2024,2024-08-28,19:00:00
08/28/2024 05:30:00 AM,5.0,3,5,6,5,3,3,3,2,1,4,NOT APPLICABLE,2,2,0.0,0.0,0.0,0.0,0.0,2.0,5,4,8,08/28/2024,2024-08-28,05:30:00
08/25/2024 02:26:00 PM,5.0,3,2,13,6,3,3,3,3,1,2,UNABLE TO DETERMINE,2,4,1.0,0.0,0.0,1.0,0.0,1.0,14,1,8,08/25/2024,2024-08-25,14:26:00
08/28/2024 08:55:00 PM,7.0,3,5,14,7,3,3,1,3,1,3,DISREGARDING STOP SIGN,2,4,1.0,0.0,0.0,1.0,0.0,1.0,20,4,8,08/28/2024,2024-08-28,20:55:00
08/10/2024 06:34:00 PM,7.0,3,2,6,5,3,3,3,3,1,4,"VISION OBSCURED (SIGNS, TREE LIMBS, BUILDINGS, ETC.)",2,2,0.0,0.0,0.0,0.0,0.0,2.0,18,7,8,08/10/2024,2024-08-10,18:34:00
08/28/2024 08:28:00 AM,3.0,3,2,13,5,3,3,3,3,1,3,NOT APPLICABLE,2,4,1.0,0.0,0.0,1.0,0.0,1.0,8,4,8,08/28/2024,2024-08-28,08:28:00
08/28/2024 03:46:00 PM,7.0,3,2,5,4,3,3,3,3,1,4,UNABLE TO DETERMINE,2,2,0.0,0.0,0.0,0.0,0.0,2.0,15,4,8,08/28/2024,2024-08-28,15:46:00
08/28/2024 08:30:00 AM,7.0,3,2,5,5,3,3,3,3,1,4,FAILING TO YIELD RIGHT-OF-WAY,2,4,1.0,0.0,0.0,1.0,0.0,2.0,8,4,8,08/28/2024,2024-08-28,08:30:00
08/15/2024 02:20:00 PM,5.0,5,2,6,5,3,4,3,3,1,4,IMPROPER TURNING/NO SIGNAL,2,4,1.0,0.0,0.0,1.0,0.0,1.0,14,5,8,08/15/2024,2024-08-15,14:20:00
08/25/2024 09:10:00 AM,7.0,3,2,6,6,3,1,1,2,1,4,NOT APPLICABLE,2,2,0.0,0.0,0.0,0.0,0.0,2.0,9,1,8,08/25/2024,2024-08-25,09:10:00
08/28/2024 06:30:00 PM,5.0,3,4,5,5,3,3,3,3,1,4,DISREGARDING TRAFFIC SIGNALS,2,2,0.0,0.0,0.0,0.0,0.0,2.0,18,4,8,08/28/2024,2024-08-28,18:30:00
08/24/2024 11:00:00 PM,5.0,3,2,5,5,3,3,3,2,1,3,FAILING TO YIELD RIGHT-OF-WAY,2,2,0.0,0.0,0.0,0.0,0.0,2.0,23,7,8,08/24/2024,2024-08-24,23:00:00
08/14/2024 02:15:00 AM,5.0,3,5,7,5,3,3,1,3,1,4,FAILING TO YIELD RIGHT-OF-WAY,2,4,1.0,0.0,0.0,1.0,0.0,1.0,2,4,8,08/14/2024,2024-08-14,02:15:00
08/14/2024 12:30:00 PM,5.0,3,2,6,6,3,3,3,3,1,4,FAILING TO YIELD RIGHT-OF-WAY,2,3,1.0,0.0,0.0,0.0,1.0,1.0,12,4,8,08/14/2024,2024-08-14,12:30:00
08/16/2024 03:17:00 PM,3.0,3,2,13,6,3,3,1,3,1,2,UNABLE TO DETERMINE,2,4,1.0,0.0,0.0,1.0,0.0,1.0,15,6,8,08/16/2024,2024-08-16,15:17:00
08/14/2024 07:30:00 PM,5.0,3,5,4,6,3,3,3,2,1,3,FOLLOWING TOO CLOSELY,2,2,0.0,0.0,0.0,0.0,0.0,2.0,19,4,8,08/14/2024,2024-08-14,19:30:00
08/14/2024 12:45:00 PM,7.0,3,2,5,5,3,3,3,3,1,4,DISREGARDING STOP SIGN,2,4,1.0,0.0,0.0,1.0,0.0,4.0,12,4,8,08/14/2024,2024-08-14,12:45:00
08/14/2024 05:20:00 PM,7.0,3,2,5,6,3,3,3,2,1,4,FAILING TO YIELD RIGHT-OF-WAY,2,2,0.0,0.0,0.0,0.0,0.0,2.0,17,4,8,08/14/2024,2024-08-14,17:20:00
08/14/2024 08:37:00 PM,5.0,3,5,3,5,3,3,3,2,1,3,FOLLOWING TOO CLOSELY,2,2,0.0,0.0,0.0,0.0,0.0,3.0,20,4,8,08/14/2024,2024-08-14,20:37:00
08/14/2024 09:40:00 AM,5.0,3,2,4,4,3,3,3,2,1,4,FOLLOWING TOO CLOSELY,2,2,0.0,0.0,0.0,0.0,0.0,2.0,9,4,8,08/14/2024,2024-08-14,09:40:00
08/14/2024 02:10:00 PM,5.0,3,2,5,4,3,3,3,3,1,4,UNABLE TO DETERMINE,2,3,1.0,0.0,0.0,0.0,1.0,1.0,14,4,8,08/14/2024,2024-08-14,14:10:00
08/14/2024 11:45:00 AM,5.0,3,2,4,7,3,3,3,2,1,4,FOLLOWING TOO CLOSELY,2,2,0.0,0.0,0.0,0.0,0.0,2.0,11,4,8,08/14/2024,2024-08-14,11:45:00
08/14/2024 04:50:00 AM,3.0,3,6,6,6,3,3,3,3,1,4,NOT APPLICABLE,2,2,0.0,0.0,0.0,0.0,0.0,2.0,4,4,8,08/14/2024,2024-08-14,04:50:00
08/14/2024 05:55:00 AM,5.0,3,2,6,5,3,3,1,2,1,4,FOLLOWING TOO CLOSELY,2,2,0.0,0.0,0.0,0.0,0.0,2.0,5,4,8,08/14/2024,2024-08-14,05:55:00
08/14/2024 08:50:00 AM,3.0,3,2,4,12,3,3,3,3,0,2,UNABLE TO DETERMINE,2,4,1.0,0.0,0.0,1.0,0.0,2.0,8,4,8,08/14/2024,2024-08-14,08:50:00
08/14/2024 05:30:00 PM,5.0,3,2,4,4,3,3,3,2,1,4,UNABLE TO DETERMINE,2,2,0.0,0.0,0.0,0.0,0.0,2.0,17,4,8,08/14/2024,2024-08-14,17:30:00
08/14/2024 08:15:00 AM,3.0,3,2,6,6,3,3,3,2,0,4,IMPROPER TURNING/NO SIGNAL,2,2,0.0,0.0,0.0,0.0,0.0,2.0,8,4,8,08/14/2024,2024-08-14,08:15:00
08/14/2024 10:33:00 AM,5.0,3,2,6,6,3,3,3,2,1,4,IMPROPER LANE USAGE,2,2,0.0,0.0,0.0,0.0,0.0,2.0,10,4,8,08/14/2024,2024-08-14,10:33:00
08/14/2024 09:30:00 AM,7.0,3,2,5,5,3,3,3,2,1,4,FAILING TO YIELD RIGHT-OF-WAY,2,2,0.0,0.0,0.0,0.0,0.0,2.0,9,4,8,08/14/2024,2024-08-14,09:30:00
08/14/2024 05:20:00 PM,5.0,3,2,3,6,3,3,3,2,1,4,FAILING TO YIELD RIGHT-OF-WAY,2,2,0.0,0.0,0.0,0.0,0.0,2.0,17,4,8,08/14/2024,2024-08-14,17:20:00
08/14/2024 01:28:00 AM,7.0,3,5,4,5,3,3,1,3,0,4,UNABLE TO DETERMINE,2,2,0.0,0.0,0.0,0.0,0.0,3.0,1,4,8,08/14/2024,2024-08-14,01:28:00
08/14/2024 04:46:00 PM,5.0,3,2,6,5,3,3,3,3,1,4,FAILING TO YIELD RIGHT-OF-WAY,2,2,0.0,0.0,0.0,0.0,0.0,2.0,16,4,8,08/14/2024,2024-08-14,16:46:00
08/14/2024 04:15:00 PM,7.0,3,2,5,1,3,1,1,2,1,4,UNABLE TO DETERMINE,2,2,0.0,0.0,0.0,0.0,0.0,3.0,16,4,8,08/14/2024,2024-08-14,16:15:00
08/14/2024 01:15:00 PM,7.0,3,2,5,5,3,3,3,3,1,4,FAILING TO YIELD RIGHT-OF-WAY,2,2,0.0,0.0,0.0,0.0,0.0,2.0,13,4,8,08/14/2024,2024-08-14,13:15:00
08/14/2024 06:15:00 PM,5.0,3,2,3,6,3,3,3,2,1,3,IMPROPER TURNING/NO SIGNAL,2,2,0.0,0.0,0.0,0.0,0.0,4.0,18,4,8,08/14/2024,2024-08-14,18:15:00
08/23/2024 02:00:00 PM,7.0,3,2,5,7,3,3,3,3,1,4,UNABLE TO DETERMINE,2,4,1.0,0.0,0.0,1.0,0.0,1.0,14,6,8,08/23/2024,2024-08-23,14:00:00
08/14/2024 01:00:00 PM,5.0,3,2,13,3,3,3,3,3,1,2,UNABLE TO DETERMINE,2,4,1.0,0.0,0.0,1.0,0.0,1.0,13,4,8,08/14/2024,2024-08-14,13:00:00
08/14/2024 07:30:00 PM,5.0,3,5,3,4,3,3,1,2,1,4,IMPROPER OVERTAKING/PASSING,2,2,0.0,0.0,0.0,0.0,0.0,2.0,19,4,8,08/14/2024,2024-08-14,19:30:00
08/14/2024 12:45:00 PM,5.0,3,2,6,3,3,3,1,3,1,4,FAILING TO YIELD RIGHT-OF-WAY,2,2,0.0,0.0,0.0,0.0,0.0,2.0,12,4,8,08/14/2024,2024-08-14,12:45:00
08/14/2024 02:29:00 PM,5.0,3,2,4,5,3,3,3,3,1,4,FOLLOWING TOO CLOSELY,2,2,0.0,0.0,0.0,0.0,0.0,3.0,14,4,8,08/14/2024,2024-08-14,14:29:00
08/14/2024 08:35:00 AM,5.0,3,2,5,6,3,3,3,3,1,4,DISREGARDING TRAFFIC SIGNALS,2,4,1.0,0.0,0.0,1.0,0.0,1.0,8,4,8,08/14/2024,2024-08-14,08:35:00
08/14/2024 12:25:00 PM,3.0,3,2,4,4,3,3,1,2,0,3,FOLLOWING TOO CLOSELY,2,2,0.0,0.0,0.0,0.0,0.0,3.0,12,4,8,08/14/2024,2024-08-14,12:25:00
08/14/2024 06:05:00 PM,5.0,3,2,5,5,3,3,3,2,1,4,FAILING TO YIELD RIGHT-OF-WAY,2,2,0.0,0.0,0.0,0.0,0.0,3.0,18,4,8,08/14/2024,2024-08-14,18:05:00
08/14/2024 08:30:00 PM,5.0,3,6,6,5,3,1,1,3,1,4,UNABLE TO DETERMINE,2,2,0.0,0.0,0.0,0.0,0.0,2.0,20,4,8,08/14/2024,2024-08-14,20:30:00
08/14/2024 08:20:00 AM,5.0,3,2,6,6,3,3,3,2,1,4,IMPROPER TURNING/NO SIGNAL,2,2,0.0,0.0,0.0,0.0,0.0,2.0,8,4,8,08/14/2024,2024-08-14,08:20:00
08/14/2024 09:28:00 PM,5.0,3,6,4,5,3,3,7,3,1,4,DISREGARDING TRAFFIC SIGNALS,2,4,2.0,0.0,0.0,2.0,0.0,1.0,21,4,8,08/14/2024,2024-08-14,21:28:00
08/14/2024 03:19:00 PM,5.0,3,2,6,5,3,3,3,2,1,3,NOT APPLICABLE,2,2,0.0,0.0,0.0,0.0,0.0,2.0,15,4,8,08/14/2024,2024-08-14,15:19:00
08/14/2024 05:01:00 PM,7.0,3,2,5,5,3,3,1,2,1,4,FAILING TO YIELD RIGHT-OF-WAY,2,2,0.0,0.0,0.0,0.0,0.0,3.0,17,4,8,08/14/2024,2024-08-14,17:01:00
08/14/2024 12:12:00 PM,5.0,3,2,6,5,3,3,3,2,1,3,IMPROPER TURNING/NO SIGNAL,2,2,0.0,0.0,0.0,0.0,0.0,2.0,12,4,8,08/14/2024,2024-08-14,12:12:00
08/14/2024 06:39:00 AM,5.0,3,2,4,4,3,3,1,2,1,4,FOLLOWING TOO CLOSELY,2,2,0.0,0.0,0.0,0.0,0.0,2.0,6,4,8,08/14/2024,2024-08-14,06:39:00
08/14/2024 10:16:00 AM,5.0,3,2,6,7,3,3,1,2,1,4,UNABLE TO DETERMINE,2,2,0.0,0.0,0.0,0.0,0.0,2.0,10,4,8,08/14/2024,2024-08-14,10:16:00
08/14/2024 10:12:00 AM,7.0,3,2,5,4,3,3,3,3,1,4,FAILING TO YIELD RIGHT-OF-WAY,2,2,0.0,0.0,0.0,0.0,0.0,2.0,10,4,8,08/14/2024,2024-08-14,10:12:00
08/14/2024 02:15:00 PM,5.0,3,2,6,5,3,3,3,3,1,4,FAILING TO YIELD RIGHT-OF-WAY,2,2,0.0,0.0,0.0,0.0,0.0,2.0,14,4,8,08/14/2024,2024-08-14,14:15:00
08/14/2024 06:41:00 PM,5.0,3,2,5,5,3,3,3,3,1,4,DISREGARDING TRAFFIC SIGNALS,2,3,2.0,0.0,0.0,0.0,2.0,1.0,18,4,8,08/14/2024,2024-08-14,18:41:00
08/14/2024 10:00:00 AM,5.0,3,2,6,6,3,3,3,2,1,4,UNABLE TO DETERMINE,2,2,0.0,0.0,0.0,0.0,0.0,2.0,10,4,8,08/14/2024,2024-08-14,10:00:00
08/14/2024 06:43:00 PM,5.0,3,2,13,6,3,3,3,3,1,4,NOT APPLICABLE,2,4,1.0,0.0,0.0,1.0,0.0,1.0,18,4,8,08/14/2024,2024-08-14,18:43:00
08/14/2024 05:30:00 AM,5.0,3,3,6,3,3,3,2,2,1,4,DRIVING ON WRONG SIDE/WRONG WAY,2,2,0.0,0.0,0.0,0.0,0.0,2.0,5,4,8,08/14/2024,2024-08-14,05:30:00
08/14/2024 06:20:00 PM,3.0,3,2,4,6,3,3,3,2,0,4,FAILING TO YIELD RIGHT-OF-WAY,2,2,0.0,0.0,0.0,0.0,0.0,2.0,18,4,8,08/14/2024,2024-08-14,18:20:00
08/14/2024 05:30:00 PM,5.0,3,2,4,4,3,3,3,2,1,3,UNABLE TO DETERMINE,2,2,0.0,0.0,0.0,0.0,0.0,2.0,17,4,8,08/14/2024,2024-08-14,17:30:00
08/28/2024 05:45:00 AM,5.0,3,5,13,6,3,4,3,3,1,4,FAILING TO YIELD RIGHT-OF-WAY,2,5,1.0,0.0,1.0,0.0,0.0,1.0,5,4,8,08/28/2024,2024-08-28,05:45:00
08/28/2024 07:39:00 AM,5.0,3,2,6,5,3,3,3,2,1,4,UNABLE TO DETERMINE,2,2,0.0,0.0,0.0,0.0,0.0,2.0,7,4,8,08/28/2024,2024-08-28,07:39:00
08/14/2024 12:43:00 AM,5.0,3,5,5,5,3,3,3,3,1,4,FAILING TO YIELD RIGHT-OF-WAY,2,3,1.0,0.0,0.0,0.0,1.0,1.0,0,4,8,08/14/2024,2024-08-14,00:43:00
08/14/2024 05:09:00 PM,5.0,3,2,6,5,3,3,1,2,1,4,FAILING TO YIELD RIGHT-OF-WAY,2,2,0.0,0.0,0.0,0.0,0.0,3.0,17,4,8,08/14/2024,2024-08-14,17:09:00
08/14/2024 11:51:00 AM,5.0,3,2,6,10,3,3,1,2,1,4,IMPROPER TURNING/NO SIGNAL,2,2,0.0,0.0,0.0,0.0,0.0,4.0,11,4,8,08/14/2024,2024-08-14,11:51:00
08/14/2024 07:04:00 PM,5.0,3,2,6,9,3,3,3,3,1,4,FAILING TO YIELD RIGHT-OF-WAY,2,2,0.0,0.0,0.0,0.0,0.0,3.0,19,4,8,08/14/2024,2024-08-14,19:04:00
08/14/2024 04:46:00 PM,5.0,3,2,13,5,3,3,1,3,1,4,FAILING TO YIELD RIGHT-OF-WAY,2,3,1.0,0.0,0.0,0.0,1.0,1.0,16,4,8,08/14/2024,2024-08-14,16:46:00
08/14/2024 12:30:00 PM,5.0,3,2,3,7,3,3,3,3,1,3,IMPROPER TURNING/NO SIGNAL,2,2,0.0,0.0,0.0,0.0,0.0,2.0,12,4,8,08/14/2024,2024-08-14,12:30:00
08/14/2024 10:19:00 AM,3.0,3,2,4,6,3,3,3,3,1,4,FOLLOWING TOO CLOSELY,2,2,0.0,0.0,0.0,0.0,0.0,2.0,10,4,8,08/14/2024,2024-08-14,10:19:00
08/14/2024 10:15:00 AM,5.0,3,2,6,10,3,3,3,2,1,4,IMPROPER TURNING/NO SIGNAL,2,2,0.0,0.0,0.0,0.0,0.0,2.0,10,4,8,08/14/2024,2024-08-14,10:15:00
08/29/2024 03:03:00 PM,5.0,3,2,6,5,3,3,1,2,0,3,UNABLE TO DETERMINE,2,2,0.0,0.0,0.0,0.0,0.0,6.0,15,5,8,08/29/2024,2024-08-29,15:03:00
08/27/2024 04:30:00 PM,1.0,3,2,6,1,3,1,1,2,1,3,UNABLE TO DETERMINE,2,2,0.0,0.0,0.0,0.0,0.0,2.0,16,3,8,08/27/2024,2024-08-27,16:30:00
08/28/2024 07:00:00 AM,3.0,3,2,11,1,3,1,3,2,0,4,UNABLE TO DETERMINE,2,2,0.0,0.0,0.0,0.0,0.0,1.0,7,4,8,08/28/2024,2024-08-28,07:00:00
08/29/2024 06:00:00 PM,5.0,3,2,13,10,3,1,1,3,1,2,NOT APPLICABLE,2,4,1.0,0.0,0.0,1.0,0.0,1.0,18,5,8,08/29/2024,2024-08-29,18:00:00
08/26/2024 09:43:00 PM,5.0,3,5,3,6,3,3,3,3,1,4,FAILING TO YIELD RIGHT-OF-WAY,2,5,1.0,0.0,1.0,0.0,0.0,1.0,21,2,8,08/26/2024,2024-08-26,21:43:00
08/29/2024 05:33:00 PM,5.0,3,2,6,10,3,3,3,3,1,4,IMPROPER TURNING/NO SIGNAL,2,4,1.0,0.0,0.0,1.0,0.0,1.0,17,5,8,08/29/2024,2024-08-29,17:33:00
08/28/2024 11:30:00 AM,5.0,3,2,6,14,3,3,3,2,1,4,FAILING TO YIELD RIGHT-OF-WAY,2,2,0.0,0.0,0.0,0.0,0.0,2.0,11,4,8,08/28/2024,2024-08-28,11:30:00
08/28/2024 08:10:00 PM,5.0,3,4,4,4,3,3,3,2,1,4,UNABLE TO DETERMINE,2,2,0.0,0.0,0.0,0.0,0.0,3.0,20,4,8,08/28/2024,2024-08-28,20:10:00
08/29/2024 04:45:00 PM,5.0,3,2,3,4,3,3,3,2,1,4,FAILING TO YIELD RIGHT-OF-WAY,2,2,0.0,0.0,0.0,0.0,0.0,2.0,16,5,8,08/29/2024,2024-08-29,16:45:00
08/29/2024 05:30:00 PM,3.0,3,2,6,7,3,3,3,2,1,4,FAILING TO YIELD RIGHT-OF-WAY,2,2,0.0,0.0,0.0,0.0,0.0,2.0,17,5,8,08/29/2024,2024-08-29,17:30:00
08/29/2024 02:31:00 PM,7.0,3,2,5,4,3,3,3,3,1,4,UNABLE TO DETERMINE,2,3,1.0,0.0,0.0,0.0,1.0,1.0,14,5,8,08/29/2024,2024-08-29,14:31:00
08/29/2024 10:52:00 PM,5.0,3,5,4,4,3,3,3,3,1,4,UNABLE TO DETERMINE,2,4,1.0,0.0,0.0,1.0,0.0,1.0,22,5,8,08/29/2024,2024-08-29,22:52:00
08/27/2024 08:50:00 PM,6.0,5,5,4,7,3,4,3,2,1,4,FOLLOWING TOO CLOSELY,2,2,0.0,0.0,0.0,0.0,0.0,2.0,20,3,8,08/27/2024,2024-08-27,20:50:00
08/29/2024 10:05:00 AM,7.0,3,2,5,5,3,3,3,3,1,4,FAILING TO YIELD RIGHT-OF-WAY,2,4,1.0,0.0,0.0,1.0,0.0,1.0,10,5,8,08/29/2024,2024-08-29,10:05:00
08/27/2024 11:05:00 PM,5.0,5,5,6,5,3,4,1,3,1,4,DISREGARDING TRAFFIC SIGNALS,2,2,0.0,0.0,0.0,0.0,0.0,2.0,23,3,8,08/27/2024,2024-08-27,23:05:00
08/28/2024 10:31:00 PM,5.0,3,5,6,5,3,3,3,3,1,4,IMPROPER LANE USAGE,2,2,0.0,0.0,0.0,0.0,0.0,3.0,22,4,8,08/28/2024,2024-08-28,22:31:00
08/29/2024 11:34:00 AM,5.0,3,2,4,5,3,3,3,2,1,4,FAILING TO REDUCE SPEED TO AVOID CRASH,2,2,0.0,0.0,0.0,0.0,0.0,2.0,11,5,8,08/29/2024,2024-08-29,11:34:00
08/23/2024 02:10:00 PM,5.0,3,2,6,5,3,3,1,2,1,4,FAILING TO YIELD RIGHT-OF-WAY,2,2,0.0,0.0,0.0,0.0,0.0,2.0,14,6,8,08/23/2024,2024-08-23,14:10:00
08/26/2024 05:35:00 AM,5.0,3,2,4,6,3,3,3,3,1,3,FAILING TO REDUCE SPEED TO AVOID CRASH,2,2,0.0,0.0,0.0,0.0,0.0,1.0,5,2,8,08/26/2024,2024-08-26,05:35:00
08/28/2024 03:54:00 PM,5.0,3,2,6,6,3,1,1,2,1,3,UNABLE TO DETERMINE,2,2,0.0,0.0,0.0,0.0,0.0,4.0,15,4,8,08/28/2024,2024-08-28,15:54:00
08/29/2024 09:18:00 PM,5.0,3,5,6,5,3,3,3,2,1,4,UNABLE TO DETERMINE,2,2,0.0,0.0,0.0,0.0,0.0,7.0,21,5,8,08/29/2024,2024-08-29,21:18:00
08/29/2024 07:00:00 AM,5.0,3,2,5,6,3,3,3,2,1,4,UNABLE TO DETERMINE,2,2,0.0,0.0,0.0,0.0,0.0,2.0,7,5,8,08/29/2024,2024-08-29,07:00:00
08/29/2024 10:39:00 AM,5.0,3,2,6,10,3,3,1,2,1,4,IMPROPER TURNING/NO SIGNAL,2,2,0.0,0.0,0.0,0.0,0.0,2.0,10,5,8,08/29/2024,2024-08-29,10:39:00
08/29/2024 05:00:00 PM,7.0,3,2,6,5,3,3,3,2,1,4,UNABLE TO DETERMINE,2,2,0.0,0.0,0.0,0.0,0.0,2.0,17,5,8,08/29/2024,2024-08-29,17:00:00
08/29/2024 04:38:00 PM,7.0,3,2,5,7,3,3,3,3,1,4,FAILING TO YIELD RIGHT-OF-WAY,2,2,0.0,0.0,0.0,0.0,0.0,2.0,16,5,8,08/29/2024,2024-08-29,16:38:00
08/29/2024 01:05:00 PM,5.0,3,2,4,5,3,3,3,2,1,4,FOLLOWING TOO CLOSELY,2,2,0.0,0.0,0.0,0.0,0.0,3.0,13,5,8,08/29/2024,2024-08-29,13:05:00
08/28/2024 01:00:00 PM,5.0,3,2,4,3,3,3,3,2,1,4,FOLLOWING TOO CLOSELY,2,2,0.0,0.0,0.0,0.0,0.0,2.0,13,4,8,08/28/2024,2024-08-28,13:00:00
08/29/2024 04:06:00 PM,3.0,3,2,3,6,3,3,3,2,1,3,FAILING TO YIELD RIGHT-OF-WAY,2,2,0.0,0.0,0.0,0.0,0.0,2.0,16,5,8,08/29/2024,2024-08-29,16:06:00
08/29/2024 07:20:00 AM,3.0,3,2,6,4,3,3,3,2,1,4,UNABLE TO DETERMINE,2,2,0.0,0.0,0.0,0.0,0.0,3.0,7,5,8,08/29/2024,2024-08-29,07:20:00
08/29/2024 03:45:00 PM,5.0,3,2,5,6,3,3,3,2,1,3,DISREGARDING TRAFFIC SIGNALS,2,2,0.0,0.0,0.0,0.0,0.0,2.0,15,5,8,08/29/2024,2024-08-29,15:45:00
08/29/2024 05:40:00 PM,3.0,3,2,5,16,3,3,3,2,1,4,FAILING TO YIELD RIGHT-OF-WAY,2,2,0.0,0.0,0.0,0.0,0.0,2.0,17,5,8,08/29/2024,2024-08-29,17:40:00
08/28/2024 09:10:00 AM,5.0,3,2,13,6,3,3,3,3,1,4,UNABLE TO DETERMINE,2,4,1.0,0.0,0.0,1.0,0.0,1.0,9,4,8,08/28/2024,2024-08-28,09:10:00
08/29/2024 07:30:00 PM,7.0,3,3,5,5,3,3,1,2,1,2,DISREGARDING STOP SIGN,2,2,0.0,0.0,0.0,0.0,0.0,2.0,19,5,8,08/29/2024,2024-08-29,19:30:00
08/29/2024 06:57:00 AM,3.0,4,2,5,4,3,3,3,3,1,4,UNABLE TO DETERMINE,2,2,0.0,0.0,0.0,0.0,0.0,2.0,6,5,8,08/29/2024,2024-08-29,06:57:00
08/26/2024 04:00:00 PM,5.0,3,2,5,4,3,3,3,2,1,4,DISREGARDING TRAFFIC SIGNALS,2,2,0.0,0.0,0.0,0.0,0.0,3.0,16,2,8,08/26/2024,2024-08-26,16:00:00
08/29/2024 03:05:00 PM,5.0,3,2,6,2,3,3,3,2,1,4,IMPROPER TURNING/NO SIGNAL,2,2,0.0,0.0,0.0,0.0,0.0,3.0,15,5,8,08/29/2024,2024-08-29,15:05:00
08/29/2024 04:25:00 PM,5.0,3,2,3,12,3,3,3,2,1,4,IMPROPER OVERTAKING/PASSING,2,2,0.0,0.0,0.0,0.0,0.0,2.0,16,5,8,08/29/2024,2024-08-29,16:25:00
08/21/2024 06:10:00 PM,5.0,3,2,14,4,3,3,3,3,1,4,UNABLE TO DETERMINE,2,5,1.0,0.0,1.0,0.0,0.0,1.0,18,4,8,08/21/2024,2024-08-21,18:10:00
08/29/2024 06:00:00 PM,1.0,3,2,6,5,3,1,1,2,1,4,UNABLE TO DETERMINE,2,2,0.0,0.0,0.0,0.0,0.0,2.0,18,5,8,08/29/2024,2024-08-29,18:00:00
08/29/2024 05:48:00 PM,5.0,3,2,5,6,3,3,3,3,1,4,DISREGARDING TRAFFIC SIGNALS,2,3,1.0,0.0,0.0,0.0,1.0,1.0,17,5,8,08/29/2024,2024-08-29,17:48:00
08/28/2024 07:08:00 AM,5.0,3,2,6,5,3,4,3,2,1,4,DISREGARDING TRAFFIC SIGNALS,2,2,0.0,0.0,0.0,0.0,0.0,2.0,7,4,8,08/28/2024,2024-08-28,07:08:00
08/29/2024 07:40:00 PM,7.0,3,4,5,5,3,3,1,3,1,4,FAILING TO YIELD RIGHT-OF-WAY,2,2,0.0,0.0,0.0,0.0,0.0,2.0,19,5,8,08/29/2024,2024-08-29,19:40:00
08/15/2024 02:06:00 PM,7.0,3,2,5,5,3,1,1,3,1,4,FAILING TO YIELD RIGHT-OF-WAY,2,2,0.0,0.0,0.0,0.0,0.0,2.0,14,5,8,08/15/2024,2024-08-15,14:06:00
08/15/2024 01:15:00 PM,5.0,5,2,5,5,3,4,3,3,1,4,DISREGARDING TRAFFIC SIGNALS,2,4,2.0,0.0,0.0,2.0,0.0,4.0,13,5,8,08/15/2024,2024-08-15,13:15:00
08/15/2024 12:03:00 PM,5.0,5,2,13,6,3,4,3,3,0,2,UNABLE TO DETERMINE,2,5,1.0,0.0,1.0,0.0,0.0,1.0,12,5,8,08/15/2024,2024-08-15,12:03:00
08/15/2024 05:40:00 AM,3.0,5,2,11,4,3,4,3,2,1,3,UNABLE TO DETERMINE,2,2,0.0,0.0,0.0,0.0,0.0,1.0,5,5,8,08/15/2024,2024-08-15,05:40:00
08/15/2024 11:12:00 AM,5.0,5,2,5,5,3,4,3,3,1,4,FAILING TO YIELD RIGHT-OF-WAY,2,4,1.0,0.0,0.0,1.0,0.0,1.0,11,5,8,08/15/2024,2024-08-15,11:12:00
08/15/2024 04:06:00 PM,5.0,3,2,4,5,3,3,3,3,1,4,FAILING TO REDUCE SPEED TO AVOID CRASH,2,2,0.0,0.0,0.0,0.0,0.0,2.0,16,5,8,08/15/2024,2024-08-15,16:06:00
08/15/2024 07:38:00 AM,5.0,5,2,6,4,3,4,3,3,1,4,FAILING TO YIELD RIGHT-OF-WAY,2,2,0.0,0.0,0.0,0.0,0.0,2.0,7,5,8,08/15/2024,2024-08-15,07:38:00
08/15/2024 05:00:00 PM,5.0,3,2,4,5,3,3,1,2,1,3,UNABLE TO DETERMINE,2,2,0.0,0.0,0.0,0.0,0.0,2.0,17,5,8,08/15/2024,2024-08-15,17:00:00