crash_date,traffic_control_device,weather_condition,lighting_condition,first_crash_type,trafficway_type,alignment,roadway_surface_cond,road_defect,crash_type,intersection_related_i,damage,prim_contributory_cause,num_units,most_severe_injury,injuries_total,injuries_fatal,injuries_incapacitating,injuries_non_incapacitating,injuries_reported_not_evident,injuries_no_indication,crash_hour,crash_day_of_week,crash_month,parsed_datetime,date,time
08/16/2024 05:13:00 PM,7.0,5,2,5,13,3,4,3,3,1,4,FAILING TO YIELD RIGHT-OF-WAY,2,2,0.0,0.0,0.0,0.0,0.0,6.0,17,6,8,08/16/2024,2024-08-16,17:13:00
08/16/2024 07:30:00 AM,7.0,3,2,5,5,3,3,3,3,1,4,FAILING TO YIELD RIGHT-OF-WAY,2,3,2.0,0.0,0.0,0.0,2.0,0.0,7,6,8,08/16/2024,2024-08-16,07:30:00
08/16/2024 07:00:00 PM,7.0,3,2,6,5,3,1,1,2,1,4,UNABLE TO DETERMINE,2,2,0.0,0.0,0.0,0.0,0.0,3.0,19,6,8,08/16/2024,2024-08-16,19:00:00
08/16/2024 08:46:00 PM,5.0,5,4,13,6,3,1,3,3,1,4,UNABLE TO DETERMINE,2,4,1.0,0.0,0.0,1.0,0.0,1.0,20,6,8,08/16/2024,2024-08-16,20:46:00
08/16/2024 08:30:00 AM,5.0,3,2,6,5,3,3,3,2,1,4,IMPROPER TURNING/NO SIGNAL,2,2,0.0,0.0,0.0,0.0,0.0,2.0,8,6,8,08/16/2024,2024-08-16,08:30:00
08/16/2024 06:28:00 AM,5.0,3,2,6,6,3,3,1,2,1,4,UNABLE TO DETERMINE,2,2,0.0,0.0,0.0,0.0,0.0,2.0,6,6,8,08/16/2024,2024-08-16,06:28:00
08/16/2024 12:40:00 PM,5.0,3,2,4,4,3,3,3,2,1,4,UNABLE TO DETERMINE,2,2,0.0,0.0,0.0,0.0,0.0,2.0,12,6,8,08/16/2024,2024-08-16,12:40:00
08/16/2024 04:50:00 AM,7.0,3,5,5,6,3,4,3,2,1,3,UNABLE TO DETERMINE,2,2,0.0,0.0,0.0,0.0,0.0,2.0,4,6,8,08/16/2024,2024-08-16,04:50:00
08/16/2024 12:05:00 AM,5.0,3,5,6,6,3,3,3,2,1,4,IMPROPER TURNING/NO SIGNAL,2,2,0.0,0.0,0.0,0.0,0.0,2.0,0,6,8,08/16/2024,2024-08-16,00:05:00
08/16/2024 11:50:00 PM,5.0,3,2,4,5,3,4,3,2,1,4,UNABLE TO DETERMINE,2,2,0.0,0.0,0.0,0.0,0.0,3.0,23,6,8,08/16/2024,2024-08-16,23:50:00
08/16/2024 03:30:00 PM,5.0,3,2,6,6,3,3,3,2,1,4,FAILING TO YIELD RIGHT-OF-WAY,2,2,0.0,0.0,0.0,0.0,0.0,2.0,15,6,8,08/16/2024,2024-08-16,15:30:00
08/16/2024 09:35:00 PM,5.0,3,5,6,5,3,3,1,2,1,4,UNABLE TO DETERMINE,2,2,0.0,0.0,0.0,0.0,0.0,2.0,21,6,8,08/16/2024,2024-08-16,21:35:00
08/16/2024 05:17:00 AM,5.0,3,5,6,4,3,4,3,2,1,3,FAILING TO YIELD RIGHT-OF-WAY,2,2,0.0,0.0,0.0,0.0,0.0,2.0,5,6,8,08/16/2024,2024-08-16,05:17:00
08/16/2024 10:00:00 AM,5.0,3,2,5,5,3,3,3,2,1,4,UNABLE TO DETERMINE,2,2,0.0,0.0,0.0,0.0,0.0,2.0,10,6,8,08/16/2024,2024-08-16,10:00:00
08/16/2024 06:15:00 PM,5.0,5,2,6,5,3,4,1,2,1,3,IMPROPER TURNING/NO SIGNAL,2,2,0.0,0.0,0.0,0.0,0.0,4.0,18,6,8,08/16/2024,2024-08-16,18:15:00
08/16/2024 01:15:00 PM,5.0,3,2,6,5,3,3,3,3,1,4,DISREGARDING TRAFFIC SIGNALS,2,4,1.0,0.0,0.0,1.0,0.0,1.0,13,6,8,08/16/2024,2024-08-16,13:15:00
08/16/2024 08:38:00 AM,5.0,3,2,6,5,3,3,3,3,1,4,FAILING TO YIELD RIGHT-OF-WAY,2,2,0.0,0.0,0.0,0.0,0.0,3.0,8,6,8,08/16/2024,2024-08-16,08:38:00
08/16/2024 06:08:00 PM,7.0,3,2,6,6,3,3,3,3,1,4,FAILING TO YIELD RIGHT-OF-WAY,2,4,2.0,0.0,0.0,1.0,1.0,0.0,18,6,8,08/16/2024,2024-08-16,18:08:00
08/16/2024 07:35:00 AM,5.0,3,2,6,5,3,3,3,2,1,4,UNABLE TO DETERMINE,2,2,0.0,0.0,0.0,0.0,0.0,2.0,7,6,8,08/16/2024,2024-08-16,07:35:00
08/16/2024 02:42:00 PM,5.0,3,2,5,5,3,3,3,3,1,4,UNABLE TO DETERMINE,2,4,1.0,0.0,0.0,1.0,0.0,1.0,14,6,8,08/16/2024,2024-08-16,14:42:00
08/16/2024 05:40:00 AM,5.0,3,2,5,6,3,3,3,2,1,4,DISREGARDING TRAFFIC SIGNALS,2,2,0.0,0.0,0.0,0.0,0.0,2.0,5,6,8,08/16/2024,2024-08-16,05:40:00
08/16/2024 06:45:00 PM,5.0,3,2,14,4,3,3,1,3,1,4,FAILING TO YIELD RIGHT-OF-WAY,2,4,1.0,0.0,0.0,1.0,0.0,1.0,18,6,8,08/16/2024,2024-08-16,18:45:00
08/16/2024 04:32:00 AM,5.0,3,5,6,6,3,3,3,3,1,4,UNABLE TO DETERMINE,2,4,2.0,0.0,0.0,2.0,0.0,0.0,4,6,8,08/16/2024,2024-08-16,04:32:00
08/27/2024 08:03:00 AM,7.0,3,2,6,6,3,3,3,2,1,4,FAILING TO YIELD RIGHT-OF-WAY,2,2,0.0,0.0,0.0,0.0,0.0,3.0,8,3,8,08/27/2024,2024-08-27,08:03:00
08/30/2024 06:00:00 PM,7.0,3,2,5,4,3,3,3,2,1,4,UNABLE TO DETERMINE,2,2,0.0,0.0,0.0,0.0,0.0,2.0,18,6,8,08/30/2024,2024-08-30,18:00:00
08/30/2024 05:00:00 PM,3.0,3,2,6,6,3,3,3,2,1,4,UNABLE TO DETERMINE,2,2,0.0,0.0,0.0,0.0,0.0,4.0,17,6,8,08/30/2024,2024-08-30,17:00:00
08/31/2024 02:55:00 PM,5.0,3,2,5,5,3,3,3,2,1,4,FAILING TO REDUCE SPEED TO AVOID CRASH,2,2,0.0,0.0,0.0,0.0,0.0,2.0,14,7,8,08/31/2024,2024-08-31,14:55:00
08/31/2024 07:00:00 AM,5.0,3,2,5,5,3,3,3,3,1,4,DISREGARDING TRAFFIC SIGNALS,2,4,1.0,0.0,0.0,1.0,0.0,2.0,7,7,8,08/31/2024,2024-08-31,07:00:00
08/31/2024 05:25:00 PM,1.0,3,2,11,6,3,3,1,2,1,2,NOT APPLICABLE,2,2,0.0,0.0,0.0,0.0,0.0,2.0,17,7,8,08/31/2024,2024-08-31,17:25:00
08/31/2024 02:00:00 PM,7.0,3,2,5,5,3,3,1,2,1,4,UNABLE TO DETERMINE,2,2,0.0,0.0,0.0,0.0,0.0,3.0,14,7,8,08/31/2024,2024-08-31,14:00:00
08/31/2024 01:50:00 AM,7.0,3,5,5,7,3,3,3,3,1,4,FAILING TO YIELD RIGHT-OF-WAY,2,5,1.0,0.0,1.0,0.0,0.0,2.0,1,7,8,08/31/2024,2024-08-31,01:50:00
08/31/2024 08:15:00 AM,3.0,3,2,5,5,3,3,3,3,1,4,UNABLE TO DETERMINE,2,2,0.0,0.0,0.0,0.0,0.0,2.0,8,7,8,08/31/2024,2024-08-31,08:15:00
08/31/2024 06:29:00 PM,5.0,3,2,5,5,3,3,3,3,1,4,DRIVING SKILLS/KNOWLEDGE/EXPERIENCE,2,2,0.0,0.0,0.0,0.0,0.0,3.0,18,7,8,08/31/2024,2024-08-31,18:29:00
08/23/2024 08:30:00 AM,7.0,3,2,5,6,3,3,3,3,1,4,FAILING TO YIELD RIGHT-OF-WAY,2,2,0.0,0.0,0.0,0.0,0.0,2.0,8,6,8,08/23/2024,2024-08-23,08:30:00
08/31/2024 06:10:00 PM,5.0,3,2,14,5,3,3,3,2,1,4,IMPROPER LANE USAGE,2,2,0.0,0.0,0.0,0.0,0.0,2.0,18,7,8,08/31/2024,2024-08-31,18:10:00
08/30/2024 08:09:00 PM,7.0,3,5,5,5,3,3,3,2,1,4,UNABLE TO DETERMINE,2,2,0.0,0.0,0.0,0.0,0.0,2.0,20,6,8,08/30/2024,2024-08-30,20:09:00
08/31/2024 12:15:00 PM,5.0,3,2,6,6,3,3,3,3,1,4,FAILING TO YIELD RIGHT-OF-WAY,2,2,0.0,0.0,0.0,0.0,0.0,3.0,12,7,8,08/31/2024,2024-08-31,12:15:00
08/30/2024 07:42:00 AM,5.0,3,2,6,4,3,3,1,3,1,4,DISREGARDING TRAFFIC SIGNALS,2,2,0.0,0.0,0.0,0.0,0.0,2.0,7,6,8,08/30/2024,2024-08-30,07:42:00
08/31/2024 07:55:00 PM,5.0,3,5,14,5,3,3,3,3,1,2,FAILING TO YIELD RIGHT-OF-WAY,2,4,1.0,0.0,0.0,1.0,0.0,1.0,19,7,8,08/31/2024,2024-08-31,19:55:00
08/30/2024 05:25:00 PM,3.0,3,2,4,6,3,3,3,2,0,4,FAILING TO YIELD RIGHT-OF-WAY,2,2,0.0,0.0,0.0,0.0,0.0,2.0,17,6,8,08/30/2024,2024-08-30,17:25:00
08/31/2024 02:21:00 AM,5.0,3,5,5,5,3,3,1,3,1,4,DISREGARDING TRAFFIC SIGNALS,2,3,1.0,0.0,0.0,0.0,1.0,1.0,2,7,8,08/31/2024,2024-08-31,02:21:00
09/01/2024 01:07:00 AM,5.0,3,5,5,5,3,3,3,3,1,4,EQUIPMENT - VEHICLE CONDITION,2,2,0.0,0.0,0.0,0.0,0.0,2.0,1,1,9,09/01/2024,2024-09-01,01:07:00
08/28/2024 03:58:00 PM,7.0,3,2,6,6,3,3,3,2,1,3,IMPROPER TURNING/NO SIGNAL,2,2,0.0,0.0,0.0,0.0,0.0,4.0,15,4,8,08/28/2024,2024-08-28,15:58:00
08/30/2024 04:00:00 PM,5.0,3,2,6,5,3,3,3,2,1,4,IMPROPER TURNING/NO SIGNAL,2,2,0.0,0.0,0.0,0.0,0.0,2.0,16,6,8,08/30/2024,2024-08-30,16:00:00
08/31/2024 06:07:00 PM,7.0,3,2,5,5,3,3,3,3,1,4,DISREGARDING STOP SIGN,2,2,0.0,0.0,0.0,0.0,0.0,2.0,18,7,8,08/31/2024,2024-08-31,18:07:00
08/31/2024 07:07:00 PM,5.0,3,5,3,6,3,3,1,2,0,4,FAILING TO YIELD RIGHT-OF-WAY,2,2,0.0,0.0,0.0,0.0,0.0,2.0,19,7,8,08/31/2024,2024-08-31,19:07:00
08/27/2024 06:28:00 PM,4.0,3,2,5,9,6,3,3,2,1,4,FAILING TO YIELD RIGHT-OF-WAY,2,2,0.0,0.0,0.0,0.0,0.0,2.0,18,3,8,08/27/2024,2024-08-27,18:28:00
08/31/2024 01:43:00 AM,5.0,3,5,4,4,3,1,1,2,1,3,FOLLOWING TOO CLOSELY,2,2,0.0,0.0,0.0,0.0,0.0,2.0,1,7,8,08/31/2024,2024-08-31,01:43:00
08/01/2024 12:30:00 PM,5.0,3,2,3,5,3,1,1,2,1,2,UNABLE TO DETERMINE,2,2,0.0,0.0,0.0,0.0,0.0,2.0,12,5,8,08/01/2024,2024-08-01,12:30:00
08/19/2024 10:30:00 AM,5.0,3,2,6,4,3,3,3,2,1,4,IMPROPER TURNING/NO SIGNAL,2,2,0.0,0.0,0.0,0.0,0.0,2.0,10,2,8,08/19/2024,2024-08-19,10:30:00
09/01/2024 12:00:00 AM,1.0,3,4,6,6,3,3,1,2,1,3,UNABLE TO DETERMINE,2,2,0.0,0.0,0.0,0.0,0.0,3.0,0,1,9,09/01/2024,2024-09-01,00:00:00
08/31/2024 09:55:00 AM,7.0,3,2,5,6,3,3,3,2,1,4,DISREGARDING STOP SIGN,2,2,0.0,0.0,0.0,0.0,0.0,2.0,9,7,8,08/31/2024,2024-08-31,09:55:00
09/01/2024 02:05:00 AM,5.0,3,5,11,5,3,3,1,2,1,3,FOLLOWING TOO CLOSELY,2,2,0.0,0.0,0.0,0.0,0.0,2.0,2,1,9,09/01/2024,2024-09-01,02:05:00
08/31/2024 04:30:00 PM,7.0,3,2,6,4,3,3,3,2,1,4,UNABLE TO DETERMINE,2,2,0.0,0.0,0.0,0.0,0.0,2.0,16,7,8,08/31/2024,2024-08-31,16:30:00
08/30/2024 08:00:00 AM,5.0,3,2,4,6,3,3,3,2,1,4,NOT APPLICABLE,2,2,0.0,0.0,0.0,0.0,0.0,2.0,8,6,8,08/30/2024,2024-08-30,08:00:00
08/31/2024 08:16:00 PM,5.0,3,2,6,5,3,1,1,2,1,4,UNABLE TO DETERMINE,2,2,0.0,0.0,0.0,0.0,0.0,3.0,20,7,8,08/31/2024,2024-08-31,20:16:00
08/31/2024 04:49:00 PM,7.0,3,2,4,4,3,3,3,2,1,4,UNABLE TO DETERMINE,2,2,0.0,0.0,0.0,0.0,0.0,3.0,16,7,8,08/31/2024,2024-08-31,16:49:00
08/17/2024 02:28:00 AM,5.0,3,5,5,4,3,3,3,3,1,4,DISREGARDING TRAFFIC SIGNALS,2,4,1.0,0.0,0.0,1.0,0.0,1.0,2,7,8,08/17/2024,2024-08-17,02:28:00
08/17/2024 08:31:00 AM,5.0,3,2,6,5,3,3,3,3,1,4,UNABLE TO DETERMINE,2,2,0.0,0.0,0.0,0.0,0.0,2.0,8,7,8,08/17/2024,2024-08-17,08:31:00
08/17/2024 05:30:00 PM,7.0,3,2,6,6,3,4,3,2,1,4,UNABLE TO DETERMINE,2,2,0.0,0.0,0.0,0.0,0.0,2.0,17,7,8,08/17/2024,2024-08-17,17:30:00
08/17/2024 03:15:00 PM,5.0,3,2,3,6,3,3,3,2,1,3,IMPROPER OVERTAKING/PASSING,2,2,0.0,0.0,0.0,0.0,0.0,2.0,15,7,8,08/17/2024,2024-08-17,15:15:00
08/17/2024 11:05:00 AM,1.0,3,2,9,5,3,4,3,2,1,4,"VISION OBSCURED (SIGNS, TREE LIMBS, BUILDINGS, ETC.)",2,2,0.0,0.0,0.0,0.0,0.0,2.0,11,7,8,08/17/2024,2024-08-17,11:05:00
08/17/2024 09:05:00 AM,5.0,5,5,4,5,3,4,1,2,1,3,FAILING TO REDUCE SPEED TO AVOID CRASH,2,2,0.0,0.0,0.0,0.0,0.0,3.0,9,7,8,08/17/2024,2024-08-17,09:05:00
08/17/2024 04:50:00 PM,5.0,3,4,6,4,3,3,3,2,1,4,UNABLE TO DETERMINE,2,2,0.0,0.0,0.0,0.0,0.0,2.0,16,7,8,08/17/2024,2024-08-17,16:50:00
08/17/2024 08:44:00 AM,5.0,3,2,5,5,3,3,1,3,1,4,UNABLE TO DETERMINE,2,2,0.0,0.0,0.0,0.0,0.0,2.0,8,7,8,08/17/2024,2024-08-17,08:44:00
08/17/2024 12:25:00 PM,7.0,3,2,5,7,3,4,3,3,1,4,UNABLE TO DETERMINE,2,2,0.0,0.0,0.0,0.0,0.0,2.0,12,7,8,08/17/2024,2024-08-17,12:25:00
08/17/2024 09:36:00 AM,5.0,3,4,6,12,3,4,3,2,1,4,IMPROPER OVERTAKING/PASSING,2,2,0.0,0.0,0.0,0.0,0.0,2.0,9,7,8,08/17/2024,2024-08-17,09:36:00
08/17/2024 06:10:00 PM,3.0,5,2,5,5,3,4,3,3,1,4,FAILING TO YIELD RIGHT-OF-WAY,2,2,0.0,0.0,0.0,0.0,0.0,5.0,18,7,8,08/17/2024,2024-08-17,18:10:00
08/17/2024 07:00:00 AM,5.0,3,2,5,5,3,3,3,3,1,4,NOT APPLICABLE,2,4,1.0,0.0,0.0,1.0,0.0,2.0,7,7,8,08/17/2024,2024-08-17,07:00:00
08/17/2024 10:46:00 AM,7.0,4,2,6,6,3,4,3,3,1,4,"VISION OBSCURED (SIGNS, TREE LIMBS, BUILDINGS, ETC.)",2,2,0.0,0.0,0.0,0.0,0.0,4.0,10,7,8,08/17/2024,2024-08-17,10:46:00
08/17/2024 12:19:00 AM,5.0,3,5,3,5,3,3,3,3,1,4,FAILING TO REDUCE SPEED TO AVOID CRASH,2,2,0.0,0.0,0.0,0.0,0.0,3.0,0,7,8,08/17/2024,2024-08-17,00:19:00
08/17/2024 10:25:00 AM,7.0,4,2,5,5,3,3,3,2,1,4,FAILING TO YIELD RIGHT-OF-WAY,2,2,0.0,0.0,0.0,0.0,0.0,3.0,10,7,8,08/17/2024,2024-08-17,10:25:00
08/28/2024 06:55:00 PM,5.0,3,2,5,7,3,3,3,2,1,4,IMPROPER OVERTAKING/PASSING,2,2,0.0,0.0,0.0,0.0,0.0,3.0,18,4,8,08/28/2024,2024-08-28,18:55:00
08/17/2024 07:40:00 AM,7.0,3,2,6,5,3,3,3,3,1,4,DRIVING SKILLS/KNOWLEDGE/EXPERIENCE,2,2,0.0,0.0,0.0,0.0,0.0,2.0,7,7,8,08/17/2024,2024-08-17,07:40:00
08/17/2024 10:28:00 PM,5.0,3,5,4,5,3,3,3,3,1,4,FOLLOWING TOO CLOSELY,2,3,1.0,0.0,0.0,0.0,1.0,2.0,22,7,8,08/17/2024,2024-08-17,22:28:00
08/17/2024 06:40:00 AM,5.0,3,2,5,4,3,3,3,3,1,4,DISREGARDING TRAFFIC SIGNALS,2,2,0.0,0.0,0.0,0.0,0.0,2.0,6,7,8,08/17/2024,2024-08-17,06:40:00
08/17/2024 11:50:00 PM,3.0,3,5,13,6,3,3,3,3,1,4,FAILING TO YIELD RIGHT-OF-WAY,2,6,1.0,1.0,0.0,0.0,0.0,4.0,23,7,8,08/17/2024,2024-08-17,23:50:00
08/17/2024 10:48:00 PM,7.0,3,5,6,5,3,4,3,2,1,4,UNABLE TO DETERMINE,2,2,0.0,0.0,0.0,0.0,0.0,3.0,22,7,8,08/17/2024,2024-08-17,22:48:00
08/17/2024 03:07:00 PM,5.0,3,2,5,5,3,3,3,3,1,4,FAILING TO YIELD RIGHT-OF-WAY,2,2,0.0,0.0,0.0,0.0,0.0,2.0,15,7,8,08/17/2024,2024-08-17,15:07:00
08/17/2024 10:33:00 PM,7.0,3,5,6,5,3,4,1,3,1,4,FAILING TO YIELD RIGHT-OF-WAY,2,2,0.0,0.0,0.0,0.0,0.0,2.0,22,7,8,08/17/2024,2024-08-17,22:33:00
08/17/2024 12:20:00 AM,7.0,3,5,6,5,3,3,3,2,1,4,FAILING TO YIELD RIGHT-OF-WAY,2,2,0.0,0.0,0.0,0.0,0.0,6.0,0,7,8,08/17/2024,2024-08-17,00:20:00
08/17/2024 07:00:00 PM,5.0,3,2,4,3,3,4,1,2,1,3,UNABLE TO DETERMINE,2,2,0.0,0.0,0.0,0.0,0.0,3.0,19,7,8,08/17/2024,2024-08-17,19:00:00
08/17/2024 03:05:00 PM,7.0,3,2,5,1,3,3,3,3,1,4,UNABLE TO DETERMINE,2,4,1.0,0.0,0.0,1.0,0.0,1.0,15,7,8,08/17/2024,2024-08-17,15:05:00
08/17/2024 04:10:00 PM,5.0,4,2,6,5,3,3,3,2,1,4,DISREGARDING TRAFFIC SIGNALS,2,2,0.0,0.0,0.0,0.0,0.0,3.0,16,7,8,08/17/2024,2024-08-17,16:10:00
08/17/2024 05:11:00 PM,3.0,3,2,14,6,3,3,3,3,0,4,FAILING TO YIELD RIGHT-OF-WAY,2,4,1.0,0.0,0.0,1.0,0.0,2.0,17,7,8,08/17/2024,2024-08-17,17:11:00
08/17/2024 03:00:00 AM,5.0,3,2,6,5,3,3,1,2,1,4,FAILING TO YIELD RIGHT-OF-WAY,2,2,0.0,0.0,0.0,0.0,0.0,2.0,3,7,8,08/17/2024,2024-08-17,03:00:00
08/17/2024 12:15:00 AM,5.0,3,5,4,5,3,4,3,2,1,4,FAILING TO REDUCE SPEED TO AVOID CRASH,2,2,0.0,0.0,0.0,0.0,0.0,2.0,0,7,8,08/17/2024,2024-08-17,00:15:00
08/17/2024 01:10:00 PM,3.0,3,2,4,6,3,3,3,2,0,4,"EVASIVE ACTION DUE TO ANIMAL, OBJECT, NONMOTORIST",2,2,0.0,0.0,0.0,0.0,0.0,7.0,13,7,8,08/17/2024,2024-08-17,13:10:00
08/17/2024 11:58:00 AM,7.0,3,2,5,6,3,3,3,2,1,4,FAILING TO YIELD RIGHT-OF-WAY,2,2,0.0,0.0,0.0,0.0,0.0,3.0,11,7,8,08/17/2024,2024-08-17,11:58:00
08/17/2024 03:44:00 PM,5.0,3,2,5,6,3,3,3,3,1,4,FAILING TO YIELD RIGHT-OF-WAY,2,2,0.0,0.0,0.0,0.0,0.0,5.0,15,7,8,08/17/2024,2024-08-17,15:44:00
08/17/2024 11:46:00 AM,5.0,5,2,5,5,3,4,3,3,1,4,DISREGARDING TRAFFIC SIGNALS,2,2,0.0,0.0,0.0,0.0,0.0,5.0,11,7,8,08/17/2024,2024-08-17,11:46:00
08/17/2024 02:38:00 PM,5.0,3,2,6,7,3,3,3,3,1,4,FAILING TO YIELD RIGHT-OF-WAY,2,4,2.0,0.0,0.0,1.0,1.0,0.0,14,7,8,08/17/2024,2024-08-17,14:38:00
08/17/2024 12:01:00 PM,7.0,5,2,11,4,3,4,3,2,1,4,UNABLE TO DETERMINE,2,2,0.0,0.0,0.0,0.0,0.0,1.0,12,7,8,08/17/2024,2024-08-17,12:01:00
08/17/2024 09:00:00 PM,5.0,5,5,3,4,3,4,1,2,1,4,IMPROPER LANE USAGE,2,2,0.0,0.0,0.0,0.0,0.0,2.0,21,7,8,08/17/2024,2024-08-17,21:00:00
08/17/2024 02:55:00 PM,1.0,3,2,5,5,3,1,1,2,1,4,UNABLE TO DETERMINE,2,2,0.0,0.0,0.0,0.0,0.0,2.0,14,7,8,08/17/2024,2024-08-17,14:55:00
08/17/2024 04:10:00 PM,7.0,5,2,5,5,3,4,3,2,1,4,UNABLE TO DETERMINE,2,2,0.0,0.0,0.0,0.0,0.0,6.0,16,7,8,08/17/2024,2024-08-17,16:10:00
08/17/2024 09:27:00 PM,5.0,3,4,5,1,3,3,3,3,1,4,DISREGARDING TRAFFIC SIGNALS,2,2,0.0,0.0,0.0,0.0,0.0,2.0,21,7,8,08/17/2024,2024-08-17,21:27:00
08/17/2024 09:26:00 AM,5.0,3,2,6,5,3,3,3,3,1,4,UNABLE TO DETERMINE,2,2,0.0,0.0,0.0,0.0,0.0,6.0,9,7,8,08/17/2024,2024-08-17,09:26:00
08/17/2024 05:40:00 PM,3.0,5,2,4,4,3,4,3,2,1,3,EQUIPMENT - VEHICLE CONDITION,2,2,0.0,0.0,0.0,0.0,0.0,2.0,17,7,8,08/17/2024,2024-08-17,17:40:00
08/17/2024 05:30:00 PM,7.0,3,4,4,5,3,3,3,2,1,4,UNABLE TO DETERMINE,2,2,0.0,0.0,0.0,0.0,0.0,2.0,17,7,8,08/17/2024,2024-08-17,17:30:00
08/17/2024 03:50:00 PM,7.0,4,2,6,6,3,4,3,2,1,3,UNABLE TO DETERMINE,2,2,0.0,0.0,0.0,0.0,0.0,2.0,15,7,8,08/17/2024,2024-08-17,15:50:00
08/17/2024 08:20:00 PM,5.0,3,5,3,4,3,4,3,2,1,4,UNABLE TO DETERMINE,2,2,0.0,0.0,0.0,0.0,0.0,2.0,20,7,8,08/17/2024,2024-08-17,20:20:00
08/17/2024 12:50:00 PM,5.0,3,2,6,5,3,3,3,2,1,2,UNABLE TO DETERMINE,2,2,0.0,0.0,0.0,0.0,0.0,2.0,12,7,8,08/17/2024,2024-08-17,12:50:00
08/17/2024 12:30:00 AM,5.0,3,5,4,6,3,3,3,3,1,4,UNABLE TO DETERMINE,2,3,1.0,0.0,0.0,0.0,1.0,1.0,0,7,8,08/17/2024,2024-08-17,00:30:00
08/17/2024 06:47:00 AM,5.0,3,2,13,6,3,3,3,3,1,2,FAILING TO YIELD RIGHT-OF-WAY,2,4,1.0,0.0,0.0,1.0,0.0,2.0,6,7,8,08/17/2024,2024-08-17,06:47:00
08/17/2024 09:17:00 PM,5.0,3,5,13,7,3,4,1,3,1,3,FAILING TO REDUCE SPEED TO AVOID CRASH,2,4,1.0,0.0,0.0,1.0,0.0,2.0,21,7,8,08/17/2024,2024-08-17,21:17:00
08/17/2024 01:30:00 PM,5.0,3,2,6,5,3,3,3,2,1,4,IMPROPER OVERTAKING/PASSING,2,2,0.0,0.0,0.0,0.0,0.0,2.0,13,7,8,08/17/2024,2024-08-17,13:30:00
08/17/2024 06:26:00 PM,5.0,5,2,13,5,3,4,3,3,1,2,FAILING TO YIELD RIGHT-OF-WAY,2,4,1.0,0.0,0.0,1.0,0.0,1.0,18,7,8,08/17/2024,2024-08-17,18:26:00
08/17/2024 10:00:00 PM,5.0,3,5,3,5,3,1,1,2,1,4,UNABLE TO DETERMINE,2,2,0.0,0.0,0.0,0.0,0.0,2.0,22,7,8,08/17/2024,2024-08-17,22:00:00
08/17/2024 02:00:00 PM,5.0,3,2,4,4,3,3,3,2,1,4,UNABLE TO DETERMINE,2,2,0.0,0.0,0.0,0.0,0.0,2.0,14,7,8,08/17/2024,2024-08-17,14:00:00
08/17/2024 10:25:00 PM,5.0,3,5,6,3,3,1,1,2,1,4,DRIVING SKILLS/KNOWLEDGE/EXPERIENCE,2,2,0.0,0.0,0.0,0.0,0.0,2.0,22,7,8,08/17/2024,2024-08-17,22:25:00
08/17/2024 08:14:00 PM,5.0,5,5,4,5,5,4,3,2,1,4,FAILING TO REDUCE SPEED TO AVOID CRASH,2,2,0.0,0.0,0.0,0.0,0.0,2.0,20,7,8,08/17/2024,2024-08-17,20:14:00
08/17/2024 01:53:00 PM,5.0,5,2,5,5,3,4,1,3,1,4,DISREGARDING TRAFFIC SIGNALS,2,3,1.0,0.0,0.0,0.0,1.0,3.0,13,7,8,08/17/2024,2024-08-17,13:53:00
08/17/2024 09:00:00 PM,1.0,5,5,6,14,3,4,1,2,1,4,UNABLE TO DETERMINE,2,2,0.0,0.0,0.0,0.0,0.0,2.0,21,7,8,08/17/2024,2024-08-17,21:00:00
08/17/2024 08:28:00 PM,5.0,3,5,4,3,3,3,3,2,1,4,UNABLE TO DETERMINE,2,2,0.0,0.0,0.0,0.0,0.0,3.0,20,7,8,08/17/2024,2024-08-17,20:28:00
08/17/2024 10:00:00 AM,3.0,3,2,4,6,3,3,3,2,0,3,UNABLE TO DETERMINE,2,2,0.0,0.0,0.0,0.0,0.0,2.0,10,7,8,08/17/2024,2024-08-17,10:00:00
08/17/2024 02:30:00 PM,7.0,5,2,6,7,3,4,1,3,1,4,WEATHER,2,2,0.0,0.0,0.0,0.0,0.0,5.0,14,7,8,08/17/2024,2024-08-17,14:30:00
08/17/2024 08:05:00 AM,5.0,3,2,6,6,3,3,3,2,1,3,IMPROPER TURNING/NO SIGNAL,2,2,0.0,0.0,0.0,0.0,0.0,2.0,8,7,8,08/17/2024,2024-08-17,08:05:00
08/17/2024 11:03:00 AM,7.0,3,2,10,6,3,4,3,2,0,2,UNABLE TO DETERMINE,2,2,0.0,0.0,0.0,0.0,0.0,2.0,11,7,8,08/17/2024,2024-08-17,11:03:00
08/17/2024 07:15:00 AM,5.0,3,2,4,6,3,3,3,2,0,4,FAILING TO REDUCE SPEED TO AVOID CRASH,2,2,0.0,0.0,0.0,0.0,0.0,2.0,7,7,8,08/17/2024,2024-08-17,07:15:00
08/17/2024 07:35:00 PM,5.0,4,4,5,5,3,4,3,2,1,3,NOT APPLICABLE,2,2,0.0,0.0,0.0,0.0,0.0,2.0,19,7,8,08/17/2024,2024-08-17,19:35:00
08/25/2024 09:40:00 AM,7.0,3,2,6,3,3,3,3,3,1,4,FAILING TO YIELD RIGHT-OF-WAY,2,3,1.0,0.0,0.0,0.0,1.0,1.0,9,1,8,08/25/2024,2024-08-25,09:40:00