crash_date,traffic_control_device,weather_condition,lighting_condition,first_crash_type,trafficway_type,alignment,roadway_surface_cond,road_defect,crash_type,intersection_related_i,damage,prim_contributory_cause,num_units,most_severe_injury,injuries_total,injuries_fatal,injuries_incapacitating,injuries_non_incapacitating,injuries_reported_not_evident,injuries_no_indication,crash_hour,crash_day_of_week,crash_month,parsed_datetime,date,time
08/23/2024 06:14:00 PM,5.0,3,2,4,6,3,1,1,2,0,4,UNABLE TO DETERMINE,2,2,0.0,0.0,0.0,0.0,0.0,2.0,18,6,8,08/23/2024,2024-08-23,18:14:00
09/01/2024 07:50:00 AM,5.0,3,2,6,4,3,3,1,2,1,4,IMPROPER TURNING/NO SIGNAL,2,2,0.0,0.0,0.0,0.0,0.0,2.0,7,1,9,09/01/2024,2024-09-01,07:50:00
09/01/2024 11:56:00 PM,5.0,3,5,6,5,3,3,3,3,1,4,UNABLE TO DETERMINE,2,3,1.0,0.0,0.0,0.0,1.0,2.0,23,1,9,09/01/2024,2024-09-01,23:56:00
07/11/2024 02:17:00 PM,3.0,3,2,10,6,3,3,3,2,1,3,NOT APPLICABLE,2,2,0.0,0.0,0.0,0.0,0.0,2.0,14,5,7,07/11/2024,2024-07-11,14:17:00
09/01/2024 03:38:00 AM,3.0,3,5,6,6,3,3,3,3,1,4,FOLLOWING TOO CLOSELY,2,4,2.0,0.0,0.0,1.0,1.0,2.0,3,1,9,09/01/2024,2024-09-01,03:38:00
09/01/2024 03:30:00 PM,7.0,3,2,3,6,3,1,1,2,1,3,FAILING TO YIELD RIGHT-OF-WAY,2,2,0.0,0.0,0.0,0.0,0.0,2.0,15,1,9,09/01/2024,2024-09-01,15:30:00
09/01/2024 05:59:00 PM,3.0,3,4,4,5,3,3,3,2,1,2,DRIVING SKILLS/KNOWLEDGE/EXPERIENCE,2,2,0.0,0.0,0.0,0.0,0.0,2.0,17,1,9,09/01/2024,2024-09-01,17:59:00
09/01/2024 02:38:00 AM,5.0,3,5,7,5,3,3,3,3,1,4,DISREGARDING TRAFFIC SIGNALS,2,4,2.0,0.0,0.0,2.0,0.0,1.0,2,1,9,09/01/2024,2024-09-01,02:38:00
08/29/2024 03:00:00 PM,4.0,3,2,5,17,3,3,3,2,0,4,FAILING TO YIELD RIGHT-OF-WAY,2,2,0.0,0.0,0.0,0.0,0.0,2.0,15,5,8,08/29/2024,2024-08-29,15:00:00
09/01/2024 02:55:00 PM,5.0,3,2,14,6,3,3,3,3,1,2,UNABLE TO DETERMINE,2,5,1.0,0.0,1.0,0.0,0.0,1.0,14,1,9,09/01/2024,2024-09-01,14:55:00
09/01/2024 11:00:00 AM,5.0,3,2,5,6,3,3,3,2,1,4,UNABLE TO DETERMINE,2,2,0.0,0.0,0.0,0.0,0.0,2.0,11,1,9,09/01/2024,2024-09-01,11:00:00
09/02/2024 12:40:00 AM,5.0,3,5,8,5,3,3,3,2,1,4,FAILING TO REDUCE SPEED TO AVOID CRASH,2,2,0.0,0.0,0.0,0.0,0.0,6.0,0,2,9,09/02/2024,2024-09-02,00:40:00
08/30/2024 04:40:00 PM,1.0,3,2,8,6,3,3,3,2,0,4,FOLLOWING TOO CLOSELY,2,2,0.0,0.0,0.0,0.0,0.0,3.0,16,6,8,08/30/2024,2024-08-30,16:40:00
09/01/2024 01:30:00 AM,5.0,3,5,5,5,3,3,3,3,1,4,DISREGARDING TRAFFIC SIGNALS,2,4,1.0,0.0,0.0,1.0,0.0,2.0,1,1,9,09/01/2024,2024-09-01,01:30:00
09/01/2024 10:50:00 AM,5.0,3,2,14,5,3,3,3,3,1,4,FAILING TO YIELD RIGHT-OF-WAY,2,4,1.0,0.0,0.0,1.0,0.0,1.0,10,1,9,09/01/2024,2024-09-01,10:50:00
08/30/2024 11:30:00 PM,3.0,3,5,5,5,4,3,3,3,1,4,DISTRACTION - FROM OUTSIDE VEHICLE,2,3,1.0,0.0,0.0,0.0,1.0,1.0,23,6,8,08/30/2024,2024-08-30,23:30:00
09/01/2024 09:31:00 AM,5.0,3,2,6,1,3,3,3,2,1,4,DISREGARDING TRAFFIC SIGNALS,2,2,0.0,0.0,0.0,0.0,0.0,4.0,9,1,9,09/01/2024,2024-09-01,09:31:00
08/30/2024 02:30:00 PM,7.0,3,2,5,5,3,3,3,2,1,4,FAILING TO YIELD RIGHT-OF-WAY,2,2,0.0,0.0,0.0,0.0,0.0,2.0,14,6,8,08/30/2024,2024-08-30,14:30:00
09/01/2024 02:30:00 PM,5.0,3,2,4,5,3,3,1,3,1,4,FAILING TO YIELD RIGHT-OF-WAY,2,3,2.0,0.0,0.0,0.0,2.0,4.0,14,1,9,09/01/2024,2024-09-01,14:30:00
09/01/2024 07:34:00 AM,5.0,3,2,5,6,3,3,3,3,1,4,DISREGARDING TRAFFIC SIGNALS,2,4,1.0,0.0,0.0,1.0,0.0,1.0,7,1,9,09/01/2024,2024-09-01,07:34:00
09/01/2024 09:05:00 PM,7.0,3,5,6,5,3,3,1,2,1,4,DISREGARDING STOP SIGN,2,2,0.0,0.0,0.0,0.0,0.0,2.0,21,1,9,09/01/2024,2024-09-01,21:05:00
08/31/2024 09:20:00 PM,5.0,3,5,4,6,3,1,1,2,1,4,FOLLOWING TOO CLOSELY,2,2,0.0,0.0,0.0,0.0,0.0,2.0,21,7,8,08/31/2024,2024-08-31,21:20:00
08/29/2024 06:25:00 PM,5.0,3,4,3,6,3,3,3,2,1,3,IMPROPER LANE USAGE,2,2,0.0,0.0,0.0,0.0,0.0,3.0,18,5,8,08/29/2024,2024-08-29,18:25:00
08/27/2024 08:30:00 PM,7.0,5,5,5,5,5,4,3,2,1,4,UNABLE TO DETERMINE,2,2,0.0,0.0,0.0,0.0,0.0,2.0,20,3,8,08/27/2024,2024-08-27,20:30:00
08/31/2024 06:30:00 PM,7.0,3,2,14,4,3,3,3,3,1,2,FAILING TO YIELD RIGHT-OF-WAY,2,4,1.0,0.0,0.0,1.0,0.0,1.0,18,7,8,08/31/2024,2024-08-31,18:30:00
09/01/2024 03:15:00 PM,5.0,3,2,6,5,3,1,1,2,1,4,UNABLE TO DETERMINE,2,2,0.0,0.0,0.0,0.0,0.0,3.0,15,1,9,09/01/2024,2024-09-01,15:15:00
09/01/2024 10:15:00 AM,3.0,3,2,4,7,3,3,3,2,1,3,FOLLOWING TOO CLOSELY,2,2,0.0,0.0,0.0,0.0,0.0,3.0,10,1,9,09/01/2024,2024-09-01,10:15:00
08/31/2024 05:20:00 PM,5.0,3,2,4,5,3,3,3,2,1,4,FOLLOWING TOO CLOSELY,2,2,0.0,0.0,0.0,0.0,0.0,5.0,17,7,8,08/31/2024,2024-08-31,17:20:00
09/01/2024 02:47:00 PM,1.0,3,2,3,6,3,3,1,2,1,4,UNABLE TO DETERMINE,2,2,0.0,0.0,0.0,0.0,0.0,2.0,14,1,9,09/01/2024,2024-09-01,14:47:00
09/01/2024 12:07:00 PM,5.0,3,2,6,5,3,3,3,2,1,3,IMPROPER TURNING/NO SIGNAL,2,2,0.0,0.0,0.0,0.0,0.0,2.0,12,1,9,09/01/2024,2024-09-01,12:07:00
09/01/2024 07:02:00 PM,5.0,3,5,11,10,3,3,3,2,0,4,FAILING TO YIELD RIGHT-OF-WAY,2,2,0.0,0.0,0.0,0.0,0.0,4.0,19,1,9,09/01/2024,2024-09-01,19:02:00
08/31/2024 01:40:00 PM,5.0,3,2,6,5,3,3,3,3,1,4,FAILING TO YIELD RIGHT-OF-WAY,2,2,0.0,0.0,0.0,0.0,0.0,4.0,13,7,8,08/31/2024,2024-08-31,13:40:00
09/01/2024 02:00:00 AM,5.0,3,5,5,13,3,3,3,3,1,4,FAILING TO YIELD RIGHT-OF-WAY,2,2,0.0,0.0,0.0,0.0,0.0,5.0,2,1,9,09/01/2024,2024-09-01,02:00:00
08/18/2024 01:25:00 PM,1.0,3,2,13,5,3,3,3,3,1,2,UNABLE TO DETERMINE,2,4,2.0,0.0,0.0,2.0,0.0,0.0,13,1,8,08/18/2024,2024-08-18,13:25:00
08/18/2024 11:05:00 AM,7.0,3,2,14,5,3,3,3,2,1,2,FAILING TO YIELD RIGHT-OF-WAY,2,2,0.0,0.0,0.0,0.0,0.0,2.0,11,1,8,08/18/2024,2024-08-18,11:05:00
08/18/2024 02:20:00 PM,5.0,3,2,6,5,3,3,3,2,1,4,UNABLE TO DETERMINE,2,2,0.0,0.0,0.0,0.0,0.0,2.0,14,1,8,08/18/2024,2024-08-18,14:20:00
08/18/2024 01:00:00 AM,5.0,3,4,3,6,3,3,3,2,1,3,IMPROPER LANE USAGE,2,2,0.0,0.0,0.0,0.0,0.0,2.0,1,1,8,08/18/2024,2024-08-18,01:00:00
08/18/2024 06:28:00 PM,5.0,3,2,5,5,3,3,3,3,1,4,DISREGARDING TRAFFIC SIGNALS,2,4,2.0,0.0,0.0,2.0,0.0,1.0,18,1,8,08/18/2024,2024-08-18,18:28:00
08/18/2024 12:40:00 AM,7.0,3,5,14,5,3,3,3,3,0,3,UNABLE TO DETERMINE,2,3,1.0,0.0,0.0,0.0,1.0,2.0,0,1,8,08/18/2024,2024-08-18,00:40:00
08/18/2024 12:30:00 AM,3.0,3,5,3,6,3,3,3,2,1,4,UNABLE TO DETERMINE,2,2,0.0,0.0,0.0,0.0,0.0,3.0,0,1,8,08/18/2024,2024-08-18,00:30:00
08/18/2024 06:00:00 PM,5.0,3,2,13,6,3,3,3,3,1,2,FAILING TO YIELD RIGHT-OF-WAY,2,4,1.0,0.0,0.0,1.0,0.0,1.0,18,1,8,08/18/2024,2024-08-18,18:00:00
08/18/2024 03:00:00 AM,5.0,3,5,3,5,3,3,3,2,1,4,UNABLE TO DETERMINE,2,2,0.0,0.0,0.0,0.0,0.0,2.0,3,1,8,08/18/2024,2024-08-18,03:00:00
08/18/2024 05:30:00 PM,5.0,3,2,6,5,3,3,3,2,1,4,IMPROPER OVERTAKING/PASSING,2,2,0.0,0.0,0.0,0.0,0.0,2.0,17,1,8,08/18/2024,2024-08-18,17:30:00
08/18/2024 02:36:00 PM,5.0,3,2,5,3,3,3,3,3,1,4,DISREGARDING TRAFFIC SIGNALS,2,2,0.0,0.0,0.0,0.0,0.0,2.0,14,1,8,08/18/2024,2024-08-18,14:36:00
08/18/2024 03:00:00 AM,7.0,3,5,6,6,3,3,3,2,1,4,IMPROPER TURNING/NO SIGNAL,2,2,0.0,0.0,0.0,0.0,0.0,2.0,3,1,8,08/18/2024,2024-08-18,03:00:00
08/18/2024 01:00:00 AM,7.0,3,5,5,6,3,3,3,3,1,4,NOT APPLICABLE,2,4,2.0,0.0,0.0,2.0,0.0,1.0,1,1,8,08/18/2024,2024-08-18,01:00:00
08/18/2024 03:32:00 AM,5.0,2,5,5,5,3,4,3,3,1,4,DISREGARDING TRAFFIC SIGNALS,2,2,0.0,0.0,0.0,0.0,0.0,3.0,3,1,8,08/18/2024,2024-08-18,03:32:00
08/18/2024 12:30:00 PM,5.0,3,2,3,4,3,3,3,3,0,4,DISTRACTION - FROM INSIDE VEHICLE,2,2,0.0,0.0,0.0,0.0,0.0,2.0,12,1,8,08/18/2024,2024-08-18,12:30:00
08/18/2024 02:54:00 PM,5.0,3,2,3,5,3,3,3,2,1,4,UNABLE TO DETERMINE,2,2,0.0,0.0,0.0,0.0,0.0,2.0,14,1,8,08/18/2024,2024-08-18,14:54:00
08/18/2024 04:51:00 AM,5.0,3,5,7,5,3,3,3,3,1,4,DISREGARDING TRAFFIC SIGNALS,2,2,0.0,0.0,0.0,0.0,0.0,3.0,4,1,8,08/18/2024,2024-08-18,04:51:00
08/18/2024 01:46:00 AM,5.0,3,5,6,5,3,3,3,3,1,4,UNABLE TO DETERMINE,2,2,0.0,0.0,0.0,0.0,0.0,2.0,1,1,8,08/18/2024,2024-08-18,01:46:00
08/18/2024 08:25:00 PM,5.0,3,5,6,3,3,3,3,2,1,3,UNABLE TO DETERMINE,2,2,0.0,0.0,0.0,0.0,0.0,5.0,20,1,8,08/18/2024,2024-08-18,20:25:00
08/18/2024 07:18:00 AM,7.0,3,2,6,5,3,3,1,2,1,2,NOT APPLICABLE,2,2,0.0,0.0,0.0,0.0,0.0,7.0,7,1,8,08/18/2024,2024-08-18,07:18:00
08/18/2024 01:10:00 PM,5.0,3,2,5,5,3,3,3,3,1,4,UNABLE TO DETERMINE,2,5,2.0,0.0,1.0,1.0,0.0,0.0,13,1,8,08/18/2024,2024-08-18,13:10:00
08/18/2024 04:35:00 PM,5.0,3,2,5,6,3,3,3,2,1,4,DISREGARDING STOP SIGN,2,2,0.0,0.0,0.0,0.0,0.0,3.0,16,1,8,08/18/2024,2024-08-18,16:35:00
08/18/2024 12:08:00 AM,5.0,3,5,5,6,3,3,3,2,1,4,FAILING TO YIELD RIGHT-OF-WAY,2,2,0.0,0.0,0.0,0.0,0.0,2.0,0,1,8,08/18/2024,2024-08-18,00:08:00
08/18/2024 03:48:00 PM,3.0,3,2,6,4,3,3,3,3,0,4,FAILING TO YIELD RIGHT-OF-WAY,2,2,0.0,0.0,0.0,0.0,0.0,4.0,15,1,8,08/18/2024,2024-08-18,15:48:00
08/18/2024 10:55:00 PM,5.0,3,5,6,4,3,3,3,3,1,4,DISREGARDING TRAFFIC SIGNALS,2,2,0.0,0.0,0.0,0.0,0.0,2.0,22,1,8,08/18/2024,2024-08-18,22:55:00
08/18/2024 04:55:00 PM,7.0,3,2,5,7,3,3,3,2,1,4,FAILING TO YIELD RIGHT-OF-WAY,2,2,0.0,0.0,0.0,0.0,0.0,2.0,16,1,8,08/18/2024,2024-08-18,16:55:00
08/18/2024 07:10:00 AM,5.0,3,2,6,6,3,3,3,2,1,3,FAILING TO YIELD RIGHT-OF-WAY,2,2,0.0,0.0,0.0,0.0,0.0,2.0,7,1,8,08/18/2024,2024-08-18,07:10:00
08/18/2024 06:46:00 PM,3.0,3,2,6,5,3,3,3,3,1,4,UNDER THE INFLUENCE OF ALCOHOL/DRUGS (USE WHEN ARREST IS EFFECTED),2,4,2.0,0.0,0.0,2.0,0.0,0.0,18,1,8,08/18/2024,2024-08-18,18:46:00
08/18/2024 09:38:00 PM,3.0,3,5,11,5,3,3,3,2,1,3,UNABLE TO DETERMINE,2,2,0.0,0.0,0.0,0.0,0.0,1.0,21,1,8,08/18/2024,2024-08-18,21:38:00
08/18/2024 12:59:00 PM,5.0,3,2,4,6,3,3,3,3,1,4,FOLLOWING TOO CLOSELY,2,2,0.0,0.0,0.0,0.0,0.0,2.0,12,1,8,08/18/2024,2024-08-18,12:59:00
08/18/2024 12:46:00 PM,7.0,4,2,5,7,3,3,3,3,1,4,FAILING TO YIELD RIGHT-OF-WAY,2,2,0.0,0.0,0.0,0.0,0.0,2.0,12,1,8,08/18/2024,2024-08-18,12:46:00
08/18/2024 11:30:00 PM,1.0,3,5,3,5,3,1,1,2,1,4,UNABLE TO DETERMINE,2,2,0.0,0.0,0.0,0.0,0.0,5.0,23,1,8,08/18/2024,2024-08-18,23:30:00
08/18/2024 02:50:00 AM,5.0,3,5,5,3,3,3,3,3,1,4,IMPROPER LANE USAGE,2,2,0.0,0.0,0.0,0.0,0.0,2.0,2,1,8,08/18/2024,2024-08-18,02:50:00
08/18/2024 01:14:00 AM,5.0,3,5,5,6,3,3,3,3,1,4,DISREGARDING TRAFFIC SIGNALS,2,2,0.0,0.0,0.0,0.0,0.0,7.0,1,1,8,08/18/2024,2024-08-18,01:14:00
08/18/2024 02:40:00 PM,5.0,3,2,5,6,3,3,3,2,1,4,UNABLE TO DETERMINE,2,2,0.0,0.0,0.0,0.0,0.0,2.0,14,1,8,08/18/2024,2024-08-18,14:40:00
08/18/2024 08:30:00 PM,5.0,3,5,6,4,3,3,1,2,1,4,DRIVING SKILLS/KNOWLEDGE/EXPERIENCE,2,2,0.0,0.0,0.0,0.0,0.0,4.0,20,1,8,08/18/2024,2024-08-18,20:30:00
08/18/2024 09:02:00 AM,7.0,3,2,5,5,3,3,3,2,1,4,FAILING TO YIELD RIGHT-OF-WAY,2,2,0.0,0.0,0.0,0.0,0.0,2.0,9,1,8,08/18/2024,2024-08-18,09:02:00
08/18/2024 08:09:00 AM,7.0,3,2,5,5,3,3,1,3,1,4,FAILING TO YIELD RIGHT-OF-WAY,2,3,1.0,0.0,0.0,0.0,1.0,2.0,8,1,8,08/18/2024,2024-08-18,08:09:00
08/18/2024 02:30:00 AM,5.0,3,5,6,5,3,3,3,3,1,4,UNABLE TO DETERMINE,2,2,0.0,0.0,0.0,0.0,0.0,2.0,2,1,8,08/18/2024,2024-08-18,02:30:00
08/18/2024 01:00:00 PM,7.0,4,2,6,6,3,3,3,3,1,4,FAILING TO YIELD RIGHT-OF-WAY,2,2,0.0,0.0,0.0,0.0,0.0,2.0,13,1,8,08/18/2024,2024-08-18,13:00:00
08/18/2024 12:50:00 AM,5.0,3,5,5,5,3,3,1,3,1,4,DISREGARDING TRAFFIC SIGNALS,2,2,0.0,0.0,0.0,0.0,0.0,3.0,0,1,8,08/18/2024,2024-08-18,00:50:00
08/18/2024 10:49:00 PM,5.0,3,5,4,2,3,3,3,3,0,4,UNABLE TO DETERMINE,2,3,1.0,0.0,0.0,0.0,1.0,1.0,22,1,8,08/18/2024,2024-08-18,22:49:00
08/18/2024 06:30:00 PM,7.0,3,2,5,5,3,3,3,2,1,4,FAILING TO YIELD RIGHT-OF-WAY,2,2,0.0,0.0,0.0,0.0,0.0,2.0,18,1,8,08/18/2024,2024-08-18,18:30:00
08/18/2024 01:30:00 AM,5.0,3,5,6,5,3,4,3,3,1,4,DISTRACTION - FROM INSIDE VEHICLE,2,2,0.0,0.0,0.0,0.0,0.0,2.0,1,1,8,08/18/2024,2024-08-18,01:30:00
08/18/2024 02:20:00 PM,5.0,3,2,4,4,3,3,3,3,1,4,FOLLOWING TOO CLOSELY,2,3,1.0,0.0,0.0,0.0,1.0,3.0,14,1,8,08/18/2024,2024-08-18,14:20:00
08/18/2024 07:47:00 PM,5.0,3,2,6,6,3,3,3,3,1,4,IMPROPER TURNING/NO SIGNAL,2,2,0.0,0.0,0.0,0.0,0.0,2.0,19,1,8,08/18/2024,2024-08-18,19:47:00
08/18/2024 10:04:00 AM,5.0,3,2,3,4,3,3,1,2,1,2,FAILING TO YIELD RIGHT-OF-WAY,2,2,0.0,0.0,0.0,0.0,0.0,3.0,10,1,8,08/18/2024,2024-08-18,10:04:00
08/18/2024 04:15:00 PM,5.0,3,2,6,4,3,3,3,2,1,4,FAILING TO YIELD RIGHT-OF-WAY,2,2,0.0,0.0,0.0,0.0,0.0,2.0,16,1,8,08/18/2024,2024-08-18,16:15:00
08/18/2024 07:15:00 PM,5.0,3,4,4,5,3,3,3,2,1,4,UNABLE TO DETERMINE,2,2,0.0,0.0,0.0,0.0,0.0,3.0,19,1,8,08/18/2024,2024-08-18,19:15:00
08/18/2024 02:30:00 PM,5.0,3,2,4,6,3,3,3,3,1,4,UNABLE TO DETERMINE,2,3,1.0,0.0,0.0,0.0,1.0,2.0,14,1,8,08/18/2024,2024-08-18,14:30:00
08/18/2024 12:49:00 AM,5.0,3,5,9,5,3,3,1,2,1,4,DISREGARDING TRAFFIC SIGNALS,2,2,0.0,0.0,0.0,0.0,0.0,4.0,0,1,8,08/18/2024,2024-08-18,00:49:00
08/18/2024 03:12:00 PM,5.0,3,2,5,5,3,3,3,3,1,4,DISREGARDING TRAFFIC SIGNALS,2,4,1.0,0.0,0.0,1.0,0.0,1.0,15,1,8,08/18/2024,2024-08-18,15:12:00
08/18/2024 06:30:00 PM,5.0,3,2,4,5,3,3,3,2,1,4,UNABLE TO DETERMINE,2,2,0.0,0.0,0.0,0.0,0.0,2.0,18,1,8,08/18/2024,2024-08-18,18:30:00
08/18/2024 08:42:00 PM,5.0,3,5,3,5,3,3,3,2,1,4,IMPROPER OVERTAKING/PASSING,2,2,0.0,0.0,0.0,0.0,0.0,2.0,20,1,8,08/18/2024,2024-08-18,20:42:00
08/18/2024 02:40:00 AM,5.0,3,5,6,6,3,3,2,3,1,4,UNABLE TO DETERMINE,2,2,0.0,0.0,0.0,0.0,0.0,5.0,2,1,8,08/18/2024,2024-08-18,02:40:00
08/18/2024 08:30:00 AM,7.0,3,2,4,4,3,3,3,2,1,4,FAILING TO YIELD RIGHT-OF-WAY,2,2,0.0,0.0,0.0,0.0,0.0,2.0,8,1,8,08/18/2024,2024-08-18,08:30:00
09/02/2024 02:08:00 AM,5.0,3,5,6,5,3,3,1,3,1,4,IMPROPER TURNING/NO SIGNAL,2,4,2.0,0.0,0.0,2.0,0.0,0.0,2,2,9,09/02/2024,2024-09-02,02:08:00
09/01/2024 10:20:00 PM,7.0,3,5,5,5,3,3,3,2,1,4,FAILING TO YIELD RIGHT-OF-WAY,2,2,0.0,0.0,0.0,0.0,0.0,2.0,22,1,9,09/01/2024,2024-09-01,22:20:00
09/02/2024 02:30:00 PM,3.0,3,2,6,4,3,3,3,2,1,3,UNABLE TO DETERMINE,2,2,0.0,0.0,0.0,0.0,0.0,2.0,14,2,9,09/02/2024,2024-09-02,14:30:00
09/02/2024 06:32:00 AM,5.0,3,2,6,5,3,3,1,3,1,4,IMPROPER TURNING/NO SIGNAL,2,2,0.0,0.0,0.0,0.0,0.0,2.0,6,2,9,09/02/2024,2024-09-02,06:32:00
09/02/2024 07:15:00 PM,3.0,3,5,6,5,3,3,3,2,1,2,DRIVING ON WRONG SIDE/WRONG WAY,2,2,0.0,0.0,0.0,0.0,0.0,2.0,19,2,9,09/02/2024,2024-09-02,19:15:00
09/02/2024 08:41:00 PM,5.0,3,5,13,5,3,3,3,3,1,4,UNABLE TO DETERMINE,2,4,1.0,0.0,0.0,1.0,0.0,1.0,20,2,9,09/02/2024,2024-09-02,20:41:00
08/31/2024 11:55:00 PM,5.0,3,5,5,1,3,3,3,3,1,4,DISREGARDING TRAFFIC SIGNALS,2,4,2.0,0.0,0.0,2.0,0.0,1.0,23,7,8,08/31/2024,2024-08-31,23:55:00
09/01/2024 08:46:00 PM,5.0,3,5,6,5,3,3,3,3,1,4,FAILING TO YIELD RIGHT-OF-WAY,2,4,1.0,0.0,0.0,1.0,0.0,2.0,20,1,9,09/01/2024,2024-09-01,20:46:00
09/02/2024 08:15:00 PM,7.0,3,5,6,5,3,3,3,3,1,4,FAILING TO YIELD RIGHT-OF-WAY,2,4,1.0,0.0,0.0,1.0,0.0,1.0,20,2,9,09/02/2024,2024-09-02,20:15:00
08/13/2024 06:50:00 AM,5.0,3,2,13,6,3,3,3,3,1,4,UNABLE TO DETERMINE,2,4,1.0,0.0,0.0,1.0,0.0,1.0,6,3,8,08/13/2024,2024-08-13,06:50:00
09/01/2024 10:04:00 PM,7.0,3,5,11,6,3,3,3,2,1,4,NOT APPLICABLE,2,2,0.0,0.0,0.0,0.0,0.0,1.0,22,1,9,09/01/2024,2024-09-01,22:04:00
08/29/2024 04:45:00 PM,5.0,3,2,3,6,3,3,1,2,1,4,FAILING TO YIELD RIGHT-OF-WAY,2,2,0.0,0.0,0.0,0.0,0.0,2.0,16,5,8,08/29/2024,2024-08-29,16:45:00
09/01/2024 10:30:00 PM,1.0,3,4,4,6,3,3,1,2,1,3,UNABLE TO DETERMINE,2,2,0.0,0.0,0.0,0.0,0.0,3.0,22,1,9,09/01/2024,2024-09-01,22:30:00
09/02/2024 03:35:00 PM,5.0,3,2,6,11,3,1,1,2,1,4,UNABLE TO DETERMINE,2,2,0.0,0.0,0.0,0.0,0.0,2.0,15,2,9,09/02/2024,2024-09-02,15:35:00
08/24/2024 04:50:00 AM,5.0,3,5,5,5,3,3,3,3,1,4,DISREGARDING TRAFFIC SIGNALS,2,4,1.0,0.0,0.0,1.0,0.0,1.0,4,7,8,08/24/2024,2024-08-24,04:50:00
08/27/2024 08:10:00 AM,5.0,3,2,6,5,3,3,3,3,1,4,UNABLE TO DETERMINE,2,3,1.0,0.0,0.0,0.0,1.0,4.0,8,3,8,08/27/2024,2024-08-27,08:10:00
08/30/2024 09:45:00 AM,5.0,3,2,6,5,3,3,3,2,1,4,IMPROPER OVERTAKING/PASSING,2,2,0.0,0.0,0.0,0.0,0.0,2.0,9,6,8,08/30/2024,2024-08-30,09:45:00
09/01/2024 12:49:00 PM,5.0,3,2,5,1,3,3,3,3,1,4,DISREGARDING TRAFFIC SIGNALS,2,2,0.0,0.0,0.0,0.0,0.0,6.0,12,1,9,09/01/2024,2024-09-01,12:49:00
09/02/2024 06:16:00 PM,5.0,3,2,13,5,3,3,1,2,1,3,UNABLE TO DETERMINE,2,2,0.0,0.0,0.0,0.0,0.0,2.0,18,2,9,09/02/2024,2024-09-02,18:16:00
09/02/2024 02:25:00 PM,5.0,3,2,3,4,3,3,3,2,1,3,FAILING TO YIELD RIGHT-OF-WAY,2,2,0.0,0.0,0.0,0.0,0.0,3.0,14,2,9,09/02/2024,2024-09-02,14:25:00
09/01/2024 02:23:00 AM,5.0,3,2,3,6,3,1,1,2,1,4,NOT APPLICABLE,2,2,0.0,0.0,0.0,0.0,0.0,2.0,2,1,9,09/01/2024,2024-09-01,02:23:00
09/01/2024 10:56:00 AM,7.0,3,2,5,5,3,3,3,3,1,4,UNABLE TO DETERMINE,2,3,1.0,0.0,0.0,0.0,1.0,2.0,10,1,9,09/01/2024,2024-09-01,10:56:00
09/02/2024 05:08:00 PM,5.0,3,2,14,4,3,3,7,3,1,4,FAILING TO YIELD RIGHT-OF-WAY,2,5,1.0,0.0,1.0,0.0,0.0,1.0,17,2,9,09/02/2024,2024-09-02,17:08:00
08/31/2024 01:01:00 AM,5.0,3,5,5,5,3,3,3,3,1,4,DISREGARDING TRAFFIC SIGNALS,2,5,1.0,0.0,1.0,0.0,0.0,1.0,1,7,8,08/31/2024,2024-08-31,01:01:00
09/02/2024 08:00:00 AM,7.0,3,2,13,6,3,3,3,3,1,3,FAILING TO YIELD RIGHT-OF-WAY,2,4,1.0,0.0,0.0,1.0,0.0,1.0,8,2,9,09/02/2024,2024-09-02,08:00:00
09/02/2024 10:50:00 AM,7.0,3,2,5,7,3,1,1,2,1,4,UNABLE TO DETERMINE,2,2,0.0,0.0,0.0,0.0,0.0,2.0,10,2,9,09/02/2024,2024-09-02,10:50:00
09/02/2024 02:36:00 PM,5.0,3,2,6,5,3,3,1,3,1,4,IMPROPER LANE USAGE,2,2,0.0,0.0,0.0,0.0,0.0,3.0,14,2,9,09/02/2024,2024-09-02,14:36:00
08/30/2024 01:00:00 PM,7.0,3,2,8,10,3,3,3,2,1,4,IMPROPER BACKING,2,2,0.0,0.0,0.0,0.0,0.0,2.0,13,6,8,08/30/2024,2024-08-30,13:00:00
09/01/2024 09:00:00 PM,5.0,3,5,4,5,3,3,3,2,1,3,FOLLOWING TOO CLOSELY,2,2,0.0,0.0,0.0,0.0,0.0,2.0,21,1,9,09/01/2024,2024-09-01,21:00:00
08/30/2024 08:22:00 AM,5.0,3,2,3,4,3,3,3,2,1,3,IMPROPER OVERTAKING/PASSING,2,2,0.0,0.0,0.0,0.0,0.0,3.0,8,6,8,08/30/2024,2024-08-30,08:22:00
09/02/2024 07:02:00 PM,3.0,3,2,9,6,3,3,3,2,1,2,DRIVING ON WRONG SIDE/WRONG WAY,2,2,0.0,0.0,0.0,0.0,0.0,3.0,19,2,9,09/02/2024,2024-09-02,19:02:00
09/01/2024 11:55:00 PM,7.0,3,5,6,6,3,3,3,2,1,4,IMPROPER TURNING/NO SIGNAL,2,2,0.0,0.0,0.0,0.0,0.0,2.0,23,1,9,09/01/2024,2024-09-01,23:55:00
09/02/2024 01:50:00 AM,3.0,3,5,3,5,3,3,3,3,1,4,UNABLE TO DETERMINE,2,2,0.0,0.0,0.0,0.0,0.0,3.0,1,2,9,09/02/2024,2024-09-02,01:50:00