crash_date,traffic_control_device,weather_condition,lighting_condition,first_crash_type,trafficway_type,alignment,roadway_surface_cond,road_defect,crash_type,intersection_related_i,damage,prim_contributory_cause,num_units,most_severe_injury,injuries_total,injuries_fatal,injuries_incapacitating,injuries_non_incapacitating,injuries_reported_not_evident,injuries_no_indication,crash_hour,crash_day_of_week,crash_month,parsed_datetime,date,time
09/01/2024 12:00:00 PM,7.0,3,2,5,5,3,3,3,3,1,4,DISREGARDING STOP SIGN,2,4,2.0,0.0,0.0,2.0,0.0,1.0,12,1,9,09/01/2024,2024-09-01,12:00:00
09/01/2024 10:50:00 PM,5.0,3,5,3,5,3,1,1,3,1,4,UNABLE TO DETERMINE,2,3,1.0,0.0,0.0,0.0,1.0,2.0,22,1,9,09/01/2024,2024-09-01,22:50:00
08/27/2024 12:30:00 PM,5.0,3,2,5,5,3,3,3,3,1,4,DISREGARDING TRAFFIC SIGNALS,2,2,0.0,0.0,0.0,0.0,0.0,2.0,12,3,8,08/27/2024,2024-08-27,12:30:00
09/01/2024 08:28:00 PM,5.0,3,6,4,6,3,3,3,2,1,4,UNABLE TO DETERMINE,2,2,0.0,0.0,0.0,0.0,0.0,2.0,20,1,9,09/01/2024,2024-09-01,20:28:00
09/02/2024 06:00:00 AM,5.0,3,3,4,5,3,3,3,3,1,4,UNABLE TO DETERMINE,2,5,1.0,0.0,1.0,0.0,0.0,1.0,6,2,9,09/02/2024,2024-09-02,06:00:00
08/19/2024 12:00:00 PM,5.0,3,2,3,6,3,3,3,3,1,4,UNABLE TO DETERMINE,2,3,1.0,0.0,0.0,0.0,1.0,4.0,12,2,8,08/19/2024,2024-08-19,12:00:00
08/19/2024 07:45:00 AM,5.0,3,2,4,5,3,3,3,2,1,3,UNABLE TO DETERMINE,2,2,0.0,0.0,0.0,0.0,0.0,2.0,7,2,8,08/19/2024,2024-08-19,07:45:00
08/19/2024 07:40:00 AM,5.0,3,2,6,5,3,1,1,3,1,4,UNABLE TO DETERMINE,2,2,0.0,0.0,0.0,0.0,0.0,3.0,7,2,8,08/19/2024,2024-08-19,07:40:00
08/27/2024 08:20:00 AM,5.0,3,2,6,5,3,3,3,2,1,3,FAILING TO YIELD RIGHT-OF-WAY,2,2,0.0,0.0,0.0,0.0,0.0,2.0,8,3,8,08/27/2024,2024-08-27,08:20:00
08/19/2024 11:11:00 PM,5.0,3,2,6,5,3,3,3,2,1,4,IMPROPER TURNING/NO SIGNAL,2,2,0.0,0.0,0.0,0.0,0.0,3.0,23,2,8,08/19/2024,2024-08-19,23:11:00
08/19/2024 09:35:00 PM,5.0,3,5,4,6,3,3,3,2,1,3,UNABLE TO DETERMINE,2,2,0.0,0.0,0.0,0.0,0.0,2.0,21,2,8,08/19/2024,2024-08-19,21:35:00
08/19/2024 06:30:00 PM,5.0,3,4,6,4,3,3,1,2,1,3,IMPROPER LANE USAGE,2,2,0.0,0.0,0.0,0.0,0.0,2.0,18,2,8,08/19/2024,2024-08-19,18:30:00
08/19/2024 12:45:00 AM,5.0,3,5,5,5,3,3,1,3,1,4,FAILING TO REDUCE SPEED TO AVOID CRASH,2,2,0.0,0.0,0.0,0.0,0.0,2.0,0,2,8,08/19/2024,2024-08-19,00:45:00
08/19/2024 03:50:00 PM,3.0,3,2,6,6,3,3,1,3,0,2,UNABLE TO DETERMINE,2,4,1.0,0.0,0.0,1.0,0.0,1.0,15,2,8,08/19/2024,2024-08-19,15:50:00
08/19/2024 09:40:00 AM,5.0,3,2,5,5,3,3,3,2,1,4,FAILING TO YIELD RIGHT-OF-WAY,2,2,0.0,0.0,0.0,0.0,0.0,2.0,9,2,8,08/19/2024,2024-08-19,09:40:00
08/19/2024 03:10:00 PM,5.0,3,2,5,5,3,3,3,3,1,4,UNABLE TO DETERMINE,2,3,1.0,0.0,0.0,0.0,1.0,1.0,15,2,8,08/19/2024,2024-08-19,15:10:00
09/02/2024 03:10:00 AM,3.0,3,5,6,5,3,3,3,3,1,4,IMPROPER OVERTAKING/PASSING,2,2,0.0,0.0,0.0,0.0,0.0,2.0,3,2,9,09/02/2024,2024-09-02,03:10:00
08/19/2024 04:37:00 PM,5.0,3,2,6,2,7,3,1,2,1,4,UNABLE TO DETERMINE,2,2,0.0,0.0,0.0,0.0,0.0,2.0,16,2,8,08/19/2024,2024-08-19,16:37:00
08/19/2024 08:27:00 PM,5.0,3,5,2,4,3,3,3,3,1,4,UNABLE TO DETERMINE,2,5,2.0,0.0,1.0,0.0,1.0,0.0,20,2,8,08/19/2024,2024-08-19,20:27:00
08/19/2024 06:49:00 PM,5.0,3,2,4,5,3,3,3,2,1,4,UNABLE TO DETERMINE,2,2,0.0,0.0,0.0,0.0,0.0,4.0,18,2,8,08/19/2024,2024-08-19,18:49:00
08/19/2024 01:28:00 AM,3.0,3,5,6,6,3,3,3,3,1,4,FAILING TO YIELD RIGHT-OF-WAY,2,4,1.0,0.0,0.0,1.0,0.0,1.0,1,2,8,08/19/2024,2024-08-19,01:28:00
08/19/2024 02:52:00 PM,5.0,3,2,6,5,3,3,3,2,1,4,IMPROPER TURNING/NO SIGNAL,2,2,0.0,0.0,0.0,0.0,0.0,3.0,14,2,8,08/19/2024,2024-08-19,14:52:00
08/19/2024 04:20:00 PM,5.0,3,2,5,5,3,3,3,2,1,4,DISREGARDING TRAFFIC SIGNALS,2,2,0.0,0.0,0.0,0.0,0.0,2.0,16,2,8,08/19/2024,2024-08-19,16:20:00
08/19/2024 06:30:00 PM,5.0,3,2,4,5,3,3,3,2,1,4,UNABLE TO DETERMINE,2,2,0.0,0.0,0.0,0.0,0.0,2.0,18,2,8,08/19/2024,2024-08-19,18:30:00
08/19/2024 05:20:00 PM,5.0,3,2,6,5,3,3,3,3,1,4,UNABLE TO DETERMINE,2,3,1.0,0.0,0.0,0.0,1.0,3.0,17,2,8,08/19/2024,2024-08-19,17:20:00
08/19/2024 01:26:00 PM,3.0,3,2,6,6,3,3,3,2,1,4,FAILING TO YIELD RIGHT-OF-WAY,2,2,0.0,0.0,0.0,0.0,0.0,4.0,13,2,8,08/19/2024,2024-08-19,13:26:00
08/19/2024 07:20:00 AM,7.0,3,2,11,6,3,3,3,2,1,4,IMPROPER OVERTAKING/PASSING,2,2,0.0,0.0,0.0,0.0,0.0,1.0,7,2,8,08/19/2024,2024-08-19,07:20:00
08/19/2024 05:00:00 PM,3.0,3,2,12,6,3,3,3,3,1,4,UNABLE TO DETERMINE,2,5,2.0,0.0,1.0,1.0,0.0,3.0,17,2,8,08/19/2024,2024-08-19,17:00:00
08/19/2024 05:45:00 PM,5.0,3,2,13,14,3,3,3,3,1,4,FAILING TO YIELD RIGHT-OF-WAY,2,4,1.0,0.0,0.0,1.0,0.0,1.0,17,2,8,08/19/2024,2024-08-19,17:45:00
08/19/2024 07:14:00 PM,3.0,3,2,6,5,3,3,3,3,1,4,FAILING TO YIELD RIGHT-OF-WAY,2,4,1.0,0.0,0.0,1.0,0.0,1.0,19,2,8,08/19/2024,2024-08-19,19:14:00
08/19/2024 11:34:00 AM,5.0,3,2,6,4,3,3,1,2,1,4,FAILING TO YIELD RIGHT-OF-WAY,2,2,0.0,0.0,0.0,0.0,0.0,2.0,11,2,8,08/19/2024,2024-08-19,11:34:00
08/19/2024 07:06:00 AM,5.0,3,2,5,5,3,3,3,2,1,4,FAILING TO REDUCE SPEED TO AVOID CRASH,2,2,0.0,0.0,0.0,0.0,0.0,2.0,7,2,8,08/19/2024,2024-08-19,07:06:00
08/19/2024 09:00:00 AM,5.0,3,2,6,1,3,3,3,2,1,4,UNABLE TO DETERMINE,2,2,0.0,0.0,0.0,0.0,0.0,2.0,9,2,8,08/19/2024,2024-08-19,09:00:00
08/19/2024 06:35:00 AM,5.0,3,3,5,6,3,3,3,3,1,4,DISTRACTION - FROM INSIDE VEHICLE,2,2,0.0,0.0,0.0,0.0,0.0,3.0,6,2,8,08/19/2024,2024-08-19,06:35:00
08/19/2024 06:48:00 PM,5.0,3,4,5,7,3,3,1,2,1,4,UNABLE TO DETERMINE,2,2,0.0,0.0,0.0,0.0,0.0,2.0,18,2,8,08/19/2024,2024-08-19,18:48:00
08/19/2024 08:00:00 PM,5.0,3,5,13,6,3,2,2,2,1,4,UNABLE TO DETERMINE,2,2,0.0,0.0,0.0,0.0,0.0,2.0,20,2,8,08/19/2024,2024-08-19,20:00:00
08/19/2024 05:25:00 PM,5.0,3,2,4,4,3,3,3,2,1,4,UNABLE TO DETERMINE,2,2,0.0,0.0,0.0,0.0,0.0,3.0,17,2,8,08/19/2024,2024-08-19,17:25:00
08/19/2024 02:40:00 PM,7.0,3,2,4,6,3,3,3,2,1,3,UNABLE TO DETERMINE,2,2,0.0,0.0,0.0,0.0,0.0,2.0,14,2,8,08/19/2024,2024-08-19,14:40:00
08/19/2024 06:30:00 PM,7.0,3,2,5,5,3,3,3,3,1,4,DISREGARDING TRAFFIC SIGNALS,2,2,0.0,0.0,0.0,0.0,0.0,2.0,18,2,8,08/19/2024,2024-08-19,18:30:00
08/19/2024 07:20:00 PM,5.0,3,2,4,5,3,3,3,2,1,4,UNABLE TO DETERMINE,2,2,0.0,0.0,0.0,0.0,0.0,2.0,19,2,8,08/19/2024,2024-08-19,19:20:00
08/19/2024 03:40:00 PM,5.0,3,2,5,5,3,3,3,3,1,4,DISREGARDING TRAFFIC SIGNALS,2,2,0.0,0.0,0.0,0.0,0.0,2.0,15,2,8,08/19/2024,2024-08-19,15:40:00
08/19/2024 02:20:00 PM,5.0,3,2,6,5,3,3,3,2,1,4,IMPROPER TURNING/NO SIGNAL,2,2,0.0,0.0,0.0,0.0,0.0,2.0,14,2,8,08/19/2024,2024-08-19,14:20:00
08/19/2024 05:45:00 PM,5.0,3,2,6,7,3,3,3,2,1,4,IMPROPER LANE USAGE,2,2,0.0,0.0,0.0,0.0,0.0,2.0,17,2,8,08/19/2024,2024-08-19,17:45:00
08/19/2024 12:24:00 AM,5.0,3,5,5,5,3,3,3,3,1,4,DISREGARDING TRAFFIC SIGNALS,2,2,0.0,0.0,0.0,0.0,0.0,2.0,0,2,8,08/19/2024,2024-08-19,00:24:00
08/19/2024 10:30:00 AM,3.0,3,2,6,6,3,3,3,2,1,3,FAILING TO YIELD RIGHT-OF-WAY,2,2,0.0,0.0,0.0,0.0,0.0,2.0,10,2,8,08/19/2024,2024-08-19,10:30:00
08/19/2024 04:05:00 PM,7.0,3,2,5,4,3,3,3,3,1,4,FAILING TO YIELD RIGHT-OF-WAY,2,3,1.0,0.0,0.0,0.0,1.0,1.0,16,2,8,08/19/2024,2024-08-19,16:05:00
08/19/2024 08:08:00 AM,7.0,3,2,14,7,3,3,3,3,1,4,FAILING TO YIELD RIGHT-OF-WAY,2,4,1.0,0.0,0.0,1.0,0.0,1.0,8,2,8,08/19/2024,2024-08-19,08:08:00
08/19/2024 08:24:00 PM,7.0,3,5,5,5,3,3,3,2,1,4,UNABLE TO DETERMINE,2,2,0.0,0.0,0.0,0.0,0.0,3.0,20,2,8,08/19/2024,2024-08-19,20:24:00
08/19/2024 12:22:00 PM,5.0,3,2,6,5,3,3,3,2,1,4,FOLLOWING TOO CLOSELY,2,2,0.0,0.0,0.0,0.0,0.0,2.0,12,2,8,08/19/2024,2024-08-19,12:22:00
08/19/2024 05:16:00 PM,7.0,3,2,14,6,3,3,3,2,1,4,FAILING TO YIELD RIGHT-OF-WAY,2,2,0.0,0.0,0.0,0.0,0.0,2.0,17,2,8,08/19/2024,2024-08-19,17:16:00
08/19/2024 10:19:00 PM,5.0,3,5,5,5,3,1,3,3,1,4,FAILING TO YIELD RIGHT-OF-WAY,2,3,1.0,0.0,0.0,0.0,1.0,1.0,22,2,8,08/19/2024,2024-08-19,22:19:00
08/19/2024 01:41:00 AM,5.0,3,5,5,7,3,3,3,3,1,4,DISREGARDING TRAFFIC SIGNALS,2,2,0.0,0.0,0.0,0.0,0.0,2.0,1,2,8,08/19/2024,2024-08-19,01:41:00
08/19/2024 10:02:00 PM,5.0,3,5,6,7,3,3,3,2,1,4,FAILING TO YIELD RIGHT-OF-WAY,2,2,0.0,0.0,0.0,0.0,0.0,2.0,22,2,8,08/19/2024,2024-08-19,22:02:00
09/03/2024 06:45:00 PM,5.0,3,2,6,5,3,3,1,2,1,2,UNABLE TO DETERMINE,2,2,0.0,0.0,0.0,0.0,0.0,2.0,18,3,9,09/03/2024,2024-09-03,18:45:00
09/03/2024 07:54:00 AM,5.0,3,2,6,6,3,3,3,2,1,4,UNABLE TO DETERMINE,2,2,0.0,0.0,0.0,0.0,0.0,2.0,7,3,9,09/03/2024,2024-09-03,07:54:00
09/03/2024 05:48:00 PM,5.0,3,2,6,2,3,3,3,3,1,4,IMPROPER TURNING/NO SIGNAL,2,4,1.0,0.0,0.0,1.0,0.0,2.0,17,3,9,09/03/2024,2024-09-03,17:48:00
09/03/2024 07:45:00 AM,3.0,3,2,5,6,3,3,3,3,1,4,UNABLE TO DETERMINE,2,3,1.0,0.0,0.0,0.0,1.0,1.0,7,3,9,09/03/2024,2024-09-03,07:45:00
09/01/2024 05:15:00 PM,5.0,3,2,6,5,3,3,3,3,1,4,FAILING TO YIELD RIGHT-OF-WAY,2,5,2.0,0.0,2.0,0.0,0.0,1.0,17,1,9,09/01/2024,2024-09-01,17:15:00
09/01/2024 05:50:00 PM,5.0,3,2,5,5,3,3,3,2,1,4,DISREGARDING TRAFFIC SIGNALS,2,2,0.0,0.0,0.0,0.0,0.0,3.0,17,1,9,09/01/2024,2024-09-01,17:50:00
08/31/2024 07:50:00 PM,5.0,3,5,4,4,3,3,3,2,1,3,FOLLOWING TOO CLOSELY,2,2,0.0,0.0,0.0,0.0,0.0,2.0,19,7,8,08/31/2024,2024-08-31,19:50:00
09/03/2024 02:46:00 PM,5.0,3,2,6,10,3,3,1,2,1,2,UNABLE TO DETERMINE,2,2,0.0,0.0,0.0,0.0,0.0,2.0,14,3,9,09/03/2024,2024-09-03,14:46:00
08/04/2024 07:01:00 PM,5.0,3,2,3,5,3,3,1,2,1,4,IMPROPER LANE USAGE,2,2,0.0,0.0,0.0,0.0,0.0,3.0,19,1,8,08/04/2024,2024-08-04,19:01:00
09/03/2024 06:30:00 AM,5.0,3,2,4,6,3,3,1,2,1,4,FOLLOWING TOO CLOSELY,2,2,0.0,0.0,0.0,0.0,0.0,2.0,6,3,9,09/03/2024,2024-09-03,06:30:00
09/03/2024 03:20:00 PM,3.0,3,2,14,5,3,3,1,2,1,4,UNABLE TO DETERMINE,2,2,0.0,0.0,0.0,0.0,0.0,4.0,15,3,9,09/03/2024,2024-09-03,15:20:00
09/03/2024 06:24:00 PM,5.0,3,2,13,5,3,3,3,3,1,4,DISREGARDING TRAFFIC SIGNALS,2,3,1.0,0.0,0.0,0.0,1.0,1.0,18,3,9,09/03/2024,2024-09-03,18:24:00
09/03/2024 07:39:00 AM,5.0,3,2,5,5,3,3,3,3,1,4,UNABLE TO DETERMINE,2,2,0.0,0.0,0.0,0.0,0.0,3.0,7,3,9,09/03/2024,2024-09-03,07:39:00
09/03/2024 09:50:00 AM,5.0,3,2,3,6,3,1,1,2,1,4,IMPROPER OVERTAKING/PASSING,2,2,0.0,0.0,0.0,0.0,0.0,2.0,9,3,9,09/03/2024,2024-09-03,09:50:00
09/03/2024 08:07:00 AM,7.0,3,2,5,6,3,3,3,2,1,4,FAILING TO YIELD RIGHT-OF-WAY,2,2,0.0,0.0,0.0,0.0,0.0,4.0,8,3,9,09/03/2024,2024-09-03,08:07:00
09/01/2024 02:15:00 AM,5.0,3,5,3,6,3,1,1,2,1,4,UNABLE TO DETERMINE,2,2,0.0,0.0,0.0,0.0,0.0,2.0,2,1,9,09/01/2024,2024-09-01,02:15:00
08/16/2024 03:50:00 PM,5.0,3,2,6,6,3,3,1,2,1,2,UNABLE TO DETERMINE,2,2,0.0,0.0,0.0,0.0,0.0,2.0,15,6,8,08/16/2024,2024-08-16,15:50:00
09/03/2024 08:15:00 AM,5.0,3,2,5,5,3,3,3,2,1,4,IMPROPER OVERTAKING/PASSING,2,2,0.0,0.0,0.0,0.0,0.0,3.0,8,3,9,09/03/2024,2024-09-03,08:15:00
09/01/2024 06:35:00 PM,5.0,3,2,5,5,3,3,3,3,1,4,DISREGARDING TRAFFIC SIGNALS,2,4,1.0,0.0,0.0,1.0,0.0,1.0,18,1,9,09/01/2024,2024-09-01,18:35:00
09/03/2024 04:30:00 PM,5.0,3,2,3,6,3,3,3,2,1,4,IMPROPER OVERTAKING/PASSING,2,2,0.0,0.0,0.0,0.0,0.0,5.0,16,3,9,09/03/2024,2024-09-03,16:30:00
08/31/2024 08:50:00 PM,5.0,3,5,6,4,3,3,3,2,1,4,FAILING TO YIELD RIGHT-OF-WAY,2,2,0.0,0.0,0.0,0.0,0.0,2.0,20,7,8,08/31/2024,2024-08-31,20:50:00
09/01/2024 12:00:00 PM,5.0,3,2,6,5,3,3,3,3,1,4,UNABLE TO DETERMINE,2,2,0.0,0.0,0.0,0.0,0.0,2.0,12,1,9,09/01/2024,2024-09-01,12:00:00
09/03/2024 06:30:00 PM,7.0,3,2,6,6,3,3,3,2,1,4,WEATHER,2,2,0.0,0.0,0.0,0.0,0.0,2.0,18,3,9,09/03/2024,2024-09-03,18:30:00
08/14/2024 11:15:00 AM,3.0,3,2,6,7,3,3,3,2,1,4,IMPROPER TURNING/NO SIGNAL,2,2,0.0,0.0,0.0,0.0,0.0,4.0,11,4,8,08/14/2024,2024-08-14,11:15:00
08/30/2024 05:30:00 PM,5.0,3,2,5,6,3,3,3,2,1,4,IMPROPER OVERTAKING/PASSING,2,2,0.0,0.0,0.0,0.0,0.0,3.0,17,6,8,08/30/2024,2024-08-30,17:30:00
08/28/2024 05:30:00 AM,5.0,3,4,4,5,3,3,3,2,1,2,FOLLOWING TOO CLOSELY,2,2,0.0,0.0,0.0,0.0,0.0,2.0,5,4,8,08/28/2024,2024-08-28,05:30:00
08/31/2024 12:00:00 PM,5.0,3,2,4,5,3,3,3,2,1,4,UNABLE TO DETERMINE,2,2,0.0,0.0,0.0,0.0,0.0,2.0,12,7,8,08/31/2024,2024-08-31,12:00:00
08/29/2024 05:35:00 PM,5.0,3,2,6,18,3,3,3,2,1,4,UNABLE TO DETERMINE,2,2,0.0,0.0,0.0,0.0,0.0,2.0,17,5,8,08/29/2024,2024-08-29,17:35:00
09/03/2024 04:52:00 PM,5.0,3,2,6,5,3,3,1,3,1,4,DISREGARDING TRAFFIC SIGNALS,2,4,1.0,0.0,0.0,1.0,0.0,2.0,16,3,9,09/03/2024,2024-09-03,16:52:00
08/20/2024 05:35:00 PM,1.0,3,2,6,1,3,3,1,2,1,3,NOT APPLICABLE,2,2,0.0,0.0,0.0,0.0,0.0,2.0,17,3,8,08/20/2024,2024-08-20,17:35:00
08/20/2024 12:56:00 PM,5.0,3,2,3,5,3,3,1,2,1,4,UNABLE TO DETERMINE,2,2,0.0,0.0,0.0,0.0,0.0,3.0,12,3,8,08/20/2024,2024-08-20,12:56:00
08/20/2024 03:00:00 PM,5.0,3,2,4,5,3,3,3,2,1,2,UNABLE TO DETERMINE,2,2,0.0,0.0,0.0,0.0,0.0,2.0,15,3,8,08/20/2024,2024-08-20,15:00:00
08/20/2024 06:41:00 PM,5.0,3,4,13,9,3,3,1,3,1,2,UNABLE TO DETERMINE,2,5,2.0,0.0,2.0,0.0,0.0,0.0,18,3,8,08/20/2024,2024-08-20,18:41:00
08/20/2024 08:16:00 AM,5.0,3,5,6,5,3,3,1,3,1,2,IMPROPER TURNING/NO SIGNAL,2,4,1.0,0.0,0.0,1.0,0.0,1.0,8,3,8,08/20/2024,2024-08-20,08:16:00
08/20/2024 02:00:00 PM,5.0,3,2,4,6,3,3,3,2,1,3,FOLLOWING TOO CLOSELY,2,2,0.0,0.0,0.0,0.0,0.0,2.0,14,3,8,08/20/2024,2024-08-20,14:00:00
08/20/2024 08:16:00 PM,5.0,3,3,14,5,3,3,3,3,1,4,IMPROPER TURNING/NO SIGNAL,2,3,1.0,0.0,0.0,0.0,1.0,1.0,20,3,8,08/20/2024,2024-08-20,20:16:00
08/20/2024 06:35:00 AM,5.0,3,2,6,6,3,3,3,3,1,4,FAILING TO YIELD RIGHT-OF-WAY,2,2,0.0,0.0,0.0,0.0,0.0,2.0,6,3,8,08/20/2024,2024-08-20,06:35:00
08/20/2024 07:27:00 AM,5.0,3,2,6,6,3,3,3,2,1,4,FAILING TO YIELD RIGHT-OF-WAY,2,2,0.0,0.0,0.0,0.0,0.0,2.0,7,3,8,08/20/2024,2024-08-20,07:27:00
08/20/2024 04:20:00 PM,3.0,3,2,6,6,3,3,3,3,1,4,FAILING TO YIELD RIGHT-OF-WAY,2,2,0.0,0.0,0.0,0.0,0.0,2.0,16,3,8,08/20/2024,2024-08-20,16:20:00
08/20/2024 08:50:00 PM,5.0,3,5,14,4,3,3,1,3,1,4,UNABLE TO DETERMINE,2,4,1.0,0.0,0.0,1.0,0.0,1.0,20,3,8,08/20/2024,2024-08-20,20:50:00
08/20/2024 07:40:00 AM,5.0,3,2,6,6,3,3,3,2,1,4,IMPROPER TURNING/NO SIGNAL,2,2,0.0,0.0,0.0,0.0,0.0,2.0,7,3,8,08/20/2024,2024-08-20,07:40:00
08/20/2024 07:40:00 PM,3.0,3,2,4,6,3,3,3,2,1,3,FAILING TO REDUCE SPEED TO AVOID CRASH,2,2,0.0,0.0,0.0,0.0,0.0,2.0,19,3,8,08/20/2024,2024-08-20,19:40:00
08/13/2024 09:30:00 AM,5.0,3,2,5,7,3,3,3,3,1,4,FAILING TO YIELD RIGHT-OF-WAY,2,4,1.0,0.0,0.0,1.0,0.0,2.0,9,3,8,08/13/2024,2024-08-13,09:30:00
08/20/2024 07:55:00 AM,7.0,3,2,5,5,3,3,3,3,1,4,FAILING TO YIELD RIGHT-OF-WAY,2,3,1.0,0.0,0.0,0.0,1.0,1.0,7,3,8,08/20/2024,2024-08-20,07:55:00
08/20/2024 11:00:00 AM,5.0,3,2,6,5,3,3,1,2,1,4,UNABLE TO DETERMINE,2,2,0.0,0.0,0.0,0.0,0.0,2.0,11,3,8,08/20/2024,2024-08-20,11:00:00
08/21/2024 07:16:00 PM,5.0,3,2,13,1,3,3,3,3,1,4,FAILING TO YIELD RIGHT-OF-WAY,2,6,1.0,1.0,0.0,0.0,0.0,1.0,19,4,8,08/21/2024,2024-08-21,19:16:00
08/20/2024 09:26:00 AM,7.0,3,2,6,4,3,3,3,2,1,2,IMPROPER TURNING/NO SIGNAL,2,2,0.0,0.0,0.0,0.0,0.0,3.0,9,3,8,08/20/2024,2024-08-20,09:26:00
08/20/2024 03:20:00 PM,5.0,3,2,3,5,4,3,3,2,1,3,UNABLE TO DETERMINE,2,2,0.0,0.0,0.0,0.0,0.0,3.0,15,3,8,08/20/2024,2024-08-20,15:20:00
08/20/2024 08:45:00 AM,5.0,3,2,4,9,3,3,3,2,1,4,UNABLE TO DETERMINE,2,2,0.0,0.0,0.0,0.0,0.0,2.0,8,3,8,08/20/2024,2024-08-20,08:45:00
08/20/2024 11:05:00 PM,5.0,3,5,11,9,3,3,1,2,1,4,IMPROPER TURNING/NO SIGNAL,2,2,0.0,0.0,0.0,0.0,0.0,1.0,23,3,8,08/20/2024,2024-08-20,23:05:00
08/20/2024 03:10:00 PM,5.0,3,2,3,6,3,3,3,2,1,4,IMPROPER OVERTAKING/PASSING,2,2,0.0,0.0,0.0,0.0,0.0,2.0,15,3,8,08/20/2024,2024-08-20,15:10:00
08/20/2024 09:15:00 AM,3.0,3,2,5,5,3,3,3,2,1,4,FAILING TO YIELD RIGHT-OF-WAY,2,2,0.0,0.0,0.0,0.0,0.0,2.0,9,3,8,08/20/2024,2024-08-20,09:15:00
08/20/2024 03:15:00 PM,7.0,3,2,5,5,3,3,1,3,1,4,FAILING TO YIELD RIGHT-OF-WAY,2,3,1.0,0.0,0.0,0.0,1.0,1.0,15,3,8,08/20/2024,2024-08-20,15:15:00
08/20/2024 12:49:00 PM,5.0,3,2,6,6,3,3,3,2,1,4,FAILING TO YIELD RIGHT-OF-WAY,2,2,0.0,0.0,0.0,0.0,0.0,2.0,12,3,8,08/20/2024,2024-08-20,12:49:00
08/20/2024 05:43:00 PM,3.0,3,2,5,5,3,3,3,2,1,4,FAILING TO YIELD RIGHT-OF-WAY,2,2,0.0,0.0,0.0,0.0,0.0,2.0,17,3,8,08/20/2024,2024-08-20,17:43:00
08/20/2024 03:43:00 PM,5.0,3,2,4,4,3,3,3,2,1,3,UNABLE TO DETERMINE,2,2,0.0,0.0,0.0,0.0,0.0,3.0,15,3,8,08/20/2024,2024-08-20,15:43:00
08/20/2024 08:29:00 PM,3.0,3,5,6,6,3,3,3,3,1,4,UNABLE TO DETERMINE,2,2,0.0,0.0,0.0,0.0,0.0,3.0,20,3,8,08/20/2024,2024-08-20,20:29:00
08/20/2024 10:30:00 AM,5.0,3,2,3,3,3,3,3,2,1,2,DRIVING SKILLS/KNOWLEDGE/EXPERIENCE,2,2,0.0,0.0,0.0,0.0,0.0,4.0,10,3,8,08/20/2024,2024-08-20,10:30:00
08/20/2024 09:55:00 PM,5.0,3,5,6,5,3,3,1,3,1,4,DISREGARDING TRAFFIC SIGNALS,2,4,1.0,0.0,0.0,1.0,0.0,1.0,21,3,8,08/20/2024,2024-08-20,21:55:00
08/20/2024 11:15:00 AM,7.0,3,2,5,5,3,3,3,3,1,4,FAILING TO YIELD RIGHT-OF-WAY,2,2,0.0,0.0,0.0,0.0,0.0,2.0,11,3,8,08/20/2024,2024-08-20,11:15:00
08/20/2024 05:25:00 PM,7.0,3,2,5,6,3,3,3,2,1,3,FAILING TO YIELD RIGHT-OF-WAY,2,2,0.0,0.0,0.0,0.0,0.0,2.0,17,3,8,08/20/2024,2024-08-20,17:25:00
08/20/2024 09:30:00 PM,5.0,3,5,6,6,3,3,3,2,1,4,UNABLE TO DETERMINE,2,2,0.0,0.0,0.0,0.0,0.0,2.0,21,3,8,08/20/2024,2024-08-20,21:30:00
08/20/2024 09:16:00 PM,3.0,3,4,4,6,3,3,3,3,1,4,FAILING TO REDUCE SPEED TO AVOID CRASH,2,4,2.0,0.0,0.0,2.0,0.0,0.0,21,3,8,08/20/2024,2024-08-20,21:16:00
08/20/2024 03:16:00 PM,5.0,3,2,3,6,3,3,3,2,1,3,FAILING TO YIELD RIGHT-OF-WAY,2,2,0.0,0.0,0.0,0.0,0.0,2.0,15,3,8,08/20/2024,2024-08-20,15:16:00
08/20/2024 03:26:00 PM,7.0,3,2,9,3,3,3,3,3,1,4,IMPROPER LANE USAGE,2,2,0.0,0.0,0.0,0.0,0.0,3.0,15,3,8,08/20/2024,2024-08-20,15:26:00
08/20/2024 12:38:00 PM,7.0,3,2,11,2,3,3,3,2,1,2,UNABLE TO DETERMINE,2,2,0.0,0.0,0.0,0.0,0.0,1.0,12,3,8,08/20/2024,2024-08-20,12:38:00
08/20/2024 11:55:00 PM,5.0,3,5,5,6,3,3,3,2,1,4,DISREGARDING TRAFFIC SIGNALS,2,2,0.0,0.0,0.0,0.0,0.0,2.0,23,3,8,08/20/2024,2024-08-20,23:55:00
08/20/2024 09:35:00 AM,3.0,3,2,8,6,3,3,3,2,1,4,IMPROPER BACKING,2,2,0.0,0.0,0.0,0.0,0.0,2.0,9,3,8,08/20/2024,2024-08-20,09:35:00
08/20/2024 04:00:00 AM,5.0,3,5,6,5,3,1,1,2,1,3,UNABLE TO DETERMINE,2,2,0.0,0.0,0.0,0.0,0.0,2.0,4,3,8,08/20/2024,2024-08-20,04:00:00
08/20/2024 12:16:00 PM,5.0,3,2,5,5,3,3,3,3,1,4,DISREGARDING TRAFFIC SIGNALS,2,4,1.0,0.0,0.0,1.0,0.0,1.0,12,3,8,08/20/2024,2024-08-20,12:16:00