crash_date,traffic_control_device,weather_condition,lighting_condition,first_crash_type,trafficway_type,alignment,roadway_surface_cond,road_defect,crash_type,intersection_related_i,damage,prim_contributory_cause,num_units,most_severe_injury,injuries_total,injuries_fatal,injuries_incapacitating,injuries_non_incapacitating,injuries_reported_not_evident,injuries_no_indication,crash_hour,crash_day_of_week,crash_month,parsed_datetime,date,time
08/20/2024 01:06:00 AM,5.0,3,5,6,7,3,3,3,3,1,4,FAILING TO YIELD RIGHT-OF-WAY,2,3,1.0,0.0,0.0,0.0,1.0,2.0,1,3,8,08/20/2024,2024-08-20,01:06:00
08/20/2024 01:20:00 PM,3.0,3,2,3,6,3,3,3,2,1,4,IMPROPER TURNING/NO SIGNAL,2,2,0.0,0.0,0.0,0.0,0.0,2.0,13,3,8,08/20/2024,2024-08-20,13:20:00
08/20/2024 04:58:00 PM,7.0,5,2,5,5,3,3,3,3,1,4,FAILING TO YIELD RIGHT-OF-WAY,2,4,1.0,0.0,0.0,1.0,0.0,1.0,16,3,8,08/20/2024,2024-08-20,16:58:00
08/20/2024 08:18:00 PM,7.0,3,5,14,7,3,3,3,3,1,2,IMPROPER TURNING/NO SIGNAL,2,4,1.0,0.0,0.0,1.0,0.0,1.0,20,3,8,08/20/2024,2024-08-20,20:18:00
08/20/2024 01:10:00 AM,3.0,3,5,6,5,3,3,3,3,1,4,FAILING TO YIELD RIGHT-OF-WAY,2,2,0.0,0.0,0.0,0.0,0.0,2.0,1,3,8,08/20/2024,2024-08-20,01:10:00
08/20/2024 06:30:00 AM,7.0,3,2,6,6,3,3,3,2,1,4,FAILING TO YIELD RIGHT-OF-WAY,2,2,0.0,0.0,0.0,0.0,0.0,2.0,6,3,8,08/20/2024,2024-08-20,06:30:00
08/20/2024 01:57:00 PM,3.0,3,2,6,5,3,3,3,3,1,4,FAILING TO REDUCE SPEED TO AVOID CRASH,2,2,0.0,0.0,0.0,0.0,0.0,2.0,13,3,8,08/20/2024,2024-08-20,13:57:00
08/20/2024 11:00:00 AM,5.0,3,2,4,5,3,3,3,3,1,4,UNABLE TO DETERMINE,2,3,1.0,0.0,0.0,0.0,1.0,1.0,11,3,8,08/20/2024,2024-08-20,11:00:00
08/20/2024 06:32:00 PM,5.0,3,2,5,5,3,3,3,2,1,2,UNABLE TO DETERMINE,2,2,0.0,0.0,0.0,0.0,0.0,5.0,18,3,8,08/20/2024,2024-08-20,18:32:00
08/20/2024 12:30:00 PM,3.0,3,2,6,6,3,3,3,2,1,4,"VISION OBSCURED (SIGNS, TREE LIMBS, BUILDINGS, ETC.)",2,2,0.0,0.0,0.0,0.0,0.0,2.0,12,3,8,08/20/2024,2024-08-20,12:30:00
08/20/2024 03:09:00 PM,5.0,3,2,6,5,3,3,3,2,1,4,DISREGARDING TRAFFIC SIGNALS,2,2,0.0,0.0,0.0,0.0,0.0,3.0,15,3,8,08/20/2024,2024-08-20,15:09:00
09/04/2024 11:30:00 AM,5.0,3,2,6,3,3,3,3,3,1,4,FAILING TO YIELD RIGHT-OF-WAY,2,4,1.0,0.0,0.0,1.0,0.0,3.0,11,4,9,09/04/2024,2024-09-04,11:30:00
09/04/2024 09:38:00 AM,5.0,3,2,6,6,3,3,1,3,1,4,FAILING TO YIELD RIGHT-OF-WAY,2,2,0.0,0.0,0.0,0.0,0.0,2.0,9,4,9,09/04/2024,2024-09-04,09:38:00
09/04/2024 08:00:00 AM,5.0,3,2,4,6,3,3,1,2,1,4,UNABLE TO DETERMINE,2,2,0.0,0.0,0.0,0.0,0.0,2.0,8,4,9,09/04/2024,2024-09-04,08:00:00
08/27/2024 03:45:00 PM,5.0,3,2,6,4,3,3,1,3,1,4,IMPROPER TURNING/NO SIGNAL,2,2,0.0,0.0,0.0,0.0,0.0,2.0,15,3,8,08/27/2024,2024-08-27,15:45:00
08/31/2024 09:12:00 PM,5.0,3,5,6,10,3,3,3,2,1,4,IMPROPER TURNING/NO SIGNAL,2,2,0.0,0.0,0.0,0.0,0.0,3.0,21,7,8,08/31/2024,2024-08-31,21:12:00
09/04/2024 05:10:00 PM,7.0,3,2,6,4,3,3,3,3,1,4,FAILING TO YIELD RIGHT-OF-WAY,2,5,1.0,0.0,1.0,0.0,0.0,1.0,17,4,9,09/04/2024,2024-09-04,17:10:00
09/04/2024 02:48:00 PM,5.0,3,2,6,9,3,3,3,2,1,4,UNABLE TO DETERMINE,2,2,0.0,0.0,0.0,0.0,0.0,2.0,14,4,9,09/04/2024,2024-09-04,14:48:00
09/04/2024 04:25:00 PM,5.0,3,2,3,5,3,3,3,2,1,3,UNABLE TO DETERMINE,2,2,0.0,0.0,0.0,0.0,0.0,2.0,16,4,9,09/04/2024,2024-09-04,16:25:00
09/04/2024 04:36:00 PM,7.0,3,2,6,7,3,3,3,2,1,4,UNABLE TO DETERMINE,2,2,0.0,0.0,0.0,0.0,0.0,6.0,16,4,9,09/04/2024,2024-09-04,16:36:00
09/04/2024 01:05:00 PM,5.0,3,2,6,4,3,3,1,2,1,3,IMPROPER TURNING/NO SIGNAL,2,2,0.0,0.0,0.0,0.0,0.0,2.0,13,4,9,09/04/2024,2024-09-04,13:05:00
09/04/2024 05:00:00 PM,1.0,3,2,3,6,3,1,1,2,1,4,IMPROPER OVERTAKING/PASSING,2,2,0.0,0.0,0.0,0.0,0.0,2.0,17,4,9,09/04/2024,2024-09-04,17:00:00
07/23/2024 04:10:00 PM,5.0,3,2,4,5,3,3,3,3,1,4,FOLLOWING TOO CLOSELY,2,3,1.0,0.0,0.0,0.0,1.0,1.0,16,3,7,07/23/2024,2024-07-23,16:10:00
09/01/2024 12:46:00 AM,5.0,3,5,5,5,3,3,3,3,1,4,DISREGARDING TRAFFIC SIGNALS,2,2,0.0,0.0,0.0,0.0,0.0,3.0,0,1,9,09/01/2024,2024-09-01,00:46:00
09/04/2024 12:40:00 PM,5.0,3,2,4,6,3,3,3,2,1,3,UNABLE TO DETERMINE,2,2,0.0,0.0,0.0,0.0,0.0,2.0,12,4,9,09/04/2024,2024-09-04,12:40:00
09/04/2024 12:12:00 PM,7.0,3,2,14,5,3,3,3,3,1,2,FAILING TO YIELD RIGHT-OF-WAY,2,4,1.0,0.0,0.0,1.0,0.0,1.0,12,4,9,09/04/2024,2024-09-04,12:12:00
09/03/2024 05:20:00 AM,5.0,3,2,4,5,3,3,3,2,1,4,FOLLOWING TOO CLOSELY,2,2,0.0,0.0,0.0,0.0,0.0,2.0,5,3,9,09/03/2024,2024-09-03,05:20:00
09/04/2024 07:49:00 PM,3.0,3,5,3,7,5,3,3,2,1,4,FAILING TO YIELD RIGHT-OF-WAY,2,2,0.0,0.0,0.0,0.0,0.0,2.0,19,4,9,09/04/2024,2024-09-04,19:49:00
09/04/2024 05:30:00 PM,7.0,3,2,3,6,3,3,3,2,1,4,IMPROPER OVERTAKING/PASSING,2,2,0.0,0.0,0.0,0.0,0.0,3.0,17,4,9,09/04/2024,2024-09-04,17:30:00
09/03/2024 07:55:00 AM,5.0,3,2,6,6,3,3,3,2,1,4,DISREGARDING TRAFFIC SIGNALS,2,2,0.0,0.0,0.0,0.0,0.0,2.0,7,3,9,09/03/2024,2024-09-03,07:55:00
09/04/2024 03:00:00 PM,5.0,3,2,3,5,3,3,1,2,1,3,FAILING TO YIELD RIGHT-OF-WAY,2,2,0.0,0.0,0.0,0.0,0.0,2.0,15,4,9,09/04/2024,2024-09-04,15:00:00
08/28/2024 02:21:00 PM,3.0,3,2,11,5,3,3,3,2,1,4,IMPROPER OVERTAKING/PASSING,2,2,0.0,0.0,0.0,0.0,0.0,1.0,14,4,8,08/28/2024,2024-08-28,14:21:00
09/01/2024 02:38:00 AM,5.0,3,5,4,5,3,3,3,3,1,4,FAILING TO REDUCE SPEED TO AVOID CRASH,2,3,1.0,0.0,0.0,0.0,1.0,2.0,2,1,9,09/01/2024,2024-09-01,02:38:00
09/04/2024 08:55:00 AM,5.0,3,2,4,4,3,3,3,3,1,4,FAILING TO REDUCE SPEED TO AVOID CRASH,2,3,1.0,0.0,0.0,0.0,1.0,1.0,8,4,9,09/04/2024,2024-09-04,08:55:00
09/04/2024 05:24:00 PM,5.0,3,2,4,5,3,3,1,2,1,4,NOT APPLICABLE,2,2,0.0,0.0,0.0,0.0,0.0,3.0,17,4,9,09/04/2024,2024-09-04,17:24:00
09/02/2024 07:30:00 PM,5.0,3,5,9,5,3,3,1,3,1,4,UNABLE TO DETERMINE,2,4,1.0,0.0,0.0,1.0,0.0,1.0,19,2,9,09/02/2024,2024-09-02,19:30:00
09/04/2024 06:00:00 PM,5.0,3,2,3,3,3,3,1,2,1,4,IMPROPER OVERTAKING/PASSING,2,2,0.0,0.0,0.0,0.0,0.0,2.0,18,4,9,09/04/2024,2024-09-04,18:00:00
08/28/2024 02:00:00 PM,1.0,3,2,5,5,3,1,1,2,1,4,FAILING TO REDUCE SPEED TO AVOID CRASH,2,2,0.0,0.0,0.0,0.0,0.0,2.0,14,4,8,08/28/2024,2024-08-28,14:00:00
08/31/2024 04:00:00 PM,5.0,3,2,4,3,3,3,1,2,1,4,UNABLE TO DETERMINE,2,2,0.0,0.0,0.0,0.0,0.0,2.0,16,7,8,08/31/2024,2024-08-31,16:00:00
09/02/2024 09:20:00 AM,7.0,3,2,6,5,3,1,1,3,1,4,"OPERATING VEHICLE IN ERRATIC, RECKLESS, CARELESS, NEGLIGENT OR AGGRESSIVE MANNER",2,4,2.0,0.0,0.0,1.0,1.0,0.0,9,2,9,09/02/2024,2024-09-02,09:20:00
09/03/2024 10:00:00 PM,1.0,3,2,11,6,3,1,1,2,1,4,UNABLE TO DETERMINE,2,2,0.0,0.0,0.0,0.0,0.0,1.0,22,3,9,09/03/2024,2024-09-03,22:00:00
09/03/2024 06:35:00 PM,3.0,3,2,11,6,3,3,3,3,0,4,UNABLE TO DETERMINE,2,2,0.0,0.0,0.0,0.0,0.0,1.0,18,3,9,09/03/2024,2024-09-03,18:35:00
09/03/2024 06:10:00 PM,3.0,3,2,14,6,3,3,3,3,1,2,FAILING TO YIELD RIGHT-OF-WAY,2,4,1.0,0.0,0.0,1.0,0.0,1.0,18,3,9,09/03/2024,2024-09-03,18:10:00
09/04/2024 07:30:00 AM,5.0,3,2,6,6,3,3,3,3,1,4,UNABLE TO DETERMINE,2,4,1.0,0.0,0.0,1.0,0.0,1.0,7,4,9,09/04/2024,2024-09-04,07:30:00
09/04/2024 05:30:00 AM,5.0,3,2,6,12,3,3,3,3,1,4,FAILING TO YIELD RIGHT-OF-WAY,2,2,0.0,0.0,0.0,0.0,0.0,2.0,5,4,9,09/04/2024,2024-09-04,05:30:00
09/04/2024 10:40:00 AM,7.0,3,2,6,6,3,3,3,3,1,4,IMPROPER TURNING/NO SIGNAL,2,4,1.0,0.0,0.0,1.0,0.0,2.0,10,4,9,09/04/2024,2024-09-04,10:40:00
09/03/2024 09:45:00 AM,5.0,3,2,5,5,3,3,3,2,1,4,FAILING TO YIELD RIGHT-OF-WAY,2,2,0.0,0.0,0.0,0.0,0.0,2.0,9,3,9,09/03/2024,2024-09-03,09:45:00
09/04/2024 03:20:00 PM,5.0,3,2,3,4,3,3,3,2,1,4,FAILING TO YIELD RIGHT-OF-WAY,2,2,0.0,0.0,0.0,0.0,0.0,5.0,15,4,9,09/04/2024,2024-09-04,15:20:00
09/04/2024 07:40:00 AM,3.0,3,2,14,5,3,3,2,3,1,2,UNABLE TO DETERMINE,2,5,1.0,0.0,1.0,0.0,0.0,1.0,7,4,9,09/04/2024,2024-09-04,07:40:00
09/04/2024 10:07:00 AM,5.0,3,2,14,4,3,1,1,3,1,2,FAILING TO YIELD RIGHT-OF-WAY,2,4,1.0,0.0,0.0,1.0,0.0,1.0,10,4,9,09/04/2024,2024-09-04,10:07:00
09/04/2024 05:00:00 PM,3.0,3,2,6,6,3,3,1,2,1,4,UNABLE TO DETERMINE,2,2,0.0,0.0,0.0,0.0,0.0,2.0,17,4,9,09/04/2024,2024-09-04,17:00:00
08/22/2024 01:30:00 AM,7.0,3,5,5,6,3,3,3,2,1,3,DISREGARDING OTHER TRAFFIC SIGNS,2,2,0.0,0.0,0.0,0.0,0.0,2.0,1,5,8,08/22/2024,2024-08-22,01:30:00
09/04/2024 11:45:00 AM,5.0,3,2,3,7,3,1,1,2,1,3,UNABLE TO DETERMINE,2,2,0.0,0.0,0.0,0.0,0.0,2.0,11,4,9,09/04/2024,2024-09-04,11:45:00
09/03/2024 09:40:00 PM,5.0,4,5,6,6,3,3,3,3,1,4,FAILING TO YIELD RIGHT-OF-WAY,2,2,0.0,0.0,0.0,0.0,0.0,4.0,21,3,9,09/03/2024,2024-09-03,21:40:00
09/04/2024 11:45:00 PM,5.0,3,5,4,5,3,3,3,2,1,2,DISTRACTION - FROM INSIDE VEHICLE,2,2,0.0,0.0,0.0,0.0,0.0,4.0,23,4,9,09/04/2024,2024-09-04,23:45:00
09/04/2024 08:16:00 PM,5.0,3,6,3,6,3,3,3,2,1,3,FOLLOWING TOO CLOSELY,2,2,0.0,0.0,0.0,0.0,0.0,2.0,20,4,9,09/04/2024,2024-09-04,20:16:00
08/21/2024 03:40:00 PM,3.0,3,2,6,4,3,3,3,3,1,4,IMPROPER TURNING/NO SIGNAL,2,2,0.0,0.0,0.0,0.0,0.0,2.0,15,4,8,08/21/2024,2024-08-21,15:40:00
08/21/2024 11:00:00 AM,5.0,3,2,3,5,3,3,3,2,1,4,UNABLE TO DETERMINE,2,2,0.0,0.0,0.0,0.0,0.0,3.0,11,4,8,08/21/2024,2024-08-21,11:00:00
08/21/2024 12:45:00 PM,5.0,3,2,5,5,3,3,3,3,1,4,DISREGARDING TRAFFIC SIGNALS,2,4,1.0,0.0,0.0,1.0,0.0,2.0,12,4,8,08/21/2024,2024-08-21,12:45:00
08/21/2024 03:15:00 PM,5.0,3,2,5,5,3,3,3,2,1,4,DISREGARDING TRAFFIC SIGNALS,2,2,0.0,0.0,0.0,0.0,0.0,4.0,15,4,8,08/21/2024,2024-08-21,15:15:00
08/21/2024 04:00:00 PM,5.0,3,2,4,6,3,3,3,3,1,3,FOLLOWING TOO CLOSELY,2,2,0.0,0.0,0.0,0.0,0.0,3.0,16,4,8,08/21/2024,2024-08-21,16:00:00
08/21/2024 06:50:00 AM,5.0,3,2,4,5,3,3,3,2,1,4,FOLLOWING TOO CLOSELY,2,2,0.0,0.0,0.0,0.0,0.0,2.0,6,4,8,08/21/2024,2024-08-21,06:50:00
08/21/2024 07:00:00 PM,7.0,3,4,7,6,3,3,3,3,1,4,FAILING TO REDUCE SPEED TO AVOID CRASH,2,2,0.0,0.0,0.0,0.0,0.0,2.0,19,4,8,08/21/2024,2024-08-21,19:00:00
08/21/2024 04:16:00 AM,5.0,3,5,5,5,3,3,1,3,1,4,FAILING TO YIELD RIGHT-OF-WAY,2,4,2.0,0.0,0.0,2.0,0.0,1.0,4,4,8,08/21/2024,2024-08-21,04:16:00
08/21/2024 10:15:00 AM,5.0,3,2,6,5,3,3,3,2,1,4,FAILING TO YIELD RIGHT-OF-WAY,2,2,0.0,0.0,0.0,0.0,0.0,2.0,10,4,8,08/21/2024,2024-08-21,10:15:00
08/21/2024 06:17:00 PM,3.0,3,2,3,5,3,3,3,2,1,2,FAILING TO YIELD RIGHT-OF-WAY,2,2,0.0,0.0,0.0,0.0,0.0,2.0,18,4,8,08/21/2024,2024-08-21,18:17:00
08/21/2024 10:30:00 AM,5.0,3,2,3,3,3,1,1,2,1,4,IMPROPER LANE USAGE,2,2,0.0,0.0,0.0,0.0,0.0,2.0,10,4,8,08/21/2024,2024-08-21,10:30:00
08/21/2024 05:30:00 PM,3.0,3,2,6,6,3,3,3,2,1,3,IMPROPER TURNING/NO SIGNAL,2,2,0.0,0.0,0.0,0.0,0.0,3.0,17,4,8,08/21/2024,2024-08-21,17:30:00
08/21/2024 06:42:00 PM,5.0,3,2,5,5,3,3,3,3,1,4,DISREGARDING TRAFFIC SIGNALS,2,3,1.0,0.0,0.0,0.0,1.0,2.0,18,4,8,08/21/2024,2024-08-21,18:42:00
08/21/2024 04:00:00 PM,5.0,3,2,6,6,3,1,1,2,1,4,UNABLE TO DETERMINE,2,2,0.0,0.0,0.0,0.0,0.0,2.0,16,4,8,08/21/2024,2024-08-21,16:00:00
08/21/2024 08:06:00 AM,5.0,3,2,8,6,3,3,3,3,1,4,FOLLOWING TOO CLOSELY,2,2,0.0,0.0,0.0,0.0,0.0,2.0,8,4,8,08/21/2024,2024-08-21,08:06:00
08/21/2024 04:45:00 PM,7.0,3,2,5,5,3,3,3,3,1,4,FAILING TO YIELD RIGHT-OF-WAY,2,3,2.0,0.0,0.0,0.0,2.0,3.0,16,4,8,08/21/2024,2024-08-21,16:45:00
08/21/2024 06:30:00 PM,5.0,3,2,4,5,3,1,1,2,1,4,UNABLE TO DETERMINE,2,2,0.0,0.0,0.0,0.0,0.0,2.0,18,4,8,08/21/2024,2024-08-21,18:30:00
08/21/2024 04:20:00 PM,5.0,3,2,4,5,3,3,3,2,1,4,FOLLOWING TOO CLOSELY,2,2,0.0,0.0,0.0,0.0,0.0,2.0,16,4,8,08/21/2024,2024-08-21,16:20:00
08/21/2024 12:03:00 PM,7.0,3,2,6,5,3,3,3,2,1,3,CELL PHONE USE OTHER THAN TEXTING,2,2,0.0,0.0,0.0,0.0,0.0,2.0,12,4,8,08/21/2024,2024-08-21,12:03:00
08/21/2024 08:50:00 AM,7.0,3,2,6,2,3,3,3,2,1,4,IMPROPER TURNING/NO SIGNAL,2,2,0.0,0.0,0.0,0.0,0.0,2.0,8,4,8,08/21/2024,2024-08-21,08:50:00
08/21/2024 06:00:00 PM,5.0,3,4,4,5,3,3,3,2,1,4,UNABLE TO DETERMINE,2,2,0.0,0.0,0.0,0.0,0.0,2.0,18,4,8,08/21/2024,2024-08-21,18:00:00
08/21/2024 05:50:00 AM,3.0,3,2,6,4,3,3,3,3,1,4,UNABLE TO DETERMINE,2,2,0.0,0.0,0.0,0.0,0.0,2.0,5,4,8,08/21/2024,2024-08-21,05:50:00
08/21/2024 07:00:00 AM,5.0,3,2,5,3,3,3,3,3,1,2,FAILING TO YIELD RIGHT-OF-WAY,2,2,0.0,0.0,0.0,0.0,0.0,2.0,7,4,8,08/21/2024,2024-08-21,07:00:00
08/21/2024 04:45:00 PM,3.0,3,2,13,7,3,3,3,3,1,4,UNABLE TO DETERMINE,2,3,1.0,0.0,0.0,0.0,1.0,1.0,16,4,8,08/21/2024,2024-08-21,16:45:00
08/21/2024 12:30:00 PM,5.0,3,2,6,5,3,3,3,2,1,4,UNABLE TO DETERMINE,2,2,0.0,0.0,0.0,0.0,0.0,2.0,12,4,8,08/21/2024,2024-08-21,12:30:00
08/21/2024 06:20:00 PM,7.0,3,2,5,5,3,3,3,3,1,4,UNABLE TO DETERMINE,2,4,2.0,0.0,0.0,1.0,1.0,3.0,18,4,8,08/21/2024,2024-08-21,18:20:00
08/21/2024 01:15:00 PM,7.0,3,2,5,6,3,3,3,3,1,4,UNABLE TO DETERMINE,2,4,1.0,0.0,0.0,1.0,0.0,1.0,13,4,8,08/21/2024,2024-08-21,13:15:00
08/21/2024 05:15:00 PM,5.0,3,2,6,6,3,1,1,2,1,3,IMPROPER LANE USAGE,2,2,0.0,0.0,0.0,0.0,0.0,2.0,17,4,8,08/21/2024,2024-08-21,17:15:00
08/21/2024 03:55:00 PM,5.0,3,2,3,6,3,3,3,3,1,2,IMPROPER OVERTAKING/PASSING,2,3,1.0,0.0,0.0,0.0,1.0,2.0,15,4,8,08/21/2024,2024-08-21,15:55:00
08/21/2024 04:00:00 PM,7.0,3,2,5,5,3,3,1,2,1,4,UNABLE TO DETERMINE,2,2,0.0,0.0,0.0,0.0,0.0,2.0,16,4,8,08/21/2024,2024-08-21,16:00:00
08/21/2024 01:01:00 PM,5.0,3,2,6,4,3,3,3,2,1,4,FAILING TO YIELD RIGHT-OF-WAY,2,2,0.0,0.0,0.0,0.0,0.0,2.0,13,4,8,08/21/2024,2024-08-21,13:01:00
08/21/2024 11:55:00 AM,7.0,3,2,5,5,3,3,3,2,1,4,UNABLE TO DETERMINE,2,2,0.0,0.0,0.0,0.0,0.0,2.0,11,4,8,08/21/2024,2024-08-21,11:55:00
08/21/2024 07:15:00 PM,5.0,3,4,13,5,3,3,3,3,1,2,UNABLE TO DETERMINE,2,3,1.0,0.0,0.0,0.0,1.0,1.0,19,4,8,08/21/2024,2024-08-21,19:15:00
08/21/2024 09:00:00 PM,3.0,3,6,5,5,3,3,3,2,1,4,UNABLE TO DETERMINE,2,2,0.0,0.0,0.0,0.0,0.0,2.0,21,4,8,08/21/2024,2024-08-21,21:00:00
08/21/2024 01:40:00 PM,5.0,3,2,14,14,3,3,3,3,1,4,FAILING TO YIELD RIGHT-OF-WAY,2,5,1.0,0.0,1.0,0.0,0.0,1.0,13,4,8,08/21/2024,2024-08-21,13:40:00
09/03/2024 06:00:00 PM,1.0,3,2,14,5,3,1,1,3,1,2,DISREGARDING STOP SIGN,2,4,1.0,0.0,0.0,1.0,0.0,1.0,18,3,9,09/03/2024,2024-09-03,18:00:00
08/21/2024 03:00:00 PM,3.0,3,2,6,6,3,3,3,2,1,4,UNABLE TO DETERMINE,2,2,0.0,0.0,0.0,0.0,0.0,2.0,15,4,8,08/21/2024,2024-08-21,15:00:00
08/21/2024 05:10:00 PM,5.0,3,2,4,6,3,1,1,2,1,4,FOLLOWING TOO CLOSELY,2,2,0.0,0.0,0.0,0.0,0.0,2.0,17,4,8,08/21/2024,2024-08-21,17:10:00
08/21/2024 02:45:00 AM,5.0,3,5,6,5,3,3,3,3,1,4,UNABLE TO DETERMINE,2,2,0.0,0.0,0.0,0.0,0.0,2.0,2,4,8,08/21/2024,2024-08-21,02:45:00
08/21/2024 09:00:00 PM,5.0,3,5,7,6,3,3,3,2,1,2,IMPROPER TURNING/NO SIGNAL,2,2,0.0,0.0,0.0,0.0,0.0,2.0,21,4,8,08/21/2024,2024-08-21,21:00:00
08/21/2024 04:15:00 PM,7.0,3,2,5,5,3,3,3,2,1,4,FAILING TO YIELD RIGHT-OF-WAY,2,2,0.0,0.0,0.0,0.0,0.0,2.0,16,4,8,08/21/2024,2024-08-21,16:15:00
08/21/2024 11:05:00 PM,5.0,3,2,11,6,3,3,3,3,1,4,FOLLOWING TOO CLOSELY,2,2,0.0,0.0,0.0,0.0,0.0,2.0,23,4,8,08/21/2024,2024-08-21,23:05:00
08/21/2024 09:50:00 PM,5.0,3,5,5,6,3,3,3,2,1,4,UNABLE TO DETERMINE,2,2,0.0,0.0,0.0,0.0,0.0,6.0,21,4,8,08/21/2024,2024-08-21,21:50:00
08/21/2024 08:00:00 PM,5.0,3,5,4,5,3,3,3,2,1,4,UNABLE TO DETERMINE,2,2,0.0,0.0,0.0,0.0,0.0,2.0,20,4,8,08/21/2024,2024-08-21,20:00:00
08/21/2024 12:15:00 PM,3.0,3,2,6,6,3,3,3,2,1,3,DRIVING SKILLS/KNOWLEDGE/EXPERIENCE,2,2,0.0,0.0,0.0,0.0,0.0,2.0,12,4,8,08/21/2024,2024-08-21,12:15:00
08/21/2024 02:00:00 PM,7.0,3,2,4,5,3,3,3,2,1,3,UNABLE TO DETERMINE,2,2,0.0,0.0,0.0,0.0,0.0,2.0,14,4,8,08/21/2024,2024-08-21,14:00:00
08/21/2024 06:48:00 PM,5.0,3,2,6,5,3,3,7,3,1,4,DISREGARDING TRAFFIC SIGNALS,2,4,1.0,0.0,0.0,1.0,0.0,1.0,18,4,8,08/21/2024,2024-08-21,18:48:00
09/06/2024 11:40:00 AM,5.0,3,2,3,6,3,3,3,2,1,3,IMPROPER LANE USAGE,2,2,0.0,0.0,0.0,0.0,0.0,2.0,11,6,9,09/06/2024,2024-09-06,11:40:00
09/09/2024 03:38:00 PM,7.0,3,2,6,1,3,3,3,2,1,4,IMPROPER OVERTAKING/PASSING,2,2,0.0,0.0,0.0,0.0,0.0,3.0,15,2,9,09/09/2024,2024-09-09,15:38:00
09/04/2024 07:50:00 AM,5.0,3,2,6,6,3,3,3,2,1,4,IMPROPER OVERTAKING/PASSING,2,2,0.0,0.0,0.0,0.0,0.0,2.0,7,4,9,09/04/2024,2024-09-04,07:50:00
09/05/2024 04:00:00 PM,3.0,3,2,6,6,3,3,3,2,1,3,FAILING TO YIELD RIGHT-OF-WAY,2,2,0.0,0.0,0.0,0.0,0.0,2.0,16,5,9,09/05/2024,2024-09-05,16:00:00
09/04/2024 07:50:00 AM,5.0,3,2,3,6,3,3,3,2,1,4,IMPROPER LANE USAGE,2,2,0.0,0.0,0.0,0.0,0.0,2.0,7,4,9,09/04/2024,2024-09-04,07:50:00
09/05/2024 04:08:00 AM,4.0,3,5,5,10,3,3,3,2,1,4,UNABLE TO DETERMINE,2,2,0.0,0.0,0.0,0.0,0.0,2.0,4,5,9,09/05/2024,2024-09-05,04:08:00
08/30/2024 10:53:00 PM,5.0,3,5,6,5,3,3,3,3,1,4,IMPROPER TURNING/NO SIGNAL,2,3,1.0,0.0,0.0,0.0,1.0,4.0,22,6,8,08/30/2024,2024-08-30,22:53:00
09/03/2024 06:40:00 PM,7.0,3,2,4,7,3,3,3,2,1,4,FOLLOWING TOO CLOSELY,2,2,0.0,0.0,0.0,0.0,0.0,2.0,18,3,9,09/03/2024,2024-09-03,18:40:00
09/05/2024 08:15:00 AM,5.0,3,2,5,5,3,3,1,2,1,4,FAILING TO YIELD RIGHT-OF-WAY,2,2,0.0,0.0,0.0,0.0,0.0,2.0,8,5,9,09/05/2024,2024-09-05,08:15:00
08/31/2024 03:15:00 PM,5.0,3,2,4,6,3,3,3,2,1,3,FOLLOWING TOO CLOSELY,2,2,0.0,0.0,0.0,0.0,0.0,2.0,15,7,8,08/31/2024,2024-08-31,15:15:00
09/03/2024 08:56:00 AM,5.0,3,2,13,5,3,3,3,3,1,3,FAILING TO YIELD RIGHT-OF-WAY,2,4,1.0,0.0,0.0,1.0,0.0,2.0,8,3,9,09/03/2024,2024-09-03,08:56:00
09/04/2024 07:55:00 PM,5.0,3,2,6,5,3,3,3,2,1,3,FAILING TO YIELD RIGHT-OF-WAY,2,2,0.0,0.0,0.0,0.0,0.0,3.0,19,4,9,09/04/2024,2024-09-04,19:55:00
09/02/2024 06:26:00 PM,5.0,3,2,4,5,3,3,3,3,1,4,FOLLOWING TOO CLOSELY,2,3,1.0,0.0,0.0,0.0,1.0,1.0,18,2,9,09/02/2024,2024-09-02,18:26:00
09/03/2024 05:30:00 AM,7.0,3,5,5,4,3,3,3,2,1,4,IMPROPER OVERTAKING/PASSING,2,2,0.0,0.0,0.0,0.0,0.0,2.0,5,3,9,09/03/2024,2024-09-03,05:30:00
09/04/2024 07:35:00 AM,5.0,3,2,3,5,3,3,3,2,1,4,FAILING TO YIELD RIGHT-OF-WAY,2,2,0.0,0.0,0.0,0.0,0.0,2.0,7,4,9,09/04/2024,2024-09-04,07:35:00
09/04/2024 05:00:00 PM,3.0,3,2,6,6,3,1,1,3,1,4,FAILING TO YIELD RIGHT-OF-WAY,2,3,1.0,0.0,0.0,0.0,1.0,1.0,17,4,9,09/04/2024,2024-09-04,17:00:00
09/04/2024 07:25:00 AM,5.0,3,2,14,6,3,3,3,2,1,4,IMPROPER OVERTAKING/PASSING,2,2,0.0,0.0,0.0,0.0,0.0,2.0,7,4,9,09/04/2024,2024-09-04,07:25:00
09/06/2024 12:24:00 AM,7.0,3,5,5,5,3,3,3,3,1,4,DISREGARDING STOP SIGN,2,4,1.0,0.0,0.0,1.0,0.0,3.0,0,6,9,09/06/2024,2024-09-06,00:24:00