crash_date,traffic_control_device,weather_condition,lighting_condition,first_crash_type,trafficway_type,alignment,roadway_surface_cond,road_defect,crash_type,intersection_related_i,damage,prim_contributory_cause,num_units,most_severe_injury,injuries_total,injuries_fatal,injuries_incapacitating,injuries_non_incapacitating,injuries_reported_not_evident,injuries_no_indication,crash_hour,crash_day_of_week,crash_month,parsed_datetime,date,time
09/03/2024 03:45:00 PM,5.0,3,2,14,4,3,1,1,2,1,3,FAILING TO YIELD RIGHT-OF-WAY,2,2,0.0,0.0,0.0,0.0,0.0,2.0,15,3,9,09/03/2024,2024-09-03,15:45:00
09/01/2024 04:00:00 AM,5.0,3,5,4,6,3,3,3,2,1,3,FOLLOWING TOO CLOSELY,2,2,0.0,0.0,0.0,0.0,0.0,2.0,4,1,9,09/01/2024,2024-09-01,04:00:00
09/03/2024 12:22:00 PM,5.0,3,2,6,9,3,3,3,3,1,4,IMPROPER TURNING/NO SIGNAL,2,2,0.0,0.0,0.0,0.0,0.0,3.0,12,3,9,09/03/2024,2024-09-03,12:22:00
09/04/2024 04:50:00 PM,8.0,3,2,5,5,3,3,3,2,1,4,UNABLE TO DETERMINE,2,2,0.0,0.0,0.0,0.0,0.0,2.0,16,4,9,09/04/2024,2024-09-04,16:50:00
08/22/2024 04:45:00 PM,5.0,3,2,3,4,3,3,1,2,1,4,UNABLE TO DETERMINE,2,2,0.0,0.0,0.0,0.0,0.0,5.0,16,5,8,08/22/2024,2024-08-22,16:45:00
08/22/2024 09:47:00 AM,7.0,3,2,5,4,3,3,3,3,1,4,UNABLE TO DETERMINE,2,2,0.0,0.0,0.0,0.0,0.0,2.0,9,5,8,08/22/2024,2024-08-22,09:47:00
08/22/2024 08:56:00 AM,5.0,3,2,6,6,3,3,3,3,1,4,IMPROPER TURNING/NO SIGNAL,2,2,0.0,0.0,0.0,0.0,0.0,4.0,8,5,8,08/22/2024,2024-08-22,08:56:00
08/22/2024 02:05:00 PM,7.0,3,2,6,5,3,3,3,2,1,4,DRIVING SKILLS/KNOWLEDGE/EXPERIENCE,2,2,0.0,0.0,0.0,0.0,0.0,2.0,14,5,8,08/22/2024,2024-08-22,14:05:00
08/22/2024 04:39:00 PM,3.0,3,2,14,10,3,3,3,3,1,3,IMPROPER LANE USAGE,2,4,1.0,0.0,0.0,1.0,0.0,2.0,16,5,8,08/22/2024,2024-08-22,16:39:00
08/22/2024 09:18:00 AM,7.0,3,2,5,6,3,3,3,3,1,4,UNABLE TO DETERMINE,2,4,1.0,0.0,0.0,1.0,0.0,1.0,9,5,8,08/22/2024,2024-08-22,09:18:00
08/22/2024 10:06:00 PM,5.0,3,5,14,5,3,3,3,2,1,2,NOT APPLICABLE,2,2,0.0,0.0,0.0,0.0,0.0,2.0,22,5,8,08/22/2024,2024-08-22,22:06:00
08/22/2024 02:47:00 PM,5.0,3,2,3,4,3,3,3,3,1,4,DISTRACTION - FROM INSIDE VEHICLE,2,3,2.0,0.0,0.0,0.0,2.0,7.0,14,5,8,08/22/2024,2024-08-22,14:47:00
08/22/2024 02:35:00 PM,7.0,3,2,6,7,3,3,3,2,1,3,IMPROPER OVERTAKING/PASSING,2,2,0.0,0.0,0.0,0.0,0.0,2.0,14,5,8,08/22/2024,2024-08-22,14:35:00
08/22/2024 09:04:00 AM,7.0,3,2,5,4,3,3,1,3,1,4,FAILING TO YIELD RIGHT-OF-WAY,2,2,0.0,0.0,0.0,0.0,0.0,3.0,9,5,8,08/22/2024,2024-08-22,09:04:00
08/22/2024 04:15:00 PM,3.0,3,2,5,6,3,3,3,2,1,3,FAILING TO YIELD RIGHT-OF-WAY,2,2,0.0,0.0,0.0,0.0,0.0,4.0,16,5,8,08/22/2024,2024-08-22,16:15:00
08/22/2024 10:40:00 AM,3.0,3,2,5,7,3,3,3,3,1,4,IMPROPER TURNING/NO SIGNAL,2,2,0.0,0.0,0.0,0.0,0.0,2.0,10,5,8,08/22/2024,2024-08-22,10:40:00
08/22/2024 10:32:00 PM,7.0,3,5,14,6,3,3,1,3,1,4,UNABLE TO DETERMINE,2,4,1.0,0.0,0.0,1.0,0.0,1.0,22,5,8,08/22/2024,2024-08-22,22:32:00
08/22/2024 09:20:00 AM,5.0,3,2,6,5,3,1,1,2,1,4,UNABLE TO DETERMINE,2,2,0.0,0.0,0.0,0.0,0.0,2.0,9,5,8,08/22/2024,2024-08-22,09:20:00
08/22/2024 05:40:00 PM,5.0,3,2,4,7,3,3,3,3,1,4,FOLLOWING TOO CLOSELY,2,4,1.0,0.0,0.0,1.0,0.0,1.0,17,5,8,08/22/2024,2024-08-22,17:40:00
08/22/2024 12:59:00 AM,5.0,3,5,6,5,3,3,3,3,1,4,DISREGARDING TRAFFIC SIGNALS,2,4,2.0,0.0,0.0,2.0,0.0,1.0,0,5,8,08/22/2024,2024-08-22,00:59:00
08/22/2024 03:15:00 PM,5.0,3,2,14,6,3,3,3,2,1,4,FOLLOWING TOO CLOSELY,2,2,0.0,0.0,0.0,0.0,0.0,2.0,15,5,8,08/22/2024,2024-08-22,15:15:00
08/22/2024 07:00:00 AM,5.0,3,2,4,3,3,3,3,2,1,4,"OPERATING VEHICLE IN ERRATIC, RECKLESS, CARELESS, NEGLIGENT OR AGGRESSIVE MANNER",2,2,0.0,0.0,0.0,0.0,0.0,3.0,7,5,8,08/22/2024,2024-08-22,07:00:00
08/22/2024 02:55:00 PM,7.0,3,2,5,5,3,3,3,3,1,4,DRIVING SKILLS/KNOWLEDGE/EXPERIENCE,2,4,1.0,0.0,0.0,1.0,0.0,1.0,14,5,8,08/22/2024,2024-08-22,14:55:00
08/22/2024 12:00:00 PM,7.0,3,2,3,5,3,3,3,2,1,4,FAILING TO YIELD RIGHT-OF-WAY,2,2,0.0,0.0,0.0,0.0,0.0,2.0,12,5,8,08/22/2024,2024-08-22,12:00:00
08/22/2024 02:25:00 PM,5.0,3,2,4,5,3,3,3,3,1,2,UNABLE TO DETERMINE,2,4,2.0,0.0,0.0,2.0,0.0,1.0,14,5,8,08/22/2024,2024-08-22,14:25:00
08/22/2024 08:19:00 PM,1.0,3,5,6,6,3,3,1,2,0,3,IMPROPER TURNING/NO SIGNAL,2,2,0.0,0.0,0.0,0.0,0.0,2.0,20,5,8,08/22/2024,2024-08-22,20:19:00
08/22/2024 02:35:00 PM,7.0,3,2,5,6,3,3,3,3,1,4,DISREGARDING STOP SIGN,2,2,0.0,0.0,0.0,0.0,0.0,4.0,14,5,8,08/22/2024,2024-08-22,14:35:00
08/22/2024 09:34:00 PM,5.0,3,5,4,4,3,3,3,2,1,4,UNABLE TO DETERMINE,2,2,0.0,0.0,0.0,0.0,0.0,3.0,21,5,8,08/22/2024,2024-08-22,21:34:00
08/22/2024 12:58:00 PM,5.0,3,2,6,5,3,3,3,3,1,4,IMPROPER LANE USAGE,2,4,1.0,0.0,0.0,1.0,0.0,2.0,12,5,8,08/22/2024,2024-08-22,12:58:00
08/22/2024 02:15:00 PM,5.0,3,2,6,5,3,3,3,2,1,2,DISTRACTION - FROM INSIDE VEHICLE,2,2,0.0,0.0,0.0,0.0,0.0,2.0,14,5,8,08/22/2024,2024-08-22,14:15:00
08/22/2024 09:11:00 AM,5.0,3,2,4,3,6,3,3,2,1,3,FOLLOWING TOO CLOSELY,2,2,0.0,0.0,0.0,0.0,0.0,3.0,9,5,8,08/22/2024,2024-08-22,09:11:00
08/22/2024 08:25:00 AM,7.0,3,2,5,5,3,3,3,3,1,4,FAILING TO YIELD RIGHT-OF-WAY,2,2,0.0,0.0,0.0,0.0,0.0,3.0,8,5,8,08/22/2024,2024-08-22,08:25:00
08/22/2024 12:35:00 PM,7.0,3,2,6,5,3,3,1,2,1,4,FAILING TO YIELD RIGHT-OF-WAY,2,2,0.0,0.0,0.0,0.0,0.0,3.0,12,5,8,08/22/2024,2024-08-22,12:35:00
08/22/2024 04:36:00 PM,3.0,3,2,6,6,3,3,3,3,1,4,FAILING TO YIELD RIGHT-OF-WAY,2,2,0.0,0.0,0.0,0.0,0.0,2.0,16,5,8,08/22/2024,2024-08-22,16:36:00
08/22/2024 10:15:00 AM,5.0,3,2,5,3,3,3,3,3,1,4,FAILING TO YIELD RIGHT-OF-WAY,2,4,2.0,0.0,0.0,2.0,0.0,0.0,10,5,8,08/22/2024,2024-08-22,10:15:00
08/22/2024 06:45:00 PM,3.0,3,2,6,5,3,3,3,2,1,4,FAILING TO YIELD RIGHT-OF-WAY,2,2,0.0,0.0,0.0,0.0,0.0,5.0,18,5,8,08/22/2024,2024-08-22,18:45:00
08/22/2024 04:15:00 PM,5.0,3,2,6,3,3,3,3,2,1,4,UNABLE TO DETERMINE,2,2,0.0,0.0,0.0,0.0,0.0,2.0,16,5,8,08/22/2024,2024-08-22,16:15:00
08/30/2024 09:30:00 AM,5.0,3,2,6,1,3,3,3,2,1,3,IMPROPER TURNING/NO SIGNAL,2,2,0.0,0.0,0.0,0.0,0.0,3.0,9,6,8,08/30/2024,2024-08-30,09:30:00
08/22/2024 05:29:00 AM,7.0,3,2,5,5,3,3,3,3,1,4,"OPERATING VEHICLE IN ERRATIC, RECKLESS, CARELESS, NEGLIGENT OR AGGRESSIVE MANNER",2,2,0.0,0.0,0.0,0.0,0.0,2.0,5,5,8,08/22/2024,2024-08-22,05:29:00
08/22/2024 11:53:00 AM,1.0,3,2,6,5,3,3,1,2,1,4,"OPERATING VEHICLE IN ERRATIC, RECKLESS, CARELESS, NEGLIGENT OR AGGRESSIVE MANNER",2,2,0.0,0.0,0.0,0.0,0.0,2.0,11,5,8,08/22/2024,2024-08-22,11:53:00
08/22/2024 08:20:00 PM,5.0,3,5,6,4,3,3,1,2,1,4,UNABLE TO DETERMINE,2,2,0.0,0.0,0.0,0.0,0.0,3.0,20,5,8,08/22/2024,2024-08-22,20:20:00
08/22/2024 10:20:00 AM,5.0,3,2,6,10,3,3,3,2,1,4,UNABLE TO DETERMINE,2,2,0.0,0.0,0.0,0.0,0.0,8.0,10,5,8,08/22/2024,2024-08-22,10:20:00
08/22/2024 03:08:00 PM,5.0,3,2,6,6,3,3,3,2,1,4,FOLLOWING TOO CLOSELY,2,2,0.0,0.0,0.0,0.0,0.0,2.0,15,5,8,08/22/2024,2024-08-22,15:08:00
08/22/2024 07:13:00 AM,7.0,3,2,5,5,3,3,3,3,1,4,FAILING TO YIELD RIGHT-OF-WAY,2,4,1.0,0.0,0.0,1.0,0.0,1.0,7,5,8,08/22/2024,2024-08-22,07:13:00
08/22/2024 08:15:00 PM,5.0,3,5,5,5,3,3,3,2,1,4,DISREGARDING TRAFFIC SIGNALS,2,2,0.0,0.0,0.0,0.0,0.0,2.0,20,5,8,08/22/2024,2024-08-22,20:15:00
08/22/2024 10:52:00 AM,5.0,3,2,4,4,3,3,1,2,1,3,FOLLOWING TOO CLOSELY,2,2,0.0,0.0,0.0,0.0,0.0,2.0,10,5,8,08/22/2024,2024-08-22,10:52:00
08/22/2024 10:52:00 PM,7.0,3,5,4,6,3,3,1,3,1,4,FAILING TO REDUCE SPEED TO AVOID CRASH,2,3,2.0,0.0,0.0,0.0,2.0,1.0,22,5,8,08/22/2024,2024-08-22,22:52:00
03/06/2024 09:59:00 AM,5.0,3,2,6,5,3,3,3,2,1,4,NOT APPLICABLE,2,2,0.0,0.0,0.0,0.0,0.0,2.0,9,4,3,03/06/2024,2024-03-06,09:59:00
08/22/2024 07:42:00 AM,5.0,3,2,6,6,3,3,3,2,1,4,FAILING TO YIELD RIGHT-OF-WAY,2,2,0.0,0.0,0.0,0.0,0.0,2.0,7,5,8,08/22/2024,2024-08-22,07:42:00
08/22/2024 02:00:00 PM,7.0,3,2,6,5,3,3,3,2,1,4,UNABLE TO DETERMINE,2,2,0.0,0.0,0.0,0.0,0.0,2.0,14,5,8,08/22/2024,2024-08-22,14:00:00
09/01/2024 02:00:00 PM,7.0,3,2,5,5,3,3,3,2,1,3,FAILING TO YIELD RIGHT-OF-WAY,2,2,0.0,0.0,0.0,0.0,0.0,2.0,14,1,9,09/01/2024,2024-09-01,14:00:00
08/22/2024 03:15:00 PM,5.0,3,2,9,5,3,3,3,3,1,4,DISREGARDING TRAFFIC SIGNALS,2,4,1.0,0.0,0.0,1.0,0.0,3.0,15,5,8,08/22/2024,2024-08-22,15:15:00
08/22/2024 06:40:00 PM,5.0,3,4,4,5,3,3,3,2,1,4,UNABLE TO DETERMINE,2,2,0.0,0.0,0.0,0.0,0.0,2.0,18,5,8,08/22/2024,2024-08-22,18:40:00
08/22/2024 12:10:00 AM,5.0,3,5,6,5,3,3,3,2,1,2,IMPROPER LANE USAGE,2,2,0.0,0.0,0.0,0.0,0.0,2.0,0,5,8,08/22/2024,2024-08-22,00:10:00
08/22/2024 02:50:00 AM,5.0,3,5,5,5,3,3,3,3,1,4,DISREGARDING TRAFFIC SIGNALS,2,2,0.0,0.0,0.0,0.0,0.0,2.0,2,5,8,08/22/2024,2024-08-22,02:50:00
08/24/2024 04:45:00 PM,5.0,3,2,5,6,3,3,3,3,1,4,FAILING TO YIELD RIGHT-OF-WAY,2,3,1.0,0.0,0.0,0.0,1.0,2.0,16,7,8,08/24/2024,2024-08-24,16:45:00
09/06/2024 08:25:00 AM,7.0,3,2,11,5,3,3,1,2,1,4,UNABLE TO DETERMINE,2,2,0.0,0.0,0.0,0.0,0.0,1.0,8,6,9,09/06/2024,2024-09-06,08:25:00
09/06/2024 04:00:00 PM,5.0,3,2,4,5,3,3,1,2,1,4,FAILING TO REDUCE SPEED TO AVOID CRASH,2,2,0.0,0.0,0.0,0.0,0.0,2.0,16,6,9,09/06/2024,2024-09-06,16:00:00
09/06/2024 05:00:00 PM,7.0,3,2,4,3,3,3,1,3,1,3,UNABLE TO DETERMINE,2,3,1.0,0.0,0.0,0.0,1.0,2.0,17,6,9,09/06/2024,2024-09-06,17:00:00
09/06/2024 07:30:00 AM,7.0,3,2,6,2,3,3,3,2,1,4,UNABLE TO DETERMINE,2,2,0.0,0.0,0.0,0.0,0.0,4.0,7,6,9,09/06/2024,2024-09-06,07:30:00
09/04/2024 08:52:00 PM,7.0,3,5,5,5,3,3,3,3,1,4,DISREGARDING STOP SIGN,2,2,0.0,0.0,0.0,0.0,0.0,2.0,20,4,9,09/04/2024,2024-09-04,20:52:00
09/03/2024 04:20:00 PM,5.0,3,2,6,6,3,3,3,2,1,2,FAILING TO YIELD RIGHT-OF-WAY,2,2,0.0,0.0,0.0,0.0,0.0,2.0,16,3,9,09/03/2024,2024-09-03,16:20:00
09/06/2024 07:29:00 PM,5.0,3,4,6,5,3,3,3,2,1,4,FAILING TO YIELD RIGHT-OF-WAY,2,2,0.0,0.0,0.0,0.0,0.0,2.0,19,6,9,09/06/2024,2024-09-06,19:29:00
09/06/2024 08:00:00 AM,5.0,3,2,14,6,3,3,1,2,1,4,UNABLE TO DETERMINE,2,2,0.0,0.0,0.0,0.0,0.0,2.0,8,6,9,09/06/2024,2024-09-06,08:00:00
09/05/2024 09:10:00 AM,7.0,3,2,14,7,3,3,3,2,1,2,UNABLE TO DETERMINE,2,2,0.0,0.0,0.0,0.0,0.0,3.0,9,5,9,09/05/2024,2024-09-05,09:10:00
09/04/2024 07:40:00 AM,7.0,3,2,4,6,3,3,1,2,1,3,FOLLOWING TOO CLOSELY,2,2,0.0,0.0,0.0,0.0,0.0,2.0,7,4,9,09/04/2024,2024-09-04,07:40:00
09/06/2024 05:20:00 PM,7.0,3,2,6,6,3,3,3,2,1,4,NOT APPLICABLE,2,2,0.0,0.0,0.0,0.0,0.0,3.0,17,6,9,09/06/2024,2024-09-06,17:20:00
09/04/2024 10:20:00 PM,3.0,3,6,6,5,3,3,3,2,1,4,UNABLE TO DETERMINE,2,2,0.0,0.0,0.0,0.0,0.0,2.0,22,4,9,09/04/2024,2024-09-04,22:20:00
09/06/2024 01:18:00 PM,5.0,3,2,8,5,3,3,3,3,1,4,DISREGARDING TRAFFIC SIGNALS,2,2,0.0,0.0,0.0,0.0,0.0,5.0,13,6,9,09/06/2024,2024-09-06,13:18:00
09/06/2024 07:56:00 PM,5.0,3,5,6,5,3,3,1,3,1,4,UNABLE TO DETERMINE,2,2,0.0,0.0,0.0,0.0,0.0,3.0,19,6,9,09/06/2024,2024-09-06,19:56:00
09/06/2024 03:18:00 AM,5.0,3,5,13,5,3,3,3,3,1,4,FAILING TO YIELD RIGHT-OF-WAY,2,4,1.0,0.0,0.0,1.0,0.0,1.0,3,6,9,09/06/2024,2024-09-06,03:18:00
09/06/2024 04:49:00 PM,5.0,3,2,6,3,3,3,3,2,1,4,UNABLE TO DETERMINE,2,2,0.0,0.0,0.0,0.0,0.0,2.0,16,6,9,09/06/2024,2024-09-06,16:49:00
09/03/2024 03:34:00 PM,5.0,3,2,5,7,3,3,3,3,1,4,UNABLE TO DETERMINE,2,4,2.0,0.0,0.0,2.0,0.0,0.0,15,3,9,09/03/2024,2024-09-03,15:34:00
09/04/2024 07:04:00 PM,2.0,3,6,9,11,3,3,3,3,1,4,NOT APPLICABLE,2,2,0.0,0.0,0.0,0.0,0.0,3.0,19,4,9,09/04/2024,2024-09-04,19:04:00
09/03/2024 02:23:00 PM,5.0,3,2,3,4,3,1,1,2,1,4,UNABLE TO DETERMINE,2,2,0.0,0.0,0.0,0.0,0.0,3.0,14,3,9,09/03/2024,2024-09-03,14:23:00
09/06/2024 10:22:00 AM,5.0,3,2,5,1,3,3,3,3,1,4,FAILING TO YIELD RIGHT-OF-WAY,2,2,0.0,0.0,0.0,0.0,0.0,6.0,10,6,9,09/06/2024,2024-09-06,10:22:00
09/06/2024 12:50:00 PM,5.0,3,2,3,5,3,3,3,2,1,3,UNABLE TO DETERMINE,2,2,0.0,0.0,0.0,0.0,0.0,2.0,12,6,9,09/06/2024,2024-09-06,12:50:00
09/06/2024 10:53:00 AM,5.0,3,2,4,6,3,3,3,3,0,4,EQUIPMENT - VEHICLE CONDITION,2,4,1.0,0.0,0.0,1.0,0.0,1.0,10,6,9,09/06/2024,2024-09-06,10:53:00
09/06/2024 06:55:00 AM,7.0,3,2,4,6,3,3,3,2,1,3,FOLLOWING TOO CLOSELY,2,2,0.0,0.0,0.0,0.0,0.0,3.0,6,6,9,09/06/2024,2024-09-06,06:55:00
08/26/2024 03:00:00 AM,3.0,3,5,6,5,3,3,3,3,1,4,"OPERATING VEHICLE IN ERRATIC, RECKLESS, CARELESS, NEGLIGENT OR AGGRESSIVE MANNER",2,3,1.0,0.0,0.0,0.0,1.0,1.0,3,2,8,08/26/2024,2024-08-26,03:00:00
09/04/2024 07:00:00 PM,5.0,3,2,3,3,3,3,3,2,1,4,IMPROPER OVERTAKING/PASSING,2,2,0.0,0.0,0.0,0.0,0.0,2.0,19,4,9,09/04/2024,2024-09-04,19:00:00
09/06/2024 02:05:00 PM,7.0,3,2,5,7,3,3,3,3,1,4,FAILING TO YIELD RIGHT-OF-WAY,2,2,0.0,0.0,0.0,0.0,0.0,2.0,14,6,9,09/06/2024,2024-09-06,14:05:00
06/27/2024 05:00:00 PM,7.0,3,2,5,5,3,3,3,2,1,4,UNABLE TO DETERMINE,2,2,0.0,0.0,0.0,0.0,0.0,4.0,17,5,6,06/27/2024,2024-06-27,17:00:00
09/05/2024 12:30:00 AM,7.0,3,5,5,5,3,1,1,3,1,4,UNABLE TO DETERMINE,2,3,1.0,0.0,0.0,0.0,1.0,1.0,0,5,9,09/05/2024,2024-09-05,00:30:00
08/23/2024 10:05:00 AM,7.0,3,2,5,5,3,3,1,2,1,4,NOT APPLICABLE,2,2,0.0,0.0,0.0,0.0,0.0,2.0,10,6,8,08/23/2024,2024-08-23,10:05:00
09/06/2024 04:35:00 PM,5.0,3,2,6,4,3,3,3,2,1,4,IMPROPER TURNING/NO SIGNAL,2,2,0.0,0.0,0.0,0.0,0.0,2.0,16,6,9,09/06/2024,2024-09-06,16:35:00
09/01/2024 09:19:00 PM,3.0,3,5,5,6,3,3,3,3,1,4,UNABLE TO DETERMINE,2,4,1.0,0.0,0.0,1.0,0.0,1.0,21,1,9,09/01/2024,2024-09-01,21:19:00
09/06/2024 10:27:00 AM,7.0,3,2,5,6,3,3,3,3,1,4,FAILING TO YIELD RIGHT-OF-WAY,2,4,1.0,0.0,0.0,1.0,0.0,1.0,10,6,9,09/06/2024,2024-09-06,10:27:00
09/05/2024 08:54:00 PM,5.0,3,5,6,5,3,4,3,2,1,4,UNABLE TO DETERMINE,2,2,0.0,0.0,0.0,0.0,0.0,3.0,20,5,9,09/05/2024,2024-09-05,20:54:00
09/03/2024 07:45:00 AM,3.0,3,2,6,4,3,3,3,2,1,4,FAILING TO YIELD RIGHT-OF-WAY,2,2,0.0,0.0,0.0,0.0,0.0,2.0,7,3,9,09/03/2024,2024-09-03,07:45:00
09/06/2024 04:25:00 PM,3.0,3,2,6,6,3,3,3,3,1,4,IMPROPER LANE USAGE,2,2,0.0,0.0,0.0,0.0,0.0,2.0,16,6,9,09/06/2024,2024-09-06,16:25:00
09/05/2024 10:47:00 PM,5.0,3,5,6,5,3,3,3,3,1,4,FAILING TO REDUCE SPEED TO AVOID CRASH,2,2,0.0,0.0,0.0,0.0,0.0,2.0,22,5,9,09/05/2024,2024-09-05,22:47:00
09/06/2024 05:38:00 PM,7.0,3,2,6,6,3,3,3,2,1,4,FAILING TO YIELD RIGHT-OF-WAY,2,2,0.0,0.0,0.0,0.0,0.0,2.0,17,6,9,09/06/2024,2024-09-06,17:38:00
09/06/2024 02:02:00 PM,5.0,3,2,6,5,3,3,3,3,1,4,IMPROPER OVERTAKING/PASSING,2,3,2.0,0.0,0.0,0.0,2.0,1.0,14,6,9,09/06/2024,2024-09-06,14:02:00
09/06/2024 05:28:00 PM,3.0,3,2,6,9,3,3,3,3,1,4,UNABLE TO DETERMINE,2,4,1.0,0.0,0.0,1.0,0.0,1.0,17,6,9,09/06/2024,2024-09-06,17:28:00
09/06/2024 08:50:00 PM,5.0,3,5,6,5,3,1,1,2,1,4,IMPROPER TURNING/NO SIGNAL,2,2,0.0,0.0,0.0,0.0,0.0,2.0,20,6,9,09/06/2024,2024-09-06,20:50:00
08/23/2024 08:26:00 PM,5.0,3,5,13,6,3,3,3,3,1,2,DRIVING SKILLS/KNOWLEDGE/EXPERIENCE,2,4,1.0,0.0,0.0,1.0,0.0,1.0,20,6,8,08/23/2024,2024-08-23,20:26:00
08/23/2024 08:10:00 AM,3.0,3,2,3,9,4,3,3,3,1,4,IMPROPER OVERTAKING/PASSING,2,3,1.0,0.0,0.0,0.0,1.0,1.0,8,6,8,08/23/2024,2024-08-23,08:10:00
08/23/2024 01:20:00 PM,5.0,3,2,5,7,3,3,3,2,1,4,UNABLE TO DETERMINE,2,2,0.0,0.0,0.0,0.0,0.0,2.0,13,6,8,08/23/2024,2024-08-23,13:20:00
09/10/2024 04:31:00 PM,5.0,3,2,3,6,3,3,3,2,1,4,IMPROPER OVERTAKING/PASSING,2,2,0.0,0.0,0.0,0.0,0.0,2.0,16,3,9,09/10/2024,2024-09-10,16:31:00
08/23/2024 07:30:00 AM,5.0,3,2,4,6,3,3,3,2,1,4,FOLLOWING TOO CLOSELY,2,2,0.0,0.0,0.0,0.0,0.0,3.0,7,6,8,08/23/2024,2024-08-23,07:30:00
08/23/2024 02:55:00 PM,5.0,3,2,4,4,3,3,7,3,1,4,FAILING TO REDUCE SPEED TO AVOID CRASH,2,3,2.0,0.0,0.0,0.0,2.0,0.0,14,6,8,08/23/2024,2024-08-23,14:55:00
08/23/2024 04:55:00 PM,5.0,3,2,6,5,3,3,3,2,1,3,FOLLOWING TOO CLOSELY,2,2,0.0,0.0,0.0,0.0,0.0,2.0,16,6,8,08/23/2024,2024-08-23,16:55:00
08/23/2024 01:10:00 PM,5.0,3,2,5,5,3,3,3,3,1,4,FAILING TO YIELD RIGHT-OF-WAY,2,2,0.0,0.0,0.0,0.0,0.0,2.0,13,6,8,08/23/2024,2024-08-23,13:10:00
08/23/2024 02:55:00 PM,5.0,3,2,6,5,3,3,1,3,1,4,DISREGARDING TRAFFIC SIGNALS,2,2,0.0,0.0,0.0,0.0,0.0,2.0,14,6,8,08/23/2024,2024-08-23,14:55:00
08/23/2024 08:05:00 AM,5.0,3,2,4,6,3,3,3,2,1,3,FAILING TO REDUCE SPEED TO AVOID CRASH,2,2,0.0,0.0,0.0,0.0,0.0,3.0,8,6,8,08/23/2024,2024-08-23,08:05:00
08/23/2024 04:40:00 PM,3.0,3,2,6,6,3,3,3,2,1,2,IMPROPER TURNING/NO SIGNAL,2,2,0.0,0.0,0.0,0.0,0.0,2.0,16,6,8,08/23/2024,2024-08-23,16:40:00
08/23/2024 01:50:00 PM,5.0,3,2,6,5,3,3,1,2,1,3,FOLLOWING TOO CLOSELY,2,2,0.0,0.0,0.0,0.0,0.0,2.0,13,6,8,08/23/2024,2024-08-23,13:50:00
08/23/2024 06:12:00 PM,5.0,3,2,6,3,3,3,3,3,1,4,FAILING TO YIELD RIGHT-OF-WAY,2,4,1.0,0.0,0.0,1.0,0.0,1.0,18,6,8,08/23/2024,2024-08-23,18:12:00
08/23/2024 11:30:00 PM,3.0,3,5,13,16,3,3,3,3,1,2,UNABLE TO DETERMINE,2,4,1.0,0.0,0.0,1.0,0.0,1.0,23,6,8,08/23/2024,2024-08-23,23:30:00
08/23/2024 01:30:00 PM,5.0,3,2,4,5,3,3,3,2,1,2,FAILING TO REDUCE SPEED TO AVOID CRASH,2,2,0.0,0.0,0.0,0.0,0.0,2.0,13,6,8,08/23/2024,2024-08-23,13:30:00
08/23/2024 11:50:00 AM,7.0,3,2,5,6,3,3,3,3,1,4,NOT APPLICABLE,2,2,0.0,0.0,0.0,0.0,0.0,2.0,11,6,8,08/23/2024,2024-08-23,11:50:00
08/23/2024 07:45:00 AM,3.0,3,2,4,6,3,3,3,2,1,3,FOLLOWING TOO CLOSELY,2,2,0.0,0.0,0.0,0.0,0.0,2.0,7,6,8,08/23/2024,2024-08-23,07:45:00
08/23/2024 02:55:00 PM,7.0,3,2,7,4,3,1,1,3,1,4,FAILING TO YIELD RIGHT-OF-WAY,2,2,0.0,0.0,0.0,0.0,0.0,2.0,14,6,8,08/23/2024,2024-08-23,14:55:00
08/23/2024 05:40:00 PM,7.0,3,2,14,5,4,3,3,2,1,3,UNABLE TO DETERMINE,2,2,0.0,0.0,0.0,0.0,0.0,2.0,17,6,8,08/23/2024,2024-08-23,17:40:00
08/23/2024 12:36:00 PM,5.0,3,2,6,5,4,3,3,3,1,4,DISREGARDING TRAFFIC SIGNALS,2,5,1.0,0.0,1.0,0.0,0.0,6.0,12,6,8,08/23/2024,2024-08-23,12:36:00
08/23/2024 10:48:00 PM,5.0,3,5,4,5,3,3,3,2,1,4,FAILING TO REDUCE SPEED TO AVOID CRASH,2,2,0.0,0.0,0.0,0.0,0.0,3.0,22,6,8,08/23/2024,2024-08-23,22:48:00
08/23/2024 09:30:00 PM,5.0,3,5,7,6,3,3,3,3,1,2,FOLLOWING TOO CLOSELY,2,3,2.0,0.0,0.0,0.0,2.0,1.0,21,6,8,08/23/2024,2024-08-23,21:30:00
08/23/2024 07:45:00 AM,7.0,3,2,5,5,3,3,3,3,1,4,DISREGARDING STOP SIGN,2,4,1.0,0.0,0.0,1.0,0.0,2.0,7,6,8,08/23/2024,2024-08-23,07:45:00
08/23/2024 10:19:00 PM,3.0,3,5,6,5,3,3,3,3,1,4,IMPROPER OVERTAKING/PASSING,2,4,1.0,0.0,0.0,1.0,0.0,1.0,22,6,8,08/23/2024,2024-08-23,22:19:00
09/09/2024 08:00:00 PM,3.0,3,2,11,6,3,3,3,2,0,4,UNABLE TO DETERMINE,2,2,0.0,0.0,0.0,0.0,0.0,1.0,20,2,9,09/09/2024,2024-09-09,20:00:00