crash_date,traffic_control_device,weather_condition,lighting_condition,first_crash_type,trafficway_type,alignment,roadway_surface_cond,road_defect,crash_type,intersection_related_i,damage,prim_contributory_cause,num_units,most_severe_injury,injuries_total,injuries_fatal,injuries_incapacitating,injuries_non_incapacitating,injuries_reported_not_evident,injuries_no_indication,crash_hour,crash_day_of_week,crash_month,parsed_datetime,date,time
08/24/2024 10:31:00 AM,5.0,3,2,6,10,3,3,3,2,1,2,IMPROPER TURNING/NO SIGNAL,2,2,0.0,0.0,0.0,0.0,0.0,2.0,10,7,8,08/24/2024,2024-08-24,10:31:00
09/14/2024 09:00:00 PM,3.0,3,2,14,5,3,3,1,2,1,3,UNABLE TO DETERMINE,2,2,0.0,0.0,0.0,0.0,0.0,2.0,21,7,9,09/14/2024,2024-09-14,21:00:00
08/24/2024 06:15:00 AM,5.0,3,2,3,5,3,3,3,2,1,4,UNABLE TO DETERMINE,2,2,0.0,0.0,0.0,0.0,0.0,2.0,6,7,8,08/24/2024,2024-08-24,06:15:00
08/24/2024 08:31:00 PM,7.0,3,6,14,5,3,3,3,3,1,4,DISREGARDING STOP SIGN,2,4,1.0,0.0,0.0,1.0,0.0,1.0,20,7,8,08/24/2024,2024-08-24,20:31:00
08/24/2024 01:26:00 PM,5.0,3,2,6,5,3,3,3,3,1,4,IMPROPER TURNING/NO SIGNAL,2,4,1.0,0.0,0.0,1.0,0.0,1.0,13,7,8,08/24/2024,2024-08-24,13:26:00
08/24/2024 01:00:00 PM,5.0,3,2,6,5,3,3,3,2,1,2,UNABLE TO DETERMINE,2,2,0.0,0.0,0.0,0.0,0.0,2.0,13,7,8,08/24/2024,2024-08-24,13:00:00
09/14/2024 08:30:00 AM,5.0,3,2,6,1,3,1,1,2,1,4,UNABLE TO DETERMINE,2,2,0.0,0.0,0.0,0.0,0.0,2.0,8,7,9,09/14/2024,2024-09-14,08:30:00
09/07/2024 01:20:00 AM,7.0,3,5,6,6,3,3,3,3,1,4,DISREGARDING STOP SIGN,2,3,1.0,0.0,0.0,0.0,1.0,1.0,1,7,9,09/07/2024,2024-09-07,01:20:00
08/27/2024 01:52:00 PM,5.0,3,2,5,5,3,3,3,3,1,3,FAILING TO YIELD RIGHT-OF-WAY,2,3,1.0,0.0,0.0,0.0,1.0,1.0,13,3,8,08/27/2024,2024-08-27,13:52:00
09/08/2024 11:07:00 AM,5.0,3,2,13,5,3,3,3,2,1,3,IMPROPER TURNING/NO SIGNAL,2,2,0.0,0.0,0.0,0.0,0.0,2.0,11,1,9,09/08/2024,2024-09-08,11:07:00
09/08/2024 04:55:00 PM,1.0,3,2,3,6,3,1,1,2,1,4,IMPROPER OVERTAKING/PASSING,2,2,0.0,0.0,0.0,0.0,0.0,3.0,16,1,9,09/08/2024,2024-09-08,16:55:00
09/06/2024 08:00:00 PM,7.0,3,2,5,5,3,3,3,3,1,4,FAILING TO YIELD RIGHT-OF-WAY,2,3,1.0,0.0,0.0,0.0,1.0,1.0,20,6,9,09/06/2024,2024-09-06,20:00:00
09/08/2024 12:32:00 AM,3.0,3,5,11,12,3,3,3,3,0,4,DRIVING SKILLS/KNOWLEDGE/EXPERIENCE,2,2,0.0,0.0,0.0,0.0,0.0,1.0,0,1,9,09/08/2024,2024-09-08,00:32:00
09/07/2024 01:10:00 PM,5.0,3,2,5,4,3,3,3,3,1,4,FAILING TO YIELD RIGHT-OF-WAY,2,2,0.0,0.0,0.0,0.0,0.0,2.0,13,7,9,09/07/2024,2024-09-07,13:10:00
09/07/2024 08:53:00 PM,5.0,3,5,6,5,3,3,2,3,1,4,UNABLE TO DETERMINE,2,3,1.0,0.0,0.0,0.0,1.0,4.0,20,7,9,09/07/2024,2024-09-07,20:53:00
09/07/2024 05:15:00 PM,2.0,3,6,5,2,3,3,1,3,1,4,UNABLE TO DETERMINE,2,2,0.0,0.0,0.0,0.0,0.0,3.0,17,7,9,09/07/2024,2024-09-07,17:15:00
09/07/2024 04:16:00 PM,5.0,3,2,6,5,3,3,1,3,1,4,UNABLE TO DETERMINE,2,3,2.0,0.0,0.0,0.0,2.0,1.0,16,7,9,09/07/2024,2024-09-07,16:16:00
09/08/2024 03:32:00 AM,5.0,3,5,6,5,3,3,3,3,1,4,DISREGARDING TRAFFIC SIGNALS,2,4,2.0,0.0,0.0,2.0,0.0,1.0,3,1,9,09/08/2024,2024-09-08,03:32:00
09/07/2024 01:50:00 PM,7.0,3,2,6,5,3,3,3,2,1,4,FAILING TO YIELD RIGHT-OF-WAY,2,2,0.0,0.0,0.0,0.0,0.0,3.0,13,7,9,09/07/2024,2024-09-07,13:50:00
09/05/2024 11:07:00 PM,5.0,3,5,13,5,3,3,3,3,1,4,FAILING TO YIELD RIGHT-OF-WAY,2,5,1.0,0.0,1.0,0.0,0.0,1.0,23,5,9,09/05/2024,2024-09-05,23:07:00
09/06/2024 10:45:00 AM,5.0,3,2,5,4,3,3,3,2,1,4,UNABLE TO DETERMINE,2,2,0.0,0.0,0.0,0.0,0.0,2.0,10,6,9,09/06/2024,2024-09-06,10:45:00
09/06/2024 01:50:00 PM,7.0,3,2,5,5,3,3,3,2,1,4,FAILING TO YIELD RIGHT-OF-WAY,2,2,0.0,0.0,0.0,0.0,0.0,2.0,13,6,9,09/06/2024,2024-09-06,13:50:00
09/08/2024 03:17:00 AM,5.0,3,5,5,7,3,3,1,2,1,4,DISREGARDING TRAFFIC SIGNALS,2,2,0.0,0.0,0.0,0.0,0.0,4.0,3,1,9,09/08/2024,2024-09-08,03:17:00
09/07/2024 03:46:00 PM,5.0,3,2,3,10,3,1,1,2,1,4,IMPROPER OVERTAKING/PASSING,2,2,0.0,0.0,0.0,0.0,0.0,4.0,15,7,9,09/07/2024,2024-09-07,15:46:00
09/07/2024 08:38:00 PM,5.0,3,4,3,6,3,3,3,2,0,3,IMPROPER LANE USAGE,2,2,0.0,0.0,0.0,0.0,0.0,2.0,20,7,9,09/07/2024,2024-09-07,20:38:00
09/08/2024 06:13:00 PM,5.0,3,2,5,5,3,3,3,3,1,4,UNABLE TO DETERMINE,2,4,2.0,0.0,0.0,1.0,1.0,0.0,18,1,9,09/08/2024,2024-09-08,18:13:00
09/08/2024 01:42:00 AM,5.0,3,5,6,7,3,3,3,3,1,4,IMPROPER TURNING/NO SIGNAL,2,2,0.0,0.0,0.0,0.0,0.0,3.0,1,1,9,09/08/2024,2024-09-08,01:42:00
09/08/2024 02:30:00 PM,7.0,3,2,5,5,3,3,1,2,1,4,UNABLE TO DETERMINE,2,2,0.0,0.0,0.0,0.0,0.0,3.0,14,1,9,09/08/2024,2024-09-08,14:30:00
09/07/2024 12:50:00 PM,7.0,3,2,5,7,3,3,3,3,1,3,UNABLE TO DETERMINE,2,3,1.0,0.0,0.0,0.0,1.0,1.0,12,7,9,09/07/2024,2024-09-07,12:50:00
09/08/2024 08:06:00 PM,1.0,3,5,5,5,3,3,1,2,1,4,UNABLE TO DETERMINE,2,2,0.0,0.0,0.0,0.0,0.0,2.0,20,1,9,09/08/2024,2024-09-08,20:06:00
09/07/2024 11:48:00 PM,7.0,3,5,5,5,3,1,1,3,1,4,UNABLE TO DETERMINE,2,3,1.0,0.0,0.0,0.0,1.0,1.0,23,7,9,09/07/2024,2024-09-07,23:48:00
09/07/2024 06:20:00 PM,5.0,3,3,11,6,3,3,3,2,1,4,IMPROPER TURNING/NO SIGNAL,2,2,0.0,0.0,0.0,0.0,0.0,4.0,18,7,9,09/07/2024,2024-09-07,18:20:00
09/07/2024 01:15:00 AM,5.0,3,6,4,4,3,3,3,2,1,4,UNABLE TO DETERMINE,2,2,0.0,0.0,0.0,0.0,0.0,2.0,1,7,9,09/07/2024,2024-09-07,01:15:00
09/08/2024 07:18:00 AM,5.0,3,2,5,6,3,3,3,3,1,4,UNABLE TO DETERMINE,2,5,2.0,0.0,2.0,0.0,0.0,1.0,7,1,9,09/08/2024,2024-09-08,07:18:00
09/04/2024 05:29:00 PM,5.0,3,2,6,2,3,3,3,2,1,4,FAILING TO YIELD RIGHT-OF-WAY,2,2,0.0,0.0,0.0,0.0,0.0,4.0,17,4,9,09/04/2024,2024-09-04,17:29:00
09/08/2024 05:20:00 AM,3.0,3,3,4,4,3,3,3,3,1,4,FOLLOWING TOO CLOSELY,2,5,2.0,0.0,1.0,0.0,1.0,3.0,5,1,9,09/08/2024,2024-09-08,05:20:00
09/08/2024 12:40:00 PM,3.0,3,2,4,7,3,3,3,3,1,2,FOLLOWING TOO CLOSELY,2,4,2.0,0.0,0.0,2.0,0.0,1.0,12,1,9,09/08/2024,2024-09-08,12:40:00
09/06/2024 06:30:00 PM,5.0,3,2,3,5,3,3,3,2,1,3,IMPROPER TURNING/NO SIGNAL,2,2,0.0,0.0,0.0,0.0,0.0,2.0,18,6,9,09/06/2024,2024-09-06,18:30:00
08/25/2024 06:00:00 PM,5.0,3,2,4,10,3,3,3,2,0,3,FOLLOWING TOO CLOSELY,2,2,0.0,0.0,0.0,0.0,0.0,3.0,18,1,8,08/25/2024,2024-08-25,18:00:00
08/25/2024 06:41:00 PM,3.0,3,2,6,6,3,3,3,3,1,4,FOLLOWING TOO CLOSELY,2,3,1.0,0.0,0.0,0.0,1.0,4.0,18,1,8,08/25/2024,2024-08-25,18:41:00
08/25/2024 11:00:00 AM,7.0,3,2,4,6,3,3,3,2,1,2,FAILING TO REDUCE SPEED TO AVOID CRASH,2,2,0.0,0.0,0.0,0.0,0.0,2.0,11,1,8,08/25/2024,2024-08-25,11:00:00
09/16/2024 03:20:00 PM,5.0,3,2,5,6,3,3,3,2,1,4,UNABLE TO DETERMINE,2,2,0.0,0.0,0.0,0.0,0.0,2.0,15,2,9,09/16/2024,2024-09-16,15:20:00
09/16/2024 03:35:00 PM,7.0,3,2,5,1,3,3,3,3,1,2,FAILING TO YIELD RIGHT-OF-WAY,2,4,2.0,0.0,0.0,2.0,0.0,1.0,15,2,9,09/16/2024,2024-09-16,15:35:00
08/25/2024 07:15:00 PM,5.0,3,5,5,4,3,3,3,3,1,4,DISREGARDING TRAFFIC SIGNALS,2,3,1.0,0.0,0.0,0.0,1.0,1.0,19,1,8,08/25/2024,2024-08-25,19:15:00
08/25/2024 03:55:00 PM,3.0,3,2,6,4,3,3,3,2,1,4,UNABLE TO DETERMINE,2,2,0.0,0.0,0.0,0.0,0.0,2.0,15,1,8,08/25/2024,2024-08-25,15:55:00
08/25/2024 09:00:00 PM,3.0,3,5,6,10,3,3,3,2,1,4,IMPROPER TURNING/NO SIGNAL,2,2,0.0,0.0,0.0,0.0,0.0,2.0,21,1,8,08/25/2024,2024-08-25,21:00:00
08/25/2024 02:58:00 PM,5.0,3,2,5,2,3,3,3,3,1,4,DISREGARDING TRAFFIC SIGNALS,2,2,0.0,0.0,0.0,0.0,0.0,2.0,14,1,8,08/25/2024,2024-08-25,14:58:00
08/25/2024 12:54:00 AM,5.0,3,5,6,6,3,3,3,3,1,4,FAILING TO YIELD RIGHT-OF-WAY,2,4,1.0,0.0,0.0,1.0,0.0,1.0,0,1,8,08/25/2024,2024-08-25,00:54:00
08/25/2024 05:33:00 AM,5.0,3,2,5,6,3,3,3,3,1,4,EQUIPMENT - VEHICLE CONDITION,2,4,2.0,0.0,0.0,1.0,1.0,0.0,5,1,8,08/25/2024,2024-08-25,05:33:00
08/25/2024 08:14:00 PM,5.0,3,5,4,5,3,1,1,2,1,3,UNABLE TO DETERMINE,2,2,0.0,0.0,0.0,0.0,0.0,2.0,20,1,8,08/25/2024,2024-08-25,20:14:00
08/25/2024 08:40:00 AM,3.0,3,2,6,7,3,3,3,2,1,4,FAILING TO YIELD RIGHT-OF-WAY,2,2,0.0,0.0,0.0,0.0,0.0,2.0,8,1,8,08/25/2024,2024-08-25,08:40:00
09/15/2024 12:29:00 AM,5.0,3,5,6,5,3,3,3,3,1,4,UNABLE TO DETERMINE,2,2,0.0,0.0,0.0,0.0,0.0,2.0,0,1,9,09/15/2024,2024-09-15,00:29:00
08/25/2024 11:15:00 AM,5.0,3,2,5,6,3,3,3,3,1,4,UNABLE TO DETERMINE,2,3,1.0,0.0,0.0,0.0,1.0,2.0,11,1,8,08/25/2024,2024-08-25,11:15:00
08/25/2024 11:30:00 AM,7.0,3,2,5,4,3,3,3,2,1,4,UNABLE TO DETERMINE,2,2,0.0,0.0,0.0,0.0,0.0,2.0,11,1,8,08/25/2024,2024-08-25,11:30:00
08/25/2024 09:18:00 PM,5.0,3,5,4,4,3,3,3,2,1,4,UNABLE TO DETERMINE,2,2,0.0,0.0,0.0,0.0,0.0,5.0,21,1,8,08/25/2024,2024-08-25,21:18:00
08/25/2024 02:30:00 AM,5.0,3,5,5,6,3,3,3,3,1,4,DISREGARDING TRAFFIC SIGNALS,2,2,0.0,0.0,0.0,0.0,0.0,2.0,2,1,8,08/25/2024,2024-08-25,02:30:00
08/25/2024 10:19:00 AM,5.0,3,2,6,5,3,3,3,3,1,4,FAILING TO YIELD RIGHT-OF-WAY,2,5,1.0,0.0,1.0,0.0,0.0,2.0,10,1,8,08/25/2024,2024-08-25,10:19:00
08/25/2024 04:00:00 PM,7.0,3,2,5,5,3,3,3,2,1,4,IMPROPER TURNING/NO SIGNAL,2,2,0.0,0.0,0.0,0.0,0.0,2.0,16,1,8,08/25/2024,2024-08-25,16:00:00
08/25/2024 09:30:00 PM,5.0,3,5,3,5,3,3,3,2,1,4,UNABLE TO DETERMINE,2,2,0.0,0.0,0.0,0.0,0.0,8.0,21,1,8,08/25/2024,2024-08-25,21:30:00
08/25/2024 05:17:00 AM,5.0,3,5,5,5,3,3,3,2,1,3,DISREGARDING TRAFFIC SIGNALS,2,2,0.0,0.0,0.0,0.0,0.0,3.0,5,1,8,08/25/2024,2024-08-25,05:17:00
08/25/2024 11:10:00 AM,5.0,3,2,3,9,3,3,3,2,1,4,IMPROPER BACKING,2,2,0.0,0.0,0.0,0.0,0.0,2.0,11,1,8,08/25/2024,2024-08-25,11:10:00
08/25/2024 06:05:00 PM,5.0,3,2,6,5,3,3,3,2,1,4,FAILING TO YIELD RIGHT-OF-WAY,2,2,0.0,0.0,0.0,0.0,0.0,3.0,18,1,8,08/25/2024,2024-08-25,18:05:00
08/25/2024 03:16:00 PM,7.0,3,2,5,5,3,3,3,3,1,4,DISREGARDING STOP SIGN,2,2,0.0,0.0,0.0,0.0,0.0,2.0,15,1,8,08/25/2024,2024-08-25,15:16:00
08/25/2024 09:45:00 PM,7.0,3,5,6,5,3,3,3,3,1,4,IMPROPER OVERTAKING/PASSING,2,5,1.0,0.0,1.0,0.0,0.0,2.0,21,1,8,08/25/2024,2024-08-25,21:45:00
08/25/2024 08:30:00 AM,5.0,3,2,14,6,3,3,3,3,1,2,IMPROPER LANE USAGE,2,4,1.0,0.0,0.0,1.0,0.0,2.0,8,1,8,08/25/2024,2024-08-25,08:30:00
08/25/2024 01:19:00 AM,5.0,3,5,6,4,3,3,1,3,1,4,DISREGARDING TRAFFIC SIGNALS,2,4,1.0,0.0,0.0,1.0,0.0,3.0,1,1,8,08/25/2024,2024-08-25,01:19:00
08/25/2024 12:25:00 PM,7.0,3,2,5,5,3,3,3,2,1,4,FAILING TO YIELD RIGHT-OF-WAY,2,2,0.0,0.0,0.0,0.0,0.0,2.0,12,1,8,08/25/2024,2024-08-25,12:25:00
08/25/2024 08:20:00 PM,5.0,3,5,4,4,3,3,3,2,1,4,FOLLOWING TOO CLOSELY,2,2,0.0,0.0,0.0,0.0,0.0,2.0,20,1,8,08/25/2024,2024-08-25,20:20:00
08/25/2024 11:26:00 AM,5.0,3,2,8,6,3,3,1,3,1,4,IMPROPER BACKING,2,2,0.0,0.0,0.0,0.0,0.0,4.0,11,1,8,08/25/2024,2024-08-25,11:26:00
08/25/2024 08:19:00 PM,3.0,3,5,6,4,3,3,3,2,1,4,FAILING TO YIELD RIGHT-OF-WAY,2,2,0.0,0.0,0.0,0.0,0.0,2.0,20,1,8,08/25/2024,2024-08-25,20:19:00
08/25/2024 02:35:00 PM,7.0,3,2,6,7,3,3,3,3,1,4,FAILING TO YIELD RIGHT-OF-WAY,2,2,0.0,0.0,0.0,0.0,0.0,4.0,14,1,8,08/25/2024,2024-08-25,14:35:00
08/25/2024 07:56:00 PM,5.0,3,6,6,5,3,3,3,3,1,4,IMPROPER TURNING/NO SIGNAL,2,2,0.0,0.0,0.0,0.0,0.0,3.0,19,1,8,08/25/2024,2024-08-25,19:56:00
08/09/2024 06:35:00 AM,5.0,3,3,6,5,3,3,3,3,1,4,UNABLE TO DETERMINE,2,5,2.0,0.0,2.0,0.0,0.0,0.0,6,6,8,08/09/2024,2024-08-09,06:35:00
08/25/2024 03:15:00 AM,5.0,3,5,6,4,3,3,3,3,1,4,UNABLE TO DETERMINE,2,4,1.0,0.0,0.0,1.0,0.0,1.0,3,1,8,08/25/2024,2024-08-25,03:15:00
08/25/2024 12:00:00 PM,5.0,3,2,4,6,3,3,3,2,0,4,FOLLOWING TOO CLOSELY,2,2,0.0,0.0,0.0,0.0,0.0,2.0,12,1,8,08/25/2024,2024-08-25,12:00:00
08/25/2024 02:00:00 PM,5.0,3,2,14,6,3,3,3,3,1,2,UNABLE TO DETERMINE,2,3,1.0,0.0,0.0,0.0,1.0,1.0,14,1,8,08/25/2024,2024-08-25,14:00:00
08/25/2024 11:50:00 AM,5.0,3,2,4,3,3,3,3,2,1,4,DRIVING SKILLS/KNOWLEDGE/EXPERIENCE,2,2,0.0,0.0,0.0,0.0,0.0,2.0,11,1,8,08/25/2024,2024-08-25,11:50:00
08/25/2024 04:06:00 AM,5.0,3,5,5,5,3,3,3,3,1,4,FAILING TO YIELD RIGHT-OF-WAY,2,2,0.0,0.0,0.0,0.0,0.0,2.0,4,1,8,08/25/2024,2024-08-25,04:06:00
08/25/2024 04:00:00 PM,7.0,3,2,4,6,3,3,3,2,0,4,FOLLOWING TOO CLOSELY,2,2,0.0,0.0,0.0,0.0,0.0,2.0,16,1,8,08/25/2024,2024-08-25,16:00:00
08/25/2024 10:45:00 AM,5.0,3,2,4,1,3,3,3,2,1,4,FOLLOWING TOO CLOSELY,2,2,0.0,0.0,0.0,0.0,0.0,2.0,10,1,8,08/25/2024,2024-08-25,10:45:00
08/25/2024 01:50:00 AM,1.0,3,4,3,6,3,3,1,2,1,3,NOT APPLICABLE,2,2,0.0,0.0,0.0,0.0,0.0,2.0,1,1,8,08/25/2024,2024-08-25,01:50:00
08/25/2024 08:07:00 PM,5.0,3,5,6,5,3,3,3,3,1,4,FAILING TO YIELD RIGHT-OF-WAY,2,2,0.0,0.0,0.0,0.0,0.0,3.0,20,1,8,08/25/2024,2024-08-25,20:07:00
08/25/2024 01:34:00 PM,3.0,3,2,5,6,6,3,3,3,0,4,UNABLE TO DETERMINE,2,5,1.0,0.0,1.0,0.0,0.0,1.0,13,1,8,08/25/2024,2024-08-25,13:34:00
08/25/2024 07:32:00 PM,7.0,3,3,5,5,3,3,1,3,1,4,FAILING TO YIELD RIGHT-OF-WAY,2,2,0.0,0.0,0.0,0.0,0.0,3.0,19,1,8,08/25/2024,2024-08-25,19:32:00
08/25/2024 12:15:00 AM,7.0,3,5,6,6,3,3,3,2,0,3,DRIVING SKILLS/KNOWLEDGE/EXPERIENCE,2,2,0.0,0.0,0.0,0.0,0.0,2.0,0,1,8,08/25/2024,2024-08-25,00:15:00
08/25/2024 07:45:00 AM,5.0,3,2,6,6,3,3,3,3,1,3,FAILING TO YIELD RIGHT-OF-WAY,2,4,2.0,0.0,0.0,2.0,0.0,0.0,7,1,8,08/25/2024,2024-08-25,07:45:00
08/25/2024 06:34:00 PM,7.0,3,2,5,6,3,3,3,3,1,4,DISREGARDING TRAFFIC SIGNALS,2,2,0.0,0.0,0.0,0.0,0.0,2.0,18,1,8,08/25/2024,2024-08-25,18:34:00
08/26/2024 04:30:00 PM,5.0,3,2,6,5,3,3,3,2,1,3,FAILING TO YIELD RIGHT-OF-WAY,2,2,0.0,0.0,0.0,0.0,0.0,2.0,16,2,8,08/26/2024,2024-08-26,16:30:00
08/25/2024 02:00:00 AM,5.0,3,5,5,6,3,3,3,3,1,4,DISREGARDING TRAFFIC SIGNALS,2,2,0.0,0.0,0.0,0.0,0.0,3.0,2,1,8,08/25/2024,2024-08-25,02:00:00
08/25/2024 03:10:00 PM,5.0,3,2,13,6,3,3,1,3,1,3,FAILING TO YIELD RIGHT-OF-WAY,2,4,1.0,0.0,0.0,1.0,0.0,1.0,15,1,8,08/25/2024,2024-08-25,15:10:00
08/25/2024 10:50:00 AM,5.0,3,2,3,5,6,3,3,2,1,4,IMPROPER LANE USAGE,2,2,0.0,0.0,0.0,0.0,0.0,2.0,10,1,8,08/25/2024,2024-08-25,10:50:00
08/25/2024 03:31:00 AM,5.0,3,5,6,4,3,3,3,3,1,4,UNABLE TO DETERMINE,2,2,0.0,0.0,0.0,0.0,0.0,3.0,3,1,8,08/25/2024,2024-08-25,03:31:00
08/25/2024 07:10:00 AM,7.0,3,2,5,5,3,3,3,2,1,4,FAILING TO YIELD RIGHT-OF-WAY,2,2,0.0,0.0,0.0,0.0,0.0,2.0,7,1,8,08/25/2024,2024-08-25,07:10:00
08/25/2024 12:39:00 PM,5.0,3,2,6,14,3,3,3,3,1,4,FAILING TO YIELD RIGHT-OF-WAY,2,2,0.0,0.0,0.0,0.0,0.0,5.0,12,1,8,08/25/2024,2024-08-25,12:39:00
09/03/2024 12:45:00 PM,5.0,3,2,4,4,3,3,1,3,1,4,UNABLE TO DETERMINE,2,4,1.0,0.0,0.0,1.0,0.0,1.0,12,3,9,09/03/2024,2024-09-03,12:45:00
09/06/2024 03:00:00 PM,5.0,3,2,13,5,3,3,3,3,1,3,FAILING TO YIELD RIGHT-OF-WAY,2,5,1.0,0.0,1.0,0.0,0.0,1.0,15,6,9,09/06/2024,2024-09-06,15:00:00
09/09/2024 12:20:00 AM,5.0,3,5,9,4,3,3,3,3,1,4,DRIVING ON WRONG SIDE/WRONG WAY,2,4,1.0,0.0,0.0,1.0,0.0,1.0,0,2,9,09/09/2024,2024-09-09,00:20:00
09/09/2024 07:42:00 PM,5.0,3,5,4,5,3,3,3,2,1,4,UNABLE TO DETERMINE,2,2,0.0,0.0,0.0,0.0,0.0,2.0,19,2,9,09/09/2024,2024-09-09,19:42:00
09/09/2024 07:35:00 AM,7.0,3,2,5,5,3,1,1,3,1,4,FAILING TO YIELD RIGHT-OF-WAY,2,2,0.0,0.0,0.0,0.0,0.0,3.0,7,2,9,09/09/2024,2024-09-09,07:35:00
09/07/2024 08:24:00 PM,5.0,3,2,4,3,3,1,1,2,1,4,UNABLE TO DETERMINE,2,2,0.0,0.0,0.0,0.0,0.0,7.0,20,7,9,09/07/2024,2024-09-07,20:24:00
09/09/2024 10:00:00 AM,3.0,3,2,6,6,3,3,3,2,1,4,FAILING TO YIELD RIGHT-OF-WAY,2,2,0.0,0.0,0.0,0.0,0.0,3.0,10,2,9,09/09/2024,2024-09-09,10:00:00
09/09/2024 05:25:00 PM,7.0,3,2,11,5,3,3,3,2,1,4,IMPROPER TURNING/NO SIGNAL,2,2,0.0,0.0,0.0,0.0,0.0,1.0,17,2,9,09/09/2024,2024-09-09,17:25:00
09/08/2024 12:10:00 PM,3.0,3,2,6,7,3,3,3,3,1,4,UNABLE TO DETERMINE,2,2,0.0,0.0,0.0,0.0,0.0,2.0,12,1,9,09/08/2024,2024-09-08,12:10:00
09/07/2024 08:10:00 PM,5.0,3,5,6,5,3,3,1,3,1,4,DISREGARDING TRAFFIC SIGNALS,2,3,1.0,0.0,0.0,0.0,1.0,1.0,20,7,9,09/07/2024,2024-09-07,20:10:00
09/08/2024 01:10:00 PM,5.0,3,2,13,6,3,3,1,3,1,4,DISREGARDING OTHER TRAFFIC SIGNS,2,5,1.0,0.0,1.0,0.0,0.0,1.0,13,1,9,09/08/2024,2024-09-08,13:10:00
09/09/2024 05:00:00 AM,5.0,3,2,5,5,3,3,3,2,1,4,DRIVING SKILLS/KNOWLEDGE/EXPERIENCE,2,2,0.0,0.0,0.0,0.0,0.0,2.0,5,2,9,09/09/2024,2024-09-09,05:00:00
09/08/2024 05:30:00 PM,1.0,3,2,6,5,3,3,1,3,1,4,FAILING TO YIELD RIGHT-OF-WAY,2,2,0.0,0.0,0.0,0.0,0.0,2.0,17,1,9,09/08/2024,2024-09-08,17:30:00
09/09/2024 06:10:00 AM,7.0,3,2,5,7,3,3,3,3,1,4,FAILING TO YIELD RIGHT-OF-WAY,2,2,0.0,0.0,0.0,0.0,0.0,2.0,6,2,9,09/09/2024,2024-09-09,06:10:00
09/07/2024 05:27:00 AM,5.0,3,3,5,3,3,3,3,3,1,4,NOT APPLICABLE,2,2,0.0,0.0,0.0,0.0,0.0,2.0,5,7,9,09/07/2024,2024-09-07,05:27:00
09/09/2024 05:40:00 PM,5.0,3,2,4,5,3,3,3,2,1,3,UNABLE TO DETERMINE,2,2,0.0,0.0,0.0,0.0,0.0,3.0,17,2,9,09/09/2024,2024-09-09,17:40:00
09/09/2024 11:50:00 AM,1.0,3,2,3,6,3,1,1,2,1,3,DRIVING SKILLS/KNOWLEDGE/EXPERIENCE,2,2,0.0,0.0,0.0,0.0,0.0,3.0,11,2,9,09/09/2024,2024-09-09,11:50:00
09/06/2024 03:30:00 PM,5.0,3,2,4,1,3,3,3,2,1,4,FOLLOWING TOO CLOSELY,2,2,0.0,0.0,0.0,0.0,0.0,2.0,15,6,9,09/06/2024,2024-09-06,15:30:00
09/07/2024 07:30:00 AM,1.0,3,2,5,5,3,1,1,3,1,4,IMPROPER TURNING/NO SIGNAL,2,2,0.0,0.0,0.0,0.0,0.0,2.0,7,7,9,09/07/2024,2024-09-07,07:30:00
09/02/2024 04:15:00 PM,5.0,3,2,6,5,3,1,1,2,1,4,DRIVING SKILLS/KNOWLEDGE/EXPERIENCE,2,2,0.0,0.0,0.0,0.0,0.0,2.0,16,2,9,09/02/2024,2024-09-02,16:15:00
09/09/2024 02:17:00 AM,7.0,3,5,5,6,3,3,3,3,1,4,DISREGARDING STOP SIGN,2,4,2.0,0.0,0.0,2.0,0.0,2.0,2,2,9,09/09/2024,2024-09-09,02:17:00
09/09/2024 02:35:00 PM,7.0,3,2,5,5,3,3,3,3,1,4,UNABLE TO DETERMINE,2,4,1.0,0.0,0.0,1.0,0.0,1.0,14,2,9,09/09/2024,2024-09-09,14:35:00
09/09/2024 03:45:00 PM,6.0,3,2,13,6,3,3,3,3,1,4,FAILING TO YIELD RIGHT-OF-WAY,2,3,1.0,0.0,0.0,0.0,1.0,1.0,15,2,9,09/09/2024,2024-09-09,15:45:00
09/08/2024 02:53:00 AM,5.0,3,5,5,5,3,3,1,3,1,3,FAILING TO REDUCE SPEED TO AVOID CRASH,2,2,0.0,0.0,0.0,0.0,0.0,2.0,2,1,9,09/08/2024,2024-09-08,02:53:00
09/08/2024 06:35:00 PM,5.0,3,2,6,5,4,3,3,3,1,4,UNABLE TO DETERMINE,2,2,0.0,0.0,0.0,0.0,0.0,2.0,18,1,9,09/08/2024,2024-09-08,18:35:00
09/09/2024 12:30:00 PM,5.0,3,2,3,6,3,1,1,2,1,2,UNABLE TO DETERMINE,2,2,0.0,0.0,0.0,0.0,0.0,2.0,12,2,9,09/09/2024,2024-09-09,12:30:00
09/08/2024 08:10:00 PM,5.0,3,5,6,10,3,1,1,2,1,4,DRIVING SKILLS/KNOWLEDGE/EXPERIENCE,2,2,0.0,0.0,0.0,0.0,0.0,4.0,20,1,9,09/08/2024,2024-09-08,20:10:00
09/08/2024 08:42:00 PM,5.0,3,5,14,6,3,3,3,3,1,4,FAILING TO YIELD RIGHT-OF-WAY,2,4,1.0,0.0,0.0,1.0,0.0,1.0,20,1,9,09/08/2024,2024-09-08,20:42:00