crash_date,traffic_control_device,weather_condition,lighting_condition,first_crash_type,trafficway_type,alignment,roadway_surface_cond,road_defect,crash_type,intersection_related_i,damage,prim_contributory_cause,num_units,most_severe_injury,injuries_total,injuries_fatal,injuries_incapacitating,injuries_non_incapacitating,injuries_reported_not_evident,injuries_no_indication,crash_hour,crash_day_of_week,crash_month,parsed_datetime,date,time
09/09/2024 07:25:00 PM,1.0,3,5,5,5,3,3,1,2,1,4,UNABLE TO DETERMINE,2,2,0.0,0.0,0.0,0.0,0.0,2.0,19,2,9,09/09/2024,2024-09-09,19:25:00
09/09/2024 01:40:00 AM,5.0,3,5,5,5,3,3,1,3,1,4,DISREGARDING TRAFFIC SIGNALS,2,4,1.0,0.0,0.0,1.0,0.0,3.0,1,2,9,09/09/2024,2024-09-09,01:40:00
09/09/2024 02:47:00 PM,5.0,3,2,5,5,3,3,3,3,1,4,UNABLE TO DETERMINE,2,4,2.0,0.0,0.0,2.0,0.0,0.0,14,2,9,09/09/2024,2024-09-09,14:47:00
09/09/2024 05:31:00 PM,7.0,3,2,13,5,3,3,3,3,1,4,FAILING TO YIELD RIGHT-OF-WAY,2,4,1.0,0.0,0.0,1.0,0.0,1.0,17,2,9,09/09/2024,2024-09-09,17:31:00
08/26/2024 01:57:00 PM,7.0,3,2,11,10,3,1,1,2,1,4,IMPROPER TURNING/NO SIGNAL,2,2,0.0,0.0,0.0,0.0,0.0,1.0,13,2,8,08/26/2024,2024-08-26,13:57:00
09/08/2024 06:20:00 PM,7.0,3,2,14,5,3,3,3,3,1,2,UNABLE TO DETERMINE,2,4,1.0,0.0,0.0,1.0,0.0,1.0,18,1,9,09/08/2024,2024-09-08,18:20:00
09/09/2024 12:38:00 PM,5.0,3,2,6,6,3,3,1,2,1,3,FAILING TO YIELD RIGHT-OF-WAY,2,2,0.0,0.0,0.0,0.0,0.0,2.0,12,2,9,09/09/2024,2024-09-09,12:38:00
09/09/2024 04:05:00 PM,1.0,3,2,11,5,3,3,1,2,1,4,UNABLE TO DETERMINE,2,2,0.0,0.0,0.0,0.0,0.0,1.0,16,2,9,09/09/2024,2024-09-09,16:05:00
09/09/2024 04:40:00 PM,5.0,3,2,3,6,3,3,3,3,1,4,"OPERATING VEHICLE IN ERRATIC, RECKLESS, CARELESS, NEGLIGENT OR AGGRESSIVE MANNER",2,3,1.0,0.0,0.0,0.0,1.0,6.0,16,2,9,09/09/2024,2024-09-09,16:40:00
08/26/2024 05:38:00 PM,5.0,3,2,3,5,3,3,3,2,1,4,IMPROPER OVERTAKING/PASSING,2,2,0.0,0.0,0.0,0.0,0.0,2.0,17,2,8,08/26/2024,2024-08-26,17:38:00
08/26/2024 06:50:00 AM,5.0,3,2,6,5,4,3,3,2,1,2,UNABLE TO DETERMINE,2,2,0.0,0.0,0.0,0.0,0.0,2.0,6,2,8,08/26/2024,2024-08-26,06:50:00
08/26/2024 04:16:00 PM,5.0,3,2,6,5,3,3,1,3,1,4,UNABLE TO DETERMINE,2,2,0.0,0.0,0.0,0.0,0.0,2.0,16,2,8,08/26/2024,2024-08-26,16:16:00
08/26/2024 02:35:00 PM,5.0,3,2,6,5,3,1,1,2,1,4,IMPROPER TURNING/NO SIGNAL,2,2,0.0,0.0,0.0,0.0,0.0,3.0,14,2,8,08/26/2024,2024-08-26,14:35:00
08/26/2024 10:55:00 AM,7.0,3,2,6,5,3,3,3,3,1,4,DISREGARDING STOP SIGN,2,5,2.0,0.0,2.0,0.0,0.0,1.0,10,2,8,08/26/2024,2024-08-26,10:55:00
08/26/2024 03:30:00 AM,7.0,3,2,11,7,3,3,1,2,1,4,NOT APPLICABLE,2,2,0.0,0.0,0.0,0.0,0.0,1.0,3,2,8,08/26/2024,2024-08-26,03:30:00
08/26/2024 11:15:00 AM,5.0,3,2,4,6,3,3,3,2,1,4,UNABLE TO DETERMINE,2,2,0.0,0.0,0.0,0.0,0.0,2.0,11,2,8,08/26/2024,2024-08-26,11:15:00
08/26/2024 04:40:00 PM,5.0,3,2,6,4,3,3,1,2,1,4,UNABLE TO DETERMINE,2,2,0.0,0.0,0.0,0.0,0.0,2.0,16,2,8,08/26/2024,2024-08-26,16:40:00
08/26/2024 11:00:00 AM,7.0,3,2,14,6,3,3,3,3,1,4,UNABLE TO DETERMINE,2,3,1.0,0.0,0.0,0.0,1.0,1.0,11,2,8,08/26/2024,2024-08-26,11:00:00
08/26/2024 07:47:00 AM,7.0,3,2,5,10,3,3,3,2,1,4,UNABLE TO DETERMINE,2,2,0.0,0.0,0.0,0.0,0.0,2.0,7,2,8,08/26/2024,2024-08-26,07:47:00
08/26/2024 09:30:00 AM,5.0,3,2,6,5,3,3,3,3,1,4,IMPROPER OVERTAKING/PASSING,2,4,1.0,0.0,0.0,1.0,0.0,1.0,9,2,8,08/26/2024,2024-08-26,09:30:00
08/26/2024 06:50:00 PM,5.0,3,2,5,13,3,3,3,2,1,4,DISREGARDING TRAFFIC SIGNALS,2,2,0.0,0.0,0.0,0.0,0.0,2.0,18,2,8,08/26/2024,2024-08-26,18:50:00
08/26/2024 07:20:00 PM,7.0,3,4,6,5,3,3,1,2,1,4,UNABLE TO DETERMINE,2,2,0.0,0.0,0.0,0.0,0.0,2.0,19,2,8,08/26/2024,2024-08-26,19:20:00
08/26/2024 12:55:00 PM,5.0,3,2,4,4,3,3,3,2,1,3,FOLLOWING TOO CLOSELY,2,2,0.0,0.0,0.0,0.0,0.0,2.0,12,2,8,08/26/2024,2024-08-26,12:55:00
08/26/2024 06:31:00 PM,7.0,3,2,6,4,3,3,3,2,1,4,FAILING TO YIELD RIGHT-OF-WAY,2,2,0.0,0.0,0.0,0.0,0.0,4.0,18,2,8,08/26/2024,2024-08-26,18:31:00
08/26/2024 09:20:00 AM,2.0,3,2,11,10,3,3,3,3,1,4,DISTRACTION - FROM INSIDE VEHICLE,2,2,0.0,0.0,0.0,0.0,0.0,2.0,9,2,8,08/26/2024,2024-08-26,09:20:00
08/26/2024 08:30:00 AM,3.0,3,2,11,5,3,3,3,2,1,3,NOT APPLICABLE,2,2,0.0,0.0,0.0,0.0,0.0,1.0,8,2,8,08/26/2024,2024-08-26,08:30:00
08/26/2024 01:00:00 AM,5.0,3,4,3,6,3,3,3,2,1,3,IMPROPER LANE USAGE,2,2,0.0,0.0,0.0,0.0,0.0,2.0,1,2,8,08/26/2024,2024-08-26,01:00:00
08/26/2024 12:45:00 PM,5.0,3,2,6,5,3,3,3,2,1,4,DISREGARDING TRAFFIC SIGNALS,2,2,0.0,0.0,0.0,0.0,0.0,2.0,12,2,8,08/26/2024,2024-08-26,12:45:00
08/26/2024 07:35:00 AM,3.0,3,2,5,6,3,3,3,2,1,3,UNABLE TO DETERMINE,2,2,0.0,0.0,0.0,0.0,0.0,2.0,7,2,8,08/26/2024,2024-08-26,07:35:00
08/26/2024 08:40:00 AM,7.0,3,2,5,5,3,3,3,2,1,3,UNABLE TO DETERMINE,2,2,0.0,0.0,0.0,0.0,0.0,2.0,8,2,8,08/26/2024,2024-08-26,08:40:00
08/26/2024 12:55:00 PM,7.0,3,2,5,5,3,3,3,3,1,4,FAILING TO YIELD RIGHT-OF-WAY,2,2,0.0,0.0,0.0,0.0,0.0,2.0,12,2,8,08/26/2024,2024-08-26,12:55:00
08/26/2024 08:10:00 AM,7.0,3,2,5,5,3,3,3,3,1,4,FAILING TO YIELD RIGHT-OF-WAY,2,3,1.0,0.0,0.0,0.0,1.0,1.0,8,2,8,08/26/2024,2024-08-26,08:10:00
08/26/2024 05:45:00 PM,7.0,3,2,5,5,3,3,3,2,1,4,UNABLE TO DETERMINE,2,2,0.0,0.0,0.0,0.0,0.0,2.0,17,2,8,08/26/2024,2024-08-26,17:45:00
08/26/2024 02:30:00 PM,5.0,3,2,4,5,3,3,1,2,1,3,UNABLE TO DETERMINE,2,2,0.0,0.0,0.0,0.0,0.0,2.0,14,2,8,08/26/2024,2024-08-26,14:30:00
08/26/2024 04:55:00 PM,5.0,3,2,6,5,3,3,1,3,1,4,UNABLE TO DETERMINE,2,4,1.0,0.0,0.0,1.0,0.0,1.0,16,2,8,08/26/2024,2024-08-26,16:55:00
08/26/2024 05:00:00 PM,7.0,3,2,6,7,3,3,1,3,1,4,DRIVING SKILLS/KNOWLEDGE/EXPERIENCE,2,2,0.0,0.0,0.0,0.0,0.0,2.0,17,2,8,08/26/2024,2024-08-26,17:00:00
08/26/2024 01:30:00 PM,3.0,3,2,5,17,3,3,3,2,1,4,FAILING TO YIELD RIGHT-OF-WAY,2,2,0.0,0.0,0.0,0.0,0.0,3.0,13,2,8,08/26/2024,2024-08-26,13:30:00
08/26/2024 10:15:00 AM,7.0,3,2,5,6,3,3,3,3,1,4,ROAD CONSTRUCTION/MAINTENANCE,2,4,1.0,0.0,0.0,1.0,0.0,1.0,10,2,8,08/26/2024,2024-08-26,10:15:00
08/26/2024 03:20:00 PM,7.0,3,2,4,6,3,3,3,2,1,4,UNABLE TO DETERMINE,2,2,0.0,0.0,0.0,0.0,0.0,2.0,15,2,8,08/26/2024,2024-08-26,15:20:00
08/26/2024 04:40:00 PM,5.0,3,2,6,3,3,3,3,2,1,4,FAILING TO YIELD RIGHT-OF-WAY,2,2,0.0,0.0,0.0,0.0,0.0,2.0,16,2,8,08/26/2024,2024-08-26,16:40:00
08/26/2024 06:30:00 PM,5.0,3,2,14,4,3,3,3,3,1,3,UNABLE TO DETERMINE,2,4,1.0,0.0,0.0,1.0,0.0,1.0,18,2,8,08/26/2024,2024-08-26,18:30:00
08/26/2024 08:23:00 AM,7.0,3,2,5,5,3,3,1,3,1,4,UNABLE TO DETERMINE,2,4,1.0,0.0,0.0,1.0,0.0,6.0,8,2,8,08/26/2024,2024-08-26,08:23:00
08/26/2024 09:00:00 AM,5.0,3,2,13,5,3,3,3,3,1,2,FAILING TO YIELD RIGHT-OF-WAY,2,3,1.0,0.0,0.0,0.0,1.0,1.0,9,2,8,08/26/2024,2024-08-26,09:00:00
08/26/2024 12:15:00 PM,3.0,3,2,6,5,3,3,3,3,1,4,FAILING TO YIELD RIGHT-OF-WAY,2,3,1.0,0.0,0.0,0.0,1.0,1.0,12,2,8,08/26/2024,2024-08-26,12:15:00
08/26/2024 07:30:00 AM,7.0,3,2,6,7,3,3,3,3,1,4,FAILING TO YIELD RIGHT-OF-WAY,2,3,1.0,0.0,0.0,0.0,1.0,1.0,7,2,8,08/26/2024,2024-08-26,07:30:00
08/26/2024 06:24:00 AM,3.0,3,2,4,6,3,3,1,3,1,4,CELL PHONE USE OTHER THAN TEXTING,2,2,0.0,0.0,0.0,0.0,0.0,2.0,6,2,8,08/26/2024,2024-08-26,06:24:00
08/26/2024 05:00:00 AM,7.0,3,3,5,7,3,3,1,2,1,4,DISREGARDING STOP SIGN,2,2,0.0,0.0,0.0,0.0,0.0,2.0,5,2,8,08/26/2024,2024-08-26,05:00:00
08/26/2024 03:29:00 PM,7.0,3,2,6,5,3,3,3,2,0,3,IMPROPER LANE USAGE,2,2,0.0,0.0,0.0,0.0,0.0,2.0,15,2,8,08/26/2024,2024-08-26,15:29:00
08/26/2024 03:00:00 AM,5.0,3,5,4,5,3,3,3,2,1,4,FOLLOWING TOO CLOSELY,2,2,0.0,0.0,0.0,0.0,0.0,2.0,3,2,8,08/26/2024,2024-08-26,03:00:00
08/26/2024 11:05:00 AM,5.0,3,2,6,6,3,3,3,2,1,4,IMPROPER OVERTAKING/PASSING,2,2,0.0,0.0,0.0,0.0,0.0,3.0,11,2,8,08/26/2024,2024-08-26,11:05:00
08/26/2024 10:38:00 PM,5.0,3,5,8,5,3,3,3,2,1,2,IMPROPER BACKING,2,2,0.0,0.0,0.0,0.0,0.0,6.0,22,2,8,08/26/2024,2024-08-26,22:38:00
08/26/2024 05:00:00 PM,7.0,3,2,5,6,3,3,3,2,1,3,DISREGARDING STOP SIGN,2,2,0.0,0.0,0.0,0.0,0.0,2.0,17,2,8,08/26/2024,2024-08-26,17:00:00
08/26/2024 04:00:00 PM,5.0,3,2,4,5,3,3,1,2,1,4,FOLLOWING TOO CLOSELY,2,2,0.0,0.0,0.0,0.0,0.0,2.0,16,2,8,08/26/2024,2024-08-26,16:00:00
08/26/2024 07:05:00 PM,7.0,3,2,5,6,3,3,3,3,1,4,FAILING TO YIELD RIGHT-OF-WAY,2,3,1.0,0.0,0.0,0.0,1.0,3.0,19,2,8,08/26/2024,2024-08-26,19:05:00
08/26/2024 06:25:00 AM,5.0,3,2,13,5,3,3,3,3,1,4,UNABLE TO DETERMINE,2,3,1.0,0.0,0.0,0.0,1.0,1.0,6,2,8,08/26/2024,2024-08-26,06:25:00
09/03/2024 09:23:00 PM,5.0,3,5,6,4,3,3,3,3,1,4,FAILING TO YIELD RIGHT-OF-WAY,2,5,2.0,0.0,1.0,1.0,0.0,1.0,21,3,9,09/03/2024,2024-09-03,21:23:00
08/26/2024 08:11:00 PM,5.0,3,5,14,6,3,3,3,3,1,3,UNABLE TO DETERMINE,2,5,1.0,0.0,1.0,0.0,0.0,1.0,20,2,8,08/26/2024,2024-08-26,20:11:00
08/26/2024 08:10:00 AM,5.0,3,2,6,4,3,3,3,2,1,3,UNABLE TO DETERMINE,2,2,0.0,0.0,0.0,0.0,0.0,2.0,8,2,8,08/26/2024,2024-08-26,08:10:00
08/26/2024 03:08:00 PM,7.0,3,2,6,5,3,3,3,3,1,4,DISREGARDING STOP SIGN,2,2,0.0,0.0,0.0,0.0,0.0,2.0,15,2,8,08/26/2024,2024-08-26,15:08:00
08/26/2024 12:15:00 AM,5.0,3,6,3,4,3,3,3,2,1,4,IMPROPER TURNING/NO SIGNAL,2,2,0.0,0.0,0.0,0.0,0.0,2.0,0,2,8,08/26/2024,2024-08-26,00:15:00
08/26/2024 07:30:00 PM,5.0,3,5,6,6,3,3,3,2,1,4,UNABLE TO DETERMINE,2,2,0.0,0.0,0.0,0.0,0.0,2.0,19,2,8,08/26/2024,2024-08-26,19:30:00
08/26/2024 06:07:00 PM,3.0,3,2,6,6,3,3,3,3,1,4,FAILING TO YIELD RIGHT-OF-WAY,2,5,1.0,0.0,1.0,0.0,0.0,2.0,18,2,8,08/26/2024,2024-08-26,18:07:00
08/26/2024 01:15:00 PM,7.0,3,2,5,5,3,3,1,2,1,4,FAILING TO YIELD RIGHT-OF-WAY,2,2,0.0,0.0,0.0,0.0,0.0,2.0,13,2,8,08/26/2024,2024-08-26,13:15:00
08/26/2024 12:35:00 PM,7.0,3,2,4,7,3,3,3,3,1,4,UNABLE TO DETERMINE,2,4,2.0,0.0,0.0,2.0,0.0,1.0,12,2,8,08/26/2024,2024-08-26,12:35:00
08/26/2024 07:25:00 PM,5.0,3,4,6,4,3,3,3,3,1,4,FAILING TO YIELD RIGHT-OF-WAY,2,3,1.0,0.0,0.0,0.0,1.0,2.0,19,2,8,08/26/2024,2024-08-26,19:25:00
08/26/2024 03:35:00 PM,7.0,3,2,13,6,3,3,3,3,1,4,FAILING TO YIELD RIGHT-OF-WAY,2,4,1.0,0.0,0.0,1.0,0.0,1.0,15,2,8,08/26/2024,2024-08-26,15:35:00
08/26/2024 02:25:00 PM,5.0,3,2,6,1,3,3,3,3,1,4,UNABLE TO DETERMINE,2,4,1.0,0.0,0.0,1.0,0.0,1.0,14,2,8,08/26/2024,2024-08-26,14:25:00
08/26/2024 01:30:00 PM,7.0,3,2,3,2,3,3,3,2,1,3,UNABLE TO DETERMINE,2,2,0.0,0.0,0.0,0.0,0.0,2.0,13,2,8,08/26/2024,2024-08-26,13:30:00
08/26/2024 02:50:00 PM,1.0,3,2,5,10,3,1,1,2,1,3,UNABLE TO DETERMINE,2,2,0.0,0.0,0.0,0.0,0.0,2.0,14,2,8,08/26/2024,2024-08-26,14:50:00
09/10/2024 09:30:00 AM,5.0,3,2,14,5,3,3,3,3,1,4,TURNING RIGHT ON RED,2,3,1.0,0.0,0.0,0.0,1.0,1.0,9,3,9,09/10/2024,2024-09-10,09:30:00
09/10/2024 03:01:00 PM,5.0,3,2,6,5,3,3,1,3,1,4,FAILING TO YIELD RIGHT-OF-WAY,2,2,0.0,0.0,0.0,0.0,0.0,4.0,15,3,9,09/10/2024,2024-09-10,15:01:00
09/08/2024 11:18:00 AM,5.0,3,2,3,4,3,3,3,2,1,4,FAILING TO YIELD RIGHT-OF-WAY,2,2,0.0,0.0,0.0,0.0,0.0,3.0,11,1,9,09/08/2024,2024-09-08,11:18:00
09/10/2024 09:20:00 AM,5.0,3,2,6,9,3,3,3,3,1,4,NOT APPLICABLE,2,2,0.0,0.0,0.0,0.0,0.0,3.0,9,3,9,09/10/2024,2024-09-10,09:20:00
09/07/2024 10:45:00 PM,5.0,3,6,4,5,3,3,3,2,1,4,UNABLE TO DETERMINE,2,2,0.0,0.0,0.0,0.0,0.0,3.0,22,7,9,09/07/2024,2024-09-07,22:45:00
09/09/2024 01:42:00 PM,5.0,3,2,6,6,3,3,3,3,1,4,FAILING TO YIELD RIGHT-OF-WAY,2,4,2.0,0.0,0.0,2.0,0.0,1.0,13,2,9,09/09/2024,2024-09-09,13:42:00
09/10/2024 07:50:00 AM,7.0,3,2,6,7,3,3,3,2,1,4,FAILING TO YIELD RIGHT-OF-WAY,2,2,0.0,0.0,0.0,0.0,0.0,2.0,7,3,9,09/10/2024,2024-09-10,07:50:00
09/10/2024 04:56:00 AM,5.0,3,5,4,6,3,3,3,2,1,3,FOLLOWING TOO CLOSELY,2,2,0.0,0.0,0.0,0.0,0.0,2.0,4,3,9,09/10/2024,2024-09-10,04:56:00
09/09/2024 08:00:00 PM,5.0,3,5,5,5,3,3,3,2,1,4,FAILING TO YIELD RIGHT-OF-WAY,2,2,0.0,0.0,0.0,0.0,0.0,2.0,20,2,9,09/09/2024,2024-09-09,20:00:00
09/10/2024 08:25:00 PM,5.0,3,5,6,5,3,3,3,2,1,3,UNABLE TO DETERMINE,2,2,0.0,0.0,0.0,0.0,0.0,2.0,20,3,9,09/10/2024,2024-09-10,20:25:00
08/31/2024 10:30:00 AM,5.0,3,2,4,5,3,3,3,2,1,4,FOLLOWING TOO CLOSELY,2,2,0.0,0.0,0.0,0.0,0.0,2.0,10,7,8,08/31/2024,2024-08-31,10:30:00
09/09/2024 12:13:00 PM,5.0,3,2,4,5,3,3,3,2,1,4,DISTRACTION - FROM OUTSIDE VEHICLE,2,2,0.0,0.0,0.0,0.0,0.0,2.0,12,2,9,09/09/2024,2024-09-09,12:13:00
09/09/2024 09:03:00 PM,5.0,3,5,14,4,3,3,3,3,1,4,UNABLE TO DETERMINE,2,5,1.0,0.0,1.0,0.0,0.0,1.0,21,2,9,09/09/2024,2024-09-09,21:03:00
09/09/2024 11:30:00 AM,3.0,3,2,5,7,3,3,1,3,1,4,FAILING TO YIELD RIGHT-OF-WAY,2,2,0.0,0.0,0.0,0.0,0.0,2.0,11,2,9,09/09/2024,2024-09-09,11:30:00
09/10/2024 04:29:00 PM,3.0,3,2,14,6,3,3,3,2,1,3,UNABLE TO DETERMINE,2,2,0.0,0.0,0.0,0.0,0.0,3.0,16,3,9,09/10/2024,2024-09-10,16:29:00
09/10/2024 05:20:00 PM,7.0,3,2,3,5,3,1,1,2,1,3,UNABLE TO DETERMINE,2,2,0.0,0.0,0.0,0.0,0.0,3.0,17,3,9,09/10/2024,2024-09-10,17:20:00
09/09/2024 10:54:00 AM,5.0,3,2,4,6,3,3,3,2,0,4,FOLLOWING TOO CLOSELY,2,2,0.0,0.0,0.0,0.0,0.0,2.0,10,2,9,09/09/2024,2024-09-09,10:54:00
09/10/2024 09:20:00 AM,5.0,3,2,8,5,3,3,3,2,1,4,IMPROPER BACKING,2,2,0.0,0.0,0.0,0.0,0.0,5.0,9,3,9,09/10/2024,2024-09-10,09:20:00
09/10/2024 07:10:00 AM,5.0,3,2,5,6,3,3,3,2,1,4,FAILING TO YIELD RIGHT-OF-WAY,2,2,0.0,0.0,0.0,0.0,0.0,3.0,7,3,9,09/10/2024,2024-09-10,07:10:00
09/06/2024 06:56:00 PM,7.0,3,4,5,7,3,3,3,3,1,4,FAILING TO YIELD RIGHT-OF-WAY,2,4,2.0,0.0,0.0,2.0,0.0,1.0,18,6,9,09/06/2024,2024-09-06,18:56:00
09/10/2024 12:17:00 PM,7.0,3,2,13,5,3,3,1,3,1,4,DISREGARDING STOP SIGN,2,4,1.0,0.0,0.0,1.0,0.0,1.0,12,3,9,09/10/2024,2024-09-10,12:17:00
09/08/2024 01:49:00 AM,5.0,3,5,6,5,3,3,3,3,1,3,FAILING TO REDUCE SPEED TO AVOID CRASH,2,2,0.0,0.0,0.0,0.0,0.0,8.0,1,1,9,09/08/2024,2024-09-08,01:49:00
09/09/2024 10:04:00 PM,5.0,3,5,6,5,3,3,3,3,1,4,UNABLE TO DETERMINE,2,4,1.0,0.0,0.0,1.0,0.0,1.0,22,2,9,09/09/2024,2024-09-09,22:04:00
09/10/2024 04:20:00 PM,5.0,3,2,6,10,3,3,3,2,1,4,UNABLE TO DETERMINE,2,2,0.0,0.0,0.0,0.0,0.0,3.0,16,3,9,09/10/2024,2024-09-10,16:20:00
09/10/2024 03:00:00 PM,7.0,3,2,5,5,3,3,3,3,1,4,NOT APPLICABLE,2,4,1.0,0.0,0.0,1.0,0.0,1.0,15,3,9,09/10/2024,2024-09-10,15:00:00
09/10/2024 04:11:00 PM,4.0,3,2,14,6,3,3,3,3,1,2,UNABLE TO DETERMINE,2,4,1.0,0.0,0.0,1.0,0.0,1.0,16,3,9,09/10/2024,2024-09-10,16:11:00
09/08/2024 05:58:00 PM,5.0,3,2,8,5,3,1,1,2,1,4,UNABLE TO DETERMINE,2,2,0.0,0.0,0.0,0.0,0.0,3.0,17,1,9,09/08/2024,2024-09-08,17:58:00
09/10/2024 05:24:00 AM,7.0,3,5,4,5,3,3,1,3,1,4,UNABLE TO DETERMINE,2,3,1.0,0.0,0.0,0.0,1.0,1.0,5,3,9,09/10/2024,2024-09-10,05:24:00
08/27/2024 02:50:00 PM,7.0,3,2,5,5,3,3,3,3,1,4,FAILING TO YIELD RIGHT-OF-WAY,2,4,2.0,0.0,0.0,2.0,0.0,1.0,14,3,8,08/27/2024,2024-08-27,14:50:00
08/27/2024 07:50:00 AM,7.0,3,2,5,6,3,1,1,2,1,3,UNABLE TO DETERMINE,2,2,0.0,0.0,0.0,0.0,0.0,2.0,7,3,8,08/27/2024,2024-08-27,07:50:00
08/27/2024 02:33:00 PM,5.0,3,2,14,12,3,3,3,3,1,2,FAILING TO YIELD RIGHT-OF-WAY,2,4,1.0,0.0,0.0,1.0,0.0,1.0,14,3,8,08/27/2024,2024-08-27,14:33:00
08/27/2024 08:59:00 AM,5.0,3,2,4,4,3,3,3,2,1,4,UNABLE TO DETERMINE,2,2,0.0,0.0,0.0,0.0,0.0,2.0,8,3,8,08/27/2024,2024-08-27,08:59:00
08/27/2024 05:00:00 PM,3.0,3,2,5,4,3,3,3,2,0,4,FAILING TO REDUCE SPEED TO AVOID CRASH,2,2,0.0,0.0,0.0,0.0,0.0,2.0,17,3,8,08/27/2024,2024-08-27,17:00:00
08/27/2024 02:50:00 PM,5.0,3,2,5,5,3,1,1,2,1,4,UNABLE TO DETERMINE,2,2,0.0,0.0,0.0,0.0,0.0,2.0,14,3,8,08/27/2024,2024-08-27,14:50:00
08/27/2024 09:15:00 AM,3.0,3,2,3,6,3,3,3,2,1,3,IMPROPER OVERTAKING/PASSING,2,2,0.0,0.0,0.0,0.0,0.0,3.0,9,3,8,08/27/2024,2024-08-27,09:15:00
08/27/2024 10:35:00 AM,5.0,3,2,4,14,3,3,3,3,1,4,FOLLOWING TOO CLOSELY,2,3,2.0,0.0,0.0,0.0,2.0,1.0,10,3,8,08/27/2024,2024-08-27,10:35:00
08/27/2024 02:00:00 PM,5.0,3,2,4,6,4,3,3,2,1,3,FAILING TO REDUCE SPEED TO AVOID CRASH,2,2,0.0,0.0,0.0,0.0,0.0,2.0,14,3,8,08/27/2024,2024-08-27,14:00:00
08/27/2024 12:04:00 PM,3.0,3,2,6,5,3,3,3,2,1,4,IMPROPER OVERTAKING/PASSING,2,2,0.0,0.0,0.0,0.0,0.0,2.0,12,3,8,08/27/2024,2024-08-27,12:04:00
08/27/2024 05:30:00 PM,3.0,3,2,6,7,3,3,1,3,1,4,UNABLE TO DETERMINE,2,3,1.0,0.0,0.0,0.0,1.0,1.0,17,3,8,08/27/2024,2024-08-27,17:30:00
08/27/2024 03:20:00 PM,5.0,3,2,6,5,3,3,3,3,1,4,UNABLE TO DETERMINE,2,4,2.0,0.0,0.0,2.0,0.0,4.0,15,3,8,08/27/2024,2024-08-27,15:20:00
08/27/2024 11:13:00 AM,3.0,3,2,11,5,3,3,3,2,1,4,IMPROPER BACKING,2,2,0.0,0.0,0.0,0.0,0.0,1.0,11,3,8,08/27/2024,2024-08-27,11:13:00
08/27/2024 03:53:00 PM,5.0,3,2,6,6,3,3,1,2,1,3,"EVASIVE ACTION DUE TO ANIMAL, OBJECT, NONMOTORIST",2,2,0.0,0.0,0.0,0.0,0.0,2.0,15,3,8,08/27/2024,2024-08-27,15:53:00
08/27/2024 01:58:00 PM,5.0,3,2,5,5,3,3,3,3,1,4,DISREGARDING TRAFFIC SIGNALS,2,4,1.0,0.0,0.0,1.0,0.0,1.0,13,3,8,08/27/2024,2024-08-27,13:58:00
08/27/2024 07:55:00 PM,7.0,3,2,4,5,3,3,3,2,1,4,FOLLOWING TOO CLOSELY,2,2,0.0,0.0,0.0,0.0,0.0,3.0,19,3,8,08/27/2024,2024-08-27,19:55:00
08/27/2024 01:30:00 PM,1.0,3,2,4,6,3,1,1,2,1,4,UNABLE TO DETERMINE,2,2,0.0,0.0,0.0,0.0,0.0,2.0,13,3,8,08/27/2024,2024-08-27,13:30:00
08/27/2024 10:04:00 PM,7.0,3,6,6,6,3,4,3,3,0,4,DRIVING SKILLS/KNOWLEDGE/EXPERIENCE,2,2,0.0,0.0,0.0,0.0,0.0,2.0,22,3,8,08/27/2024,2024-08-27,22:04:00
08/27/2024 05:14:00 PM,5.0,3,2,4,4,3,3,3,2,1,3,UNABLE TO DETERMINE,2,2,0.0,0.0,0.0,0.0,0.0,3.0,17,3,8,08/27/2024,2024-08-27,17:14:00
08/27/2024 09:43:00 AM,5.0,3,2,6,6,3,3,3,2,1,4,DRIVING SKILLS/KNOWLEDGE/EXPERIENCE,2,2,0.0,0.0,0.0,0.0,0.0,2.0,9,3,8,08/27/2024,2024-08-27,09:43:00
08/27/2024 02:45:00 PM,5.0,3,2,5,3,3,3,3,3,1,4,UNABLE TO DETERMINE,2,3,1.0,0.0,0.0,0.0,1.0,1.0,14,3,8,08/27/2024,2024-08-27,14:45:00
08/27/2024 05:30:00 PM,5.0,3,2,4,9,3,3,3,2,1,4,FOLLOWING TOO CLOSELY,2,2,0.0,0.0,0.0,0.0,0.0,2.0,17,3,8,08/27/2024,2024-08-27,17:30:00
08/27/2024 03:44:00 PM,5.0,3,2,4,5,3,3,3,2,1,4,UNABLE TO DETERMINE,2,2,0.0,0.0,0.0,0.0,0.0,2.0,15,3,8,08/27/2024,2024-08-27,15:44:00
08/27/2024 07:40:00 AM,1.0,3,2,4,6,3,1,1,2,1,4,UNABLE TO DETERMINE,2,2,0.0,0.0,0.0,0.0,0.0,2.0,7,3,8,08/27/2024,2024-08-27,07:40:00
08/27/2024 08:00:00 AM,5.0,3,2,5,5,3,3,1,2,1,4,UNABLE TO DETERMINE,2,2,0.0,0.0,0.0,0.0,0.0,2.0,8,3,8,08/27/2024,2024-08-27,08:00:00
08/27/2024 09:23:00 PM,1.0,3,2,4,5,3,1,1,2,1,2,UNABLE TO DETERMINE,2,2,0.0,0.0,0.0,0.0,0.0,3.0,21,3,8,08/27/2024,2024-08-27,21:23:00