crash_date,traffic_control_device,weather_condition,lighting_condition,first_crash_type,trafficway_type,alignment,roadway_surface_cond,road_defect,crash_type,intersection_related_i,damage,prim_contributory_cause,num_units,most_severe_injury,injuries_total,injuries_fatal,injuries_incapacitating,injuries_non_incapacitating,injuries_reported_not_evident,injuries_no_indication,crash_hour,crash_day_of_week,crash_month,parsed_datetime,date,time
08/27/2024 07:40:00 PM,5.0,3,2,4,6,3,3,3,2,1,4,FOLLOWING TOO CLOSELY,2,2,0.0,0.0,0.0,0.0,0.0,2.0,19,3,8,08/27/2024,2024-08-27,19:40:00
08/27/2024 09:00:00 PM,7.0,3,5,3,6,3,4,3,2,1,3,FAILING TO YIELD RIGHT-OF-WAY,2,2,0.0,0.0,0.0,0.0,0.0,2.0,21,3,8,08/27/2024,2024-08-27,21:00:00
08/27/2024 07:40:00 AM,3.0,3,2,6,6,3,3,3,3,1,4,FAILING TO YIELD RIGHT-OF-WAY,2,2,0.0,0.0,0.0,0.0,0.0,5.0,7,3,8,08/27/2024,2024-08-27,07:40:00
08/27/2024 03:05:00 PM,7.0,3,2,5,5,3,3,3,3,1,4,"VISION OBSCURED (SIGNS, TREE LIMBS, BUILDINGS, ETC.)",2,2,0.0,0.0,0.0,0.0,0.0,3.0,15,3,8,08/27/2024,2024-08-27,15:05:00
08/27/2024 05:44:00 PM,5.0,3,2,13,11,3,3,3,3,1,4,FAILING TO YIELD RIGHT-OF-WAY,2,4,1.0,0.0,0.0,1.0,0.0,4.0,17,3,8,08/27/2024,2024-08-27,17:44:00
08/27/2024 07:38:00 AM,5.0,3,2,6,14,3,3,3,3,1,4,UNABLE TO DETERMINE,2,3,1.0,0.0,0.0,0.0,1.0,1.0,7,3,8,08/27/2024,2024-08-27,07:38:00
08/27/2024 11:30:00 PM,5.0,5,5,13,5,3,4,3,3,1,2,UNABLE TO DETERMINE,2,4,1.0,0.0,0.0,1.0,0.0,1.0,23,3,8,08/27/2024,2024-08-27,23:30:00
08/27/2024 01:55:00 PM,1.0,3,2,6,6,3,3,1,2,1,4,UNABLE TO DETERMINE,2,2,0.0,0.0,0.0,0.0,0.0,2.0,13,3,8,08/27/2024,2024-08-27,13:55:00
08/27/2024 01:05:00 PM,5.0,3,2,4,5,3,3,3,2,1,4,FOLLOWING TOO CLOSELY,2,2,0.0,0.0,0.0,0.0,0.0,3.0,13,3,8,08/27/2024,2024-08-27,13:05:00
08/27/2024 08:00:00 AM,3.0,3,2,6,6,3,3,3,2,1,4,IMPROPER TURNING/NO SIGNAL,2,2,0.0,0.0,0.0,0.0,0.0,2.0,8,3,8,08/27/2024,2024-08-27,08:00:00
08/27/2024 08:35:00 AM,5.0,3,2,6,3,3,1,1,3,1,4,IMPROPER TURNING/NO SIGNAL,2,2,0.0,0.0,0.0,0.0,0.0,4.0,8,3,8,08/27/2024,2024-08-27,08:35:00
08/27/2024 05:45:00 AM,5.0,3,2,6,5,3,3,3,2,1,4,UNABLE TO DETERMINE,2,2,0.0,0.0,0.0,0.0,0.0,2.0,5,3,8,08/27/2024,2024-08-27,05:45:00
08/27/2024 07:49:00 PM,5.0,5,6,7,5,3,4,3,3,1,4,WEATHER,2,3,2.0,0.0,0.0,0.0,2.0,1.0,19,3,8,08/27/2024,2024-08-27,19:49:00
08/27/2024 08:30:00 AM,3.0,3,2,5,6,3,3,3,2,1,4,UNABLE TO DETERMINE,2,2,0.0,0.0,0.0,0.0,0.0,2.0,8,3,8,08/27/2024,2024-08-27,08:30:00
08/27/2024 02:45:00 PM,5.0,3,2,6,6,3,3,3,2,1,3,UNABLE TO DETERMINE,2,2,0.0,0.0,0.0,0.0,0.0,2.0,14,3,8,08/27/2024,2024-08-27,14:45:00
08/27/2024 04:15:00 PM,7.0,3,2,5,5,3,3,3,2,1,4,FAILING TO YIELD RIGHT-OF-WAY,2,2,0.0,0.0,0.0,0.0,0.0,2.0,16,3,8,08/27/2024,2024-08-27,16:15:00
08/27/2024 08:40:00 AM,5.0,3,2,3,7,3,3,3,2,1,4,IMPROPER TURNING/NO SIGNAL,2,2,0.0,0.0,0.0,0.0,0.0,2.0,8,3,8,08/27/2024,2024-08-27,08:40:00
09/10/2024 05:30:00 PM,5.0,3,2,6,6,3,3,3,2,1,3,DISREGARDING TRAFFIC SIGNALS,2,2,0.0,0.0,0.0,0.0,0.0,2.0,17,3,9,09/10/2024,2024-09-10,17:30:00
08/27/2024 09:55:00 AM,5.0,3,2,6,6,3,3,3,2,1,3,IMPROPER TURNING/NO SIGNAL,2,2,0.0,0.0,0.0,0.0,0.0,2.0,9,3,8,08/27/2024,2024-08-27,09:55:00
08/27/2024 02:00:00 PM,5.0,3,2,4,5,3,3,1,2,1,2,UNABLE TO DETERMINE,2,2,0.0,0.0,0.0,0.0,0.0,2.0,14,3,8,08/27/2024,2024-08-27,14:00:00
08/27/2024 07:28:00 PM,5.0,5,5,5,5,3,4,3,3,1,4,DISREGARDING TRAFFIC SIGNALS,2,5,2.0,0.0,2.0,0.0,0.0,1.0,19,3,8,08/27/2024,2024-08-27,19:28:00
08/27/2024 03:11:00 PM,7.0,3,2,5,5,3,3,3,3,1,4,UNABLE TO DETERMINE,2,2,0.0,0.0,0.0,0.0,0.0,4.0,15,3,8,08/27/2024,2024-08-27,15:11:00
08/27/2024 07:30:00 PM,7.0,5,4,14,9,3,4,3,3,1,2,FAILING TO REDUCE SPEED TO AVOID CRASH,2,4,1.0,0.0,0.0,1.0,0.0,1.0,19,3,8,08/27/2024,2024-08-27,19:30:00
08/27/2024 11:31:00 AM,5.0,3,2,5,2,3,2,2,2,1,4,DISTRACTION - FROM INSIDE VEHICLE,2,2,0.0,0.0,0.0,0.0,0.0,2.0,11,3,8,08/27/2024,2024-08-27,11:31:00
08/27/2024 03:00:00 PM,5.0,3,2,3,6,3,3,1,2,1,4,UNABLE TO DETERMINE,2,2,0.0,0.0,0.0,0.0,0.0,2.0,15,3,8,08/27/2024,2024-08-27,15:00:00
08/27/2024 03:36:00 PM,5.0,3,2,3,6,3,3,3,3,1,4,DRIVING SKILLS/KNOWLEDGE/EXPERIENCE,2,2,0.0,0.0,0.0,0.0,0.0,2.0,15,3,8,08/27/2024,2024-08-27,15:36:00
08/27/2024 11:10:00 PM,7.0,5,5,4,5,3,4,3,2,1,4,FAILING TO REDUCE SPEED TO AVOID CRASH,2,2,0.0,0.0,0.0,0.0,0.0,2.0,23,3,8,08/27/2024,2024-08-27,23:10:00
08/27/2024 05:44:00 PM,5.0,3,5,6,10,3,3,3,2,1,4,IMPROPER TURNING/NO SIGNAL,2,2,0.0,0.0,0.0,0.0,0.0,2.0,17,3,8,08/27/2024,2024-08-27,17:44:00
08/27/2024 07:20:00 AM,5.0,3,2,6,12,3,3,1,2,1,3,IMPROPER LANE USAGE,2,2,0.0,0.0,0.0,0.0,0.0,2.0,7,3,8,08/27/2024,2024-08-27,07:20:00
08/27/2024 02:55:00 PM,7.0,3,2,5,6,3,3,3,3,1,4,IMPROPER LANE USAGE,2,2,0.0,0.0,0.0,0.0,0.0,3.0,14,3,8,08/27/2024,2024-08-27,14:55:00
08/27/2024 08:00:00 PM,7.0,5,5,5,1,3,4,1,3,1,4,UNABLE TO DETERMINE,2,2,0.0,0.0,0.0,0.0,0.0,2.0,20,3,8,08/27/2024,2024-08-27,20:00:00
08/27/2024 07:27:00 PM,5.0,5,5,6,5,3,3,3,3,1,4,IMPROPER TURNING/NO SIGNAL,2,4,1.0,0.0,0.0,1.0,0.0,2.0,19,3,8,08/27/2024,2024-08-27,19:27:00
08/27/2024 03:28:00 PM,5.0,3,2,6,6,3,3,1,2,1,4,FAILING TO YIELD RIGHT-OF-WAY,2,2,0.0,0.0,0.0,0.0,0.0,3.0,15,3,8,08/27/2024,2024-08-27,15:28:00
08/27/2024 02:14:00 PM,5.0,3,2,4,10,3,3,3,3,1,4,FOLLOWING TOO CLOSELY,2,4,1.0,0.0,0.0,1.0,0.0,2.0,14,3,8,08/27/2024,2024-08-27,14:14:00
08/27/2024 06:46:00 AM,7.0,3,2,5,6,3,3,3,3,1,4,FAILING TO YIELD RIGHT-OF-WAY,2,4,1.0,0.0,0.0,1.0,0.0,1.0,6,3,8,08/27/2024,2024-08-27,06:46:00
08/27/2024 05:10:00 PM,5.0,3,2,4,4,3,3,3,2,1,4,UNABLE TO DETERMINE,2,2,0.0,0.0,0.0,0.0,0.0,2.0,17,3,8,08/27/2024,2024-08-27,17:10:00
08/27/2024 07:27:00 AM,5.0,3,2,4,7,3,3,1,2,1,4,UNABLE TO DETERMINE,2,2,0.0,0.0,0.0,0.0,0.0,4.0,7,3,8,08/27/2024,2024-08-27,07:27:00
08/27/2024 12:35:00 PM,5.0,3,2,6,5,3,3,3,2,1,3,IMPROPER TURNING/NO SIGNAL,2,2,0.0,0.0,0.0,0.0,0.0,3.0,12,3,8,08/27/2024,2024-08-27,12:35:00
08/27/2024 02:20:00 PM,5.0,3,2,6,5,3,3,3,2,1,4,IMPROPER OVERTAKING/PASSING,2,2,0.0,0.0,0.0,0.0,0.0,2.0,14,3,8,08/27/2024,2024-08-27,14:20:00
08/27/2024 08:15:00 AM,5.0,5,5,5,6,3,4,3,3,1,4,DISREGARDING TRAFFIC SIGNALS,2,4,1.0,0.0,0.0,1.0,0.0,1.0,8,3,8,08/27/2024,2024-08-27,08:15:00
08/27/2024 02:46:00 PM,7.0,3,2,5,5,3,3,3,3,1,4,FAILING TO YIELD RIGHT-OF-WAY,2,2,0.0,0.0,0.0,0.0,0.0,2.0,14,3,8,08/27/2024,2024-08-27,14:46:00
08/27/2024 04:30:00 PM,5.0,3,2,6,6,3,3,3,2,1,4,DISREGARDING TRAFFIC SIGNALS,2,2,0.0,0.0,0.0,0.0,0.0,2.0,16,3,8,08/27/2024,2024-08-27,16:30:00
08/27/2024 03:29:00 PM,5.0,3,2,14,6,3,3,3,3,1,4,"VISION OBSCURED (SIGNS, TREE LIMBS, BUILDINGS, ETC.)",2,3,1.0,0.0,0.0,0.0,1.0,2.0,15,3,8,08/27/2024,2024-08-27,15:29:00
08/27/2024 12:15:00 AM,5.0,5,5,4,5,3,4,3,2,1,4,FOLLOWING TOO CLOSELY,2,2,0.0,0.0,0.0,0.0,0.0,2.0,0,3,8,08/27/2024,2024-08-27,00:15:00
09/04/2024 02:16:00 PM,5.0,3,2,6,5,3,3,1,2,1,4,FAILING TO REDUCE SPEED TO AVOID CRASH,2,2,0.0,0.0,0.0,0.0,0.0,2.0,14,4,9,09/04/2024,2024-09-04,14:16:00
06/07/2024 03:20:00 PM,7.0,3,2,6,5,3,3,3,3,1,4,FAILING TO YIELD RIGHT-OF-WAY,2,2,0.0,0.0,0.0,0.0,0.0,3.0,15,6,6,06/07/2024,2024-06-07,15:20:00
09/05/2024 04:00:00 PM,3.0,3,2,13,6,3,3,3,3,1,3,UNABLE TO DETERMINE,2,5,1.0,0.0,1.0,0.0,0.0,1.0,16,5,9,09/05/2024,2024-09-05,16:00:00
09/10/2024 04:00:00 PM,3.0,3,2,6,4,3,3,3,2,1,3,UNABLE TO DETERMINE,2,2,0.0,0.0,0.0,0.0,0.0,3.0,16,3,9,09/10/2024,2024-09-10,16:00:00
09/10/2024 09:05:00 PM,7.0,3,4,6,4,3,3,3,2,1,3,FAILING TO YIELD RIGHT-OF-WAY,2,2,0.0,0.0,0.0,0.0,0.0,2.0,21,3,9,09/10/2024,2024-09-10,21:05:00
09/10/2024 03:57:00 PM,5.0,3,2,4,4,3,3,3,2,0,4,FAILING TO REDUCE SPEED TO AVOID CRASH,2,2,0.0,0.0,0.0,0.0,0.0,2.0,15,3,9,09/10/2024,2024-09-10,15:57:00
09/11/2024 04:55:00 PM,7.0,3,2,5,5,3,3,7,2,1,3,DRIVING SKILLS/KNOWLEDGE/EXPERIENCE,2,2,0.0,0.0,0.0,0.0,0.0,5.0,16,4,9,09/11/2024,2024-09-11,16:55:00
09/11/2024 09:34:00 AM,3.0,3,2,6,5,3,3,3,3,1,4,FAILING TO YIELD RIGHT-OF-WAY,2,2,0.0,0.0,0.0,0.0,0.0,2.0,9,4,9,09/11/2024,2024-09-11,09:34:00
09/11/2024 04:28:00 PM,5.0,3,2,2,3,3,3,3,3,1,4,FAILING TO YIELD RIGHT-OF-WAY,2,5,1.0,0.0,1.0,0.0,0.0,1.0,16,4,9,09/11/2024,2024-09-11,16:28:00
09/11/2024 04:30:00 PM,5.0,3,2,3,6,3,3,3,2,1,4,IMPROPER LANE USAGE,2,2,0.0,0.0,0.0,0.0,0.0,2.0,16,4,9,09/11/2024,2024-09-11,16:30:00
09/09/2024 07:58:00 AM,5.0,3,2,5,4,3,3,3,3,1,4,UNABLE TO DETERMINE,2,3,1.0,0.0,0.0,0.0,1.0,2.0,7,2,9,09/09/2024,2024-09-09,07:58:00
09/10/2024 09:11:00 AM,5.0,3,2,3,6,3,3,3,2,1,4,NOT APPLICABLE,2,2,0.0,0.0,0.0,0.0,0.0,3.0,9,3,9,09/10/2024,2024-09-10,09:11:00
09/03/2024 04:10:00 PM,7.0,3,2,6,5,3,3,1,2,1,4,UNABLE TO DETERMINE,2,2,0.0,0.0,0.0,0.0,0.0,2.0,16,3,9,09/03/2024,2024-09-03,16:10:00
09/11/2024 08:14:00 PM,7.0,3,5,5,5,3,3,3,3,1,4,DISREGARDING STOP SIGN,2,4,2.0,0.0,0.0,2.0,0.0,1.0,20,4,9,09/11/2024,2024-09-11,20:14:00
09/11/2024 03:54:00 PM,5.0,3,2,6,5,3,3,3,2,1,3,UNABLE TO DETERMINE,2,2,0.0,0.0,0.0,0.0,0.0,6.0,15,4,9,09/11/2024,2024-09-11,15:54:00
09/10/2024 07:40:00 AM,7.0,3,2,4,6,4,3,3,2,1,4,FOLLOWING TOO CLOSELY,2,2,0.0,0.0,0.0,0.0,0.0,2.0,7,3,9,09/10/2024,2024-09-10,07:40:00
09/11/2024 06:35:00 PM,3.0,3,5,3,9,3,3,3,3,1,4,FAILING TO YIELD RIGHT-OF-WAY,2,2,0.0,0.0,0.0,0.0,0.0,2.0,18,4,9,09/11/2024,2024-09-11,18:35:00
09/11/2024 05:15:00 PM,5.0,3,2,6,6,3,1,1,2,1,2,FOLLOWING TOO CLOSELY,2,2,0.0,0.0,0.0,0.0,0.0,4.0,17,4,9,09/11/2024,2024-09-11,17:15:00
09/11/2024 02:00:00 PM,5.0,3,2,6,6,3,3,3,2,1,4,FOLLOWING TOO CLOSELY,2,2,0.0,0.0,0.0,0.0,0.0,4.0,14,4,9,09/11/2024,2024-09-11,14:00:00
09/05/2024 11:40:00 AM,5.0,3,2,3,5,3,3,1,2,1,3,IMPROPER TURNING/NO SIGNAL,2,2,0.0,0.0,0.0,0.0,0.0,3.0,11,5,9,09/05/2024,2024-09-05,11:40:00
09/10/2024 05:54:00 PM,5.0,3,2,6,6,3,3,3,3,1,4,FOLLOWING TOO CLOSELY,2,4,1.0,0.0,0.0,1.0,0.0,1.0,17,3,9,09/10/2024,2024-09-10,17:54:00
09/11/2024 05:27:00 PM,5.0,3,2,4,6,3,3,3,2,1,4,DRIVING SKILLS/KNOWLEDGE/EXPERIENCE,2,2,0.0,0.0,0.0,0.0,0.0,2.0,17,4,9,09/11/2024,2024-09-11,17:27:00
09/09/2024 12:30:00 AM,5.0,3,5,5,7,3,3,3,2,1,4,DISREGARDING TRAFFIC SIGNALS,2,2,0.0,0.0,0.0,0.0,0.0,3.0,0,2,9,09/09/2024,2024-09-09,00:30:00
09/11/2024 03:15:00 PM,3.0,3,2,4,3,3,3,3,2,1,4,FOLLOWING TOO CLOSELY,2,2,0.0,0.0,0.0,0.0,0.0,3.0,15,4,9,09/11/2024,2024-09-11,15:15:00
09/10/2024 12:30:00 PM,5.0,3,2,6,6,3,3,3,2,1,4,IMPROPER TURNING/NO SIGNAL,2,2,0.0,0.0,0.0,0.0,0.0,2.0,12,3,9,09/10/2024,2024-09-10,12:30:00
09/10/2024 11:00:00 PM,5.0,3,5,5,6,3,3,1,2,1,4,UNABLE TO DETERMINE,2,2,0.0,0.0,0.0,0.0,0.0,2.0,23,3,9,09/10/2024,2024-09-10,23:00:00
09/11/2024 07:30:00 AM,3.0,3,2,13,7,3,3,3,3,1,2,FAILING TO YIELD RIGHT-OF-WAY,2,4,1.0,0.0,0.0,1.0,0.0,1.0,7,4,9,09/11/2024,2024-09-11,07:30:00
09/11/2024 10:30:00 AM,5.0,3,2,6,5,3,3,3,2,1,4,IMPROPER TURNING/NO SIGNAL,2,2,0.0,0.0,0.0,0.0,0.0,3.0,10,4,9,09/11/2024,2024-09-11,10:30:00
09/11/2024 07:40:00 AM,5.0,3,2,6,5,3,1,1,2,1,4,IMPROPER TURNING/NO SIGNAL,2,2,0.0,0.0,0.0,0.0,0.0,2.0,7,4,9,09/11/2024,2024-09-11,07:40:00
09/11/2024 03:30:00 PM,5.0,3,2,8,6,3,3,3,2,0,4,IMPROPER BACKING,2,2,0.0,0.0,0.0,0.0,0.0,2.0,15,4,9,09/11/2024,2024-09-11,15:30:00
08/28/2024 06:13:00 PM,5.0,3,4,4,6,3,3,3,2,1,3,IMPROPER LANE USAGE,2,2,0.0,0.0,0.0,0.0,0.0,2.0,18,4,8,08/28/2024,2024-08-28,18:13:00
08/28/2024 08:00:00 AM,7.0,3,2,5,5,3,4,3,2,1,4,DRIVING SKILLS/KNOWLEDGE/EXPERIENCE,2,2,0.0,0.0,0.0,0.0,0.0,2.0,8,4,8,08/28/2024,2024-08-28,08:00:00
08/28/2024 09:10:00 PM,5.0,3,5,6,7,3,3,1,2,1,3,IMPROPER OVERTAKING/PASSING,2,2,0.0,0.0,0.0,0.0,0.0,3.0,21,4,8,08/28/2024,2024-08-28,21:10:00
08/28/2024 08:50:00 AM,5.0,3,2,14,5,3,3,3,3,1,2,UNABLE TO DETERMINE,2,4,1.0,0.0,0.0,1.0,0.0,1.0,8,4,8,08/28/2024,2024-08-28,08:50:00
08/28/2024 07:55:00 AM,7.0,3,2,5,6,3,3,3,3,1,4,UNABLE TO DETERMINE,2,4,1.0,0.0,0.0,1.0,0.0,4.0,7,4,8,08/28/2024,2024-08-28,07:55:00
08/28/2024 08:09:00 AM,5.0,3,2,4,13,3,4,3,2,1,4,IMPROPER BACKING,2,2,0.0,0.0,0.0,0.0,0.0,5.0,8,4,8,08/28/2024,2024-08-28,08:09:00
08/28/2024 09:54:00 AM,5.0,3,2,11,17,3,3,3,3,1,4,EQUIPMENT - VEHICLE CONDITION,2,4,2.0,0.0,0.0,2.0,0.0,0.0,9,4,8,08/28/2024,2024-08-28,09:54:00
08/28/2024 02:15:00 PM,5.0,3,2,5,5,3,3,3,3,1,4,UNABLE TO DETERMINE,2,3,1.0,0.0,0.0,0.0,1.0,1.0,14,4,8,08/28/2024,2024-08-28,14:15:00
08/28/2024 07:26:00 AM,7.0,3,2,5,5,3,3,1,3,1,4,FAILING TO YIELD RIGHT-OF-WAY,2,2,0.0,0.0,0.0,0.0,0.0,3.0,7,4,8,08/28/2024,2024-08-28,07:26:00
08/28/2024 07:55:00 AM,5.0,3,2,6,5,3,3,3,3,1,4,FAILING TO YIELD RIGHT-OF-WAY,2,3,2.0,0.0,0.0,0.0,2.0,0.0,7,4,8,08/28/2024,2024-08-28,07:55:00
08/28/2024 06:20:00 AM,7.0,3,3,2,5,3,4,3,3,1,2,FAILING TO YIELD RIGHT-OF-WAY,2,3,1.0,0.0,0.0,0.0,1.0,1.0,6,4,8,08/28/2024,2024-08-28,06:20:00
08/28/2024 12:30:00 PM,7.0,3,2,4,7,3,3,3,3,1,4,FOLLOWING TOO CLOSELY,2,4,2.0,0.0,0.0,2.0,0.0,2.0,12,4,8,08/28/2024,2024-08-28,12:30:00
08/28/2024 12:05:00 PM,5.0,3,2,3,5,3,3,3,2,1,4,DRIVING SKILLS/KNOWLEDGE/EXPERIENCE,2,2,0.0,0.0,0.0,0.0,0.0,2.0,12,4,8,08/28/2024,2024-08-28,12:05:00
08/28/2024 01:45:00 PM,5.0,3,2,13,10,3,3,3,2,0,2,UNABLE TO DETERMINE,2,2,0.0,0.0,0.0,0.0,0.0,2.0,13,4,8,08/28/2024,2024-08-28,13:45:00
08/28/2024 02:26:00 PM,7.0,3,2,6,7,3,3,3,3,1,4,UNABLE TO DETERMINE,2,4,2.0,0.0,0.0,2.0,0.0,0.0,14,4,8,08/28/2024,2024-08-28,14:26:00
08/28/2024 07:44:00 AM,5.0,3,2,14,6,3,3,1,2,1,4,NOT APPLICABLE,2,2,0.0,0.0,0.0,0.0,0.0,2.0,7,4,8,08/28/2024,2024-08-28,07:44:00
08/28/2024 09:23:00 AM,7.0,3,2,5,5,3,3,3,3,1,4,FAILING TO YIELD RIGHT-OF-WAY,2,4,1.0,0.0,0.0,1.0,0.0,1.0,9,4,8,08/28/2024,2024-08-28,09:23:00
08/28/2024 02:10:00 PM,7.0,3,2,6,7,3,1,1,2,1,4,UNABLE TO DETERMINE,2,2,0.0,0.0,0.0,0.0,0.0,2.0,14,4,8,08/28/2024,2024-08-28,14:10:00
08/28/2024 05:00:00 PM,3.0,3,2,6,6,3,3,3,3,0,4,IMPROPER TURNING/NO SIGNAL,2,3,1.0,0.0,0.0,0.0,1.0,1.0,17,4,8,08/28/2024,2024-08-28,17:00:00
08/28/2024 07:30:00 AM,5.0,3,2,6,3,3,3,3,3,1,4,FAILING TO YIELD RIGHT-OF-WAY,2,2,0.0,0.0,0.0,0.0,0.0,2.0,7,4,8,08/28/2024,2024-08-28,07:30:00
08/28/2024 03:10:00 PM,5.0,3,2,6,4,3,3,3,2,0,4,IMPROPER TURNING/NO SIGNAL,2,2,0.0,0.0,0.0,0.0,0.0,2.0,15,4,8,08/28/2024,2024-08-28,15:10:00
08/28/2024 11:45:00 AM,5.0,3,2,6,7,3,3,3,2,1,4,UNABLE TO DETERMINE,2,2,0.0,0.0,0.0,0.0,0.0,2.0,11,4,8,08/28/2024,2024-08-28,11:45:00
08/28/2024 01:30:00 PM,1.0,4,2,6,1,3,1,1,3,1,4,FOLLOWING TOO CLOSELY,2,2,0.0,0.0,0.0,0.0,0.0,3.0,13,4,8,08/28/2024,2024-08-28,13:30:00
08/28/2024 07:05:00 AM,3.0,3,2,11,10,3,3,3,2,1,3,UNABLE TO DETERMINE,2,2,0.0,0.0,0.0,0.0,0.0,2.0,7,4,8,08/28/2024,2024-08-28,07:05:00
08/28/2024 07:29:00 AM,5.0,3,2,3,6,3,3,3,2,1,4,UNABLE TO DETERMINE,2,2,0.0,0.0,0.0,0.0,0.0,2.0,7,4,8,08/28/2024,2024-08-28,07:29:00
08/28/2024 05:05:00 PM,5.0,3,2,6,4,3,1,1,2,1,4,IMPROPER TURNING/NO SIGNAL,2,2,0.0,0.0,0.0,0.0,0.0,2.0,17,4,8,08/28/2024,2024-08-28,17:05:00
08/28/2024 11:10:00 PM,5.0,3,5,6,5,3,3,3,3,1,4,IMPROPER LANE USAGE,2,2,0.0,0.0,0.0,0.0,0.0,2.0,23,4,8,08/28/2024,2024-08-28,23:10:00
08/28/2024 08:44:00 AM,1.0,3,2,4,4,3,3,1,2,0,4,UNABLE TO DETERMINE,2,2,0.0,0.0,0.0,0.0,0.0,3.0,8,4,8,08/28/2024,2024-08-28,08:44:00
08/28/2024 08:50:00 AM,5.0,3,2,4,5,3,3,3,2,1,4,FOLLOWING TOO CLOSELY,2,2,0.0,0.0,0.0,0.0,0.0,3.0,8,4,8,08/28/2024,2024-08-28,08:50:00
08/28/2024 11:40:00 AM,7.0,3,2,13,6,3,3,3,3,1,2,FAILING TO YIELD RIGHT-OF-WAY,2,3,1.0,0.0,0.0,0.0,1.0,1.0,11,4,8,08/28/2024,2024-08-28,11:40:00
08/28/2024 05:50:00 PM,5.0,3,2,5,6,3,3,3,3,1,4,DISREGARDING TRAFFIC SIGNALS,2,2,0.0,0.0,0.0,0.0,0.0,2.0,17,4,8,08/28/2024,2024-08-28,17:50:00
08/28/2024 10:09:00 AM,5.0,3,2,13,5,3,3,3,3,1,2,DISTRACTION - FROM OUTSIDE VEHICLE,2,4,1.0,0.0,0.0,1.0,0.0,1.0,10,4,8,08/28/2024,2024-08-28,10:09:00
08/28/2024 07:50:00 AM,7.0,3,2,6,5,3,3,3,2,1,4,IMPROPER TURNING/NO SIGNAL,2,2,0.0,0.0,0.0,0.0,0.0,2.0,7,4,8,08/28/2024,2024-08-28,07:50:00
08/28/2024 04:22:00 PM,5.0,3,2,11,6,3,3,1,2,1,4,FAILING TO YIELD RIGHT-OF-WAY,2,2,0.0,0.0,0.0,0.0,0.0,2.0,16,4,8,08/28/2024,2024-08-28,16:22:00
08/28/2024 06:55:00 PM,5.0,3,2,4,6,3,3,3,2,1,4,FOLLOWING TOO CLOSELY,2,2,0.0,0.0,0.0,0.0,0.0,2.0,18,4,8,08/28/2024,2024-08-28,18:55:00
08/28/2024 02:40:00 PM,3.0,3,2,3,6,3,3,3,2,1,4,UNABLE TO DETERMINE,2,2,0.0,0.0,0.0,0.0,0.0,2.0,14,4,8,08/28/2024,2024-08-28,14:40:00
08/28/2024 03:36:00 PM,7.0,3,2,6,7,3,3,1,3,1,4,FAILING TO YIELD RIGHT-OF-WAY,2,2,0.0,0.0,0.0,0.0,0.0,2.0,15,4,8,08/28/2024,2024-08-28,15:36:00
08/28/2024 01:15:00 PM,3.0,3,2,3,6,3,3,3,2,1,4,UNABLE TO DETERMINE,2,2,0.0,0.0,0.0,0.0,0.0,2.0,13,4,8,08/28/2024,2024-08-28,13:15:00
08/28/2024 06:20:00 PM,5.0,3,2,9,3,3,3,1,3,1,3,EQUIPMENT - VEHICLE CONDITION,2,2,0.0,0.0,0.0,0.0,0.0,6.0,18,4,8,08/28/2024,2024-08-28,18:20:00
08/28/2024 09:53:00 AM,7.0,3,2,6,6,3,3,3,3,1,4,UNABLE TO DETERMINE,2,2,0.0,0.0,0.0,0.0,0.0,2.0,9,4,8,08/28/2024,2024-08-28,09:53:00
08/28/2024 02:59:00 PM,5.0,3,2,4,4,3,3,2,2,1,4,UNABLE TO DETERMINE,2,2,0.0,0.0,0.0,0.0,0.0,2.0,14,4,8,08/28/2024,2024-08-28,14:59:00
08/28/2024 10:04:00 PM,3.0,3,5,4,6,3,3,1,3,1,4,FOLLOWING TOO CLOSELY,2,2,0.0,0.0,0.0,0.0,0.0,4.0,22,4,8,08/28/2024,2024-08-28,22:04:00
08/28/2024 06:02:00 PM,5.0,3,2,14,10,3,3,3,2,1,3,IMPROPER TURNING/NO SIGNAL,2,2,0.0,0.0,0.0,0.0,0.0,2.0,18,4,8,08/28/2024,2024-08-28,18:02:00
08/28/2024 05:05:00 PM,3.0,3,2,5,5,3,3,3,2,1,4,FAILING TO YIELD RIGHT-OF-WAY,2,2,0.0,0.0,0.0,0.0,0.0,4.0,17,4,8,08/28/2024,2024-08-28,17:05:00
09/09/2024 07:12:00 PM,5.0,3,2,4,6,3,3,3,2,1,4,FOLLOWING TOO CLOSELY,2,2,0.0,0.0,0.0,0.0,0.0,2.0,19,2,9,09/09/2024,2024-09-09,19:12:00
09/04/2024 05:18:00 PM,4.0,3,2,4,5,3,3,3,2,1,3,FAILING TO REDUCE SPEED TO AVOID CRASH,2,2,0.0,0.0,0.0,0.0,0.0,2.0,17,4,9,09/04/2024,2024-09-04,17:18:00
09/12/2024 04:30:00 PM,7.0,3,2,5,5,3,3,3,3,1,4,UNABLE TO DETERMINE,2,4,1.0,0.0,0.0,1.0,0.0,1.0,16,5,9,09/12/2024,2024-09-12,16:30:00
09/12/2024 05:55:00 AM,7.0,3,2,5,6,3,3,3,3,1,4,FAILING TO YIELD RIGHT-OF-WAY,2,2,0.0,0.0,0.0,0.0,0.0,3.0,5,5,9,09/12/2024,2024-09-12,05:55:00