crash_date,traffic_control_device,weather_condition,lighting_condition,first_crash_type,trafficway_type,alignment,roadway_surface_cond,road_defect,crash_type,intersection_related_i,damage,prim_contributory_cause,num_units,most_severe_injury,injuries_total,injuries_fatal,injuries_incapacitating,injuries_non_incapacitating,injuries_reported_not_evident,injuries_no_indication,crash_hour,crash_day_of_week,crash_month,parsed_datetime,date,time
09/11/2024 11:25:00 PM,1.0,3,4,6,16,3,3,1,2,1,3,UNABLE TO DETERMINE,2,2,0.0,0.0,0.0,0.0,0.0,2.0,23,4,9,09/11/2024,2024-09-11,23:25:00
09/12/2024 03:37:00 PM,7.0,3,2,5,5,3,3,3,2,1,3,FAILING TO YIELD RIGHT-OF-WAY,2,2,0.0,0.0,0.0,0.0,0.0,2.0,15,5,9,09/12/2024,2024-09-12,15:37:00
09/12/2024 03:00:00 PM,3.0,3,2,11,10,3,3,3,2,0,3,DISREGARDING ROAD MARKINGS,2,2,0.0,0.0,0.0,0.0,0.0,1.0,15,5,9,09/12/2024,2024-09-12,15:00:00
09/12/2024 05:55:00 AM,5.0,3,3,6,6,3,3,3,2,1,4,TURNING RIGHT ON RED,2,2,0.0,0.0,0.0,0.0,0.0,2.0,5,5,9,09/12/2024,2024-09-12,05:55:00
09/11/2024 11:17:00 PM,5.0,3,5,6,5,3,3,3,3,1,4,DISREGARDING TRAFFIC SIGNALS,2,2,0.0,0.0,0.0,0.0,0.0,4.0,23,4,9,09/11/2024,2024-09-11,23:17:00
09/12/2024 09:30:00 AM,7.0,3,2,5,6,3,3,3,3,1,4,DISREGARDING STOP SIGN,2,2,0.0,0.0,0.0,0.0,0.0,2.0,9,5,9,09/12/2024,2024-09-12,09:30:00
09/12/2024 01:05:00 PM,5.0,3,2,6,3,3,3,3,2,1,3,UNABLE TO DETERMINE,2,2,0.0,0.0,0.0,0.0,0.0,2.0,13,5,9,09/12/2024,2024-09-12,13:05:00
09/12/2024 05:35:00 AM,5.0,3,4,6,7,3,3,3,3,0,4,DISREGARDING TRAFFIC SIGNALS,2,3,1.0,0.0,0.0,0.0,1.0,1.0,5,5,9,09/12/2024,2024-09-12,05:35:00
09/03/2024 03:50:00 PM,5.0,3,2,3,6,3,3,3,2,1,4,IMPROPER LANE USAGE,2,2,0.0,0.0,0.0,0.0,0.0,2.0,15,3,9,09/03/2024,2024-09-03,15:50:00
09/12/2024 05:44:00 PM,5.0,3,2,4,5,3,3,3,2,1,4,FOLLOWING TOO CLOSELY,2,2,0.0,0.0,0.0,0.0,0.0,2.0,17,5,9,09/12/2024,2024-09-12,17:44:00
09/12/2024 08:40:00 AM,5.0,3,5,6,7,3,3,3,3,1,4,DISREGARDING TRAFFIC SIGNALS,2,4,1.0,0.0,0.0,1.0,0.0,2.0,8,5,9,09/12/2024,2024-09-12,08:40:00
09/09/2024 06:20:00 PM,7.0,3,2,5,5,3,3,3,3,1,4,FAILING TO YIELD RIGHT-OF-WAY,2,4,2.0,0.0,0.0,1.0,1.0,0.0,18,2,9,09/09/2024,2024-09-09,18:20:00
09/10/2024 08:19:00 PM,5.0,3,5,5,5,3,3,3,3,1,4,DRIVING SKILLS/KNOWLEDGE/EXPERIENCE,2,3,1.0,0.0,0.0,0.0,1.0,10.0,20,3,9,09/10/2024,2024-09-10,20:19:00
09/11/2024 11:24:00 AM,3.0,3,2,6,7,3,3,2,2,1,4,IMPROPER TURNING/NO SIGNAL,2,2,0.0,0.0,0.0,0.0,0.0,2.0,11,4,9,09/11/2024,2024-09-11,11:24:00
09/11/2024 11:54:00 AM,7.0,3,2,5,5,3,3,3,3,1,4,FAILING TO YIELD RIGHT-OF-WAY,2,2,0.0,0.0,0.0,0.0,0.0,3.0,11,4,9,09/11/2024,2024-09-11,11:54:00
09/12/2024 10:12:00 AM,5.0,3,2,6,7,3,3,3,3,1,3,FAILING TO YIELD RIGHT-OF-WAY,2,3,1.0,0.0,0.0,0.0,1.0,1.0,10,5,9,09/12/2024,2024-09-12,10:12:00
09/07/2024 10:00:00 PM,5.0,3,5,10,5,3,3,1,2,1,3,UNABLE TO DETERMINE,2,2,0.0,0.0,0.0,0.0,0.0,2.0,22,7,9,09/07/2024,2024-09-07,22:00:00
09/12/2024 07:30:00 AM,7.0,3,2,13,7,3,3,3,3,1,2,FAILING TO YIELD RIGHT-OF-WAY,2,4,1.0,0.0,0.0,1.0,0.0,1.0,7,5,9,09/12/2024,2024-09-12,07:30:00
09/12/2024 09:56:00 AM,5.0,3,2,6,5,3,3,3,3,1,4,FAILING TO YIELD RIGHT-OF-WAY,2,4,1.0,0.0,0.0,1.0,0.0,1.0,9,5,9,09/12/2024,2024-09-12,09:56:00
09/11/2024 12:15:00 PM,3.0,3,2,14,10,3,3,3,2,1,2,UNABLE TO DETERMINE,2,2,0.0,0.0,0.0,0.0,0.0,2.0,12,4,9,09/11/2024,2024-09-11,12:15:00
09/09/2024 12:01:00 PM,5.0,3,2,5,6,3,3,3,3,1,4,DISREGARDING TRAFFIC SIGNALS,2,4,1.0,0.0,0.0,1.0,0.0,3.0,12,2,9,09/09/2024,2024-09-09,12:01:00
09/12/2024 12:45:00 PM,5.0,3,2,4,4,3,3,3,2,1,4,FOLLOWING TOO CLOSELY,2,2,0.0,0.0,0.0,0.0,0.0,2.0,12,5,9,09/12/2024,2024-09-12,12:45:00
09/11/2024 06:21:00 PM,5.0,3,2,6,10,3,3,3,2,1,3,IMPROPER TURNING/NO SIGNAL,2,2,0.0,0.0,0.0,0.0,0.0,3.0,18,4,9,09/11/2024,2024-09-11,18:21:00
09/10/2024 07:30:00 PM,5.0,3,5,5,10,3,3,3,2,1,4,FAILING TO YIELD RIGHT-OF-WAY,2,2,0.0,0.0,0.0,0.0,0.0,2.0,19,3,9,09/10/2024,2024-09-10,19:30:00
09/11/2024 02:35:00 PM,3.0,3,2,4,6,3,3,3,2,1,4,UNABLE TO DETERMINE,2,2,0.0,0.0,0.0,0.0,0.0,2.0,14,4,9,09/11/2024,2024-09-11,14:35:00
09/12/2024 03:14:00 PM,5.0,3,2,5,5,3,3,3,2,1,4,FAILING TO YIELD RIGHT-OF-WAY,2,2,0.0,0.0,0.0,0.0,0.0,7.0,15,5,9,09/12/2024,2024-09-12,15:14:00
09/12/2024 06:15:00 PM,5.0,3,2,3,6,3,3,3,2,1,4,IMPROPER LANE USAGE,2,2,0.0,0.0,0.0,0.0,0.0,2.0,18,5,9,09/12/2024,2024-09-12,18:15:00
09/12/2024 07:00:00 AM,7.0,3,2,5,5,3,3,3,3,1,4,FAILING TO YIELD RIGHT-OF-WAY,2,2,0.0,0.0,0.0,0.0,0.0,2.0,7,5,9,09/12/2024,2024-09-12,07:00:00
09/11/2024 01:45:00 PM,5.0,3,2,5,3,3,3,1,2,1,4,DISREGARDING TRAFFIC SIGNALS,2,2,0.0,0.0,0.0,0.0,0.0,2.0,13,4,9,09/11/2024,2024-09-11,13:45:00
08/29/2024 03:30:00 PM,5.0,3,2,3,6,3,3,3,2,1,4,FAILING TO YIELD RIGHT-OF-WAY,2,2,0.0,0.0,0.0,0.0,0.0,2.0,15,5,8,08/29/2024,2024-08-29,15:30:00
08/29/2024 10:00:00 AM,5.0,3,2,4,7,3,3,3,2,1,4,FOLLOWING TOO CLOSELY,2,2,0.0,0.0,0.0,0.0,0.0,2.0,10,5,8,08/29/2024,2024-08-29,10:00:00
08/29/2024 08:58:00 AM,5.0,3,2,6,7,3,3,3,3,1,4,UNABLE TO DETERMINE,2,4,1.0,0.0,0.0,1.0,0.0,4.0,8,5,8,08/29/2024,2024-08-29,08:58:00
08/29/2024 08:17:00 AM,3.0,3,2,14,9,3,3,3,3,1,4,"VISION OBSCURED (SIGNS, TREE LIMBS, BUILDINGS, ETC.)",2,4,1.0,0.0,0.0,1.0,0.0,1.0,8,5,8,08/29/2024,2024-08-29,08:17:00
08/29/2024 04:57:00 PM,5.0,3,2,3,4,3,3,3,2,1,4,UNABLE TO DETERMINE,2,2,0.0,0.0,0.0,0.0,0.0,2.0,16,5,8,08/29/2024,2024-08-29,16:57:00
08/29/2024 05:26:00 AM,7.0,3,5,5,5,3,3,3,3,1,4,UNABLE TO DETERMINE,2,2,0.0,0.0,0.0,0.0,0.0,3.0,5,5,8,08/29/2024,2024-08-29,05:26:00
08/29/2024 12:00:00 PM,5.0,3,2,6,5,3,3,3,2,1,4,FAILING TO YIELD RIGHT-OF-WAY,2,2,0.0,0.0,0.0,0.0,0.0,3.0,12,5,8,08/29/2024,2024-08-29,12:00:00
08/29/2024 03:38:00 PM,5.0,3,2,3,6,3,3,3,2,1,4,FAILING TO YIELD RIGHT-OF-WAY,2,2,0.0,0.0,0.0,0.0,0.0,2.0,15,5,8,08/29/2024,2024-08-29,15:38:00
08/29/2024 09:35:00 PM,5.0,3,5,5,5,3,3,3,2,1,4,FAILING TO YIELD RIGHT-OF-WAY,2,2,0.0,0.0,0.0,0.0,0.0,3.0,21,5,8,08/29/2024,2024-08-29,21:35:00
08/29/2024 07:12:00 PM,7.0,3,2,4,4,3,3,3,3,1,4,FOLLOWING TOO CLOSELY,2,4,1.0,0.0,0.0,1.0,0.0,1.0,19,5,8,08/29/2024,2024-08-29,19:12:00
08/29/2024 07:49:00 AM,3.0,3,2,5,9,3,3,3,3,1,4,"VISION OBSCURED (SIGNS, TREE LIMBS, BUILDINGS, ETC.)",2,4,1.0,0.0,0.0,1.0,0.0,1.0,7,5,8,08/29/2024,2024-08-29,07:49:00
08/29/2024 08:23:00 PM,5.0,3,5,5,4,3,3,3,3,1,4,DISREGARDING TRAFFIC SIGNALS,2,3,2.0,0.0,0.0,0.0,2.0,1.0,20,5,8,08/29/2024,2024-08-29,20:23:00
08/29/2024 09:25:00 AM,3.0,3,2,6,5,3,3,3,3,1,4,FAILING TO YIELD RIGHT-OF-WAY,2,3,1.0,0.0,0.0,0.0,1.0,1.0,9,5,8,08/29/2024,2024-08-29,09:25:00
08/29/2024 06:45:00 PM,3.0,3,4,6,6,3,3,1,3,1,4,FAILING TO YIELD RIGHT-OF-WAY,2,4,1.0,0.0,0.0,1.0,0.0,1.0,18,5,8,08/29/2024,2024-08-29,18:45:00
08/29/2024 05:44:00 AM,5.0,3,5,4,5,3,3,3,3,1,4,UNABLE TO DETERMINE,2,4,1.0,0.0,0.0,1.0,0.0,1.0,5,5,8,08/29/2024,2024-08-29,05:44:00
08/29/2024 07:20:00 PM,5.0,3,6,4,6,3,3,1,2,1,4,NOT APPLICABLE,2,2,0.0,0.0,0.0,0.0,0.0,3.0,19,5,8,08/29/2024,2024-08-29,19:20:00
08/29/2024 04:09:00 PM,7.0,3,2,5,6,3,3,3,2,1,3,FAILING TO REDUCE SPEED TO AVOID CRASH,2,2,0.0,0.0,0.0,0.0,0.0,3.0,16,5,8,08/29/2024,2024-08-29,16:09:00
08/29/2024 06:45:00 PM,7.0,3,2,4,5,3,3,3,2,1,4,FOLLOWING TOO CLOSELY,2,2,0.0,0.0,0.0,0.0,0.0,3.0,18,5,8,08/29/2024,2024-08-29,18:45:00
08/29/2024 12:40:00 PM,5.0,3,2,6,5,3,3,3,2,1,4,FOLLOWING TOO CLOSELY,2,2,0.0,0.0,0.0,0.0,0.0,2.0,12,5,8,08/29/2024,2024-08-29,12:40:00
08/29/2024 02:00:00 PM,5.0,3,2,4,6,3,3,3,2,1,4,FOLLOWING TOO CLOSELY,2,2,0.0,0.0,0.0,0.0,0.0,2.0,14,5,8,08/29/2024,2024-08-29,14:00:00
08/29/2024 05:22:00 PM,5.0,3,2,6,5,3,3,3,2,1,4,DISREGARDING TRAFFIC SIGNALS,2,2,0.0,0.0,0.0,0.0,0.0,3.0,17,5,8,08/29/2024,2024-08-29,17:22:00
08/29/2024 06:40:00 AM,3.0,3,2,6,6,3,3,3,2,1,4,DRIVING SKILLS/KNOWLEDGE/EXPERIENCE,2,2,0.0,0.0,0.0,0.0,0.0,2.0,6,5,8,08/29/2024,2024-08-29,06:40:00
08/29/2024 02:29:00 PM,5.0,3,2,14,14,3,3,3,3,1,4,UNABLE TO DETERMINE,2,4,1.0,0.0,0.0,1.0,0.0,2.0,14,5,8,08/29/2024,2024-08-29,14:29:00
08/29/2024 05:48:00 PM,5.0,3,2,6,4,3,3,3,2,1,3,DISREGARDING ROAD MARKINGS,2,2,0.0,0.0,0.0,0.0,0.0,2.0,17,5,8,08/29/2024,2024-08-29,17:48:00
08/29/2024 05:13:00 PM,5.0,3,2,3,6,3,3,1,2,1,4,FAILING TO YIELD RIGHT-OF-WAY,2,2,0.0,0.0,0.0,0.0,0.0,2.0,17,5,8,08/29/2024,2024-08-29,17:13:00
08/29/2024 03:45:00 PM,5.0,3,2,9,4,3,1,1,3,0,4,DRIVING ON WRONG SIDE/WRONG WAY,2,3,1.0,0.0,0.0,0.0,1.0,1.0,15,5,8,08/29/2024,2024-08-29,15:45:00
08/29/2024 08:40:00 AM,5.0,3,2,3,6,3,3,3,2,1,3,IMPROPER LANE USAGE,2,2,0.0,0.0,0.0,0.0,0.0,3.0,8,5,8,08/29/2024,2024-08-29,08:40:00
08/29/2024 03:30:00 PM,5.0,5,2,3,5,3,3,3,2,1,3,IMPROPER LANE USAGE,2,2,0.0,0.0,0.0,0.0,0.0,2.0,15,5,8,08/29/2024,2024-08-29,15:30:00
08/29/2024 04:11:00 PM,3.0,3,2,5,5,3,3,3,2,1,3,UNABLE TO DETERMINE,2,2,0.0,0.0,0.0,0.0,0.0,2.0,16,5,8,08/29/2024,2024-08-29,16:11:00
08/29/2024 05:00:00 PM,5.0,3,2,4,5,3,3,3,2,1,4,FOLLOWING TOO CLOSELY,2,2,0.0,0.0,0.0,0.0,0.0,2.0,17,5,8,08/29/2024,2024-08-29,17:00:00
08/29/2024 05:00:00 PM,5.0,3,2,5,6,3,3,3,2,1,4,DISREGARDING TRAFFIC SIGNALS,2,2,0.0,0.0,0.0,0.0,0.0,2.0,17,5,8,08/29/2024,2024-08-29,17:00:00
08/29/2024 04:54:00 PM,3.0,3,2,14,5,3,3,3,3,1,3,UNABLE TO DETERMINE,2,3,1.0,0.0,0.0,0.0,1.0,2.0,16,5,8,08/29/2024,2024-08-29,16:54:00
08/29/2024 10:47:00 PM,7.0,3,5,5,6,3,3,3,3,1,4,UNABLE TO DETERMINE,2,2,0.0,0.0,0.0,0.0,0.0,2.0,22,5,8,08/29/2024,2024-08-29,22:47:00
08/29/2024 03:00:00 PM,5.0,3,2,6,6,3,3,3,2,1,4,FOLLOWING TOO CLOSELY,2,2,0.0,0.0,0.0,0.0,0.0,2.0,15,5,8,08/29/2024,2024-08-29,15:00:00
08/29/2024 07:40:00 AM,3.0,3,2,3,6,3,3,3,3,1,2,UNABLE TO DETERMINE,2,4,1.0,0.0,0.0,1.0,0.0,1.0,7,5,8,08/29/2024,2024-08-29,07:40:00
08/29/2024 08:20:00 AM,7.0,3,2,6,6,3,3,3,2,1,4,FAILING TO YIELD RIGHT-OF-WAY,2,2,0.0,0.0,0.0,0.0,0.0,3.0,8,5,8,08/29/2024,2024-08-29,08:20:00
08/29/2024 07:30:00 AM,7.0,3,2,12,5,3,3,1,3,1,4,FAILING TO YIELD RIGHT-OF-WAY,2,4,1.0,0.0,0.0,1.0,0.0,4.0,7,5,8,08/29/2024,2024-08-29,07:30:00
08/29/2024 03:15:00 PM,3.0,3,2,4,6,3,3,3,2,1,2,FAILING TO REDUCE SPEED TO AVOID CRASH,2,2,0.0,0.0,0.0,0.0,0.0,3.0,15,5,8,08/29/2024,2024-08-29,15:15:00
08/29/2024 10:26:00 AM,3.0,3,2,6,5,3,3,3,3,1,4,IMPROPER TURNING/NO SIGNAL,2,4,2.0,0.0,0.0,2.0,0.0,0.0,10,5,8,08/29/2024,2024-08-29,10:26:00
08/29/2024 06:40:00 PM,1.0,3,2,4,5,3,1,1,2,1,4,FOLLOWING TOO CLOSELY,2,2,0.0,0.0,0.0,0.0,0.0,3.0,18,5,8,08/29/2024,2024-08-29,18:40:00
09/12/2024 07:05:00 PM,7.0,3,4,5,6,3,3,3,2,1,4,DISREGARDING OTHER TRAFFIC SIGNS,2,2,0.0,0.0,0.0,0.0,0.0,3.0,19,5,9,09/12/2024,2024-09-12,19:05:00
09/14/2024 12:07:00 AM,5.0,3,5,5,5,3,3,3,2,1,4,DISREGARDING TRAFFIC SIGNALS,2,2,0.0,0.0,0.0,0.0,0.0,2.0,0,7,9,09/14/2024,2024-09-14,00:07:00
09/06/2024 11:15:00 PM,5.0,3,5,5,4,3,3,3,2,1,4,UNABLE TO DETERMINE,2,2,0.0,0.0,0.0,0.0,0.0,2.0,23,6,9,09/06/2024,2024-09-06,23:15:00
09/08/2024 07:00:00 PM,5.0,3,4,3,6,3,3,1,2,1,3,IMPROPER LANE USAGE,2,2,0.0,0.0,0.0,0.0,0.0,2.0,19,1,9,09/08/2024,2024-09-08,19:00:00
09/12/2024 12:40:00 PM,7.0,3,2,5,7,3,3,3,2,1,2,FAILING TO YIELD RIGHT-OF-WAY,2,2,0.0,0.0,0.0,0.0,0.0,3.0,12,5,9,09/12/2024,2024-09-12,12:40:00
09/13/2024 11:04:00 AM,5.0,3,2,14,6,3,3,1,3,1,4,DISREGARDING TRAFFIC SIGNALS,2,5,1.0,0.0,1.0,0.0,0.0,1.0,11,6,9,09/13/2024,2024-09-13,11:04:00
09/13/2024 09:29:00 AM,5.0,3,2,3,12,3,3,3,2,1,2,UNABLE TO DETERMINE,2,2,0.0,0.0,0.0,0.0,0.0,2.0,9,6,9,09/13/2024,2024-09-13,09:29:00
09/13/2024 05:01:00 PM,5.0,3,2,6,4,3,3,1,2,1,4,UNABLE TO DETERMINE,2,2,0.0,0.0,0.0,0.0,0.0,3.0,17,6,9,09/13/2024,2024-09-13,17:01:00
08/28/2024 04:00:00 PM,5.0,3,2,6,6,3,3,3,2,1,4,IMPROPER TURNING/NO SIGNAL,2,2,0.0,0.0,0.0,0.0,0.0,3.0,16,4,8,08/28/2024,2024-08-28,16:00:00
09/14/2024 12:53:00 AM,1.0,3,2,6,5,3,1,1,2,1,4,UNABLE TO DETERMINE,2,2,0.0,0.0,0.0,0.0,0.0,2.0,0,7,9,09/14/2024,2024-09-14,00:53:00
09/13/2024 11:16:00 AM,5.0,3,2,3,3,3,3,1,3,0,4,IMPROPER LANE USAGE,2,3,1.0,0.0,0.0,0.0,1.0,3.0,11,6,9,09/13/2024,2024-09-13,11:16:00
09/13/2024 02:30:00 PM,5.0,3,2,6,6,3,3,1,3,0,4,UNABLE TO DETERMINE,2,2,0.0,0.0,0.0,0.0,0.0,2.0,14,6,9,09/13/2024,2024-09-13,14:30:00
09/03/2024 04:30:00 PM,1.0,3,2,14,9,3,1,1,3,1,2,FAILING TO YIELD RIGHT-OF-WAY,2,4,1.0,0.0,0.0,1.0,0.0,1.0,16,3,9,09/03/2024,2024-09-03,16:30:00
09/12/2024 09:30:00 AM,5.0,3,2,4,5,3,3,3,2,1,3,UNABLE TO DETERMINE,2,2,0.0,0.0,0.0,0.0,0.0,2.0,9,5,9,09/12/2024,2024-09-12,09:30:00
09/13/2024 07:04:00 AM,5.0,3,2,5,5,3,3,3,3,1,4,UNABLE TO DETERMINE,2,2,0.0,0.0,0.0,0.0,0.0,3.0,7,6,9,09/13/2024,2024-09-13,07:04:00
09/08/2024 09:29:00 PM,5.0,3,5,5,5,3,3,3,3,1,4,DISREGARDING TRAFFIC SIGNALS,2,4,1.0,0.0,0.0,1.0,0.0,1.0,21,1,9,09/08/2024,2024-09-08,21:29:00
09/11/2024 04:00:00 PM,5.0,3,2,4,5,3,3,3,2,1,4,FOLLOWING TOO CLOSELY,2,2,0.0,0.0,0.0,0.0,0.0,3.0,16,4,9,09/11/2024,2024-09-11,16:00:00
09/12/2024 01:50:00 PM,5.0,3,2,6,5,3,3,1,2,1,2,FAILING TO YIELD RIGHT-OF-WAY,2,2,0.0,0.0,0.0,0.0,0.0,2.0,13,5,9,09/12/2024,2024-09-12,13:50:00
09/12/2024 12:00:00 PM,5.0,3,2,3,6,3,3,3,2,1,3,UNABLE TO DETERMINE,2,2,0.0,0.0,0.0,0.0,0.0,3.0,12,5,9,09/12/2024,2024-09-12,12:00:00
09/13/2024 04:50:00 PM,5.0,3,2,6,5,3,3,3,3,1,4,FAILING TO YIELD RIGHT-OF-WAY,2,2,0.0,0.0,0.0,0.0,0.0,3.0,16,6,9,09/13/2024,2024-09-13,16:50:00
09/13/2024 08:15:00 AM,5.0,3,2,3,4,3,3,3,2,1,3,DRIVING SKILLS/KNOWLEDGE/EXPERIENCE,2,2,0.0,0.0,0.0,0.0,0.0,2.0,8,6,9,09/13/2024,2024-09-13,08:15:00
09/12/2024 07:20:00 AM,5.0,3,2,3,10,3,3,3,2,1,4,UNABLE TO DETERMINE,2,2,0.0,0.0,0.0,0.0,0.0,2.0,7,5,9,09/12/2024,2024-09-12,07:20:00
09/13/2024 02:51:00 AM,5.0,3,5,7,5,3,3,1,3,1,4,UNABLE TO DETERMINE,2,2,0.0,0.0,0.0,0.0,0.0,2.0,2,6,9,09/13/2024,2024-09-13,02:51:00
09/13/2024 08:19:00 AM,5.0,3,2,11,5,3,3,3,2,1,2,UNABLE TO DETERMINE,2,2,0.0,0.0,0.0,0.0,0.0,1.0,8,6,9,09/13/2024,2024-09-13,08:19:00
09/11/2024 06:30:00 AM,3.0,3,2,3,7,3,3,3,2,1,4,IMPROPER OVERTAKING/PASSING,2,2,0.0,0.0,0.0,0.0,0.0,2.0,6,4,9,09/11/2024,2024-09-11,06:30:00
09/13/2024 03:00:00 PM,5.0,3,2,6,12,3,1,1,2,1,4,UNABLE TO DETERMINE,2,2,0.0,0.0,0.0,0.0,0.0,2.0,15,6,9,09/13/2024,2024-09-13,15:00:00
09/11/2024 12:01:00 AM,3.0,3,6,11,10,3,3,3,2,1,4,IMPROPER LANE USAGE,2,2,0.0,0.0,0.0,0.0,0.0,1.0,0,4,9,09/11/2024,2024-09-11,00:01:00
09/13/2024 09:18:00 AM,5.0,3,2,4,6,3,3,3,2,1,4,FOLLOWING TOO CLOSELY,2,2,0.0,0.0,0.0,0.0,0.0,2.0,9,6,9,09/13/2024,2024-09-13,09:18:00
09/11/2024 08:00:00 PM,5.0,3,4,7,6,3,3,3,2,0,3,IMPROPER LANE USAGE,2,2,0.0,0.0,0.0,0.0,0.0,2.0,20,4,9,09/11/2024,2024-09-11,20:00:00
09/13/2024 08:41:00 AM,3.0,3,2,11,6,3,3,1,2,1,3,NOT APPLICABLE,2,2,0.0,0.0,0.0,0.0,0.0,5.0,8,6,9,09/13/2024,2024-09-13,08:41:00
09/13/2024 10:15:00 AM,5.0,3,2,6,5,3,3,1,3,1,4,FAILING TO YIELD RIGHT-OF-WAY,2,2,0.0,0.0,0.0,0.0,0.0,2.0,10,6,9,09/13/2024,2024-09-13,10:15:00
09/13/2024 08:20:00 AM,5.0,3,2,4,5,3,3,1,2,1,4,UNABLE TO DETERMINE,2,2,0.0,0.0,0.0,0.0,0.0,2.0,8,6,9,09/13/2024,2024-09-13,08:20:00
09/12/2024 11:10:00 PM,5.0,3,5,6,4,3,3,3,2,1,4,IMPROPER OVERTAKING/PASSING,2,2,0.0,0.0,0.0,0.0,0.0,2.0,23,5,9,09/12/2024,2024-09-12,23:10:00
09/13/2024 02:15:00 AM,5.0,3,6,4,6,3,3,3,2,1,2,FOLLOWING TOO CLOSELY,2,2,0.0,0.0,0.0,0.0,0.0,2.0,2,6,9,09/13/2024,2024-09-13,02:15:00
09/14/2024 02:20:00 AM,5.0,3,5,6,10,3,3,3,2,1,4,IMPROPER LANE USAGE,2,2,0.0,0.0,0.0,0.0,0.0,2.0,2,7,9,09/14/2024,2024-09-14,02:20:00
09/08/2024 03:00:00 AM,3.0,3,5,5,5,3,3,3,2,1,4,FAILING TO YIELD RIGHT-OF-WAY,2,2,0.0,0.0,0.0,0.0,0.0,2.0,3,1,9,09/08/2024,2024-09-08,03:00:00
09/13/2024 07:58:00 AM,3.0,3,2,4,4,3,3,3,3,1,4,UNABLE TO DETERMINE,2,2,0.0,0.0,0.0,0.0,0.0,2.0,7,6,9,09/13/2024,2024-09-13,07:58:00
08/30/2024 08:24:00 AM,5.0,5,2,4,4,3,4,3,2,1,4,DRIVING SKILLS/KNOWLEDGE/EXPERIENCE,2,2,0.0,0.0,0.0,0.0,0.0,3.0,8,6,8,08/30/2024,2024-08-30,08:24:00
08/30/2024 11:00:00 PM,5.0,3,5,13,4,3,3,1,3,1,4,UNABLE TO DETERMINE,2,4,1.0,0.0,0.0,1.0,0.0,1.0,23,6,8,08/30/2024,2024-08-30,23:00:00
08/30/2024 12:55:00 AM,5.0,3,5,5,5,3,3,3,3,1,4,DISREGARDING TRAFFIC SIGNALS,2,2,0.0,0.0,0.0,0.0,0.0,4.0,0,6,8,08/30/2024,2024-08-30,00:55:00
08/30/2024 06:03:00 PM,5.0,3,2,11,5,3,3,7,2,1,4,FOLLOWING TOO CLOSELY,2,2,0.0,0.0,0.0,0.0,0.0,1.0,18,6,8,08/30/2024,2024-08-30,18:03:00
08/30/2024 11:45:00 AM,5.0,3,2,6,14,3,3,3,2,1,4,IMPROPER TURNING/NO SIGNAL,2,2,0.0,0.0,0.0,0.0,0.0,3.0,11,6,8,08/30/2024,2024-08-30,11:45:00
08/30/2024 08:00:00 AM,5.0,4,2,14,5,4,3,3,3,1,2,UNABLE TO DETERMINE,2,4,2.0,0.0,0.0,1.0,1.0,0.0,8,6,8,08/30/2024,2024-08-30,08:00:00
08/30/2024 07:47:00 AM,5.0,4,2,6,5,3,3,3,2,1,4,DISREGARDING TRAFFIC SIGNALS,2,2,0.0,0.0,0.0,0.0,0.0,2.0,7,6,8,08/30/2024,2024-08-30,07:47:00
08/30/2024 02:55:00 PM,7.0,3,2,4,5,3,3,3,2,1,4,FOLLOWING TOO CLOSELY,2,2,0.0,0.0,0.0,0.0,0.0,2.0,14,6,8,08/30/2024,2024-08-30,14:55:00
08/30/2024 03:00:00 PM,3.0,3,2,6,5,3,3,3,2,1,3,IMPROPER TURNING/NO SIGNAL,2,2,0.0,0.0,0.0,0.0,0.0,2.0,15,6,8,08/30/2024,2024-08-30,15:00:00
08/30/2024 09:00:00 AM,5.0,3,2,4,6,3,3,3,2,1,2,FAILING TO REDUCE SPEED TO AVOID CRASH,2,2,0.0,0.0,0.0,0.0,0.0,2.0,9,6,8,08/30/2024,2024-08-30,09:00:00
08/30/2024 02:15:00 PM,7.0,3,2,5,6,3,1,1,2,1,4,FAILING TO YIELD RIGHT-OF-WAY,2,2,0.0,0.0,0.0,0.0,0.0,2.0,14,6,8,08/30/2024,2024-08-30,14:15:00
08/30/2024 12:52:00 AM,7.0,3,5,5,5,3,3,3,3,1,4,NOT APPLICABLE,2,5,2.0,0.0,1.0,0.0,1.0,2.0,0,6,8,08/30/2024,2024-08-30,00:52:00
08/30/2024 10:20:00 AM,7.0,3,2,6,1,3,3,1,2,1,3,DISREGARDING STOP SIGN,2,2,0.0,0.0,0.0,0.0,0.0,4.0,10,6,8,08/30/2024,2024-08-30,10:20:00
08/30/2024 07:48:00 PM,5.0,3,5,6,5,3,3,3,3,1,4,FAILING TO YIELD RIGHT-OF-WAY,2,2,0.0,0.0,0.0,0.0,0.0,2.0,19,6,8,08/30/2024,2024-08-30,19:48:00
08/30/2024 06:45:00 AM,5.0,5,2,4,4,3,4,3,2,1,3,FOLLOWING TOO CLOSELY,2,2,0.0,0.0,0.0,0.0,0.0,2.0,6,6,8,08/30/2024,2024-08-30,06:45:00
08/30/2024 03:45:00 PM,5.0,3,2,4,6,3,3,3,2,1,4,UNABLE TO DETERMINE,2,2,0.0,0.0,0.0,0.0,0.0,2.0,15,6,8,08/30/2024,2024-08-30,15:45:00
08/30/2024 07:20:00 AM,3.0,3,2,13,6,3,3,3,3,1,4,UNABLE TO DETERMINE,2,4,2.0,0.0,0.0,2.0,0.0,0.0,7,6,8,08/30/2024,2024-08-30,07:20:00