crash_date,traffic_control_device,weather_condition,lighting_condition,first_crash_type,trafficway_type,alignment,roadway_surface_cond,road_defect,crash_type,intersection_related_i,damage,prim_contributory_cause,num_units,most_severe_injury,injuries_total,injuries_fatal,injuries_incapacitating,injuries_non_incapacitating,injuries_reported_not_evident,injuries_no_indication,crash_hour,crash_day_of_week,crash_month,parsed_datetime,date,time
08/30/2024 03:00:00 AM,5.0,3,5,3,14,3,3,3,2,1,4,UNDER THE INFLUENCE OF ALCOHOL/DRUGS (USE WHEN ARREST IS EFFECTED),2,2,0.0,0.0,0.0,0.0,0.0,3.0,3,6,8,08/30/2024,2024-08-30,03:00:00
08/30/2024 08:20:00 AM,7.0,3,2,6,5,3,3,1,3,1,3,IMPROPER OVERTAKING/PASSING,2,3,1.0,0.0,0.0,0.0,1.0,5.0,8,6,8,08/30/2024,2024-08-30,08:20:00
08/30/2024 11:37:00 AM,5.0,3,2,6,7,3,3,3,3,1,4,DRIVING SKILLS/KNOWLEDGE/EXPERIENCE,2,3,1.0,0.0,0.0,0.0,1.0,1.0,11,6,8,08/30/2024,2024-08-30,11:37:00
08/30/2024 07:39:00 AM,7.0,4,2,14,5,3,4,3,2,1,4,UNABLE TO DETERMINE,2,2,0.0,0.0,0.0,0.0,0.0,3.0,7,6,8,08/30/2024,2024-08-30,07:39:00
08/30/2024 11:30:00 PM,3.0,3,5,11,10,3,3,3,3,1,4,NOT APPLICABLE,2,2,0.0,0.0,0.0,0.0,0.0,1.0,23,6,8,08/30/2024,2024-08-30,23:30:00
08/30/2024 06:43:00 AM,5.0,5,3,5,5,3,4,1,3,1,4,"VISION OBSCURED (SIGNS, TREE LIMBS, BUILDINGS, ETC.)",2,2,0.0,0.0,0.0,0.0,0.0,5.0,6,6,8,08/30/2024,2024-08-30,06:43:00
08/30/2024 07:34:00 AM,5.0,5,2,6,5,3,4,3,3,1,4,FAILING TO YIELD RIGHT-OF-WAY,2,2,0.0,0.0,0.0,0.0,0.0,3.0,7,6,8,08/30/2024,2024-08-30,07:34:00
08/30/2024 07:11:00 AM,3.0,5,2,5,6,3,4,3,3,1,4,DISREGARDING TRAFFIC SIGNALS,2,4,2.0,0.0,0.0,2.0,0.0,0.0,7,6,8,08/30/2024,2024-08-30,07:11:00
08/30/2024 03:05:00 AM,5.0,3,5,6,5,3,3,3,2,1,4,FAILING TO YIELD RIGHT-OF-WAY,2,2,0.0,0.0,0.0,0.0,0.0,3.0,3,6,8,08/30/2024,2024-08-30,03:05:00
08/30/2024 12:30:00 AM,5.0,3,5,6,6,3,3,3,2,1,4,DISREGARDING TRAFFIC SIGNALS,2,2,0.0,0.0,0.0,0.0,0.0,2.0,0,6,8,08/30/2024,2024-08-30,00:30:00
08/30/2024 09:13:00 PM,7.0,3,5,6,7,3,3,3,3,1,4,IMPROPER LANE USAGE,2,2,0.0,0.0,0.0,0.0,0.0,2.0,21,6,8,08/30/2024,2024-08-30,21:13:00
08/30/2024 08:29:00 AM,3.0,3,2,10,5,3,3,3,3,1,4,DISREGARDING TRAFFIC SIGNALS,2,2,0.0,0.0,0.0,0.0,0.0,2.0,8,6,8,08/30/2024,2024-08-30,08:29:00
08/30/2024 04:34:00 PM,7.0,3,2,5,5,3,3,3,3,1,4,NOT APPLICABLE,2,2,0.0,0.0,0.0,0.0,0.0,2.0,16,6,8,08/30/2024,2024-08-30,16:34:00
08/30/2024 01:00:00 PM,7.0,3,2,6,5,3,3,3,2,1,2,FAILING TO REDUCE SPEED TO AVOID CRASH,2,2,0.0,0.0,0.0,0.0,0.0,16.0,13,6,8,08/30/2024,2024-08-30,13:00:00
08/30/2024 07:20:00 AM,7.0,3,2,14,5,3,3,3,3,1,2,UNABLE TO DETERMINE,2,4,1.0,0.0,0.0,1.0,0.0,1.0,7,6,8,08/30/2024,2024-08-30,07:20:00
08/30/2024 12:47:00 PM,5.0,3,2,6,14,3,3,3,2,1,2,NOT APPLICABLE,2,2,0.0,0.0,0.0,0.0,0.0,2.0,12,6,8,08/30/2024,2024-08-30,12:47:00
08/30/2024 10:09:00 PM,1.0,3,5,3,6,3,3,1,2,1,4,FAILING TO YIELD RIGHT-OF-WAY,2,2,0.0,0.0,0.0,0.0,0.0,2.0,22,6,8,08/30/2024,2024-08-30,22:09:00
08/30/2024 07:10:00 AM,5.0,3,2,3,3,3,3,3,2,1,3,IMPROPER OVERTAKING/PASSING,2,2,0.0,0.0,0.0,0.0,0.0,2.0,7,6,8,08/30/2024,2024-08-30,07:10:00
08/30/2024 07:20:00 AM,7.0,3,2,5,5,3,3,3,3,1,4,FAILING TO YIELD RIGHT-OF-WAY,2,5,2.0,0.0,1.0,0.0,1.0,3.0,7,6,8,08/30/2024,2024-08-30,07:20:00
09/13/2024 07:30:00 AM,5.0,3,2,5,5,3,3,3,2,1,4,DISREGARDING TRAFFIC SIGNALS,2,2,0.0,0.0,0.0,0.0,0.0,2.0,7,6,9,09/13/2024,2024-09-13,07:30:00
09/13/2024 09:06:00 PM,5.0,3,5,13,6,3,3,3,3,1,2,UNABLE TO DETERMINE,2,4,1.0,0.0,0.0,1.0,0.0,1.0,21,6,9,09/13/2024,2024-09-13,21:06:00
09/14/2024 09:07:00 PM,5.0,3,5,3,7,3,3,3,2,1,4,IMPROPER OVERTAKING/PASSING,2,2,0.0,0.0,0.0,0.0,0.0,2.0,21,7,9,09/14/2024,2024-09-14,21:07:00
09/13/2024 08:21:00 PM,3.0,3,5,6,6,3,3,3,3,1,4,UNABLE TO DETERMINE,2,4,1.0,0.0,0.0,1.0,0.0,2.0,20,6,9,09/13/2024,2024-09-13,20:21:00
09/11/2024 04:58:00 PM,5.0,3,2,5,6,3,3,3,3,1,4,UNABLE TO DETERMINE,2,2,0.0,0.0,0.0,0.0,0.0,2.0,16,4,9,09/11/2024,2024-09-11,16:58:00
09/11/2024 03:00:00 PM,5.0,3,2,14,7,3,3,3,3,1,2,UNABLE TO DETERMINE,2,3,1.0,0.0,0.0,0.0,1.0,2.0,15,4,9,09/11/2024,2024-09-11,15:00:00
09/13/2024 05:34:00 PM,5.0,3,2,5,5,3,3,3,3,1,4,DISREGARDING TRAFFIC SIGNALS,2,4,2.0,0.0,0.0,2.0,0.0,7.0,17,6,9,09/13/2024,2024-09-13,17:34:00
09/13/2024 07:41:00 PM,5.0,3,5,13,6,3,3,1,3,1,4,FAILING TO YIELD RIGHT-OF-WAY,2,4,1.0,0.0,0.0,1.0,0.0,1.0,19,6,9,09/13/2024,2024-09-13,19:41:00
09/14/2024 04:37:00 PM,7.0,3,2,4,5,3,3,3,2,1,4,DRIVING SKILLS/KNOWLEDGE/EXPERIENCE,2,2,0.0,0.0,0.0,0.0,0.0,3.0,16,7,9,09/14/2024,2024-09-14,16:37:00
09/14/2024 10:54:00 AM,7.0,3,2,5,6,3,3,3,3,1,4,FAILING TO YIELD RIGHT-OF-WAY,2,2,0.0,0.0,0.0,0.0,0.0,2.0,10,7,9,09/14/2024,2024-09-14,10:54:00
09/14/2024 11:40:00 AM,5.0,3,2,6,6,3,3,3,3,1,4,UNABLE TO DETERMINE,2,2,0.0,0.0,0.0,0.0,0.0,2.0,11,7,9,09/14/2024,2024-09-14,11:40:00
09/14/2024 07:30:00 PM,5.0,3,5,10,5,3,3,3,3,1,4,DRIVING ON WRONG SIDE/WRONG WAY,2,4,1.0,0.0,0.0,1.0,0.0,1.0,19,7,9,09/14/2024,2024-09-14,19:30:00
09/12/2024 04:16:00 PM,7.0,3,2,5,5,3,3,1,2,1,4,DRIVING SKILLS/KNOWLEDGE/EXPERIENCE,2,2,0.0,0.0,0.0,0.0,0.0,4.0,16,5,9,09/12/2024,2024-09-12,16:16:00
09/13/2024 02:54:00 PM,5.0,3,2,4,3,3,3,3,2,1,4,FOLLOWING TOO CLOSELY,2,2,0.0,0.0,0.0,0.0,0.0,2.0,14,6,9,09/13/2024,2024-09-13,14:54:00
09/14/2024 06:30:00 PM,5.0,3,2,13,5,3,1,1,3,1,2,UNABLE TO DETERMINE,2,3,1.0,0.0,0.0,0.0,1.0,1.0,18,7,9,09/14/2024,2024-09-14,18:30:00
09/12/2024 03:15:00 PM,3.0,3,2,6,5,3,3,3,2,0,4,NOT APPLICABLE,2,2,0.0,0.0,0.0,0.0,0.0,2.0,15,5,9,09/12/2024,2024-09-12,15:15:00
09/13/2024 05:28:00 PM,3.0,3,2,2,6,3,3,3,2,1,3,FAILING TO YIELD RIGHT-OF-WAY,2,2,0.0,0.0,0.0,0.0,0.0,2.0,17,6,9,09/13/2024,2024-09-13,17:28:00
09/14/2024 04:30:00 PM,5.0,3,2,4,5,3,3,3,2,1,4,FAILING TO REDUCE SPEED TO AVOID CRASH,2,2,0.0,0.0,0.0,0.0,0.0,2.0,16,7,9,09/14/2024,2024-09-14,16:30:00
09/13/2024 09:57:00 PM,5.0,3,5,6,7,3,3,3,3,1,4,DISREGARDING TRAFFIC SIGNALS,2,4,2.0,0.0,0.0,1.0,1.0,3.0,21,6,9,09/13/2024,2024-09-13,21:57:00
09/14/2024 08:00:00 AM,7.0,3,2,8,6,3,3,3,2,1,4,IMPROPER BACKING,2,2,0.0,0.0,0.0,0.0,0.0,2.0,8,7,9,09/14/2024,2024-09-14,08:00:00
09/05/2024 08:30:00 AM,5.0,3,2,3,5,3,3,3,2,1,4,UNABLE TO DETERMINE,2,2,0.0,0.0,0.0,0.0,0.0,2.0,8,5,9,09/05/2024,2024-09-05,08:30:00
09/14/2024 10:53:00 PM,5.0,3,5,5,5,3,3,3,2,1,4,NOT APPLICABLE,2,2,0.0,0.0,0.0,0.0,0.0,3.0,22,7,9,09/14/2024,2024-09-14,22:53:00
09/12/2024 11:30:00 AM,7.0,3,2,11,5,3,3,3,2,1,3,UNABLE TO DETERMINE,2,2,0.0,0.0,0.0,0.0,0.0,1.0,11,5,9,09/12/2024,2024-09-12,11:30:00
09/14/2024 09:15:00 PM,5.0,3,2,5,2,3,1,1,2,1,4,UNABLE TO DETERMINE,2,2,0.0,0.0,0.0,0.0,0.0,6.0,21,7,9,09/14/2024,2024-09-14,21:15:00
09/14/2024 06:50:00 PM,5.0,3,5,5,5,3,3,7,2,1,4,DISREGARDING TRAFFIC SIGNALS,2,2,0.0,0.0,0.0,0.0,0.0,3.0,18,7,9,09/14/2024,2024-09-14,18:50:00
09/14/2024 06:38:00 AM,5.0,3,2,5,5,3,3,3,2,1,2,DISREGARDING TRAFFIC SIGNALS,2,2,0.0,0.0,0.0,0.0,0.0,3.0,6,7,9,09/14/2024,2024-09-14,06:38:00
09/14/2024 02:20:00 PM,3.0,3,2,6,6,3,3,3,2,0,3,UNABLE TO DETERMINE,2,2,0.0,0.0,0.0,0.0,0.0,4.0,14,7,9,09/14/2024,2024-09-14,14:20:00
09/13/2024 04:50:00 AM,5.0,3,5,6,12,3,3,3,3,1,4,FOLLOWING TOO CLOSELY,2,5,2.0,0.0,2.0,0.0,0.0,2.0,4,6,9,09/13/2024,2024-09-13,04:50:00
09/13/2024 05:30:00 PM,7.0,3,2,5,3,3,3,3,3,1,4,FAILING TO YIELD RIGHT-OF-WAY,2,2,0.0,0.0,0.0,0.0,0.0,2.0,17,6,9,09/13/2024,2024-09-13,17:30:00
09/13/2024 08:56:00 PM,7.0,3,5,11,6,3,3,1,3,0,4,UNABLE TO DETERMINE,2,2,0.0,0.0,0.0,0.0,0.0,1.0,20,6,9,09/13/2024,2024-09-13,20:56:00
09/14/2024 09:57:00 AM,7.0,3,2,4,9,3,3,3,2,1,4,FOLLOWING TOO CLOSELY,2,2,0.0,0.0,0.0,0.0,0.0,2.0,9,7,9,09/14/2024,2024-09-14,09:57:00
09/14/2024 02:27:00 PM,5.0,3,2,6,4,3,3,1,3,1,2,FAILING TO YIELD RIGHT-OF-WAY,2,4,1.0,0.0,0.0,1.0,0.0,3.0,14,7,9,09/14/2024,2024-09-14,14:27:00
09/14/2024 01:10:00 PM,7.0,3,2,5,5,3,3,3,3,1,4,FAILING TO YIELD RIGHT-OF-WAY,2,4,1.0,0.0,0.0,1.0,0.0,1.0,13,7,9,09/14/2024,2024-09-14,13:10:00
09/12/2024 12:15:00 PM,5.0,3,2,6,5,3,3,3,2,1,4,DRIVING SKILLS/KNOWLEDGE/EXPERIENCE,2,2,0.0,0.0,0.0,0.0,0.0,3.0,12,5,9,09/12/2024,2024-09-12,12:15:00
09/04/2024 08:42:00 PM,5.0,3,4,6,4,3,1,1,2,1,4,UNABLE TO DETERMINE,2,2,0.0,0.0,0.0,0.0,0.0,3.0,20,4,9,09/04/2024,2024-09-04,20:42:00
08/31/2024 03:40:00 PM,7.0,3,2,6,5,3,3,3,3,1,4,FAILING TO YIELD RIGHT-OF-WAY,2,4,1.0,0.0,0.0,1.0,0.0,1.0,15,7,8,08/31/2024,2024-08-31,15:40:00
08/31/2024 06:30:00 PM,5.0,3,2,5,5,3,3,3,3,1,4,FAILING TO YIELD RIGHT-OF-WAY,2,2,0.0,0.0,0.0,0.0,0.0,2.0,18,7,8,08/31/2024,2024-08-31,18:30:00
08/31/2024 12:40:00 PM,7.0,3,2,9,5,3,3,3,2,1,4,FAILING TO YIELD RIGHT-OF-WAY,2,2,0.0,0.0,0.0,0.0,0.0,3.0,12,7,8,08/31/2024,2024-08-31,12:40:00
08/31/2024 09:50:00 PM,1.0,3,4,4,6,3,3,1,2,1,3,UNABLE TO DETERMINE,2,2,0.0,0.0,0.0,0.0,0.0,3.0,21,7,8,08/31/2024,2024-08-31,21:50:00
08/31/2024 09:10:00 PM,5.0,3,2,13,4,3,1,1,3,1,3,UNABLE TO DETERMINE,2,3,1.0,0.0,0.0,0.0,1.0,1.0,21,7,8,08/31/2024,2024-08-31,21:10:00
08/31/2024 01:30:00 PM,7.0,3,2,5,5,3,3,7,2,1,4,DISREGARDING STOP SIGN,2,2,0.0,0.0,0.0,0.0,0.0,2.0,13,7,8,08/31/2024,2024-08-31,13:30:00
08/31/2024 01:55:00 AM,5.0,3,5,6,6,3,3,3,2,1,4,UNABLE TO DETERMINE,2,2,0.0,0.0,0.0,0.0,0.0,3.0,1,7,8,08/31/2024,2024-08-31,01:55:00
08/31/2024 02:35:00 PM,5.0,3,2,6,5,3,3,3,2,1,4,UNABLE TO DETERMINE,2,2,0.0,0.0,0.0,0.0,0.0,3.0,14,7,8,08/31/2024,2024-08-31,14:35:00
08/31/2024 06:23:00 PM,5.0,3,3,14,5,3,3,3,3,1,2,DRIVING SKILLS/KNOWLEDGE/EXPERIENCE,2,4,1.0,0.0,0.0,1.0,0.0,2.0,18,7,8,08/31/2024,2024-08-31,18:23:00
08/31/2024 05:14:00 PM,5.0,3,2,5,5,3,3,1,2,1,4,DISTRACTION - FROM INSIDE VEHICLE,2,2,0.0,0.0,0.0,0.0,0.0,3.0,17,7,8,08/31/2024,2024-08-31,17:14:00
08/31/2024 02:03:00 PM,3.0,3,2,5,5,3,3,3,3,1,4,FAILING TO YIELD RIGHT-OF-WAY,2,3,1.0,0.0,0.0,0.0,1.0,2.0,14,7,8,08/31/2024,2024-08-31,14:03:00
08/31/2024 11:30:00 AM,7.0,3,2,5,5,3,3,3,3,1,4,FAILING TO REDUCE SPEED TO AVOID CRASH,2,2,0.0,0.0,0.0,0.0,0.0,4.0,11,7,8,08/31/2024,2024-08-31,11:30:00
08/31/2024 05:50:00 AM,7.0,3,5,6,6,3,3,3,2,1,3,IMPROPER TURNING/NO SIGNAL,2,2,0.0,0.0,0.0,0.0,0.0,2.0,5,7,8,08/31/2024,2024-08-31,05:50:00
08/31/2024 09:10:00 PM,5.0,3,5,4,1,3,3,3,2,1,4,UNABLE TO DETERMINE,2,2,0.0,0.0,0.0,0.0,0.0,3.0,21,7,8,08/31/2024,2024-08-31,21:10:00
08/31/2024 09:55:00 AM,5.0,3,2,4,6,3,3,3,2,1,4,FOLLOWING TOO CLOSELY,2,2,0.0,0.0,0.0,0.0,0.0,2.0,9,7,8,08/31/2024,2024-08-31,09:55:00
08/31/2024 04:30:00 PM,5.0,3,2,6,5,3,3,3,2,1,4,IMPROPER TURNING/NO SIGNAL,2,2,0.0,0.0,0.0,0.0,0.0,2.0,16,7,8,08/31/2024,2024-08-31,16:30:00
08/31/2024 01:40:00 PM,7.0,3,2,4,1,3,3,3,2,1,3,UNABLE TO DETERMINE,2,2,0.0,0.0,0.0,0.0,0.0,2.0,13,7,8,08/31/2024,2024-08-31,13:40:00
08/31/2024 02:55:00 PM,7.0,3,2,5,5,3,3,3,2,1,2,UNABLE TO DETERMINE,2,2,0.0,0.0,0.0,0.0,0.0,2.0,14,7,8,08/31/2024,2024-08-31,14:55:00
08/31/2024 03:30:00 PM,3.0,3,2,4,6,3,3,3,2,0,4,FOLLOWING TOO CLOSELY,2,2,0.0,0.0,0.0,0.0,0.0,2.0,15,7,8,08/31/2024,2024-08-31,15:30:00
08/31/2024 02:35:00 PM,7.0,3,2,3,4,3,3,3,3,1,4,IMPROPER TURNING/NO SIGNAL,2,2,0.0,0.0,0.0,0.0,0.0,2.0,14,7,8,08/31/2024,2024-08-31,14:35:00
08/31/2024 11:45:00 AM,5.0,3,2,5,6,3,3,3,3,1,4,FAILING TO YIELD RIGHT-OF-WAY,2,2,0.0,0.0,0.0,0.0,0.0,3.0,11,7,8,08/31/2024,2024-08-31,11:45:00
08/31/2024 08:47:00 PM,5.0,3,5,4,6,3,3,3,3,1,4,UNABLE TO DETERMINE,2,5,2.0,0.0,1.0,0.0,1.0,0.0,20,7,8,08/31/2024,2024-08-31,20:47:00
08/31/2024 11:45:00 AM,5.0,3,2,13,5,3,3,3,3,1,2,FAILING TO YIELD RIGHT-OF-WAY,2,4,1.0,0.0,0.0,1.0,0.0,1.0,11,7,8,08/31/2024,2024-08-31,11:45:00
08/31/2024 07:17:00 AM,5.0,3,2,7,5,3,3,3,3,1,4,DISREGARDING TRAFFIC SIGNALS,2,4,2.0,0.0,0.0,2.0,0.0,1.0,7,7,8,08/31/2024,2024-08-31,07:17:00
08/31/2024 06:16:00 PM,5.0,3,2,8,5,3,3,3,2,1,4,UNABLE TO DETERMINE,2,2,0.0,0.0,0.0,0.0,0.0,2.0,18,7,8,08/31/2024,2024-08-31,18:16:00
08/31/2024 03:00:00 PM,5.0,3,2,6,9,3,1,1,2,1,4,UNABLE TO DETERMINE,2,2,0.0,0.0,0.0,0.0,0.0,3.0,15,7,8,08/31/2024,2024-08-31,15:00:00
08/31/2024 12:00:00 PM,7.0,3,2,5,5,3,3,1,2,1,4,UNABLE TO DETERMINE,2,2,0.0,0.0,0.0,0.0,0.0,2.0,12,7,8,08/31/2024,2024-08-31,12:00:00
08/31/2024 06:50:00 AM,5.0,3,2,4,4,3,3,3,3,1,4,UNABLE TO DETERMINE,2,3,1.0,0.0,0.0,0.0,1.0,1.0,6,7,8,08/31/2024,2024-08-31,06:50:00
08/31/2024 02:47:00 PM,5.0,3,2,14,7,3,3,3,3,1,4,FAILING TO YIELD RIGHT-OF-WAY,2,4,1.0,0.0,0.0,1.0,0.0,1.0,14,7,8,08/31/2024,2024-08-31,14:47:00
08/31/2024 09:00:00 PM,3.0,3,5,5,16,3,1,1,2,1,3,UNABLE TO DETERMINE,2,2,0.0,0.0,0.0,0.0,0.0,2.0,21,7,8,08/31/2024,2024-08-31,21:00:00
08/31/2024 06:02:00 PM,3.0,3,2,3,10,3,3,3,2,1,3,UNABLE TO DETERMINE,2,2,0.0,0.0,0.0,0.0,0.0,3.0,18,7,8,08/31/2024,2024-08-31,18:02:00
08/31/2024 10:13:00 PM,7.0,3,5,5,6,3,3,1,3,1,4,DISREGARDING STOP SIGN,2,2,0.0,0.0,0.0,0.0,0.0,3.0,22,7,8,08/31/2024,2024-08-31,22:13:00
09/14/2024 09:59:00 PM,7.0,3,5,14,6,3,3,3,3,1,2,FAILING TO YIELD RIGHT-OF-WAY,2,4,1.0,0.0,0.0,1.0,0.0,1.0,21,7,9,09/14/2024,2024-09-14,21:59:00
09/12/2024 05:48:00 PM,5.0,3,2,6,6,3,3,1,3,1,3,FAILING TO REDUCE SPEED TO AVOID CRASH,2,3,1.0,0.0,0.0,0.0,1.0,1.0,17,5,9,09/12/2024,2024-09-12,17:48:00
09/14/2024 07:00:00 PM,5.0,3,5,3,5,3,3,3,2,1,4,IMPROPER TURNING/NO SIGNAL,2,2,0.0,0.0,0.0,0.0,0.0,2.0,19,7,9,09/14/2024,2024-09-14,19:00:00
09/14/2024 08:11:00 PM,5.0,3,5,6,5,3,3,3,3,1,4,DISREGARDING TRAFFIC SIGNALS,2,2,0.0,0.0,0.0,0.0,0.0,2.0,20,7,9,09/14/2024,2024-09-14,20:11:00
09/15/2024 09:00:00 AM,5.0,3,2,6,5,3,3,1,2,1,4,IMPROPER TURNING/NO SIGNAL,2,2,0.0,0.0,0.0,0.0,0.0,2.0,9,1,9,09/15/2024,2024-09-15,09:00:00
09/15/2024 01:27:00 PM,1.0,3,2,3,6,3,3,3,2,1,2,NOT APPLICABLE,2,2,0.0,0.0,0.0,0.0,0.0,2.0,13,1,9,09/15/2024,2024-09-15,13:27:00
09/15/2024 01:50:00 AM,5.0,3,5,5,5,3,3,3,2,1,4,DISREGARDING TRAFFIC SIGNALS,2,2,0.0,0.0,0.0,0.0,0.0,4.0,1,1,9,09/15/2024,2024-09-15,01:50:00
09/12/2024 06:52:00 AM,7.0,3,2,2,5,3,3,3,2,1,4,FAILING TO YIELD RIGHT-OF-WAY,2,2,0.0,0.0,0.0,0.0,0.0,2.0,6,5,9,09/12/2024,2024-09-12,06:52:00
09/14/2024 10:00:00 AM,7.0,3,2,5,4,3,3,3,2,1,4,FAILING TO YIELD RIGHT-OF-WAY,2,2,0.0,0.0,0.0,0.0,0.0,2.0,10,7,9,09/14/2024,2024-09-14,10:00:00
09/12/2024 07:09:00 PM,5.0,3,4,5,5,3,3,3,2,1,2,DISREGARDING TRAFFIC SIGNALS,2,2,0.0,0.0,0.0,0.0,0.0,3.0,19,5,9,09/12/2024,2024-09-12,19:09:00
09/15/2024 11:30:00 AM,3.0,3,2,4,6,3,3,3,3,1,4,UNABLE TO DETERMINE,2,4,1.0,0.0,0.0,1.0,0.0,1.0,11,1,9,09/15/2024,2024-09-15,11:30:00
09/15/2024 04:30:00 PM,5.0,3,2,14,6,4,3,3,2,1,3,UNABLE TO DETERMINE,2,2,0.0,0.0,0.0,0.0,0.0,3.0,16,1,9,09/15/2024,2024-09-15,16:30:00
09/15/2024 02:07:00 PM,5.0,3,2,3,4,3,3,3,2,1,4,IMPROPER OVERTAKING/PASSING,2,2,0.0,0.0,0.0,0.0,0.0,2.0,14,1,9,09/15/2024,2024-09-15,14:07:00
09/15/2024 09:55:00 AM,5.0,3,2,4,6,3,3,3,3,1,4,FOLLOWING TOO CLOSELY,2,3,1.0,0.0,0.0,0.0,1.0,5.0,9,1,9,09/15/2024,2024-09-15,09:55:00
09/14/2024 06:30:00 PM,5.0,3,2,4,6,3,3,3,2,1,3,UNABLE TO DETERMINE,2,2,0.0,0.0,0.0,0.0,0.0,2.0,18,7,9,09/14/2024,2024-09-14,18:30:00
09/11/2024 09:23:00 AM,7.0,4,2,5,5,3,3,3,3,1,4,UNABLE TO DETERMINE,2,4,1.0,0.0,0.0,1.0,0.0,1.0,9,4,9,09/11/2024,2024-09-11,09:23:00
09/14/2024 05:08:00 PM,5.0,3,2,6,10,3,3,3,2,1,2,FOLLOWING TOO CLOSELY,2,2,0.0,0.0,0.0,0.0,0.0,2.0,17,7,9,09/14/2024,2024-09-14,17:08:00
09/15/2024 12:30:00 AM,5.0,3,5,6,10,3,3,1,2,0,3,UNABLE TO DETERMINE,2,2,0.0,0.0,0.0,0.0,0.0,2.0,0,1,9,09/15/2024,2024-09-15,00:30:00
09/15/2024 02:35:00 PM,5.0,3,2,6,5,3,3,3,3,1,4,FAILING TO YIELD RIGHT-OF-WAY,2,4,1.0,0.0,0.0,1.0,0.0,1.0,14,1,9,09/15/2024,2024-09-15,14:35:00
09/15/2024 05:45:00 PM,5.0,3,2,5,6,3,3,3,3,1,4,IMPROPER LANE USAGE,2,4,1.0,0.0,0.0,1.0,0.0,1.0,17,1,9,09/15/2024,2024-09-15,17:45:00
09/15/2024 02:24:00 PM,7.0,3,2,6,4,3,3,1,3,1,4,FAILING TO YIELD RIGHT-OF-WAY,2,4,1.0,0.0,0.0,1.0,0.0,1.0,14,1,9,09/15/2024,2024-09-15,14:24:00
09/15/2024 09:30:00 AM,5.0,3,2,6,6,3,3,1,2,1,3,UNABLE TO DETERMINE,2,2,0.0,0.0,0.0,0.0,0.0,2.0,9,1,9,09/15/2024,2024-09-15,09:30:00
09/15/2024 03:21:00 PM,7.0,3,2,5,4,3,3,3,2,1,3,FAILING TO YIELD RIGHT-OF-WAY,2,2,0.0,0.0,0.0,0.0,0.0,2.0,15,1,9,09/15/2024,2024-09-15,15:21:00
09/15/2024 02:26:00 AM,7.0,3,6,6,5,3,3,3,3,1,4,DISREGARDING STOP SIGN,2,3,2.0,0.0,0.0,0.0,2.0,1.0,2,1,9,09/15/2024,2024-09-15,02:26:00
07/13/2024 08:30:00 PM,7.0,3,4,5,5,3,3,1,3,1,4,NOT APPLICABLE,2,3,1.0,0.0,0.0,0.0,1.0,1.0,20,7,7,07/13/2024,2024-07-13,20:30:00
09/01/2024 01:00:00 PM,5.0,3,2,4,6,3,3,3,2,1,4,NOT APPLICABLE,2,2,0.0,0.0,0.0,0.0,0.0,2.0,13,1,9,09/01/2024,2024-09-01,13:00:00
09/01/2024 11:16:00 AM,7.0,3,2,6,6,3,3,3,2,1,4,FAILING TO REDUCE SPEED TO AVOID CRASH,2,2,0.0,0.0,0.0,0.0,0.0,6.0,11,1,9,09/01/2024,2024-09-01,11:16:00
09/01/2024 06:39:00 PM,5.0,3,2,3,5,3,3,3,2,1,3,UNABLE TO DETERMINE,2,2,0.0,0.0,0.0,0.0,0.0,5.0,18,1,9,09/01/2024,2024-09-01,18:39:00
09/01/2024 04:27:00 AM,1.0,3,4,12,4,3,3,1,3,1,4,UNABLE TO DETERMINE,2,2,0.0,0.0,0.0,0.0,0.0,1.0,4,1,9,09/01/2024,2024-09-01,04:27:00
09/01/2024 12:20:00 AM,3.0,3,5,6,10,3,3,3,2,1,3,DRIVING ON WRONG SIDE/WRONG WAY,2,2,0.0,0.0,0.0,0.0,0.0,2.0,0,1,9,09/01/2024,2024-09-01,00:20:00
09/01/2024 06:30:00 PM,5.0,3,2,4,5,3,3,3,2,1,4,FOLLOWING TOO CLOSELY,2,2,0.0,0.0,0.0,0.0,0.0,3.0,18,1,9,09/01/2024,2024-09-01,18:30:00
09/01/2024 08:20:00 AM,5.0,3,2,4,7,3,1,1,2,1,4,UNABLE TO DETERMINE,2,2,0.0,0.0,0.0,0.0,0.0,2.0,8,1,9,09/01/2024,2024-09-01,08:20:00
09/01/2024 03:41:00 PM,7.0,3,2,7,6,3,3,3,3,1,4,FAILING TO YIELD RIGHT-OF-WAY,2,3,1.0,0.0,0.0,0.0,1.0,1.0,15,1,9,09/01/2024,2024-09-01,15:41:00
09/01/2024 03:26:00 AM,5.0,3,5,10,4,3,3,3,3,1,4,UNABLE TO DETERMINE,2,2,0.0,0.0,0.0,0.0,0.0,3.0,3,1,9,09/01/2024,2024-09-01,03:26:00
09/01/2024 06:30:00 AM,7.0,3,2,5,5,3,3,3,3,1,4,DISREGARDING STOP SIGN,2,4,2.0,0.0,0.0,1.0,1.0,3.0,6,1,9,09/01/2024,2024-09-01,06:30:00
09/01/2024 07:45:00 PM,7.0,3,5,5,6,3,3,3,2,1,4,NOT APPLICABLE,2,2,0.0,0.0,0.0,0.0,0.0,2.0,19,1,9,09/01/2024,2024-09-01,19:45:00