crash_date,traffic_control_device,weather_condition,lighting_condition,first_crash_type,trafficway_type,alignment,roadway_surface_cond,road_defect,crash_type,intersection_related_i,damage,prim_contributory_cause,num_units,most_severe_injury,injuries_total,injuries_fatal,injuries_incapacitating,injuries_non_incapacitating,injuries_reported_not_evident,injuries_no_indication,crash_hour,crash_day_of_week,crash_month,parsed_datetime,date,time
09/04/2024 02:00:00 PM,5.0,3,2,6,7,3,3,3,2,1,4,IMPROPER OVERTAKING/PASSING,2,2,0.0,0.0,0.0,0.0,0.0,2.0,14,4,9,09/04/2024,2024-09-04,14:00:00
09/04/2024 02:28:00 PM,5.0,3,2,6,5,3,3,3,3,1,4,IMPROPER TURNING/NO SIGNAL,2,2,0.0,0.0,0.0,0.0,0.0,2.0,14,4,9,09/04/2024,2024-09-04,14:28:00
09/04/2024 06:25:00 PM,3.0,3,2,3,6,3,3,3,2,0,4,IMPROPER OVERTAKING/PASSING,2,2,0.0,0.0,0.0,0.0,0.0,2.0,18,4,9,09/04/2024,2024-09-04,18:25:00
09/04/2024 10:54:00 PM,3.0,3,5,6,1,3,3,1,2,1,4,FAILING TO YIELD RIGHT-OF-WAY,2,2,0.0,0.0,0.0,0.0,0.0,2.0,22,4,9,09/04/2024,2024-09-04,22:54:00
09/04/2024 06:15:00 PM,5.0,3,2,3,5,3,3,3,2,1,3,UNABLE TO DETERMINE,2,2,0.0,0.0,0.0,0.0,0.0,2.0,18,4,9,09/04/2024,2024-09-04,18:15:00
09/04/2024 08:11:00 PM,3.0,3,5,14,4,3,3,3,3,1,2,"VISION OBSCURED (SIGNS, TREE LIMBS, BUILDINGS, ETC.)",2,4,1.0,0.0,0.0,1.0,0.0,1.0,20,4,9,09/04/2024,2024-09-04,20:11:00
09/04/2024 04:55:00 PM,7.0,3,2,5,6,3,3,3,2,1,4,UNABLE TO DETERMINE,2,2,0.0,0.0,0.0,0.0,0.0,2.0,16,4,9,09/04/2024,2024-09-04,16:55:00
09/04/2024 01:05:00 PM,5.0,3,2,4,4,3,3,1,2,1,4,UNABLE TO DETERMINE,2,2,0.0,0.0,0.0,0.0,0.0,2.0,13,4,9,09/04/2024,2024-09-04,13:05:00
09/18/2024 05:42:00 PM,7.0,3,2,5,5,3,3,3,3,1,4,FAILING TO YIELD RIGHT-OF-WAY,2,4,2.0,0.0,0.0,2.0,0.0,0.0,17,4,9,09/18/2024,2024-09-18,17:42:00
09/04/2024 11:36:00 AM,7.0,3,2,6,5,3,3,3,2,1,4,FAILING TO YIELD RIGHT-OF-WAY,2,2,0.0,0.0,0.0,0.0,0.0,3.0,11,4,9,09/04/2024,2024-09-04,11:36:00
09/04/2024 04:30:00 AM,5.0,3,5,5,5,3,3,3,2,1,3,FAILING TO YIELD RIGHT-OF-WAY,2,2,0.0,0.0,0.0,0.0,0.0,3.0,4,4,9,09/04/2024,2024-09-04,04:30:00
09/04/2024 05:05:00 PM,5.0,3,2,5,5,3,3,3,3,1,4,UNABLE TO DETERMINE,2,4,2.0,0.0,0.0,2.0,0.0,1.0,17,4,9,09/04/2024,2024-09-04,17:05:00
09/04/2024 07:59:00 AM,5.0,3,2,6,5,3,3,3,3,1,4,IMPROPER TURNING/NO SIGNAL,2,2,0.0,0.0,0.0,0.0,0.0,2.0,7,4,9,09/04/2024,2024-09-04,07:59:00
09/04/2024 08:43:00 AM,5.0,3,2,6,4,3,3,3,3,1,4,"VISION OBSCURED (SIGNS, TREE LIMBS, BUILDINGS, ETC.)",2,2,0.0,0.0,0.0,0.0,0.0,2.0,8,4,9,09/04/2024,2024-09-04,08:43:00
09/04/2024 03:50:00 PM,5.0,3,2,6,5,3,3,3,3,1,4,DRIVING SKILLS/KNOWLEDGE/EXPERIENCE,2,3,1.0,0.0,0.0,0.0,1.0,1.0,15,4,9,09/04/2024,2024-09-04,15:50:00
09/04/2024 05:18:00 PM,7.0,3,2,5,4,3,3,3,3,1,4,FAILING TO YIELD RIGHT-OF-WAY,2,2,0.0,0.0,0.0,0.0,0.0,2.0,17,4,9,09/04/2024,2024-09-04,17:18:00
09/04/2024 10:20:00 AM,5.0,3,2,6,4,3,3,1,2,1,3,IMPROPER LANE USAGE,2,2,0.0,0.0,0.0,0.0,0.0,2.0,10,4,9,09/04/2024,2024-09-04,10:20:00
09/04/2024 05:40:00 PM,5.0,3,2,4,3,3,3,3,2,1,4,NOT APPLICABLE,2,2,0.0,0.0,0.0,0.0,0.0,2.0,17,4,9,09/04/2024,2024-09-04,17:40:00
09/04/2024 04:00:00 PM,5.0,3,2,6,6,3,3,3,3,1,4,IMPROPER TURNING/NO SIGNAL,2,3,1.0,0.0,0.0,0.0,1.0,4.0,16,4,9,09/04/2024,2024-09-04,16:00:00
09/04/2024 09:00:00 AM,7.0,3,2,6,5,3,3,3,2,1,3,FAILING TO YIELD RIGHT-OF-WAY,2,2,0.0,0.0,0.0,0.0,0.0,2.0,9,4,9,09/04/2024,2024-09-04,09:00:00
09/04/2024 04:27:00 AM,1.0,3,2,4,4,3,1,1,2,1,4,UNABLE TO DETERMINE,2,2,0.0,0.0,0.0,0.0,0.0,5.0,4,4,9,09/04/2024,2024-09-04,04:27:00
09/04/2024 09:54:00 PM,5.0,3,5,13,6,3,1,3,3,1,4,NOT APPLICABLE,2,4,1.0,0.0,0.0,1.0,0.0,2.0,21,4,9,09/04/2024,2024-09-04,21:54:00
09/04/2024 12:15:00 PM,5.0,3,2,4,6,3,3,3,2,1,4,FOLLOWING TOO CLOSELY,2,2,0.0,0.0,0.0,0.0,0.0,2.0,12,4,9,09/04/2024,2024-09-04,12:15:00
09/04/2024 01:05:00 PM,1.0,3,2,4,6,3,1,1,2,1,4,UNABLE TO DETERMINE,2,2,0.0,0.0,0.0,0.0,0.0,2.0,13,4,9,09/04/2024,2024-09-04,13:05:00
09/04/2024 09:50:00 PM,3.0,3,5,7,10,3,3,3,2,1,4,FAILING TO YIELD RIGHT-OF-WAY,2,2,0.0,0.0,0.0,0.0,0.0,2.0,21,4,9,09/04/2024,2024-09-04,21:50:00
09/04/2024 11:50:00 AM,3.0,3,2,3,4,3,3,3,3,0,4,IMPROPER LANE USAGE,2,3,1.0,0.0,0.0,0.0,1.0,2.0,11,4,9,09/04/2024,2024-09-04,11:50:00
09/04/2024 07:30:00 PM,5.0,3,4,13,5,3,3,3,3,1,2,UNABLE TO DETERMINE,2,4,1.0,0.0,0.0,1.0,0.0,1.0,19,4,9,09/04/2024,2024-09-04,19:30:00
09/04/2024 12:40:00 PM,5.0,3,2,6,12,3,3,3,2,1,4,IMPROPER TURNING/NO SIGNAL,2,2,0.0,0.0,0.0,0.0,0.0,3.0,12,4,9,09/04/2024,2024-09-04,12:40:00
09/04/2024 04:59:00 PM,7.0,3,2,5,4,3,3,3,2,1,4,"VISION OBSCURED (SIGNS, TREE LIMBS, BUILDINGS, ETC.)",2,2,0.0,0.0,0.0,0.0,0.0,2.0,16,4,9,09/04/2024,2024-09-04,16:59:00
09/04/2024 01:00:00 PM,5.0,3,2,5,4,3,3,3,3,1,4,DISREGARDING TRAFFIC SIGNALS,2,3,1.0,0.0,0.0,0.0,1.0,2.0,13,4,9,09/04/2024,2024-09-04,13:00:00
09/04/2024 07:40:00 AM,5.0,3,2,6,5,3,3,3,3,1,4,FAILING TO YIELD RIGHT-OF-WAY,2,4,1.0,0.0,0.0,1.0,0.0,4.0,7,4,9,09/04/2024,2024-09-04,07:40:00
09/04/2024 10:50:00 PM,5.0,3,5,6,6,3,3,3,2,1,4,IMPROPER TURNING/NO SIGNAL,2,2,0.0,0.0,0.0,0.0,0.0,2.0,22,4,9,09/04/2024,2024-09-04,22:50:00
09/04/2024 04:12:00 PM,7.0,3,2,5,5,3,3,3,3,1,4,FAILING TO YIELD RIGHT-OF-WAY,2,3,1.0,0.0,0.0,0.0,1.0,5.0,16,4,9,09/04/2024,2024-09-04,16:12:00
09/04/2024 04:41:00 PM,7.0,3,2,5,5,3,3,3,3,1,4,UNABLE TO DETERMINE,2,2,0.0,0.0,0.0,0.0,0.0,5.0,16,4,9,09/04/2024,2024-09-04,16:41:00
09/04/2024 06:25:00 AM,5.0,3,2,14,6,3,3,3,3,1,2,FAILING TO YIELD RIGHT-OF-WAY,2,3,1.0,0.0,0.0,0.0,1.0,1.0,6,4,9,09/04/2024,2024-09-04,06:25:00
09/04/2024 09:05:00 AM,5.0,3,2,5,12,3,3,3,3,1,4,DISREGARDING TRAFFIC SIGNALS,2,4,2.0,0.0,0.0,1.0,1.0,0.0,9,4,9,09/04/2024,2024-09-04,09:05:00
09/04/2024 07:31:00 AM,7.0,3,2,5,5,3,3,3,3,1,4,FAILING TO YIELD RIGHT-OF-WAY,2,4,1.0,0.0,0.0,1.0,0.0,1.0,7,4,9,09/04/2024,2024-09-04,07:31:00
09/04/2024 07:45:00 AM,5.0,3,2,3,5,3,3,1,2,1,4,DRIVING SKILLS/KNOWLEDGE/EXPERIENCE,2,2,0.0,0.0,0.0,0.0,0.0,2.0,7,4,9,09/04/2024,2024-09-04,07:45:00
09/04/2024 01:31:00 PM,5.0,3,2,4,6,3,3,3,2,1,3,FOLLOWING TOO CLOSELY,2,2,0.0,0.0,0.0,0.0,0.0,2.0,13,4,9,09/04/2024,2024-09-04,13:31:00
09/04/2024 10:10:00 AM,7.0,3,2,7,1,3,3,3,2,1,3,UNABLE TO DETERMINE,2,2,0.0,0.0,0.0,0.0,0.0,2.0,10,4,9,09/04/2024,2024-09-04,10:10:00
09/04/2024 07:28:00 PM,7.0,3,2,5,5,3,3,3,3,1,4,FAILING TO YIELD RIGHT-OF-WAY,2,4,2.0,0.0,0.0,2.0,0.0,2.0,19,4,9,09/04/2024,2024-09-04,19:28:00
09/04/2024 09:20:00 AM,5.0,3,2,3,5,3,3,3,2,1,3,RELATED TO BUS STOP,2,2,0.0,0.0,0.0,0.0,0.0,2.0,9,4,9,09/04/2024,2024-09-04,09:20:00
09/04/2024 09:50:00 AM,5.0,3,2,6,5,3,3,1,2,1,4,IMPROPER OVERTAKING/PASSING,2,2,0.0,0.0,0.0,0.0,0.0,2.0,9,4,9,09/04/2024,2024-09-04,09:50:00
09/04/2024 12:15:00 PM,5.0,3,2,6,6,3,3,3,2,1,3,IMPROPER TURNING/NO SIGNAL,2,2,0.0,0.0,0.0,0.0,0.0,2.0,12,4,9,09/04/2024,2024-09-04,12:15:00
09/04/2024 10:45:00 AM,5.0,3,2,8,6,3,3,3,2,1,3,IMPROPER BACKING,2,2,0.0,0.0,0.0,0.0,0.0,3.0,10,4,9,09/04/2024,2024-09-04,10:45:00
09/04/2024 05:25:00 PM,5.0,3,2,14,5,3,3,3,2,1,2,"VISION OBSCURED (SIGNS, TREE LIMBS, BUILDINGS, ETC.)",2,2,0.0,0.0,0.0,0.0,0.0,2.0,17,4,9,09/04/2024,2024-09-04,17:25:00
09/04/2024 06:15:00 PM,7.0,3,2,7,5,3,3,3,2,1,4,FAILING TO YIELD RIGHT-OF-WAY,2,2,0.0,0.0,0.0,0.0,0.0,2.0,18,4,9,09/04/2024,2024-09-04,18:15:00
09/20/2024 07:50:00 PM,1.0,3,6,4,6,3,3,1,2,1,4,UNABLE TO DETERMINE,2,2,0.0,0.0,0.0,0.0,0.0,2.0,19,6,9,09/20/2024,2024-09-20,19:50:00
09/07/2024 05:15:00 PM,5.0,3,2,6,5,3,3,3,3,1,4,FAILING TO YIELD RIGHT-OF-WAY,2,3,2.0,0.0,0.0,0.0,2.0,0.0,17,7,9,09/07/2024,2024-09-07,17:15:00
09/07/2024 02:44:00 PM,7.0,3,2,5,5,3,3,3,3,1,4,UNABLE TO DETERMINE,2,4,1.0,0.0,0.0,1.0,0.0,1.0,14,7,9,09/07/2024,2024-09-07,14:44:00
09/18/2024 11:25:00 AM,5.0,3,2,3,5,3,3,3,2,1,4,FAILING TO YIELD RIGHT-OF-WAY,2,2,0.0,0.0,0.0,0.0,0.0,2.0,11,4,9,09/18/2024,2024-09-18,11:25:00
09/19/2024 08:25:00 AM,5.0,3,2,13,6,3,3,3,3,1,2,FAILING TO YIELD RIGHT-OF-WAY,2,4,1.0,0.0,0.0,1.0,0.0,1.0,8,5,9,09/19/2024,2024-09-19,08:25:00
09/19/2024 09:37:00 AM,5.0,3,2,4,6,3,3,1,2,0,4,FAILING TO REDUCE SPEED TO AVOID CRASH,2,2,0.0,0.0,0.0,0.0,0.0,2.0,9,5,9,09/19/2024,2024-09-19,09:37:00
09/19/2024 08:30:00 AM,7.0,3,2,6,10,3,3,7,2,1,4,IMPROPER OVERTAKING/PASSING,2,2,0.0,0.0,0.0,0.0,0.0,2.0,8,5,9,09/19/2024,2024-09-19,08:30:00
09/19/2024 04:30:00 PM,7.0,3,2,5,6,3,3,3,2,1,4,DISREGARDING STOP SIGN,2,2,0.0,0.0,0.0,0.0,0.0,2.0,16,5,9,09/19/2024,2024-09-19,16:30:00
09/18/2024 05:30:00 PM,5.0,3,2,3,6,3,1,1,2,1,4,FAILING TO YIELD RIGHT-OF-WAY,2,2,0.0,0.0,0.0,0.0,0.0,2.0,17,4,9,09/18/2024,2024-09-18,17:30:00
09/19/2024 04:30:00 PM,5.0,3,2,4,5,3,3,7,3,1,4,UNABLE TO DETERMINE,2,3,1.0,0.0,0.0,0.0,1.0,2.0,16,5,9,09/19/2024,2024-09-19,16:30:00
09/12/2024 03:40:00 PM,5.0,3,2,6,5,3,3,3,2,1,4,FAILING TO YIELD RIGHT-OF-WAY,2,2,0.0,0.0,0.0,0.0,0.0,5.0,15,5,9,09/12/2024,2024-09-12,15:40:00
09/19/2024 06:49:00 AM,5.0,3,3,4,4,3,3,3,2,1,4,FOLLOWING TOO CLOSELY,2,2,0.0,0.0,0.0,0.0,0.0,2.0,6,5,9,09/19/2024,2024-09-19,06:49:00
09/12/2024 06:00:00 PM,7.0,3,2,6,7,3,3,3,2,1,4,UNABLE TO DETERMINE,2,2,0.0,0.0,0.0,0.0,0.0,2.0,18,5,9,09/12/2024,2024-09-12,18:00:00
09/11/2024 01:30:00 PM,5.0,3,2,4,10,3,3,3,2,1,3,FOLLOWING TOO CLOSELY,2,2,0.0,0.0,0.0,0.0,0.0,2.0,13,4,9,09/11/2024,2024-09-11,13:30:00
09/18/2024 07:45:00 PM,3.0,3,4,4,7,3,3,1,2,1,3,CELL PHONE USE OTHER THAN TEXTING,2,2,0.0,0.0,0.0,0.0,0.0,3.0,19,4,9,09/18/2024,2024-09-18,19:45:00
09/14/2024 12:47:00 AM,5.0,3,5,5,3,3,3,3,3,1,4,DISREGARDING TRAFFIC SIGNALS,2,4,1.0,0.0,0.0,1.0,0.0,1.0,0,7,9,09/14/2024,2024-09-14,00:47:00
09/19/2024 02:42:00 PM,5.0,3,2,6,5,3,3,3,3,1,4,UNABLE TO DETERMINE,2,2,0.0,0.0,0.0,0.0,0.0,3.0,14,5,9,09/19/2024,2024-09-19,14:42:00
09/19/2024 05:00:00 PM,5.0,3,2,14,5,3,3,3,3,1,2,FAILING TO REDUCE SPEED TO AVOID CRASH,2,4,1.0,0.0,0.0,1.0,0.0,1.0,17,5,9,09/19/2024,2024-09-19,17:00:00
09/19/2024 05:30:00 PM,5.0,3,2,6,5,3,3,3,3,1,4,FAILING TO REDUCE SPEED TO AVOID CRASH,2,2,0.0,0.0,0.0,0.0,0.0,2.0,17,5,9,09/19/2024,2024-09-19,17:30:00
09/19/2024 06:15:00 PM,5.0,3,4,6,6,3,3,3,2,1,4,FOLLOWING TOO CLOSELY,2,2,0.0,0.0,0.0,0.0,0.0,2.0,18,5,9,09/19/2024,2024-09-19,18:15:00
09/18/2024 05:15:00 PM,3.0,3,2,5,6,3,3,3,2,1,4,UNABLE TO DETERMINE,2,2,0.0,0.0,0.0,0.0,0.0,2.0,17,4,9,09/18/2024,2024-09-18,17:15:00
09/18/2024 05:50:00 PM,5.0,3,2,3,6,3,1,1,2,1,4,IMPROPER LANE USAGE,2,2,0.0,0.0,0.0,0.0,0.0,2.0,17,4,9,09/18/2024,2024-09-18,17:50:00
09/18/2024 05:32:00 PM,3.0,3,2,6,5,3,3,3,2,1,4,IMPROPER TURNING/NO SIGNAL,2,2,0.0,0.0,0.0,0.0,0.0,2.0,17,4,9,09/18/2024,2024-09-18,17:32:00
07/10/2024 07:30:00 PM,7.0,3,2,5,5,3,1,1,3,1,4,UNABLE TO DETERMINE,2,2,0.0,0.0,0.0,0.0,0.0,3.0,19,4,7,07/10/2024,2024-07-10,19:30:00
09/18/2024 05:30:00 PM,5.0,3,2,4,5,3,3,3,3,1,4,FOLLOWING TOO CLOSELY,2,3,1.0,0.0,0.0,0.0,1.0,1.0,17,4,9,09/18/2024,2024-09-18,17:30:00
09/17/2024 03:35:00 PM,7.0,3,2,5,7,3,3,3,2,1,4,UNABLE TO DETERMINE,2,2,0.0,0.0,0.0,0.0,0.0,3.0,15,3,9,09/17/2024,2024-09-17,15:35:00
09/19/2024 08:50:00 AM,3.0,3,2,6,6,3,3,3,3,1,4,IMPROPER LANE USAGE,2,2,0.0,0.0,0.0,0.0,0.0,2.0,8,5,9,09/19/2024,2024-09-19,08:50:00
09/18/2024 09:40:00 AM,5.0,3,2,6,5,3,3,3,2,1,4,UNABLE TO DETERMINE,2,2,0.0,0.0,0.0,0.0,0.0,3.0,9,4,9,09/18/2024,2024-09-18,09:40:00
09/18/2024 06:30:00 PM,3.0,3,2,6,6,3,3,3,2,0,4,FAILING TO YIELD RIGHT-OF-WAY,2,2,0.0,0.0,0.0,0.0,0.0,2.0,18,4,9,09/18/2024,2024-09-18,18:30:00
09/19/2024 08:50:00 AM,5.0,3,2,6,5,3,3,1,2,1,4,IMPROPER LANE USAGE,2,2,0.0,0.0,0.0,0.0,0.0,2.0,8,5,9,09/19/2024,2024-09-19,08:50:00
09/16/2024 11:04:00 AM,1.0,3,2,4,18,3,3,1,3,1,4,UNABLE TO DETERMINE,2,4,1.0,0.0,0.0,1.0,0.0,2.0,11,2,9,09/16/2024,2024-09-16,11:04:00
09/18/2024 06:00:00 PM,7.0,3,2,5,6,3,3,3,2,1,4,FAILING TO YIELD RIGHT-OF-WAY,2,2,0.0,0.0,0.0,0.0,0.0,2.0,18,4,9,09/18/2024,2024-09-18,18:00:00
09/19/2024 01:05:00 PM,5.0,3,2,5,5,3,3,3,3,1,4,UNABLE TO DETERMINE,2,4,2.0,0.0,0.0,2.0,0.0,0.0,13,5,9,09/19/2024,2024-09-19,13:05:00
09/13/2024 01:00:00 PM,5.0,3,2,3,5,3,3,3,2,1,3,IMPROPER LANE USAGE,2,2,0.0,0.0,0.0,0.0,0.0,2.0,13,6,9,09/13/2024,2024-09-13,13:00:00
09/18/2024 09:08:00 PM,5.0,3,6,6,6,3,1,1,2,1,4,NOT APPLICABLE,2,2,0.0,0.0,0.0,0.0,0.0,5.0,21,4,9,09/18/2024,2024-09-18,21:08:00
09/17/2024 05:15:00 PM,3.0,3,2,6,6,3,3,3,2,1,4,IMPROPER TURNING/NO SIGNAL,2,2,0.0,0.0,0.0,0.0,0.0,3.0,17,3,9,09/17/2024,2024-09-17,17:15:00
09/19/2024 06:23:00 AM,5.0,3,2,5,6,3,3,3,2,1,4,DISREGARDING TRAFFIC SIGNALS,2,2,0.0,0.0,0.0,0.0,0.0,2.0,6,5,9,09/19/2024,2024-09-19,06:23:00
09/17/2024 03:34:00 PM,5.0,5,2,5,5,3,3,3,3,1,4,DISREGARDING TRAFFIC SIGNALS,2,4,2.0,0.0,0.0,2.0,0.0,1.0,15,3,9,09/17/2024,2024-09-17,15:34:00
09/18/2024 01:47:00 PM,5.0,3,2,13,6,3,3,3,3,1,4,FAILING TO YIELD RIGHT-OF-WAY,2,5,1.0,0.0,1.0,0.0,0.0,1.0,13,4,9,09/18/2024,2024-09-18,13:47:00
09/05/2024 02:30:00 PM,5.0,3,2,6,6,3,3,3,2,1,4,IMPROPER TURNING/NO SIGNAL,2,2,0.0,0.0,0.0,0.0,0.0,2.0,14,5,9,09/05/2024,2024-09-05,14:30:00
09/05/2024 06:05:00 AM,5.0,3,2,4,4,3,3,3,3,1,4,FOLLOWING TOO CLOSELY,2,3,1.0,0.0,0.0,0.0,1.0,1.0,6,5,9,09/05/2024,2024-09-05,06:05:00
09/05/2024 02:40:00 PM,7.0,3,2,4,6,3,3,1,3,1,4,FAILING TO YIELD RIGHT-OF-WAY,2,3,2.0,0.0,0.0,0.0,2.0,1.0,14,5,9,09/05/2024,2024-09-05,14:40:00
09/05/2024 06:10:00 AM,5.0,3,2,5,6,3,3,3,3,1,4,UNABLE TO DETERMINE,2,2,0.0,0.0,0.0,0.0,0.0,2.0,6,5,9,09/05/2024,2024-09-05,06:10:00
09/05/2024 04:04:00 PM,3.0,3,2,5,2,3,3,3,3,1,4,FAILING TO YIELD RIGHT-OF-WAY,2,4,2.0,0.0,0.0,2.0,0.0,1.0,16,5,9,09/05/2024,2024-09-05,16:04:00
09/05/2024 03:30:00 PM,15.0,3,2,14,4,3,3,3,2,1,2,FAILING TO YIELD RIGHT-OF-WAY,2,2,0.0,0.0,0.0,0.0,0.0,2.0,15,5,9,09/05/2024,2024-09-05,15:30:00
09/05/2024 12:10:00 PM,5.0,3,2,6,3,3,3,3,2,1,3,FAILING TO YIELD RIGHT-OF-WAY,2,2,0.0,0.0,0.0,0.0,0.0,5.0,12,5,9,09/05/2024,2024-09-05,12:10:00
09/05/2024 05:15:00 PM,7.0,3,2,5,5,3,3,3,3,1,4,FAILING TO YIELD RIGHT-OF-WAY,2,2,0.0,0.0,0.0,0.0,0.0,2.0,17,5,9,09/05/2024,2024-09-05,17:15:00
09/05/2024 04:30:00 PM,5.0,3,2,6,5,3,3,3,2,1,4,UNABLE TO DETERMINE,2,2,0.0,0.0,0.0,0.0,0.0,2.0,16,5,9,09/05/2024,2024-09-05,16:30:00
09/05/2024 08:20:00 AM,5.0,3,2,3,6,3,3,3,2,1,4,IMPROPER OVERTAKING/PASSING,2,2,0.0,0.0,0.0,0.0,0.0,6.0,8,5,9,09/05/2024,2024-09-05,08:20:00
09/05/2024 03:00:00 PM,7.0,3,2,5,5,3,3,3,2,1,4,FAILING TO YIELD RIGHT-OF-WAY,2,2,0.0,0.0,0.0,0.0,0.0,3.0,15,5,9,09/05/2024,2024-09-05,15:00:00
09/05/2024 03:15:00 PM,3.0,3,2,3,6,3,3,3,2,1,3,IMPROPER LANE USAGE,2,2,0.0,0.0,0.0,0.0,0.0,2.0,15,5,9,09/05/2024,2024-09-05,15:15:00
09/05/2024 08:45:00 AM,5.0,3,2,6,5,3,3,3,2,1,4,ROAD CONSTRUCTION/MAINTENANCE,2,2,0.0,0.0,0.0,0.0,0.0,2.0,8,5,9,09/05/2024,2024-09-05,08:45:00
09/05/2024 11:26:00 AM,7.0,3,2,5,5,3,3,3,3,1,4,FAILING TO YIELD RIGHT-OF-WAY,2,2,0.0,0.0,0.0,0.0,0.0,2.0,11,5,9,09/05/2024,2024-09-05,11:26:00
09/05/2024 12:18:00 PM,7.0,3,2,5,5,3,3,3,3,1,4,DISREGARDING STOP SIGN,2,2,0.0,0.0,0.0,0.0,0.0,2.0,12,5,9,09/05/2024,2024-09-05,12:18:00
09/05/2024 06:15:00 PM,5.0,3,2,5,4,3,3,1,2,1,4,UNABLE TO DETERMINE,2,2,0.0,0.0,0.0,0.0,0.0,2.0,18,5,9,09/05/2024,2024-09-05,18:15:00
09/05/2024 08:23:00 PM,5.0,3,4,7,6,3,3,3,2,1,3,UNABLE TO DETERMINE,2,2,0.0,0.0,0.0,0.0,0.0,2.0,20,5,9,09/05/2024,2024-09-05,20:23:00
09/05/2024 06:17:00 PM,7.0,3,2,6,7,3,1,1,2,1,3,UNABLE TO DETERMINE,2,2,0.0,0.0,0.0,0.0,0.0,2.0,18,5,9,09/05/2024,2024-09-05,18:17:00
08/20/2024 03:55:00 PM,5.0,3,2,5,4,3,3,3,3,1,4,DISREGARDING TRAFFIC SIGNALS,2,2,0.0,0.0,0.0,0.0,0.0,3.0,15,3,8,08/20/2024,2024-08-20,15:55:00
09/21/2024 07:20:00 PM,5.0,3,5,6,6,3,3,3,3,1,4,FAILING TO YIELD RIGHT-OF-WAY,2,4,1.0,0.0,0.0,1.0,0.0,1.0,19,7,9,09/21/2024,2024-09-21,19:20:00
09/05/2024 12:14:00 PM,3.0,3,2,3,3,3,3,3,3,0,4,UNABLE TO DETERMINE,2,2,0.0,0.0,0.0,0.0,0.0,3.0,12,5,9,09/05/2024,2024-09-05,12:14:00
09/05/2024 04:10:00 PM,5.0,3,2,6,6,3,3,3,2,1,4,FAILING TO YIELD RIGHT-OF-WAY,2,2,0.0,0.0,0.0,0.0,0.0,2.0,16,5,9,09/05/2024,2024-09-05,16:10:00
09/05/2024 07:40:00 AM,3.0,3,2,6,6,3,3,3,2,1,4,UNABLE TO DETERMINE,2,2,0.0,0.0,0.0,0.0,0.0,2.0,7,5,9,09/05/2024,2024-09-05,07:40:00
09/05/2024 07:50:00 AM,5.0,3,2,6,4,3,3,3,3,1,4,DISREGARDING TRAFFIC SIGNALS,2,2,0.0,0.0,0.0,0.0,0.0,2.0,7,5,9,09/05/2024,2024-09-05,07:50:00
09/05/2024 07:00:00 AM,5.0,3,2,4,5,3,1,1,2,1,4,FOLLOWING TOO CLOSELY,2,2,0.0,0.0,0.0,0.0,0.0,2.0,7,5,9,09/05/2024,2024-09-05,07:00:00
09/05/2024 08:04:00 AM,7.0,3,2,6,6,3,3,3,2,1,4,UNABLE TO DETERMINE,2,2,0.0,0.0,0.0,0.0,0.0,2.0,8,5,9,09/05/2024,2024-09-05,08:04:00
09/20/2024 02:45:00 PM,5.0,3,2,6,6,3,3,3,2,1,4,IMPROPER OVERTAKING/PASSING,2,2,0.0,0.0,0.0,0.0,0.0,2.0,14,6,9,09/20/2024,2024-09-20,14:45:00
09/05/2024 03:50:00 PM,7.0,3,2,5,5,3,3,3,3,1,4,FAILING TO YIELD RIGHT-OF-WAY,2,3,1.0,0.0,0.0,0.0,1.0,2.0,15,5,9,09/05/2024,2024-09-05,15:50:00
09/05/2024 07:35:00 AM,5.0,3,2,5,4,3,3,3,3,1,4,UNABLE TO DETERMINE,2,4,1.0,0.0,0.0,1.0,0.0,3.0,7,5,9,09/05/2024,2024-09-05,07:35:00
09/05/2024 07:40:00 AM,5.0,3,2,6,6,3,3,1,2,1,4,FAILING TO REDUCE SPEED TO AVOID CRASH,2,2,0.0,0.0,0.0,0.0,0.0,2.0,7,5,9,09/05/2024,2024-09-05,07:40:00
09/05/2024 08:49:00 AM,5.0,3,2,6,5,3,3,3,2,1,4,IMPROPER TURNING/NO SIGNAL,2,2,0.0,0.0,0.0,0.0,0.0,2.0,8,5,9,09/05/2024,2024-09-05,08:49:00
09/05/2024 06:16:00 PM,7.0,3,2,5,5,3,1,1,2,1,3,UNABLE TO DETERMINE,2,2,0.0,0.0,0.0,0.0,0.0,2.0,18,5,9,09/05/2024,2024-09-05,18:16:00
09/05/2024 02:37:00 PM,5.0,3,2,2,6,3,3,3,3,1,4,FAILING TO YIELD RIGHT-OF-WAY,2,4,1.0,0.0,0.0,1.0,0.0,1.0,14,5,9,09/05/2024,2024-09-05,14:37:00
09/05/2024 08:30:00 PM,3.0,3,6,6,3,3,1,1,3,1,4,FAILING TO YIELD RIGHT-OF-WAY,2,4,2.0,0.0,0.0,1.0,1.0,0.0,20,5,9,09/05/2024,2024-09-05,20:30:00
09/05/2024 09:00:00 PM,3.0,5,5,6,5,3,4,1,3,1,4,IMPROPER TURNING/NO SIGNAL,2,3,1.0,0.0,0.0,0.0,1.0,1.0,21,5,9,09/05/2024,2024-09-05,21:00:00