crash_date,traffic_control_device,weather_condition,lighting_condition,first_crash_type,trafficway_type,alignment,roadway_surface_cond,road_defect,crash_type,intersection_related_i,damage,prim_contributory_cause,num_units,most_severe_injury,injuries_total,injuries_fatal,injuries_incapacitating,injuries_non_incapacitating,injuries_reported_not_evident,injuries_no_indication,crash_hour,crash_day_of_week,crash_month,parsed_datetime,date,time
09/21/2024 01:20:00 AM,5.0,3,5,6,6,3,3,3,3,1,4,IMPROPER TURNING/NO SIGNAL,2,3,2.0,0.0,0.0,0.0,2.0,0.0,1,7,9,09/21/2024,2024-09-21,01:20:00
09/18/2024 09:30:00 AM,5.0,3,2,6,3,3,3,3,3,1,4,UNABLE TO DETERMINE,2,3,1.0,0.0,0.0,0.0,1.0,1.0,9,4,9,09/18/2024,2024-09-18,09:30:00
09/21/2024 12:05:00 PM,5.0,3,2,6,7,3,3,3,3,1,4,IMPROPER TURNING/NO SIGNAL,2,3,1.0,0.0,0.0,0.0,1.0,1.0,12,7,9,09/21/2024,2024-09-21,12:05:00
09/21/2024 04:46:00 PM,5.0,3,2,6,6,3,3,3,3,1,4,DISREGARDING TRAFFIC SIGNALS,2,4,1.0,0.0,0.0,1.0,0.0,1.0,16,7,9,09/21/2024,2024-09-21,16:46:00
09/20/2024 01:02:00 PM,7.0,3,2,5,5,3,3,1,3,1,4,DISREGARDING STOP SIGN,2,4,1.0,0.0,0.0,1.0,0.0,1.0,13,6,9,09/20/2024,2024-09-20,13:02:00
09/21/2024 09:10:00 AM,3.0,3,2,14,6,3,3,3,3,1,4,IMPROPER TURNING/NO SIGNAL,2,5,1.0,0.0,1.0,0.0,0.0,1.0,9,7,9,09/21/2024,2024-09-21,09:10:00
09/17/2024 11:14:00 AM,7.0,3,2,5,5,3,3,3,2,1,4,FAILING TO YIELD RIGHT-OF-WAY,2,2,0.0,0.0,0.0,0.0,0.0,2.0,11,3,9,09/17/2024,2024-09-17,11:14:00
09/18/2024 11:49:00 PM,5.0,3,5,5,5,3,3,1,3,1,4,FAILING TO YIELD RIGHT-OF-WAY,2,2,0.0,0.0,0.0,0.0,0.0,2.0,23,4,9,09/18/2024,2024-09-18,23:49:00
09/21/2024 05:18:00 PM,7.0,3,2,13,5,3,3,3,3,1,2,FAILING TO YIELD RIGHT-OF-WAY,2,4,1.0,0.0,0.0,1.0,0.0,1.0,17,7,9,09/21/2024,2024-09-21,17:18:00
09/19/2024 07:35:00 PM,5.0,3,2,6,14,3,1,1,2,1,4,IMPROPER LANE USAGE,2,2,0.0,0.0,0.0,0.0,0.0,3.0,19,5,9,09/19/2024,2024-09-19,19:35:00
09/20/2024 02:15:00 PM,5.0,3,2,6,6,3,3,3,2,1,4,IMPROPER OVERTAKING/PASSING,2,2,0.0,0.0,0.0,0.0,0.0,2.0,14,6,9,09/20/2024,2024-09-20,14:15:00
09/20/2024 11:45:00 PM,5.0,3,5,5,7,3,3,3,3,1,4,DISREGARDING TRAFFIC SIGNALS,2,3,1.0,0.0,0.0,0.0,1.0,4.0,23,6,9,09/20/2024,2024-09-20,23:45:00
09/21/2024 03:25:00 PM,5.0,3,2,5,5,3,3,3,2,1,4,FAILING TO YIELD RIGHT-OF-WAY,2,2,0.0,0.0,0.0,0.0,0.0,4.0,15,7,9,09/21/2024,2024-09-21,15:25:00
09/07/2024 01:20:00 PM,7.0,3,2,4,6,3,3,3,3,1,4,FAILING TO YIELD RIGHT-OF-WAY,2,5,1.0,0.0,1.0,0.0,0.0,1.0,13,7,9,09/07/2024,2024-09-07,13:20:00
09/07/2024 09:36:00 PM,5.0,3,5,3,4,3,3,3,3,1,4,UNABLE TO DETERMINE,2,2,0.0,0.0,0.0,0.0,0.0,2.0,21,7,9,09/07/2024,2024-09-07,21:36:00
09/07/2024 01:00:00 PM,5.0,3,2,3,6,3,3,3,2,1,4,FAILING TO YIELD RIGHT-OF-WAY,2,2,0.0,0.0,0.0,0.0,0.0,2.0,13,7,9,09/07/2024,2024-09-07,13:00:00
09/07/2024 09:10:00 PM,3.0,3,5,4,6,3,3,3,3,0,3,FAILING TO REDUCE SPEED TO AVOID CRASH,2,4,1.0,0.0,0.0,1.0,0.0,2.0,21,7,9,09/07/2024,2024-09-07,21:10:00
09/07/2024 05:10:00 PM,5.0,3,2,4,5,3,3,3,2,1,4,UNABLE TO DETERMINE,2,2,0.0,0.0,0.0,0.0,0.0,5.0,17,7,9,09/07/2024,2024-09-07,17:10:00
09/07/2024 09:16:00 AM,7.0,3,2,6,6,3,3,3,2,1,3,DISTRACTION - FROM INSIDE VEHICLE,2,2,0.0,0.0,0.0,0.0,0.0,4.0,9,7,9,09/07/2024,2024-09-07,09:16:00
09/07/2024 01:00:00 PM,5.0,3,2,3,6,3,3,1,3,1,4,UNABLE TO DETERMINE,2,3,1.0,0.0,0.0,0.0,1.0,1.0,13,7,9,09/07/2024,2024-09-07,13:00:00
09/07/2024 11:15:00 PM,7.0,3,5,5,5,3,3,3,3,1,4,FAILING TO YIELD RIGHT-OF-WAY,2,3,1.0,0.0,0.0,0.0,1.0,2.0,23,7,9,09/07/2024,2024-09-07,23:15:00
09/07/2024 12:30:00 PM,5.0,3,2,6,5,3,3,3,2,1,4,UNABLE TO DETERMINE,2,2,0.0,0.0,0.0,0.0,0.0,2.0,12,7,9,09/07/2024,2024-09-07,12:30:00
09/15/2024 07:43:00 PM,7.0,3,5,5,5,3,3,3,3,1,4,DISREGARDING STOP SIGN,2,2,0.0,0.0,0.0,0.0,0.0,5.0,19,1,9,09/15/2024,2024-09-15,19:43:00
09/07/2024 10:30:00 AM,7.0,3,2,11,6,3,3,3,2,1,3,UNABLE TO DETERMINE,2,2,0.0,0.0,0.0,0.0,0.0,1.0,10,7,9,09/07/2024,2024-09-07,10:30:00
09/07/2024 06:20:00 PM,5.0,3,2,5,5,3,3,1,3,1,4,FAILING TO YIELD RIGHT-OF-WAY,2,3,1.0,0.0,0.0,0.0,1.0,2.0,18,7,9,09/07/2024,2024-09-07,18:20:00
09/07/2024 01:36:00 PM,5.0,3,2,5,5,3,3,3,3,1,4,DISREGARDING TRAFFIC SIGNALS,2,2,0.0,0.0,0.0,0.0,0.0,3.0,13,7,9,09/07/2024,2024-09-07,13:36:00
09/07/2024 09:45:00 PM,1.0,3,4,3,6,3,1,1,2,1,3,NOT APPLICABLE,2,2,0.0,0.0,0.0,0.0,0.0,2.0,21,7,9,09/07/2024,2024-09-07,21:45:00
09/07/2024 10:00:00 PM,5.0,3,5,6,10,3,3,3,2,1,4,IMPROPER LANE USAGE,2,2,0.0,0.0,0.0,0.0,0.0,2.0,22,7,9,09/07/2024,2024-09-07,22:00:00
09/07/2024 05:03:00 PM,5.0,3,2,5,5,3,3,3,3,1,4,DISREGARDING TRAFFIC SIGNALS,2,3,1.0,0.0,0.0,0.0,1.0,2.0,17,7,9,09/07/2024,2024-09-07,17:03:00
09/07/2024 06:23:00 PM,5.0,3,2,3,5,3,1,1,2,1,3,UNABLE TO DETERMINE,2,2,0.0,0.0,0.0,0.0,0.0,3.0,18,7,9,09/07/2024,2024-09-07,18:23:00
09/07/2024 11:46:00 AM,5.0,3,2,5,5,3,3,3,2,1,4,DISREGARDING TRAFFIC SIGNALS,2,2,0.0,0.0,0.0,0.0,0.0,4.0,11,7,9,09/07/2024,2024-09-07,11:46:00
09/07/2024 04:00:00 AM,3.0,3,6,6,6,3,3,3,2,1,4,UNABLE TO DETERMINE,2,2,0.0,0.0,0.0,0.0,0.0,2.0,4,7,9,09/07/2024,2024-09-07,04:00:00
09/07/2024 09:20:00 PM,3.0,3,5,5,5,3,3,3,3,1,4,"VISION OBSCURED (SIGNS, TREE LIMBS, BUILDINGS, ETC.)",2,2,0.0,0.0,0.0,0.0,0.0,2.0,21,7,9,09/07/2024,2024-09-07,21:20:00
09/07/2024 07:09:00 PM,5.0,3,2,4,6,3,3,3,2,1,4,FOLLOWING TOO CLOSELY,2,2,0.0,0.0,0.0,0.0,0.0,2.0,19,7,9,09/07/2024,2024-09-07,19:09:00
09/07/2024 12:30:00 PM,5.0,3,2,4,5,3,3,3,2,1,4,FOLLOWING TOO CLOSELY,2,2,0.0,0.0,0.0,0.0,0.0,2.0,12,7,9,09/07/2024,2024-09-07,12:30:00
09/07/2024 09:45:00 PM,7.0,3,5,6,1,3,1,1,2,1,4,FAILING TO YIELD RIGHT-OF-WAY,2,2,0.0,0.0,0.0,0.0,0.0,2.0,21,7,9,09/07/2024,2024-09-07,21:45:00
09/07/2024 11:04:00 PM,5.0,3,5,5,6,3,3,3,3,1,4,UNABLE TO DETERMINE,2,2,0.0,0.0,0.0,0.0,0.0,2.0,23,7,9,09/07/2024,2024-09-07,23:04:00
09/07/2024 04:33:00 PM,5.0,3,2,13,5,3,3,3,3,1,4,FAILING TO YIELD RIGHT-OF-WAY,2,4,1.0,0.0,0.0,1.0,0.0,1.0,16,7,9,09/07/2024,2024-09-07,16:33:00
09/07/2024 10:45:00 PM,5.0,3,5,3,10,3,3,3,3,1,4,IMPROPER TURNING/NO SIGNAL,2,3,2.0,0.0,0.0,0.0,2.0,1.0,22,7,9,09/07/2024,2024-09-07,22:45:00
09/07/2024 09:47:00 PM,7.0,3,5,6,5,3,3,3,2,1,4,FAILING TO YIELD RIGHT-OF-WAY,2,2,0.0,0.0,0.0,0.0,0.0,2.0,21,7,9,09/07/2024,2024-09-07,21:47:00
09/07/2024 08:15:00 PM,5.0,3,5,14,5,3,3,3,2,1,3,DISREGARDING TRAFFIC SIGNALS,2,2,0.0,0.0,0.0,0.0,0.0,2.0,20,7,9,09/07/2024,2024-09-07,20:15:00
09/07/2024 01:00:00 PM,7.0,3,2,5,13,3,3,3,2,1,4,UNABLE TO DETERMINE,2,2,0.0,0.0,0.0,0.0,0.0,2.0,13,7,9,09/07/2024,2024-09-07,13:00:00
09/07/2024 08:25:00 PM,5.0,3,5,6,6,3,3,3,3,1,4,IMPROPER LANE USAGE,2,2,0.0,0.0,0.0,0.0,0.0,2.0,20,7,9,09/07/2024,2024-09-07,20:25:00
09/07/2024 06:00:00 PM,5.0,3,2,6,5,3,3,3,2,1,2,FAILING TO REDUCE SPEED TO AVOID CRASH,2,2,0.0,0.0,0.0,0.0,0.0,2.0,18,7,9,09/07/2024,2024-09-07,18:00:00
09/07/2024 07:40:00 AM,7.0,3,2,6,6,3,3,3,2,1,3,FAILING TO YIELD RIGHT-OF-WAY,2,2,0.0,0.0,0.0,0.0,0.0,2.0,7,7,9,09/07/2024,2024-09-07,07:40:00
09/07/2024 02:30:00 PM,5.0,3,2,5,6,3,3,3,2,1,3,FAILING TO YIELD RIGHT-OF-WAY,2,2,0.0,0.0,0.0,0.0,0.0,2.0,14,7,9,09/07/2024,2024-09-07,14:30:00
09/07/2024 05:53:00 PM,5.0,3,2,6,3,3,3,3,2,1,2,UNABLE TO DETERMINE,2,2,0.0,0.0,0.0,0.0,0.0,2.0,17,7,9,09/07/2024,2024-09-07,17:53:00
09/14/2024 02:19:00 PM,1.0,3,2,5,2,3,1,1,2,1,4,UNABLE TO DETERMINE,2,2,0.0,0.0,0.0,0.0,0.0,4.0,14,7,9,09/14/2024,2024-09-14,14:19:00
09/22/2024 02:30:00 PM,3.0,5,4,13,5,3,4,1,3,1,2,UNABLE TO DETERMINE,2,3,1.0,0.0,0.0,0.0,1.0,1.0,14,1,9,09/22/2024,2024-09-22,14:30:00
09/22/2024 04:00:00 PM,5.0,5,2,4,5,3,4,1,2,1,3,UNABLE TO DETERMINE,2,2,0.0,0.0,0.0,0.0,0.0,2.0,16,1,9,09/22/2024,2024-09-22,16:00:00
09/22/2024 05:55:00 PM,5.0,3,5,6,10,3,2,1,2,1,4,IMPROPER TURNING/NO SIGNAL,2,2,0.0,0.0,0.0,0.0,0.0,4.0,17,1,9,09/22/2024,2024-09-22,17:55:00
09/22/2024 03:00:00 AM,5.0,3,5,5,7,3,3,1,3,1,4,NOT APPLICABLE,2,2,0.0,0.0,0.0,0.0,0.0,2.0,3,1,9,09/22/2024,2024-09-22,03:00:00
09/22/2024 11:30:00 AM,5.0,5,2,4,6,3,4,3,2,1,4,FOLLOWING TOO CLOSELY,2,2,0.0,0.0,0.0,0.0,0.0,2.0,11,1,9,09/22/2024,2024-09-22,11:30:00
09/19/2024 08:50:00 AM,7.0,3,2,6,5,3,3,3,2,1,4,FAILING TO YIELD RIGHT-OF-WAY,2,2,0.0,0.0,0.0,0.0,0.0,2.0,8,5,9,09/19/2024,2024-09-19,08:50:00
09/22/2024 11:51:00 PM,7.0,5,5,5,5,3,4,3,3,1,4,DISREGARDING STOP SIGN,2,2,0.0,0.0,0.0,0.0,0.0,4.0,23,1,9,09/22/2024,2024-09-22,23:51:00
09/21/2024 10:45:00 PM,5.0,3,5,6,6,3,3,3,2,1,4,FOLLOWING TOO CLOSELY,2,2,0.0,0.0,0.0,0.0,0.0,3.0,22,7,9,09/21/2024,2024-09-21,22:45:00
09/20/2024 03:46:00 PM,3.0,3,2,5,6,3,3,3,3,1,4,FAILING TO REDUCE SPEED TO AVOID CRASH,2,4,1.0,0.0,0.0,1.0,0.0,1.0,15,6,9,09/20/2024,2024-09-20,15:46:00
09/21/2024 11:51:00 AM,5.0,3,2,14,4,3,3,3,3,1,3,UNABLE TO DETERMINE,2,3,1.0,0.0,0.0,0.0,1.0,1.0,11,7,9,09/21/2024,2024-09-21,11:51:00
09/22/2024 02:08:00 PM,5.0,3,2,4,6,3,4,3,2,1,4,UNABLE TO DETERMINE,2,2,0.0,0.0,0.0,0.0,0.0,4.0,14,1,9,09/22/2024,2024-09-22,14:08:00
09/15/2024 06:54:00 PM,5.0,3,2,5,13,3,3,1,3,1,4,DISREGARDING TRAFFIC SIGNALS,2,2,0.0,0.0,0.0,0.0,0.0,4.0,18,1,9,09/15/2024,2024-09-15,18:54:00
09/21/2024 12:15:00 PM,5.0,3,2,4,6,3,3,3,2,1,3,UNABLE TO DETERMINE,2,2,0.0,0.0,0.0,0.0,0.0,4.0,12,7,9,09/21/2024,2024-09-21,12:15:00
09/22/2024 11:10:00 AM,5.0,5,2,6,6,3,4,3,3,1,4,IMPROPER TURNING/NO SIGNAL,2,2,0.0,0.0,0.0,0.0,0.0,3.0,11,1,9,09/22/2024,2024-09-22,11:10:00
09/21/2024 12:00:00 PM,5.0,3,2,5,5,3,3,3,2,1,3,UNABLE TO DETERMINE,2,2,0.0,0.0,0.0,0.0,0.0,2.0,12,7,9,09/21/2024,2024-09-21,12:00:00
09/21/2024 01:33:00 PM,5.0,3,2,6,6,3,3,3,3,1,4,FAILING TO YIELD RIGHT-OF-WAY,2,4,1.0,0.0,0.0,1.0,0.0,2.0,13,7,9,09/21/2024,2024-09-21,13:33:00
09/21/2024 08:58:00 PM,1.0,3,2,9,7,3,3,1,3,1,4,UNABLE TO DETERMINE,2,4,1.0,0.0,0.0,1.0,0.0,1.0,20,7,9,09/21/2024,2024-09-21,20:58:00
09/19/2024 07:48:00 AM,5.0,3,2,4,5,3,3,3,2,1,3,FAILING TO YIELD RIGHT-OF-WAY,2,2,0.0,0.0,0.0,0.0,0.0,2.0,7,5,9,09/19/2024,2024-09-19,07:48:00
09/21/2024 10:05:00 AM,3.0,3,2,4,6,3,3,3,3,1,3,UNABLE TO DETERMINE,2,4,1.0,0.0,0.0,1.0,0.0,1.0,10,7,9,09/21/2024,2024-09-21,10:05:00
09/20/2024 05:39:00 AM,5.0,5,6,5,6,3,4,3,2,1,4,UNABLE TO DETERMINE,2,2,0.0,0.0,0.0,0.0,0.0,2.0,5,6,9,09/20/2024,2024-09-20,05:39:00
09/20/2024 10:30:00 AM,5.0,3,2,6,5,3,3,3,2,1,3,FAILING TO YIELD RIGHT-OF-WAY,2,2,0.0,0.0,0.0,0.0,0.0,2.0,10,6,9,09/20/2024,2024-09-20,10:30:00
09/22/2024 04:53:00 PM,5.0,5,3,6,6,3,4,3,3,1,4,FAILING TO YIELD RIGHT-OF-WAY,2,3,1.0,0.0,0.0,0.0,1.0,3.0,16,1,9,09/22/2024,2024-09-22,16:53:00
09/19/2024 04:55:00 PM,7.0,3,2,6,7,3,3,3,2,1,4,DISREGARDING STOP SIGN,2,2,0.0,0.0,0.0,0.0,0.0,2.0,16,5,9,09/19/2024,2024-09-19,16:55:00
09/21/2024 02:00:00 PM,5.0,3,2,5,14,3,3,3,2,1,4,UNABLE TO DETERMINE,2,2,0.0,0.0,0.0,0.0,0.0,2.0,14,7,9,09/21/2024,2024-09-21,14:00:00
09/22/2024 12:00:00 PM,7.0,5,2,5,4,3,4,1,2,1,3,FAILING TO YIELD RIGHT-OF-WAY,2,2,0.0,0.0,0.0,0.0,0.0,2.0,12,1,9,09/22/2024,2024-09-22,12:00:00
09/22/2024 02:44:00 PM,3.0,5,2,4,6,3,4,3,2,1,4,FOLLOWING TOO CLOSELY,2,2,0.0,0.0,0.0,0.0,0.0,2.0,14,1,9,09/22/2024,2024-09-22,14:44:00
09/21/2024 07:35:00 PM,5.0,3,5,4,4,3,3,1,2,1,4,UNABLE TO DETERMINE,2,2,0.0,0.0,0.0,0.0,0.0,2.0,19,7,9,09/21/2024,2024-09-21,19:35:00
09/21/2024 07:00:00 PM,5.0,3,4,6,6,3,1,1,2,1,4,IMPROPER LANE USAGE,2,2,0.0,0.0,0.0,0.0,0.0,2.0,19,7,9,09/21/2024,2024-09-21,19:00:00
09/22/2024 06:55:00 AM,5.0,3,2,5,5,3,3,3,3,1,4,DISREGARDING TRAFFIC SIGNALS,2,3,1.0,0.0,0.0,0.0,1.0,1.0,6,1,9,09/22/2024,2024-09-22,06:55:00
09/21/2024 10:40:00 AM,5.0,3,2,6,5,3,3,3,3,1,4,UNABLE TO DETERMINE,2,2,0.0,0.0,0.0,0.0,0.0,2.0,10,7,9,09/21/2024,2024-09-21,10:40:00
09/22/2024 01:20:00 PM,5.0,5,2,6,6,3,4,3,2,1,4,FAILING TO YIELD RIGHT-OF-WAY,2,2,0.0,0.0,0.0,0.0,0.0,4.0,13,1,9,09/22/2024,2024-09-22,13:20:00
09/22/2024 01:05:00 PM,5.0,5,2,5,6,3,4,3,3,1,4,DISREGARDING TRAFFIC SIGNALS,2,3,1.0,0.0,0.0,0.0,1.0,2.0,13,1,9,09/22/2024,2024-09-22,13:05:00
09/22/2024 04:20:00 PM,7.0,5,2,6,6,3,4,3,3,1,4,FAILING TO YIELD RIGHT-OF-WAY,2,3,2.0,0.0,0.0,0.0,2.0,0.0,16,1,9,09/22/2024,2024-09-22,16:20:00
09/20/2024 06:30:00 PM,5.0,3,2,3,4,3,3,1,2,1,4,IMPROPER OVERTAKING/PASSING,2,2,0.0,0.0,0.0,0.0,0.0,2.0,18,6,9,09/20/2024,2024-09-20,18:30:00
09/22/2024 01:40:00 PM,5.0,5,2,3,4,3,4,3,2,1,4,UNABLE TO DETERMINE,2,2,0.0,0.0,0.0,0.0,0.0,2.0,13,1,9,09/22/2024,2024-09-22,13:40:00
09/22/2024 02:24:00 PM,5.0,5,2,6,5,3,4,7,3,1,4,FAILING TO YIELD RIGHT-OF-WAY,2,4,1.0,0.0,0.0,1.0,0.0,3.0,14,1,9,09/22/2024,2024-09-22,14:24:00
09/08/2024 10:20:00 PM,5.0,3,5,6,6,3,3,3,2,1,3,DISREGARDING TRAFFIC SIGNALS,2,2,0.0,0.0,0.0,0.0,0.0,2.0,22,1,9,09/08/2024,2024-09-08,22:20:00
07/15/2024 07:30:00 PM,5.0,5,6,3,9,3,4,3,3,1,4,IMPROPER LANE USAGE,2,3,1.0,0.0,0.0,0.0,1.0,1.0,19,2,7,07/15/2024,2024-07-15,19:30:00
09/08/2024 08:38:00 AM,5.0,3,2,5,5,3,3,3,3,1,4,UNABLE TO DETERMINE,2,4,1.0,0.0,0.0,1.0,0.0,1.0,8,1,9,09/08/2024,2024-09-08,08:38:00
09/08/2024 10:30:00 AM,5.0,3,2,6,6,3,3,3,2,1,3,UNABLE TO DETERMINE,2,2,0.0,0.0,0.0,0.0,0.0,2.0,10,1,9,09/08/2024,2024-09-08,10:30:00
09/08/2024 05:43:00 PM,5.0,3,2,3,6,3,3,3,2,1,3,IMPROPER LANE USAGE,2,2,0.0,0.0,0.0,0.0,0.0,5.0,17,1,9,09/08/2024,2024-09-08,17:43:00
09/08/2024 05:30:00 PM,5.0,3,2,5,5,3,3,3,3,1,4,UNABLE TO DETERMINE,2,2,0.0,0.0,0.0,0.0,0.0,2.0,17,1,9,09/08/2024,2024-09-08,17:30:00
09/08/2024 04:10:00 PM,3.0,3,2,11,2,3,3,3,2,0,4,FOLLOWING TOO CLOSELY,2,2,0.0,0.0,0.0,0.0,0.0,3.0,16,1,9,09/08/2024,2024-09-08,16:10:00
09/08/2024 09:42:00 AM,5.0,3,2,6,6,3,3,1,2,1,4,FAILING TO YIELD RIGHT-OF-WAY,2,2,0.0,0.0,0.0,0.0,0.0,3.0,9,1,9,09/08/2024,2024-09-08,09:42:00
09/08/2024 04:21:00 PM,5.0,3,2,13,6,3,3,3,2,1,2,FAILING TO YIELD RIGHT-OF-WAY,2,2,0.0,0.0,0.0,0.0,0.0,2.0,16,1,9,09/08/2024,2024-09-08,16:21:00
09/08/2024 04:25:00 PM,5.0,3,2,5,5,3,3,1,3,1,4,DISREGARDING TRAFFIC SIGNALS,2,3,1.0,0.0,0.0,0.0,1.0,2.0,16,1,9,09/08/2024,2024-09-08,16:25:00
09/08/2024 03:54:00 PM,1.0,3,2,4,5,3,1,1,2,1,4,UNABLE TO DETERMINE,2,2,0.0,0.0,0.0,0.0,0.0,5.0,15,1,9,09/08/2024,2024-09-08,15:54:00
09/08/2024 09:25:00 AM,3.0,3,2,6,5,3,3,3,2,1,2,IMPROPER TURNING/NO SIGNAL,2,2,0.0,0.0,0.0,0.0,0.0,6.0,9,1,9,09/08/2024,2024-09-08,09:25:00
09/08/2024 01:10:00 PM,1.0,3,2,4,5,3,1,1,2,1,4,UNABLE TO DETERMINE,2,2,0.0,0.0,0.0,0.0,0.0,2.0,13,1,9,09/08/2024,2024-09-08,13:10:00
09/08/2024 10:35:00 AM,5.0,3,2,4,5,3,3,3,3,0,3,FOLLOWING TOO CLOSELY,2,3,1.0,0.0,0.0,0.0,1.0,1.0,10,1,9,09/08/2024,2024-09-08,10:35:00
09/08/2024 10:48:00 PM,3.0,3,6,7,6,3,3,3,2,1,2,UNABLE TO DETERMINE,2,2,0.0,0.0,0.0,0.0,0.0,2.0,22,1,9,09/08/2024,2024-09-08,22:48:00
09/08/2024 03:10:00 PM,5.0,3,2,3,6,3,3,3,2,1,4,IMPROPER LANE USAGE,2,2,0.0,0.0,0.0,0.0,0.0,4.0,15,1,9,09/08/2024,2024-09-08,15:10:00
09/08/2024 12:05:00 PM,5.0,3,2,3,10,3,3,1,2,1,3,FAILING TO YIELD RIGHT-OF-WAY,2,2,0.0,0.0,0.0,0.0,0.0,4.0,12,1,9,09/08/2024,2024-09-08,12:05:00
09/08/2024 02:00:00 PM,7.0,3,2,5,5,3,3,3,3,1,4,UNABLE TO DETERMINE,2,2,0.0,0.0,0.0,0.0,0.0,3.0,14,1,9,09/08/2024,2024-09-08,14:00:00
09/08/2024 05:45:00 AM,5.0,3,3,6,5,3,3,3,3,1,4,UNABLE TO DETERMINE,2,2,0.0,0.0,0.0,0.0,0.0,2.0,5,1,9,09/08/2024,2024-09-08,05:45:00
09/08/2024 01:00:00 PM,1.0,3,2,4,5,3,3,1,2,1,4,UNABLE TO DETERMINE,2,2,0.0,0.0,0.0,0.0,0.0,6.0,13,1,9,09/08/2024,2024-09-08,13:00:00
09/08/2024 02:59:00 AM,3.0,3,5,11,7,3,3,3,2,1,4,UNABLE TO DETERMINE,2,2,0.0,0.0,0.0,0.0,0.0,2.0,2,1,9,09/08/2024,2024-09-08,02:59:00
09/08/2024 04:38:00 PM,7.0,3,2,5,5,3,3,1,3,1,4,UNABLE TO DETERMINE,2,2,0.0,0.0,0.0,0.0,0.0,2.0,16,1,9,09/08/2024,2024-09-08,16:38:00
09/08/2024 12:51:00 PM,7.0,3,2,6,4,3,3,3,3,1,4,IMPROPER TURNING/NO SIGNAL,2,4,2.0,0.0,0.0,2.0,0.0,0.0,12,1,9,09/08/2024,2024-09-08,12:51:00
09/08/2024 05:15:00 PM,7.0,3,2,3,4,3,3,3,2,1,3,IMPROPER OVERTAKING/PASSING,2,2,0.0,0.0,0.0,0.0,0.0,2.0,17,1,9,09/08/2024,2024-09-08,17:15:00
09/08/2024 05:00:00 PM,5.0,3,2,3,6,3,3,3,2,1,4,FAILING TO YIELD RIGHT-OF-WAY,2,2,0.0,0.0,0.0,0.0,0.0,3.0,17,1,9,09/08/2024,2024-09-08,17:00:00
09/08/2024 05:55:00 AM,5.0,3,2,5,5,3,3,3,3,1,4,DISREGARDING TRAFFIC SIGNALS,2,3,1.0,0.0,0.0,0.0,1.0,3.0,5,1,9,09/08/2024,2024-09-08,05:55:00
09/08/2024 12:30:00 PM,1.0,3,2,4,6,3,1,1,2,1,4,NOT APPLICABLE,2,2,0.0,0.0,0.0,0.0,0.0,5.0,12,1,9,09/08/2024,2024-09-08,12:30:00
09/08/2024 04:15:00 PM,1.0,3,2,6,10,3,3,1,2,1,3,IMPROPER TURNING/NO SIGNAL,2,2,0.0,0.0,0.0,0.0,0.0,3.0,16,1,9,09/08/2024,2024-09-08,16:15:00
09/19/2024 06:32:00 AM,7.0,3,3,4,7,3,3,3,2,1,4,UNABLE TO DETERMINE,2,2,0.0,0.0,0.0,0.0,0.0,2.0,6,5,9,09/19/2024,2024-09-19,06:32:00
09/14/2024 09:19:00 PM,7.0,3,5,5,5,3,3,3,3,1,4,UNDER THE INFLUENCE OF ALCOHOL/DRUGS (USE WHEN ARREST IS EFFECTED),2,2,0.0,0.0,0.0,0.0,0.0,4.0,21,7,9,09/14/2024,2024-09-14,21:19:00
09/20/2024 01:57:00 PM,5.0,3,2,3,5,3,1,1,2,1,4,FAILING TO YIELD RIGHT-OF-WAY,2,2,0.0,0.0,0.0,0.0,0.0,2.0,13,6,9,09/20/2024,2024-09-20,13:57:00
09/23/2024 10:50:00 AM,5.0,3,2,6,5,3,3,3,2,1,4,IMPROPER TURNING/NO SIGNAL,2,2,0.0,0.0,0.0,0.0,0.0,2.0,10,2,9,09/23/2024,2024-09-23,10:50:00
09/13/2024 04:00:00 PM,3.0,3,2,5,16,3,3,3,2,1,4,UNABLE TO DETERMINE,2,2,0.0,0.0,0.0,0.0,0.0,2.0,16,6,9,09/13/2024,2024-09-13,16:00:00
09/23/2024 07:28:00 AM,5.0,4,2,6,5,3,3,1,2,1,4,IMPROPER TURNING/NO SIGNAL,2,2,0.0,0.0,0.0,0.0,0.0,2.0,7,2,9,09/23/2024,2024-09-23,07:28:00
09/22/2024 09:24:00 PM,3.0,5,5,8,4,3,4,1,2,1,4,UNABLE TO DETERMINE,2,2,0.0,0.0,0.0,0.0,0.0,2.0,21,1,9,09/22/2024,2024-09-22,21:24:00
09/17/2024 07:00:00 AM,5.0,3,2,14,4,3,1,1,3,1,4,UNABLE TO DETERMINE,2,4,1.0,0.0,0.0,1.0,0.0,1.0,7,3,9,09/17/2024,2024-09-17,07:00:00
09/10/2024 07:00:00 AM,5.0,3,2,6,3,3,3,3,2,1,3,FAILING TO YIELD RIGHT-OF-WAY,2,2,0.0,0.0,0.0,0.0,0.0,2.0,7,3,9,09/10/2024,2024-09-10,07:00:00
09/22/2024 11:20:00 PM,5.0,3,6,4,6,3,1,3,2,1,4,FOLLOWING TOO CLOSELY,2,2,0.0,0.0,0.0,0.0,0.0,2.0,23,1,9,09/22/2024,2024-09-22,23:20:00