crash_date,traffic_control_device,weather_condition,lighting_condition,first_crash_type,trafficway_type,alignment,roadway_surface_cond,road_defect,crash_type,intersection_related_i,damage,prim_contributory_cause,num_units,most_severe_injury,injuries_total,injuries_fatal,injuries_incapacitating,injuries_non_incapacitating,injuries_reported_not_evident,injuries_no_indication,crash_hour,crash_day_of_week,crash_month,parsed_datetime,date,time
09/26/2024 08:45:00 PM,5.0,3,5,3,10,3,3,3,2,1,4,FOLLOWING TOO CLOSELY,2,2,0.0,0.0,0.0,0.0,0.0,2.0,20,5,9,09/26/2024,2024-09-26,20:45:00
09/27/2024 04:10:00 PM,5.0,3,2,6,5,3,3,3,2,1,4,UNABLE TO DETERMINE,2,2,0.0,0.0,0.0,0.0,0.0,3.0,16,6,9,09/27/2024,2024-09-27,16:10:00
09/24/2024 09:00:00 AM,1.0,3,2,13,5,3,3,1,3,1,2,UNABLE TO DETERMINE,2,4,1.0,0.0,0.0,1.0,0.0,1.0,9,3,9,09/24/2024,2024-09-24,09:00:00
09/26/2024 11:30:00 PM,5.0,3,5,6,4,3,3,3,3,1,4,UNABLE TO DETERMINE,2,2,0.0,0.0,0.0,0.0,0.0,3.0,23,5,9,09/26/2024,2024-09-26,23:30:00
09/27/2024 05:11:00 AM,3.0,3,5,6,7,3,3,3,2,1,4,UNABLE TO DETERMINE,2,2,0.0,0.0,0.0,0.0,0.0,2.0,5,6,9,09/27/2024,2024-09-27,05:11:00
09/27/2024 11:30:00 AM,3.0,3,5,4,3,3,3,3,3,1,4,FAILING TO REDUCE SPEED TO AVOID CRASH,2,4,2.0,0.0,0.0,2.0,0.0,2.0,11,6,9,09/27/2024,2024-09-27,11:30:00
09/28/2024 02:00:00 PM,5.0,3,2,3,5,3,1,1,2,0,4,IMPROPER TURNING/NO SIGNAL,2,2,0.0,0.0,0.0,0.0,0.0,2.0,14,7,9,09/28/2024,2024-09-28,14:00:00
09/27/2024 06:13:00 PM,5.0,3,2,5,5,3,3,1,3,1,4,UNABLE TO DETERMINE,2,2,0.0,0.0,0.0,0.0,0.0,2.0,18,6,9,09/27/2024,2024-09-27,18:13:00
09/28/2024 11:59:00 PM,5.0,3,5,5,5,3,3,3,2,1,4,UNABLE TO DETERMINE,2,2,0.0,0.0,0.0,0.0,0.0,6.0,23,7,9,09/28/2024,2024-09-28,23:59:00
09/28/2024 09:20:00 PM,7.0,3,5,5,5,3,3,3,3,1,4,DISREGARDING STOP SIGN,2,3,1.0,0.0,0.0,0.0,1.0,1.0,21,7,9,09/28/2024,2024-09-28,21:20:00
09/27/2024 09:39:00 PM,5.0,3,5,6,14,3,3,1,3,1,4,FAILING TO REDUCE SPEED TO AVOID CRASH,2,3,1.0,0.0,0.0,0.0,1.0,1.0,21,6,9,09/27/2024,2024-09-27,21:39:00
09/28/2024 01:30:00 PM,7.0,3,2,5,6,3,4,3,2,1,4,UNABLE TO DETERMINE,2,2,0.0,0.0,0.0,0.0,0.0,3.0,13,7,9,09/28/2024,2024-09-28,13:30:00
09/28/2024 04:17:00 PM,7.0,3,2,5,5,3,3,3,3,1,4,UNABLE TO DETERMINE,2,2,0.0,0.0,0.0,0.0,0.0,3.0,16,7,9,09/28/2024,2024-09-28,16:17:00
09/28/2024 08:19:00 AM,5.0,5,2,6,4,3,4,1,3,1,4,DRIVING SKILLS/KNOWLEDGE/EXPERIENCE,2,3,1.0,0.0,0.0,0.0,1.0,2.0,8,7,9,09/28/2024,2024-09-28,08:19:00
09/24/2024 11:20:00 AM,5.0,5,2,4,4,3,4,1,2,1,4,FOLLOWING TOO CLOSELY,2,2,0.0,0.0,0.0,0.0,0.0,2.0,11,3,9,09/24/2024,2024-09-24,11:20:00
09/28/2024 07:50:00 AM,5.0,3,2,3,5,3,4,3,2,1,3,IMPROPER OVERTAKING/PASSING,2,2,0.0,0.0,0.0,0.0,0.0,2.0,7,7,9,09/28/2024,2024-09-28,07:50:00
09/28/2024 07:55:00 PM,5.0,3,5,6,5,3,3,3,2,1,4,DISTRACTION - FROM OUTSIDE VEHICLE,2,2,0.0,0.0,0.0,0.0,0.0,3.0,19,7,9,09/28/2024,2024-09-28,19:55:00
09/14/2024 04:30:00 PM,3.0,3,2,11,6,3,3,3,2,1,4,NOT APPLICABLE,2,2,0.0,0.0,0.0,0.0,0.0,1.0,16,7,9,09/14/2024,2024-09-14,16:30:00
09/14/2024 08:44:00 PM,5.0,3,5,5,5,3,3,3,3,1,4,DISREGARDING TRAFFIC SIGNALS,2,3,1.0,0.0,0.0,0.0,1.0,4.0,20,7,9,09/14/2024,2024-09-14,20:44:00
09/14/2024 02:10:00 PM,5.0,3,2,6,3,3,3,1,3,1,4,FAILING TO YIELD RIGHT-OF-WAY,2,2,0.0,0.0,0.0,0.0,0.0,5.0,14,7,9,09/14/2024,2024-09-14,14:10:00
09/14/2024 02:00:00 AM,3.0,3,5,6,7,3,3,3,2,1,3,IMPROPER OVERTAKING/PASSING,2,2,0.0,0.0,0.0,0.0,0.0,3.0,2,7,9,09/14/2024,2024-09-14,02:00:00
09/14/2024 11:04:00 AM,7.0,3,2,5,6,3,3,3,3,1,4,FAILING TO YIELD RIGHT-OF-WAY,2,2,0.0,0.0,0.0,0.0,0.0,2.0,11,7,9,09/14/2024,2024-09-14,11:04:00
09/14/2024 05:30:00 PM,5.0,3,2,5,5,3,3,1,2,1,4,FAILING TO YIELD RIGHT-OF-WAY,2,2,0.0,0.0,0.0,0.0,0.0,2.0,17,7,9,09/14/2024,2024-09-14,17:30:00
09/14/2024 11:10:00 AM,3.0,3,2,3,6,3,3,3,2,1,4,UNABLE TO DETERMINE,2,2,0.0,0.0,0.0,0.0,0.0,2.0,11,7,9,09/14/2024,2024-09-14,11:10:00
09/14/2024 12:45:00 PM,7.0,3,2,5,10,3,3,3,3,1,4,FAILING TO YIELD RIGHT-OF-WAY,2,2,0.0,0.0,0.0,0.0,0.0,2.0,12,7,9,09/14/2024,2024-09-14,12:45:00
09/14/2024 12:48:00 PM,5.0,3,2,6,4,3,3,1,3,1,4,FAILING TO YIELD RIGHT-OF-WAY,2,4,1.0,0.0,0.0,1.0,0.0,1.0,12,7,9,09/14/2024,2024-09-14,12:48:00
09/14/2024 11:50:00 AM,5.0,3,2,3,4,5,3,1,2,1,4,FAILING TO YIELD RIGHT-OF-WAY,2,2,0.0,0.0,0.0,0.0,0.0,3.0,11,7,9,09/14/2024,2024-09-14,11:50:00
09/14/2024 07:39:00 PM,3.0,3,3,6,5,3,3,3,2,1,4,UNABLE TO DETERMINE,2,2,0.0,0.0,0.0,0.0,0.0,2.0,19,7,9,09/14/2024,2024-09-14,19:39:00
09/14/2024 01:00:00 AM,5.0,3,5,3,5,3,3,3,2,1,4,DISREGARDING TRAFFIC SIGNALS,2,2,0.0,0.0,0.0,0.0,0.0,2.0,1,7,9,09/14/2024,2024-09-14,01:00:00
09/14/2024 08:30:00 AM,1.0,2,2,3,6,3,1,1,2,1,4,UNABLE TO DETERMINE,2,2,0.0,0.0,0.0,0.0,0.0,2.0,8,7,9,09/14/2024,2024-09-14,08:30:00
09/14/2024 05:36:00 PM,7.0,3,2,5,6,3,3,3,3,1,4,DISREGARDING STOP SIGN,2,4,1.0,0.0,0.0,1.0,0.0,2.0,17,7,9,09/14/2024,2024-09-14,17:36:00
09/14/2024 01:26:00 AM,5.0,3,5,5,5,3,3,3,3,1,4,DISREGARDING TRAFFIC SIGNALS,2,2,0.0,0.0,0.0,0.0,0.0,3.0,1,7,9,09/14/2024,2024-09-14,01:26:00
09/14/2024 03:00:00 PM,5.0,3,2,3,7,3,3,3,2,1,3,IMPROPER LANE USAGE,2,2,0.0,0.0,0.0,0.0,0.0,2.0,15,7,9,09/14/2024,2024-09-14,15:00:00
09/14/2024 01:10:00 PM,5.0,3,2,6,5,3,3,3,3,1,4,FAILING TO YIELD RIGHT-OF-WAY,2,2,0.0,0.0,0.0,0.0,0.0,2.0,13,7,9,09/14/2024,2024-09-14,13:10:00
09/14/2024 08:00:00 PM,5.0,3,5,6,5,3,3,3,2,1,4,UNABLE TO DETERMINE,2,2,0.0,0.0,0.0,0.0,0.0,2.0,20,7,9,09/14/2024,2024-09-14,20:00:00
09/14/2024 11:55:00 PM,5.0,3,5,4,4,3,3,3,2,1,3,FOLLOWING TOO CLOSELY,2,2,0.0,0.0,0.0,0.0,0.0,2.0,23,7,9,09/14/2024,2024-09-14,23:55:00
09/14/2024 12:30:00 PM,7.0,3,2,8,10,3,3,3,2,1,4,UNABLE TO DETERMINE,2,2,0.0,0.0,0.0,0.0,0.0,3.0,12,7,9,09/14/2024,2024-09-14,12:30:00
09/14/2024 11:06:00 AM,5.0,3,2,6,5,3,3,3,2,1,4,IMPROPER TURNING/NO SIGNAL,2,2,0.0,0.0,0.0,0.0,0.0,3.0,11,7,9,09/14/2024,2024-09-14,11:06:00
09/14/2024 12:14:00 AM,5.0,3,5,5,5,3,3,3,3,1,4,DISREGARDING TRAFFIC SIGNALS,2,5,1.0,0.0,1.0,0.0,0.0,2.0,0,7,9,09/14/2024,2024-09-14,00:14:00
09/14/2024 09:48:00 PM,3.0,3,4,6,5,3,3,3,3,1,4,FAILING TO YIELD RIGHT-OF-WAY,2,5,1.0,0.0,1.0,0.0,0.0,1.0,21,7,9,09/14/2024,2024-09-14,21:48:00
09/14/2024 02:05:00 AM,3.0,3,3,6,5,3,3,3,3,1,4,FAILING TO YIELD RIGHT-OF-WAY,2,4,1.0,0.0,0.0,1.0,0.0,1.0,2,7,9,09/14/2024,2024-09-14,02:05:00
09/14/2024 03:30:00 PM,7.0,3,2,6,6,3,3,3,2,1,4,DRIVING SKILLS/KNOWLEDGE/EXPERIENCE,2,2,0.0,0.0,0.0,0.0,0.0,2.0,15,7,9,09/14/2024,2024-09-14,15:30:00
09/14/2024 11:56:00 AM,5.0,3,2,5,5,3,1,1,3,1,4,DISREGARDING STOP SIGN,2,2,0.0,0.0,0.0,0.0,0.0,3.0,11,7,9,09/14/2024,2024-09-14,11:56:00
09/14/2024 04:15:00 PM,5.0,3,2,5,2,3,3,3,3,1,4,UNABLE TO DETERMINE,2,2,0.0,0.0,0.0,0.0,0.0,3.0,16,7,9,09/14/2024,2024-09-14,16:15:00
09/14/2024 12:30:00 PM,5.0,3,2,3,6,3,3,3,2,1,2,IMPROPER OVERTAKING/PASSING,2,2,0.0,0.0,0.0,0.0,0.0,2.0,12,7,9,09/14/2024,2024-09-14,12:30:00
09/14/2024 03:20:00 PM,5.0,3,2,11,6,3,3,3,2,1,4,IMPROPER TURNING/NO SIGNAL,2,2,0.0,0.0,0.0,0.0,0.0,1.0,15,7,9,09/14/2024,2024-09-14,15:20:00
09/14/2024 01:25:00 PM,5.0,3,2,3,3,3,3,1,2,1,4,FAILING TO YIELD RIGHT-OF-WAY,2,2,0.0,0.0,0.0,0.0,0.0,4.0,13,7,9,09/14/2024,2024-09-14,13:25:00
09/14/2024 07:37:00 PM,7.0,3,5,5,5,3,3,1,2,1,4,NOT APPLICABLE,2,2,0.0,0.0,0.0,0.0,0.0,2.0,19,7,9,09/14/2024,2024-09-14,19:37:00
09/14/2024 02:55:00 PM,5.0,3,2,6,5,3,3,3,3,1,4,IMPROPER TURNING/NO SIGNAL,2,4,1.0,0.0,0.0,1.0,0.0,2.0,14,7,9,09/14/2024,2024-09-14,14:55:00
09/14/2024 04:50:00 PM,2.0,3,2,4,18,6,3,3,3,1,4,FAILING TO YIELD RIGHT-OF-WAY,2,3,1.0,0.0,0.0,0.0,1.0,1.0,16,7,9,09/14/2024,2024-09-14,16:50:00
09/14/2024 03:00:00 PM,3.0,3,2,13,6,3,3,3,3,1,4,FAILING TO YIELD RIGHT-OF-WAY,2,4,1.0,0.0,0.0,1.0,0.0,1.0,15,7,9,09/14/2024,2024-09-14,15:00:00
09/14/2024 09:00:00 PM,5.0,3,5,6,10,3,3,3,2,1,4,UNABLE TO DETERMINE,2,2,0.0,0.0,0.0,0.0,0.0,2.0,21,7,9,09/14/2024,2024-09-14,21:00:00
09/14/2024 06:10:00 PM,5.0,3,2,14,5,3,3,3,3,1,3,UNABLE TO DETERMINE,2,4,1.0,0.0,0.0,1.0,0.0,1.0,18,7,9,09/14/2024,2024-09-14,18:10:00
09/14/2024 06:00:00 PM,7.0,3,2,6,13,3,3,3,3,1,4,IMPROPER TURNING/NO SIGNAL,2,2,0.0,0.0,0.0,0.0,0.0,3.0,18,7,9,09/14/2024,2024-09-14,18:00:00
09/14/2024 12:38:00 PM,5.0,3,2,6,5,3,3,3,2,1,4,IMPROPER TURNING/NO SIGNAL,2,2,0.0,0.0,0.0,0.0,0.0,3.0,12,7,9,09/14/2024,2024-09-14,12:38:00
09/14/2024 04:54:00 PM,7.0,3,2,10,7,3,3,3,2,1,4,DRIVING SKILLS/KNOWLEDGE/EXPERIENCE,2,2,0.0,0.0,0.0,0.0,0.0,2.0,16,7,9,09/14/2024,2024-09-14,16:54:00
09/14/2024 09:15:00 PM,5.0,3,5,6,4,3,3,1,2,1,4,IMPROPER LANE USAGE,2,2,0.0,0.0,0.0,0.0,0.0,4.0,21,7,9,09/14/2024,2024-09-14,21:15:00
09/14/2024 09:02:00 PM,3.0,3,5,6,5,3,3,3,3,1,4,"OPERATING VEHICLE IN ERRATIC, RECKLESS, CARELESS, NEGLIGENT OR AGGRESSIVE MANNER",2,2,0.0,0.0,0.0,0.0,0.0,3.0,21,7,9,09/14/2024,2024-09-14,21:02:00
09/14/2024 02:00:00 AM,5.0,3,4,4,6,3,3,3,2,0,3,IMPROPER LANE USAGE,2,2,0.0,0.0,0.0,0.0,0.0,3.0,2,7,9,09/14/2024,2024-09-14,02:00:00
09/14/2024 05:15:00 AM,5.0,3,6,14,5,3,3,3,3,1,2,DISREGARDING TRAFFIC SIGNALS,2,4,1.0,0.0,0.0,1.0,0.0,1.0,5,7,9,09/14/2024,2024-09-14,05:15:00
09/29/2024 03:10:00 PM,5.0,4,2,6,5,3,3,1,2,1,4,IMPROPER TURNING/NO SIGNAL,2,2,0.0,0.0,0.0,0.0,0.0,3.0,15,1,9,09/29/2024,2024-09-29,15:10:00
09/17/2024 03:00:00 PM,5.0,3,2,5,7,3,3,1,3,1,4,DRIVING SKILLS/KNOWLEDGE/EXPERIENCE,2,4,1.0,0.0,0.0,1.0,0.0,1.0,15,3,9,09/17/2024,2024-09-17,15:00:00
09/25/2024 02:00:00 PM,5.0,3,2,5,5,3,3,1,3,1,4,UNABLE TO DETERMINE,2,3,1.0,0.0,0.0,0.0,1.0,1.0,14,4,9,09/25/2024,2024-09-25,14:00:00
09/28/2024 06:45:00 PM,5.0,3,2,3,5,3,1,1,2,0,4,UNABLE TO DETERMINE,2,2,0.0,0.0,0.0,0.0,0.0,3.0,18,7,9,09/28/2024,2024-09-28,18:45:00
09/28/2024 09:39:00 PM,3.0,3,2,11,5,3,1,1,2,1,4,UNABLE TO DETERMINE,2,2,0.0,0.0,0.0,0.0,0.0,1.0,21,7,9,09/28/2024,2024-09-28,21:39:00
09/29/2024 11:57:00 AM,3.0,3,2,11,6,3,3,3,2,1,4,NOT APPLICABLE,2,2,0.0,0.0,0.0,0.0,0.0,1.0,11,1,9,09/29/2024,2024-09-29,11:57:00
09/25/2024 09:03:00 AM,5.0,3,2,8,4,3,3,3,3,1,4,DRIVING SKILLS/KNOWLEDGE/EXPERIENCE,2,2,0.0,0.0,0.0,0.0,0.0,2.0,9,4,9,09/25/2024,2024-09-25,09:03:00
09/29/2024 04:33:00 PM,5.0,3,2,4,4,3,3,3,2,1,3,FOLLOWING TOO CLOSELY,2,2,0.0,0.0,0.0,0.0,0.0,2.0,16,1,9,09/29/2024,2024-09-29,16:33:00
09/29/2024 07:15:00 PM,3.0,3,5,5,6,3,3,3,3,1,4,UNABLE TO DETERMINE,2,5,2.0,0.0,1.0,1.0,0.0,0.0,19,1,9,09/29/2024,2024-09-29,19:15:00
09/27/2024 12:30:00 PM,5.0,3,2,3,4,3,3,1,2,1,4,UNABLE TO DETERMINE,2,2,0.0,0.0,0.0,0.0,0.0,2.0,12,6,9,09/27/2024,2024-09-27,12:30:00
09/27/2024 09:17:00 PM,3.0,3,4,6,6,3,3,3,2,1,3,IMPROPER LANE USAGE,2,2,0.0,0.0,0.0,0.0,0.0,2.0,21,6,9,09/27/2024,2024-09-27,21:17:00
09/28/2024 11:42:00 AM,7.0,4,2,6,5,3,3,3,2,1,4,IMPROPER TURNING/NO SIGNAL,2,2,0.0,0.0,0.0,0.0,0.0,3.0,11,7,9,09/28/2024,2024-09-28,11:42:00
09/28/2024 07:28:00 PM,7.0,3,5,5,5,3,3,3,3,1,4,FAILING TO YIELD RIGHT-OF-WAY,2,2,0.0,0.0,0.0,0.0,0.0,2.0,19,7,9,09/28/2024,2024-09-28,19:28:00
09/28/2024 11:30:00 PM,5.0,3,5,2,5,3,3,1,3,1,2,UNABLE TO DETERMINE,2,4,1.0,0.0,0.0,1.0,0.0,5.0,23,7,9,09/28/2024,2024-09-28,23:30:00
09/29/2024 12:15:00 PM,1.0,3,2,5,5,3,1,1,2,1,4,DISREGARDING STOP SIGN,2,2,0.0,0.0,0.0,0.0,0.0,2.0,12,1,9,09/29/2024,2024-09-29,12:15:00
09/29/2024 09:00:00 PM,3.0,3,6,4,6,3,3,3,2,1,3,NOT APPLICABLE,2,2,0.0,0.0,0.0,0.0,0.0,2.0,21,1,9,09/29/2024,2024-09-29,21:00:00
09/29/2024 03:00:00 PM,5.0,4,2,14,4,3,3,3,2,1,2,NOT APPLICABLE,2,2,0.0,0.0,0.0,0.0,0.0,3.0,15,1,9,09/29/2024,2024-09-29,15:00:00
09/29/2024 03:47:00 AM,5.0,3,5,14,10,3,3,3,3,1,4,BICYCLE ADVANCING LEGALLY ON RED LIGHT,2,5,1.0,0.0,1.0,0.0,0.0,2.0,3,1,9,09/29/2024,2024-09-29,03:47:00
09/14/2024 03:20:00 PM,12.0,3,2,11,5,3,3,3,2,1,2,IMPROPER LANE USAGE,2,2,0.0,0.0,0.0,0.0,0.0,1.0,15,7,9,09/14/2024,2024-09-14,15:20:00
09/29/2024 04:29:00 PM,5.0,3,2,6,5,3,3,3,3,1,4,IMPROPER TURNING/NO SIGNAL,2,4,2.0,0.0,0.0,2.0,0.0,3.0,16,1,9,09/29/2024,2024-09-29,16:29:00
09/24/2024 01:14:00 PM,5.0,5,2,6,6,3,4,3,2,0,3,UNABLE TO DETERMINE,2,2,0.0,0.0,0.0,0.0,0.0,2.0,13,3,9,09/24/2024,2024-09-24,13:14:00
09/28/2024 06:25:00 AM,7.0,3,5,6,7,3,3,3,3,1,4,FAILING TO YIELD RIGHT-OF-WAY,2,2,0.0,0.0,0.0,0.0,0.0,2.0,6,7,9,09/28/2024,2024-09-28,06:25:00
09/29/2024 04:26:00 AM,5.0,3,5,4,5,3,3,3,2,1,4,FAILING TO REDUCE SPEED TO AVOID CRASH,2,2,0.0,0.0,0.0,0.0,0.0,3.0,4,1,9,09/29/2024,2024-09-29,04:26:00
09/28/2024 01:00:00 PM,7.0,3,2,6,7,3,3,3,2,1,3,FAILING TO YIELD RIGHT-OF-WAY,2,2,0.0,0.0,0.0,0.0,0.0,2.0,13,7,9,09/28/2024,2024-09-28,13:00:00
09/29/2024 01:50:00 PM,5.0,4,2,5,5,3,3,3,3,1,4,UNABLE TO DETERMINE,2,3,2.0,0.0,0.0,0.0,2.0,1.0,13,1,9,09/29/2024,2024-09-29,13:50:00
09/29/2024 11:00:00 AM,7.0,5,2,5,5,3,4,3,2,1,4,FAILING TO YIELD RIGHT-OF-WAY,2,2,0.0,0.0,0.0,0.0,0.0,2.0,11,1,9,09/29/2024,2024-09-29,11:00:00
09/15/2024 03:40:00 PM,5.0,3,2,5,5,3,3,1,2,1,4,DISREGARDING TRAFFIC SIGNALS,2,2,0.0,0.0,0.0,0.0,0.0,2.0,15,1,9,09/15/2024,2024-09-15,15:40:00
09/15/2024 07:47:00 AM,5.0,3,2,5,5,3,3,3,3,1,4,DISREGARDING TRAFFIC SIGNALS,2,2,0.0,0.0,0.0,0.0,0.0,2.0,7,1,9,09/15/2024,2024-09-15,07:47:00
09/15/2024 12:50:00 PM,5.0,3,2,4,5,3,3,3,2,1,3,UNABLE TO DETERMINE,2,2,0.0,0.0,0.0,0.0,0.0,3.0,12,1,9,09/15/2024,2024-09-15,12:50:00
09/15/2024 07:40:00 PM,7.0,3,5,5,5,3,3,3,3,1,4,UNABLE TO DETERMINE,2,2,0.0,0.0,0.0,0.0,0.0,2.0,19,1,9,09/15/2024,2024-09-15,19:40:00
09/15/2024 02:20:00 PM,5.0,3,2,6,4,3,3,1,2,1,4,FAILING TO YIELD RIGHT-OF-WAY,2,2,0.0,0.0,0.0,0.0,0.0,3.0,14,1,9,09/15/2024,2024-09-15,14:20:00
09/15/2024 11:33:00 PM,5.0,3,5,5,5,3,3,3,3,1,4,UNABLE TO DETERMINE,2,2,0.0,0.0,0.0,0.0,0.0,2.0,23,1,9,09/15/2024,2024-09-15,23:33:00
09/15/2024 06:54:00 PM,7.0,3,2,5,10,3,3,3,3,1,4,FAILING TO YIELD RIGHT-OF-WAY,2,4,1.0,0.0,0.0,1.0,0.0,2.0,18,1,9,09/15/2024,2024-09-15,18:54:00
09/15/2024 03:04:00 AM,5.0,3,5,5,5,3,3,3,3,1,4,DISREGARDING OTHER TRAFFIC SIGNS,2,4,1.0,0.0,0.0,1.0,0.0,5.0,3,1,9,09/15/2024,2024-09-15,03:04:00
09/15/2024 12:30:00 PM,5.0,3,2,6,4,3,3,1,2,1,3,FOLLOWING TOO CLOSELY,2,2,0.0,0.0,0.0,0.0,0.0,2.0,12,1,9,09/15/2024,2024-09-15,12:30:00
09/15/2024 05:15:00 PM,1.0,3,2,6,6,3,1,1,2,1,2,UNABLE TO DETERMINE,2,2,0.0,0.0,0.0,0.0,0.0,2.0,17,1,9,09/15/2024,2024-09-15,17:15:00
09/15/2024 06:50:00 PM,5.0,3,4,5,4,3,3,3,2,1,3,DRIVING SKILLS/KNOWLEDGE/EXPERIENCE,2,2,0.0,0.0,0.0,0.0,0.0,3.0,18,1,9,09/15/2024,2024-09-15,18:50:00
09/15/2024 01:53:00 PM,5.0,3,2,6,5,3,3,1,2,1,4,IMPROPER TURNING/NO SIGNAL,2,2,0.0,0.0,0.0,0.0,0.0,2.0,13,1,9,09/15/2024,2024-09-15,13:53:00
09/15/2024 01:05:00 PM,7.0,3,2,5,4,3,3,3,2,1,4,"VISION OBSCURED (SIGNS, TREE LIMBS, BUILDINGS, ETC.)",2,2,0.0,0.0,0.0,0.0,0.0,2.0,13,1,9,09/15/2024,2024-09-15,13:05:00
09/15/2024 08:40:00 PM,5.0,3,5,4,5,3,3,3,2,1,4,FOLLOWING TOO CLOSELY,2,2,0.0,0.0,0.0,0.0,0.0,3.0,20,1,9,09/15/2024,2024-09-15,20:40:00
09/15/2024 01:45:00 PM,7.0,3,2,4,5,3,3,3,2,1,4,FOLLOWING TOO CLOSELY,2,2,0.0,0.0,0.0,0.0,0.0,4.0,13,1,9,09/15/2024,2024-09-15,13:45:00
09/15/2024 06:00:00 PM,5.0,3,5,5,5,3,3,3,3,1,4,DISREGARDING TRAFFIC SIGNALS,2,4,1.0,0.0,0.0,1.0,0.0,1.0,18,1,9,09/15/2024,2024-09-15,18:00:00
09/15/2024 07:54:00 PM,5.0,3,5,6,7,3,3,3,3,1,4,UNABLE TO DETERMINE,2,4,1.0,0.0,0.0,1.0,0.0,2.0,19,1,9,09/15/2024,2024-09-15,19:54:00
09/15/2024 08:49:00 AM,5.0,3,2,4,5,3,3,3,2,1,4,UNABLE TO DETERMINE,2,2,0.0,0.0,0.0,0.0,0.0,3.0,8,1,9,09/15/2024,2024-09-15,08:49:00
09/15/2024 02:13:00 PM,5.0,3,2,6,6,3,3,3,3,1,4,FAILING TO YIELD RIGHT-OF-WAY,2,2,0.0,0.0,0.0,0.0,0.0,4.0,14,1,9,09/15/2024,2024-09-15,14:13:00
07/21/2024 09:00:00 PM,5.0,3,6,4,5,3,1,1,3,1,4,UNABLE TO DETERMINE,2,3,2.0,0.0,0.0,0.0,2.0,2.0,21,1,7,07/21/2024,2024-07-21,21:00:00
09/15/2024 03:00:00 AM,5.0,3,5,5,5,3,3,3,3,1,4,DISREGARDING TRAFFIC SIGNALS,2,4,1.0,0.0,0.0,1.0,0.0,4.0,3,1,9,09/15/2024,2024-09-15,03:00:00
09/15/2024 01:49:00 AM,5.0,3,5,5,6,3,3,3,2,1,4,UNABLE TO DETERMINE,2,2,0.0,0.0,0.0,0.0,0.0,2.0,1,1,9,09/15/2024,2024-09-15,01:49:00
09/30/2024 04:21:00 PM,2.0,3,2,6,2,3,3,1,2,0,4,UNABLE TO DETERMINE,2,2,0.0,0.0,0.0,0.0,0.0,3.0,16,2,9,09/30/2024,2024-09-30,16:21:00
09/30/2024 12:24:00 PM,5.0,3,2,5,4,3,3,3,3,1,4,UNABLE TO DETERMINE,2,3,1.0,0.0,0.0,0.0,1.0,4.0,12,2,9,09/30/2024,2024-09-30,12:24:00
09/29/2024 10:18:00 AM,5.0,5,2,5,5,3,4,3,2,1,4,DISREGARDING TRAFFIC SIGNALS,2,2,0.0,0.0,0.0,0.0,0.0,3.0,10,1,9,09/29/2024,2024-09-29,10:18:00
09/30/2024 04:25:00 PM,7.0,3,2,6,6,3,3,3,2,1,4,IMPROPER OVERTAKING/PASSING,2,2,0.0,0.0,0.0,0.0,0.0,6.0,16,2,9,09/30/2024,2024-09-30,16:25:00
09/30/2024 03:12:00 PM,7.0,3,2,6,5,3,3,3,2,1,4,IMPROPER TURNING/NO SIGNAL,2,2,0.0,0.0,0.0,0.0,0.0,2.0,15,2,9,09/30/2024,2024-09-30,15:12:00
09/29/2024 04:10:00 PM,5.0,3,2,6,6,3,3,3,2,1,4,IMPROPER TURNING/NO SIGNAL,2,2,0.0,0.0,0.0,0.0,0.0,2.0,16,1,9,09/29/2024,2024-09-29,16:10:00
09/30/2024 02:59:00 PM,5.0,3,2,4,6,3,3,1,3,1,4,DISREGARDING TRAFFIC SIGNALS,2,4,1.0,0.0,0.0,1.0,0.0,1.0,14,2,9,09/30/2024,2024-09-30,14:59:00
09/29/2024 08:54:00 PM,7.0,3,5,6,5,3,3,3,2,1,3,FAILING TO YIELD RIGHT-OF-WAY,2,2,0.0,0.0,0.0,0.0,0.0,2.0,20,1,9,09/29/2024,2024-09-29,20:54:00
07/03/2024 03:21:00 PM,7.0,3,2,3,6,3,3,3,3,1,4,UNABLE TO DETERMINE,2,2,0.0,0.0,0.0,0.0,0.0,2.0,15,4,7,07/03/2024,2024-07-03,15:21:00
09/28/2024 04:06:00 AM,3.0,5,5,6,6,3,4,3,3,1,4,FAILING TO YIELD RIGHT-OF-WAY,2,4,1.0,0.0,0.0,1.0,0.0,1.0,4,7,9,09/28/2024,2024-09-28,04:06:00
09/14/2024 11:00:00 AM,5.0,3,2,4,4,3,3,3,2,1,4,FOLLOWING TOO CLOSELY,2,2,0.0,0.0,0.0,0.0,0.0,5.0,11,7,9,09/14/2024,2024-09-14,11:00:00
09/29/2024 10:35:00 AM,7.0,5,2,6,6,3,4,3,2,1,4,UNABLE TO DETERMINE,2,2,0.0,0.0,0.0,0.0,0.0,3.0,10,1,9,09/29/2024,2024-09-29,10:35:00
09/29/2024 09:20:00 PM,5.0,3,2,3,9,3,1,1,2,0,4,UNABLE TO DETERMINE,2,2,0.0,0.0,0.0,0.0,0.0,2.0,21,1,9,09/29/2024,2024-09-29,21:20:00
09/27/2024 08:45:00 AM,5.0,3,2,5,5,3,3,3,2,1,4,FAILING TO YIELD RIGHT-OF-WAY,2,2,0.0,0.0,0.0,0.0,0.0,3.0,8,6,9,09/27/2024,2024-09-27,08:45:00