crash_date,traffic_control_device,weather_condition,lighting_condition,first_crash_type,trafficway_type,alignment,roadway_surface_cond,road_defect,crash_type,intersection_related_i,damage,prim_contributory_cause,num_units,most_severe_injury,injuries_total,injuries_fatal,injuries_incapacitating,injuries_non_incapacitating,injuries_reported_not_evident,injuries_no_indication,crash_hour,crash_day_of_week,crash_month,parsed_datetime,date,time
09/20/2024 02:00:00 PM,5.0,3,2,4,6,3,3,3,2,1,4,FOLLOWING TOO CLOSELY,2,2,0.0,0.0,0.0,0.0,0.0,2.0,14,6,9,09/20/2024,2024-09-20,14:00:00
09/28/2024 07:30:00 PM,7.0,3,6,5,5,3,1,1,2,1,3,UNABLE TO DETERMINE,2,2,0.0,0.0,0.0,0.0,0.0,2.0,19,7,9,09/28/2024,2024-09-28,19:30:00
09/28/2024 12:50:00 PM,5.0,8,2,4,6,3,4,3,2,1,4,FOLLOWING TOO CLOSELY,2,2,0.0,0.0,0.0,0.0,0.0,2.0,12,7,9,09/28/2024,2024-09-28,12:50:00
09/30/2024 03:10:00 PM,7.0,3,2,5,5,3,3,3,2,1,4,FAILING TO YIELD RIGHT-OF-WAY,2,2,0.0,0.0,0.0,0.0,0.0,3.0,15,2,9,09/30/2024,2024-09-30,15:10:00
09/30/2024 07:25:00 AM,7.0,3,2,5,6,3,3,3,2,1,4,FAILING TO YIELD RIGHT-OF-WAY,2,2,0.0,0.0,0.0,0.0,0.0,2.0,7,2,9,09/30/2024,2024-09-30,07:25:00
09/30/2024 04:17:00 PM,5.0,3,2,13,5,3,3,3,3,1,2,FAILING TO YIELD RIGHT-OF-WAY,2,5,1.0,0.0,1.0,0.0,0.0,2.0,16,2,9,09/30/2024,2024-09-30,16:17:00
09/30/2024 07:00:00 AM,7.0,3,2,3,6,3,3,3,2,1,4,UNABLE TO DETERMINE,2,2,0.0,0.0,0.0,0.0,0.0,2.0,7,2,9,09/30/2024,2024-09-30,07:00:00
09/30/2024 11:45:00 AM,3.0,3,2,14,7,3,3,3,3,1,2,IMPROPER TURNING/NO SIGNAL,2,3,1.0,0.0,0.0,0.0,1.0,1.0,11,2,9,09/30/2024,2024-09-30,11:45:00
09/16/2024 04:40:00 PM,3.0,3,2,5,7,3,3,3,2,0,4,FAILING TO YIELD RIGHT-OF-WAY,2,2,0.0,0.0,0.0,0.0,0.0,3.0,16,2,9,09/16/2024,2024-09-16,16:40:00
09/16/2024 03:50:00 PM,3.0,3,2,3,6,3,3,3,2,1,2,IMPROPER OVERTAKING/PASSING,2,2,0.0,0.0,0.0,0.0,0.0,2.0,15,2,9,09/16/2024,2024-09-16,15:50:00
09/16/2024 12:37:00 AM,3.0,3,5,6,5,3,3,3,2,1,4,IMPROPER TURNING/NO SIGNAL,2,2,0.0,0.0,0.0,0.0,0.0,2.0,0,2,9,09/16/2024,2024-09-16,00:37:00
09/16/2024 12:39:00 PM,5.0,3,2,13,10,3,3,3,3,1,3,FAILING TO YIELD RIGHT-OF-WAY,2,4,1.0,0.0,0.0,1.0,0.0,1.0,12,2,9,09/16/2024,2024-09-16,12:39:00
09/16/2024 10:05:00 AM,7.0,3,2,5,7,3,3,3,3,1,2,FAILING TO YIELD RIGHT-OF-WAY,2,2,0.0,0.0,0.0,0.0,0.0,5.0,10,2,9,09/16/2024,2024-09-16,10:05:00
09/16/2024 10:55:00 AM,5.0,3,2,6,5,3,3,6,2,1,4,UNABLE TO DETERMINE,2,2,0.0,0.0,0.0,0.0,0.0,2.0,10,2,9,09/16/2024,2024-09-16,10:55:00
09/16/2024 07:26:00 PM,5.0,3,2,13,2,3,3,3,3,1,2,FAILING TO YIELD RIGHT-OF-WAY,2,3,1.0,0.0,0.0,0.0,1.0,1.0,19,2,9,09/16/2024,2024-09-16,19:26:00
09/16/2024 01:10:00 AM,1.0,3,5,4,9,3,3,1,2,1,4,UNABLE TO DETERMINE,2,2,0.0,0.0,0.0,0.0,0.0,2.0,1,2,9,09/16/2024,2024-09-16,01:10:00
09/16/2024 07:40:00 PM,5.0,3,2,6,5,3,3,3,3,1,4,FAILING TO YIELD RIGHT-OF-WAY,2,4,1.0,0.0,0.0,1.0,0.0,1.0,19,2,9,09/16/2024,2024-09-16,19:40:00
09/16/2024 10:45:00 PM,3.0,3,5,5,16,3,3,3,2,0,4,UNABLE TO DETERMINE,2,2,0.0,0.0,0.0,0.0,0.0,2.0,22,2,9,09/16/2024,2024-09-16,22:45:00
09/16/2024 08:12:00 AM,5.0,3,2,3,6,3,3,3,3,1,4,UNABLE TO DETERMINE,2,2,0.0,0.0,0.0,0.0,0.0,2.0,8,2,9,09/16/2024,2024-09-16,08:12:00
09/16/2024 08:30:00 PM,7.0,3,6,4,5,3,3,1,3,1,4,FOLLOWING TOO CLOSELY,2,3,1.0,0.0,0.0,0.0,1.0,1.0,20,2,9,09/16/2024,2024-09-16,20:30:00
09/16/2024 08:56:00 AM,5.0,3,2,4,5,3,3,3,2,1,4,UNABLE TO DETERMINE,2,2,0.0,0.0,0.0,0.0,0.0,2.0,8,2,9,09/16/2024,2024-09-16,08:56:00
09/16/2024 08:02:00 AM,5.0,3,2,6,5,3,3,3,3,1,4,FAILING TO YIELD RIGHT-OF-WAY,2,4,1.0,0.0,0.0,1.0,0.0,1.0,8,2,9,09/16/2024,2024-09-16,08:02:00
09/16/2024 04:08:00 PM,5.0,3,2,5,5,3,3,3,3,1,4,UNABLE TO DETERMINE,2,4,2.0,0.0,0.0,1.0,1.0,3.0,16,2,9,09/16/2024,2024-09-16,16:08:00
09/16/2024 05:32:00 PM,7.0,3,2,14,7,3,3,3,2,1,4,"VISION OBSCURED (SIGNS, TREE LIMBS, BUILDINGS, ETC.)",2,2,0.0,0.0,0.0,0.0,0.0,3.0,17,2,9,09/16/2024,2024-09-16,17:32:00
09/16/2024 05:51:00 PM,5.0,3,2,3,6,3,3,3,2,1,4,UNABLE TO DETERMINE,2,2,0.0,0.0,0.0,0.0,0.0,3.0,17,2,9,09/16/2024,2024-09-16,17:51:00
09/16/2024 04:30:00 PM,5.0,3,5,6,10,3,3,3,3,1,4,DISREGARDING TRAFFIC SIGNALS,2,2,0.0,0.0,0.0,0.0,0.0,2.0,16,2,9,09/16/2024,2024-09-16,16:30:00
09/16/2024 01:07:00 AM,7.0,3,5,11,5,3,3,3,3,1,4,DISTRACTION - FROM OUTSIDE VEHICLE,2,2,0.0,0.0,0.0,0.0,0.0,1.0,1,2,9,09/16/2024,2024-09-16,01:07:00
09/16/2024 12:00:00 PM,5.0,3,2,6,4,3,3,1,3,1,4,NOT APPLICABLE,2,4,2.0,0.0,0.0,1.0,1.0,0.0,12,2,9,09/16/2024,2024-09-16,12:00:00
09/16/2024 11:11:00 PM,5.0,3,5,6,8,3,3,3,2,1,2,IMPROPER TURNING/NO SIGNAL,2,2,0.0,0.0,0.0,0.0,0.0,2.0,23,2,9,09/16/2024,2024-09-16,23:11:00
09/16/2024 06:00:00 PM,3.0,3,4,6,6,3,3,3,3,1,4,IMPROPER OVERTAKING/PASSING,2,2,0.0,0.0,0.0,0.0,0.0,2.0,18,2,9,09/16/2024,2024-09-16,18:00:00
09/16/2024 06:03:00 PM,7.0,3,2,5,13,3,3,3,2,1,4,FAILING TO YIELD RIGHT-OF-WAY,2,2,0.0,0.0,0.0,0.0,0.0,2.0,18,2,9,09/16/2024,2024-09-16,18:03:00
09/16/2024 02:48:00 PM,7.0,3,2,5,6,3,3,3,3,1,4,FAILING TO YIELD RIGHT-OF-WAY,2,2,0.0,0.0,0.0,0.0,0.0,2.0,14,2,9,09/16/2024,2024-09-16,14:48:00
09/16/2024 11:57:00 AM,5.0,3,2,4,3,6,3,3,3,1,4,DRIVING SKILLS/KNOWLEDGE/EXPERIENCE,2,2,0.0,0.0,0.0,0.0,0.0,3.0,11,2,9,09/16/2024,2024-09-16,11:57:00
09/16/2024 12:39:00 AM,5.0,3,5,5,5,3,3,1,2,1,4,UNABLE TO DETERMINE,2,2,0.0,0.0,0.0,0.0,0.0,2.0,0,2,9,09/16/2024,2024-09-16,00:39:00
09/16/2024 07:00:00 AM,5.0,3,2,6,5,3,3,3,3,1,4,FAILING TO YIELD RIGHT-OF-WAY,2,2,0.0,0.0,0.0,0.0,0.0,3.0,7,2,9,09/16/2024,2024-09-16,07:00:00
09/16/2024 07:30:00 AM,3.0,3,2,5,6,3,3,3,2,1,4,UNABLE TO DETERMINE,2,2,0.0,0.0,0.0,0.0,0.0,2.0,7,2,9,09/16/2024,2024-09-16,07:30:00
09/16/2024 10:30:00 AM,5.0,3,2,4,5,3,3,1,2,1,4,UNABLE TO DETERMINE,2,2,0.0,0.0,0.0,0.0,0.0,2.0,10,2,9,09/16/2024,2024-09-16,10:30:00
09/16/2024 05:00:00 PM,7.0,3,2,5,5,3,3,3,3,1,4,UNABLE TO DETERMINE,2,4,2.0,0.0,0.0,2.0,0.0,2.0,17,2,9,09/16/2024,2024-09-16,17:00:00
09/16/2024 07:00:00 AM,5.0,3,2,14,4,3,3,3,3,1,4,FOLLOWING TOO CLOSELY,2,4,1.0,0.0,0.0,1.0,0.0,1.0,7,2,9,09/16/2024,2024-09-16,07:00:00
09/16/2024 05:00:00 PM,3.0,3,2,13,6,3,3,3,3,1,4,FAILING TO YIELD RIGHT-OF-WAY,2,4,1.0,0.0,0.0,1.0,0.0,1.0,17,2,9,09/16/2024,2024-09-16,17:00:00
09/19/2024 04:30:00 PM,5.0,3,2,6,6,3,3,3,3,1,4,IMPROPER TURNING/NO SIGNAL,2,3,1.0,0.0,0.0,0.0,1.0,1.0,16,5,9,09/19/2024,2024-09-19,16:30:00
10/01/2024 05:06:00 PM,5.0,3,2,14,5,3,3,3,3,1,3,FAILING TO YIELD RIGHT-OF-WAY,2,4,2.0,0.0,0.0,2.0,0.0,0.0,17,3,10,10/01/2024,2024-10-01,17:06:00
10/01/2024 05:00:00 PM,7.0,3,2,2,6,3,3,3,2,1,4,UNABLE TO DETERMINE,2,2,0.0,0.0,0.0,0.0,0.0,2.0,17,3,10,10/01/2024,2024-10-01,17:00:00
09/16/2024 12:04:00 PM,7.0,3,2,14,5,3,3,3,3,1,2,UNABLE TO DETERMINE,2,4,1.0,0.0,0.0,1.0,0.0,1.0,12,2,9,09/16/2024,2024-09-16,12:04:00
10/02/2024 01:30:00 AM,5.0,3,5,4,4,3,1,1,2,0,4,FOLLOWING TOO CLOSELY,2,2,0.0,0.0,0.0,0.0,0.0,3.0,1,4,10,10/02/2024,2024-10-02,01:30:00
09/29/2024 06:10:00 PM,5.0,3,2,6,6,3,3,3,2,1,4,IMPROPER TURNING/NO SIGNAL,2,2,0.0,0.0,0.0,0.0,0.0,2.0,18,1,9,09/29/2024,2024-09-29,18:10:00
09/30/2024 04:52:00 PM,7.0,3,2,5,5,3,3,3,2,1,4,DRIVING SKILLS/KNOWLEDGE/EXPERIENCE,2,2,0.0,0.0,0.0,0.0,0.0,2.0,16,2,9,09/30/2024,2024-09-30,16:52:00
09/30/2024 07:10:00 PM,5.0,3,2,4,5,3,3,1,3,1,4,FAILING TO YIELD RIGHT-OF-WAY,2,3,1.0,0.0,0.0,0.0,1.0,1.0,19,2,9,09/30/2024,2024-09-30,19:10:00
09/30/2024 11:52:00 PM,3.0,3,6,6,5,3,3,3,2,1,4,NOT APPLICABLE,2,2,0.0,0.0,0.0,0.0,0.0,2.0,23,2,9,09/30/2024,2024-09-30,23:52:00
09/30/2024 09:43:00 AM,5.0,3,2,5,5,3,3,3,3,1,4,FAILING TO REDUCE SPEED TO AVOID CRASH,2,3,1.0,0.0,0.0,0.0,1.0,1.0,9,2,9,09/30/2024,2024-09-30,09:43:00
10/01/2024 05:26:00 PM,3.0,3,2,5,5,3,3,3,3,1,4,FAILING TO YIELD RIGHT-OF-WAY,2,2,0.0,0.0,0.0,0.0,0.0,2.0,17,3,10,10/01/2024,2024-10-01,17:26:00
10/01/2024 02:50:00 PM,5.0,3,2,3,6,3,3,3,3,1,4,IMPROPER OVERTAKING/PASSING,2,4,1.0,0.0,0.0,1.0,0.0,1.0,14,3,10,10/01/2024,2024-10-01,14:50:00
10/01/2024 07:27:00 PM,3.0,3,5,5,4,3,3,1,2,1,4,FAILING TO YIELD RIGHT-OF-WAY,2,2,0.0,0.0,0.0,0.0,0.0,2.0,19,3,10,10/01/2024,2024-10-01,19:27:00
10/01/2024 03:40:00 PM,3.0,3,2,6,7,3,3,3,2,1,3,UNABLE TO DETERMINE,2,2,0.0,0.0,0.0,0.0,0.0,2.0,15,3,10,10/01/2024,2024-10-01,15:40:00
09/26/2024 02:03:00 PM,5.0,3,2,4,5,3,3,3,2,1,3,FAILING TO REDUCE SPEED TO AVOID CRASH,2,2,0.0,0.0,0.0,0.0,0.0,2.0,14,5,9,09/26/2024,2024-09-26,14:03:00
09/30/2024 11:47:00 AM,7.0,3,2,5,5,3,3,3,3,1,4,FAILING TO YIELD RIGHT-OF-WAY,2,4,1.0,0.0,0.0,1.0,0.0,2.0,11,2,9,09/30/2024,2024-09-30,11:47:00
10/01/2024 01:52:00 PM,6.0,3,2,4,5,3,3,3,3,1,3,FOLLOWING TOO CLOSELY,2,4,1.0,0.0,0.0,1.0,0.0,1.0,13,3,10,10/01/2024,2024-10-01,13:52:00
09/30/2024 06:05:00 PM,1.0,3,2,3,6,3,1,1,2,1,3,DRIVING SKILLS/KNOWLEDGE/EXPERIENCE,2,2,0.0,0.0,0.0,0.0,0.0,2.0,18,2,9,09/30/2024,2024-09-30,18:05:00
10/02/2024 12:01:00 AM,1.0,3,5,5,3,3,3,1,3,1,4,UNABLE TO DETERMINE,2,2,0.0,0.0,0.0,0.0,0.0,2.0,0,4,10,10/02/2024,2024-10-02,00:01:00
10/01/2024 03:19:00 PM,5.0,3,2,5,6,3,3,3,2,1,4,DISREGARDING TRAFFIC SIGNALS,2,2,0.0,0.0,0.0,0.0,0.0,2.0,15,3,10,10/01/2024,2024-10-01,15:19:00
10/01/2024 04:15:00 PM,7.0,3,2,6,5,3,3,3,2,1,4,UNABLE TO DETERMINE,2,2,0.0,0.0,0.0,0.0,0.0,3.0,16,3,10,10/01/2024,2024-10-01,16:15:00
10/01/2024 06:18:00 PM,7.0,3,4,6,5,3,3,3,2,1,3,FAILING TO YIELD RIGHT-OF-WAY,2,2,0.0,0.0,0.0,0.0,0.0,2.0,18,3,10,10/01/2024,2024-10-01,18:18:00
09/30/2024 11:30:00 AM,5.0,3,2,6,5,3,3,3,2,1,4,UNABLE TO DETERMINE,2,2,0.0,0.0,0.0,0.0,0.0,3.0,11,2,9,09/30/2024,2024-09-30,11:30:00
09/30/2024 06:46:00 PM,5.0,3,5,7,5,3,3,3,2,1,4,FAILING TO YIELD RIGHT-OF-WAY,2,2,0.0,0.0,0.0,0.0,0.0,2.0,18,2,9,09/30/2024,2024-09-30,18:46:00
09/29/2024 02:19:00 AM,5.0,3,5,6,13,3,3,1,2,1,4,IMPROPER TURNING/NO SIGNAL,2,2,0.0,0.0,0.0,0.0,0.0,2.0,2,1,9,09/29/2024,2024-09-29,02:19:00
10/01/2024 09:20:00 AM,7.0,3,2,6,6,3,3,3,3,1,4,"VISION OBSCURED (SIGNS, TREE LIMBS, BUILDINGS, ETC.)",2,4,1.0,0.0,0.0,1.0,0.0,1.0,9,3,10,10/01/2024,2024-10-01,09:20:00
10/01/2024 12:47:00 PM,5.0,3,2,3,3,3,3,3,2,1,2,UNABLE TO DETERMINE,2,2,0.0,0.0,0.0,0.0,0.0,2.0,12,3,10,10/01/2024,2024-10-01,12:47:00
09/26/2024 02:34:00 PM,7.0,3,2,6,6,3,3,3,3,1,3,FAILING TO YIELD RIGHT-OF-WAY,2,3,1.0,0.0,0.0,0.0,1.0,2.0,14,5,9,09/26/2024,2024-09-26,14:34:00
10/01/2024 05:49:00 PM,5.0,3,2,5,6,3,3,3,2,1,4,DISREGARDING TRAFFIC SIGNALS,2,2,0.0,0.0,0.0,0.0,0.0,6.0,17,3,10,10/01/2024,2024-10-01,17:49:00
10/01/2024 04:05:00 PM,7.0,3,2,6,5,3,3,3,2,1,3,FAILING TO YIELD RIGHT-OF-WAY,2,2,0.0,0.0,0.0,0.0,0.0,4.0,16,3,10,10/01/2024,2024-10-01,16:05:00
09/30/2024 08:40:00 PM,5.0,3,5,3,5,3,3,3,2,1,3,UNABLE TO DETERMINE,2,2,0.0,0.0,0.0,0.0,0.0,2.0,20,2,9,09/30/2024,2024-09-30,20:40:00
10/01/2024 05:30:00 PM,5.0,3,2,6,5,3,3,3,2,1,4,IMPROPER TURNING/NO SIGNAL,2,2,0.0,0.0,0.0,0.0,0.0,2.0,17,3,10,10/01/2024,2024-10-01,17:30:00
09/17/2024 02:30:00 PM,5.0,3,2,3,5,3,3,3,2,1,4,UNABLE TO DETERMINE,2,2,0.0,0.0,0.0,0.0,0.0,2.0,14,3,9,09/17/2024,2024-09-17,14:30:00
09/17/2024 04:20:00 PM,5.0,3,2,6,5,3,3,3,3,1,4,UNABLE TO DETERMINE,2,3,1.0,0.0,0.0,0.0,1.0,3.0,16,3,9,09/17/2024,2024-09-17,16:20:00
09/17/2024 06:06:00 PM,3.0,3,5,14,5,3,3,1,3,1,2,FAILING TO YIELD RIGHT-OF-WAY,2,4,1.0,0.0,0.0,1.0,0.0,2.0,18,3,9,09/17/2024,2024-09-17,18:06:00
09/17/2024 07:17:00 AM,7.0,3,2,13,6,3,3,3,3,1,2,UNABLE TO DETERMINE,2,3,1.0,0.0,0.0,0.0,1.0,1.0,7,3,9,09/17/2024,2024-09-17,07:17:00
09/17/2024 06:14:00 AM,5.0,3,3,5,4,3,3,3,2,1,4,UNABLE TO DETERMINE,2,2,0.0,0.0,0.0,0.0,0.0,2.0,6,3,9,09/17/2024,2024-09-17,06:14:00
09/17/2024 04:55:00 PM,3.0,3,2,5,5,3,3,1,2,1,3,FAILING TO YIELD RIGHT-OF-WAY,2,2,0.0,0.0,0.0,0.0,0.0,3.0,16,3,9,09/17/2024,2024-09-17,16:55:00
09/17/2024 08:36:00 AM,3.0,3,2,6,5,3,3,3,3,1,4,FAILING TO YIELD RIGHT-OF-WAY,2,3,1.0,0.0,0.0,0.0,1.0,1.0,8,3,9,09/17/2024,2024-09-17,08:36:00
09/17/2024 07:34:00 AM,3.0,3,2,6,6,3,3,3,2,1,3,IMPROPER OVERTAKING/PASSING,2,2,0.0,0.0,0.0,0.0,0.0,2.0,7,3,9,09/17/2024,2024-09-17,07:34:00
09/17/2024 01:44:00 PM,3.0,3,2,5,7,3,3,3,2,1,4,FAILING TO YIELD RIGHT-OF-WAY,2,2,0.0,0.0,0.0,0.0,0.0,2.0,13,3,9,09/17/2024,2024-09-17,13:44:00
09/17/2024 11:30:00 PM,5.0,3,5,6,5,3,3,3,2,1,4,IMPROPER TURNING/NO SIGNAL,2,2,0.0,0.0,0.0,0.0,0.0,2.0,23,3,9,09/17/2024,2024-09-17,23:30:00
09/17/2024 04:40:00 PM,3.0,3,2,6,4,3,3,3,3,1,4,IMPROPER OVERTAKING/PASSING,2,3,1.0,0.0,0.0,0.0,1.0,2.0,16,3,9,09/17/2024,2024-09-17,16:40:00
09/17/2024 04:30:00 PM,7.0,3,2,6,6,3,3,1,2,1,4,FAILING TO YIELD RIGHT-OF-WAY,2,2,0.0,0.0,0.0,0.0,0.0,2.0,16,3,9,09/17/2024,2024-09-17,16:30:00
09/17/2024 01:00:00 PM,3.0,3,2,11,7,3,3,3,3,1,4,UNABLE TO DETERMINE,2,2,0.0,0.0,0.0,0.0,0.0,1.0,13,3,9,09/17/2024,2024-09-17,13:00:00
09/17/2024 03:15:00 PM,5.0,3,2,4,6,3,3,3,2,1,4,FAILING TO YIELD RIGHT-OF-WAY,2,2,0.0,0.0,0.0,0.0,0.0,2.0,15,3,9,09/17/2024,2024-09-17,15:15:00
09/17/2024 05:40:00 PM,5.0,3,2,6,7,3,3,3,2,1,4,IMPROPER TURNING/NO SIGNAL,2,2,0.0,0.0,0.0,0.0,0.0,2.0,17,3,9,09/17/2024,2024-09-17,17:40:00
09/17/2024 03:50:00 PM,7.0,3,2,5,4,3,3,3,2,0,4,FAILING TO YIELD RIGHT-OF-WAY,2,2,0.0,0.0,0.0,0.0,0.0,5.0,15,3,9,09/17/2024,2024-09-17,15:50:00
09/17/2024 01:42:00 PM,5.0,3,2,6,6,3,3,3,3,1,2,FAILING TO YIELD RIGHT-OF-WAY,2,4,1.0,0.0,0.0,1.0,0.0,1.0,13,3,9,09/17/2024,2024-09-17,13:42:00
09/17/2024 02:00:00 PM,5.0,3,2,3,6,3,3,3,2,1,4,FOLLOWING TOO CLOSELY,2,2,0.0,0.0,0.0,0.0,0.0,2.0,14,3,9,09/17/2024,2024-09-17,14:00:00
09/17/2024 11:52:00 AM,5.0,3,2,4,10,3,3,3,2,1,4,FOLLOWING TOO CLOSELY,2,2,0.0,0.0,0.0,0.0,0.0,2.0,11,3,9,09/17/2024,2024-09-17,11:52:00
09/17/2024 01:43:00 PM,3.0,3,2,6,10,3,3,3,2,1,4,FAILING TO YIELD RIGHT-OF-WAY,2,2,0.0,0.0,0.0,0.0,0.0,2.0,13,3,9,09/17/2024,2024-09-17,13:43:00
09/17/2024 08:10:00 AM,7.0,3,2,13,6,3,3,3,3,1,2,DISREGARDING STOP SIGN,2,5,1.0,0.0,1.0,0.0,0.0,1.0,8,3,9,09/17/2024,2024-09-17,08:10:00
09/17/2024 08:15:00 AM,5.0,3,2,3,10,3,3,3,2,1,4,FAILING TO YIELD RIGHT-OF-WAY,2,2,0.0,0.0,0.0,0.0,0.0,3.0,8,3,9,09/17/2024,2024-09-17,08:15:00
09/17/2024 11:42:00 AM,7.0,3,2,5,5,3,3,3,3,1,4,FAILING TO YIELD RIGHT-OF-WAY,2,3,1.0,0.0,0.0,0.0,1.0,1.0,11,3,9,09/17/2024,2024-09-17,11:42:00
09/17/2024 02:27:00 PM,5.0,3,2,4,6,3,3,3,2,1,4,FOLLOWING TOO CLOSELY,2,2,0.0,0.0,0.0,0.0,0.0,5.0,14,3,9,09/17/2024,2024-09-17,14:27:00
09/17/2024 03:36:00 PM,7.0,3,2,4,5,3,3,1,2,1,3,UNABLE TO DETERMINE,2,2,0.0,0.0,0.0,0.0,0.0,3.0,15,3,9,09/17/2024,2024-09-17,15:36:00
09/21/2024 07:00:00 PM,3.0,3,5,6,5,3,3,3,3,1,4,IMPROPER TURNING/NO SIGNAL,2,3,2.0,0.0,0.0,0.0,2.0,1.0,19,7,9,09/21/2024,2024-09-21,19:00:00
09/17/2024 04:50:00 PM,5.0,3,2,4,5,3,3,3,3,1,4,FOLLOWING TOO CLOSELY,2,3,1.0,0.0,0.0,0.0,1.0,1.0,16,3,9,09/17/2024,2024-09-17,16:50:00
10/02/2024 08:02:00 AM,7.0,3,2,11,10,3,3,3,2,1,4,NOT APPLICABLE,2,2,0.0,0.0,0.0,0.0,0.0,8.0,8,4,10,10/02/2024,2024-10-02,08:02:00
10/02/2024 02:00:00 PM,5.0,3,2,6,5,3,3,7,2,1,4,IMPROPER OVERTAKING/PASSING,2,2,0.0,0.0,0.0,0.0,0.0,2.0,14,4,10,10/02/2024,2024-10-02,14:00:00
10/01/2024 07:30:00 PM,3.0,3,2,10,6,3,3,3,2,1,4,UNABLE TO DETERMINE,2,2,0.0,0.0,0.0,0.0,0.0,2.0,19,3,10,10/01/2024,2024-10-01,19:30:00
10/01/2024 10:09:00 AM,5.0,3,2,11,6,3,3,3,2,1,4,NOT APPLICABLE,2,2,0.0,0.0,0.0,0.0,0.0,1.0,10,3,10,10/01/2024,2024-10-01,10:09:00
10/02/2024 10:30:00 AM,5.0,3,2,4,4,3,3,3,2,1,4,FOLLOWING TOO CLOSELY,2,2,0.0,0.0,0.0,0.0,0.0,2.0,10,4,10,10/02/2024,2024-10-02,10:30:00
10/02/2024 07:25:00 AM,5.0,3,2,4,10,3,3,3,2,1,4,FOLLOWING TOO CLOSELY,2,2,0.0,0.0,0.0,0.0,0.0,2.0,7,4,10,10/02/2024,2024-10-02,07:25:00
09/28/2024 07:00:00 PM,5.0,3,2,6,5,3,3,3,2,1,4,FAILING TO YIELD RIGHT-OF-WAY,2,2,0.0,0.0,0.0,0.0,0.0,2.0,19,7,9,09/28/2024,2024-09-28,19:00:00
10/02/2024 09:22:00 AM,7.0,3,2,5,10,3,3,3,3,1,4,UNABLE TO DETERMINE,2,3,1.0,0.0,0.0,0.0,1.0,2.0,9,4,10,10/02/2024,2024-10-02,09:22:00
10/01/2024 04:25:00 PM,5.0,3,2,6,6,3,3,3,3,1,4,IMPROPER TURNING/NO SIGNAL,2,3,2.0,0.0,0.0,0.0,2.0,0.0,16,3,10,10/01/2024,2024-10-01,16:25:00
10/02/2024 03:41:00 AM,5.0,3,5,5,7,3,3,3,3,1,4,DISREGARDING TRAFFIC SIGNALS,2,5,2.0,0.0,1.0,1.0,0.0,0.0,3,4,10,10/02/2024,2024-10-02,03:41:00
10/02/2024 03:20:00 PM,3.0,3,2,10,16,3,3,3,2,1,4,FOLLOWING TOO CLOSELY,2,2,0.0,0.0,0.0,0.0,0.0,2.0,15,4,10,10/02/2024,2024-10-02,15:20:00
10/02/2024 08:46:00 AM,5.0,3,2,6,6,3,3,3,3,1,4,FAILING TO YIELD RIGHT-OF-WAY,2,5,2.0,0.0,1.0,1.0,0.0,0.0,8,4,10,10/02/2024,2024-10-02,08:46:00
10/03/2024 12:15:00 AM,1.0,3,5,6,5,3,3,1,2,1,4,IMPROPER OVERTAKING/PASSING,2,2,0.0,0.0,0.0,0.0,0.0,2.0,0,5,10,10/03/2024,2024-10-03,00:15:00
09/30/2024 09:41:00 AM,5.0,3,2,5,5,3,3,3,3,1,4,DISREGARDING TRAFFIC SIGNALS,2,4,1.0,0.0,0.0,1.0,0.0,1.0,9,2,9,09/30/2024,2024-09-30,09:41:00
10/02/2024 08:53:00 AM,3.0,3,2,5,6,3,3,3,2,1,4,FAILING TO YIELD RIGHT-OF-WAY,2,2,0.0,0.0,0.0,0.0,0.0,3.0,8,4,10,10/02/2024,2024-10-02,08:53:00
10/02/2024 10:42:00 AM,5.0,3,2,4,7,3,3,3,2,1,4,UNABLE TO DETERMINE,2,2,0.0,0.0,0.0,0.0,0.0,2.0,10,4,10,10/02/2024,2024-10-02,10:42:00
09/28/2024 04:00:00 PM,5.0,3,2,5,7,3,3,3,2,1,4,DISREGARDING TRAFFIC SIGNALS,2,2,0.0,0.0,0.0,0.0,0.0,2.0,16,7,9,09/28/2024,2024-09-28,16:00:00
10/02/2024 06:00:00 AM,5.0,3,3,6,10,3,3,3,2,1,4,IMPROPER TURNING/NO SIGNAL,2,2,0.0,0.0,0.0,0.0,0.0,2.0,6,4,10,10/02/2024,2024-10-02,06:00:00
10/02/2024 07:18:00 AM,5.0,3,2,6,5,3,3,3,3,1,4,UNDER THE INFLUENCE OF ALCOHOL/DRUGS (USE WHEN ARREST IS EFFECTED),2,4,1.0,0.0,0.0,1.0,0.0,1.0,7,4,10,10/02/2024,2024-10-02,07:18:00
10/02/2024 03:38:00 PM,5.0,3,2,6,6,3,3,3,3,1,4,UNABLE TO DETERMINE,2,2,0.0,0.0,0.0,0.0,0.0,2.0,15,4,10,10/02/2024,2024-10-02,15:38:00
10/02/2024 04:05:00 PM,7.0,3,2,5,5,3,3,3,3,1,4,FAILING TO YIELD RIGHT-OF-WAY,2,4,2.0,0.0,0.0,2.0,0.0,1.0,16,4,10,10/02/2024,2024-10-02,16:05:00
10/03/2024 12:26:00 AM,1.0,3,4,5,5,3,3,1,3,1,4,UNABLE TO DETERMINE,2,4,1.0,0.0,0.0,1.0,0.0,2.0,0,5,10,10/03/2024,2024-10-03,00:26:00