crash_date,traffic_control_device,weather_condition,lighting_condition,first_crash_type,trafficway_type,alignment,roadway_surface_cond,road_defect,crash_type,intersection_related_i,damage,prim_contributory_cause,num_units,most_severe_injury,injuries_total,injuries_fatal,injuries_incapacitating,injuries_non_incapacitating,injuries_reported_not_evident,injuries_no_indication,crash_hour,crash_day_of_week,crash_month,parsed_datetime,date,time
09/30/2024 11:50:00 PM,5.0,3,2,3,5,3,3,1,2,1,4,FAILING TO YIELD RIGHT-OF-WAY,2,2,0.0,0.0,0.0,0.0,0.0,3.0,23,2,9,09/30/2024,2024-09-30,23:50:00
10/02/2024 08:00:00 AM,5.0,3,2,6,5,3,3,3,2,1,4,IMPROPER TURNING/NO SIGNAL,2,2,0.0,0.0,0.0,0.0,0.0,3.0,8,4,10,10/02/2024,2024-10-02,08:00:00
09/30/2024 06:11:00 PM,5.0,3,3,3,3,3,3,3,2,1,3,FOLLOWING TOO CLOSELY,2,2,0.0,0.0,0.0,0.0,0.0,2.0,18,2,9,09/30/2024,2024-09-30,18:11:00
10/02/2024 03:20:00 PM,7.0,3,2,6,5,3,3,3,2,1,4,FAILING TO YIELD RIGHT-OF-WAY,2,2,0.0,0.0,0.0,0.0,0.0,2.0,15,4,10,10/02/2024,2024-10-02,15:20:00
09/24/2024 06:15:00 PM,5.0,5,4,6,7,3,4,3,2,1,3,IMPROPER LANE USAGE,2,2,0.0,0.0,0.0,0.0,0.0,3.0,18,3,9,09/24/2024,2024-09-24,18:15:00
10/02/2024 02:45:00 PM,5.0,3,2,6,5,3,3,3,2,1,4,UNABLE TO DETERMINE,2,2,0.0,0.0,0.0,0.0,0.0,5.0,14,4,10,10/02/2024,2024-10-02,14:45:00
10/02/2024 04:00:00 PM,5.0,3,2,4,4,3,3,3,2,0,4,FOLLOWING TOO CLOSELY,2,2,0.0,0.0,0.0,0.0,0.0,2.0,16,4,10,10/02/2024,2024-10-02,16:00:00
10/02/2024 04:30:00 PM,5.0,3,2,5,6,3,3,3,2,1,4,FAILING TO YIELD RIGHT-OF-WAY,2,2,0.0,0.0,0.0,0.0,0.0,2.0,16,4,10,10/02/2024,2024-10-02,16:30:00
09/18/2024 04:20:00 PM,5.0,3,2,3,6,3,3,1,2,1,3,FAILING TO YIELD RIGHT-OF-WAY,2,2,0.0,0.0,0.0,0.0,0.0,2.0,16,4,9,09/18/2024,2024-09-18,16:20:00
09/18/2024 07:55:00 AM,7.0,3,2,5,5,3,3,3,2,1,4,UNABLE TO DETERMINE,2,2,0.0,0.0,0.0,0.0,0.0,2.0,7,4,9,09/18/2024,2024-09-18,07:55:00
09/18/2024 06:50:00 AM,5.0,3,2,6,6,3,3,3,2,1,4,IMPROPER LANE USAGE,2,2,0.0,0.0,0.0,0.0,0.0,2.0,6,4,9,09/18/2024,2024-09-18,06:50:00
09/18/2024 07:50:00 PM,5.0,3,6,4,5,3,3,1,2,1,4,UNABLE TO DETERMINE,2,2,0.0,0.0,0.0,0.0,0.0,2.0,19,4,9,09/18/2024,2024-09-18,19:50:00
09/18/2024 11:07:00 PM,7.0,3,5,5,5,3,3,3,3,1,4,FAILING TO YIELD RIGHT-OF-WAY,2,2,0.0,0.0,0.0,0.0,0.0,5.0,23,4,9,09/18/2024,2024-09-18,23:07:00
09/18/2024 07:28:00 PM,7.0,3,5,6,4,3,3,3,3,1,4,FAILING TO YIELD RIGHT-OF-WAY,2,2,0.0,0.0,0.0,0.0,0.0,3.0,19,4,9,09/18/2024,2024-09-18,19:28:00
09/18/2024 02:55:00 PM,3.0,3,2,2,6,3,3,1,3,1,3,UNABLE TO DETERMINE,2,4,1.0,0.0,0.0,1.0,0.0,1.0,14,4,9,09/18/2024,2024-09-18,14:55:00
09/18/2024 10:33:00 AM,7.0,3,5,6,4,4,3,3,2,1,3,IMPROPER TURNING/NO SIGNAL,2,2,0.0,0.0,0.0,0.0,0.0,2.0,10,4,9,09/18/2024,2024-09-18,10:33:00
09/18/2024 09:20:00 PM,5.0,3,5,3,10,3,3,3,2,1,4,UNABLE TO DETERMINE,2,2,0.0,0.0,0.0,0.0,0.0,2.0,21,4,9,09/18/2024,2024-09-18,21:20:00
09/18/2024 08:00:00 PM,1.0,3,4,5,6,3,3,3,2,1,4,NOT APPLICABLE,2,2,0.0,0.0,0.0,0.0,0.0,3.0,20,4,9,09/18/2024,2024-09-18,20:00:00
09/18/2024 11:53:00 PM,7.0,3,5,10,5,3,3,3,3,1,4,DISTRACTION - FROM OUTSIDE VEHICLE,2,2,0.0,0.0,0.0,0.0,0.0,2.0,23,4,9,09/18/2024,2024-09-18,23:53:00
09/18/2024 08:35:00 PM,3.0,3,5,6,4,3,3,3,3,1,3,UNABLE TO DETERMINE,2,5,1.0,0.0,1.0,0.0,0.0,1.0,20,4,9,09/18/2024,2024-09-18,20:35:00
09/18/2024 03:13:00 PM,5.0,3,2,5,1,3,3,1,3,1,4,UNABLE TO DETERMINE,2,4,2.0,0.0,0.0,2.0,0.0,1.0,15,4,9,09/18/2024,2024-09-18,15:13:00
09/18/2024 08:00:00 PM,5.0,3,5,3,6,3,3,1,2,1,4,IMPROPER TURNING/NO SIGNAL,2,2,0.0,0.0,0.0,0.0,0.0,2.0,20,4,9,09/18/2024,2024-09-18,20:00:00
09/18/2024 01:23:00 PM,7.0,3,2,6,6,3,3,3,2,1,4,NOT APPLICABLE,2,2,0.0,0.0,0.0,0.0,0.0,2.0,13,4,9,09/18/2024,2024-09-18,13:23:00
09/18/2024 05:28:00 PM,5.0,3,2,3,6,3,3,3,2,1,4,UNABLE TO DETERMINE,2,2,0.0,0.0,0.0,0.0,0.0,2.0,17,4,9,09/18/2024,2024-09-18,17:28:00
09/18/2024 02:30:00 PM,5.0,3,2,4,6,3,3,3,2,1,4,FOLLOWING TOO CLOSELY,2,2,0.0,0.0,0.0,0.0,0.0,2.0,14,4,9,09/18/2024,2024-09-18,14:30:00
09/18/2024 09:50:00 AM,3.0,3,2,14,17,3,3,3,3,1,2,UNABLE TO DETERMINE,2,3,1.0,0.0,0.0,0.0,1.0,1.0,9,4,9,09/18/2024,2024-09-18,09:50:00
10/03/2024 03:55:00 PM,7.0,3,2,5,5,3,3,3,3,1,4,FAILING TO YIELD RIGHT-OF-WAY,2,2,0.0,0.0,0.0,0.0,0.0,5.0,15,5,10,10/03/2024,2024-10-03,15:55:00
09/24/2024 09:45:00 AM,5.0,3,2,4,10,3,3,1,2,1,3,NOT APPLICABLE,2,2,0.0,0.0,0.0,0.0,0.0,2.0,9,3,9,09/24/2024,2024-09-24,09:45:00
10/02/2024 08:00:00 AM,5.0,3,2,2,6,3,3,3,3,1,4,FOLLOWING TOO CLOSELY,2,3,1.0,0.0,0.0,0.0,1.0,1.0,8,4,10,10/02/2024,2024-10-02,08:00:00
09/28/2024 12:45:00 AM,5.0,3,5,14,5,3,1,1,2,1,2,DISREGARDING TRAFFIC SIGNALS,2,2,0.0,0.0,0.0,0.0,0.0,2.0,0,7,9,09/28/2024,2024-09-28,00:45:00
10/03/2024 07:20:00 AM,7.0,3,2,13,5,3,3,3,3,1,2,UNABLE TO DETERMINE,2,3,1.0,0.0,0.0,0.0,1.0,1.0,7,5,10,10/03/2024,2024-10-03,07:20:00
10/02/2024 08:46:00 AM,7.0,3,2,5,6,3,3,3,3,1,4,FAILING TO YIELD RIGHT-OF-WAY,2,2,0.0,0.0,0.0,0.0,0.0,2.0,8,4,10,10/02/2024,2024-10-02,08:46:00
10/03/2024 04:40:00 PM,7.0,3,2,3,1,3,3,3,2,1,4,UNABLE TO DETERMINE,2,2,0.0,0.0,0.0,0.0,0.0,2.0,16,5,10,10/03/2024,2024-10-03,16:40:00
10/01/2024 12:00:00 PM,7.0,3,2,6,6,3,3,3,3,1,4,IMPROPER TURNING/NO SIGNAL,2,2,0.0,0.0,0.0,0.0,0.0,2.0,12,3,10,10/01/2024,2024-10-01,12:00:00
10/02/2024 04:40:00 PM,7.0,3,2,3,7,3,3,3,3,1,4,UNABLE TO DETERMINE,2,3,2.0,0.0,0.0,0.0,2.0,1.0,16,4,10,10/02/2024,2024-10-02,16:40:00
10/03/2024 04:45:00 PM,5.0,3,2,6,5,3,3,1,3,1,4,FAILING TO YIELD RIGHT-OF-WAY,2,3,1.0,0.0,0.0,0.0,1.0,1.0,16,5,10,10/03/2024,2024-10-03,16:45:00
10/03/2024 06:29:00 PM,5.0,3,2,6,6,3,3,3,2,1,3,UNABLE TO DETERMINE,2,2,0.0,0.0,0.0,0.0,0.0,2.0,18,5,10,10/03/2024,2024-10-03,18:29:00
09/27/2024 07:30:00 AM,3.0,3,2,3,12,3,3,1,2,1,4,UNABLE TO DETERMINE,2,2,0.0,0.0,0.0,0.0,0.0,2.0,7,6,9,09/27/2024,2024-09-27,07:30:00
10/03/2024 06:00:00 PM,3.0,3,2,4,6,3,3,3,2,0,4,FAILING TO YIELD RIGHT-OF-WAY,2,2,0.0,0.0,0.0,0.0,0.0,4.0,18,5,10,10/03/2024,2024-10-03,18:00:00
10/03/2024 08:10:00 AM,7.0,3,2,3,7,3,3,3,2,1,4,IMPROPER LANE USAGE,2,2,0.0,0.0,0.0,0.0,0.0,2.0,8,5,10,10/03/2024,2024-10-03,08:10:00
10/03/2024 08:15:00 AM,5.0,3,2,6,6,3,3,3,2,1,2,IMPROPER TURNING/NO SIGNAL,2,2,0.0,0.0,0.0,0.0,0.0,3.0,8,5,10,10/03/2024,2024-10-03,08:15:00
10/03/2024 10:41:00 AM,5.0,3,2,6,7,3,3,3,2,1,4,UNABLE TO DETERMINE,2,2,0.0,0.0,0.0,0.0,0.0,3.0,10,5,10,10/03/2024,2024-10-03,10:41:00
10/03/2024 10:47:00 AM,7.0,3,2,5,6,3,3,1,3,1,4,FAILING TO YIELD RIGHT-OF-WAY,2,3,2.0,0.0,0.0,0.0,2.0,0.0,10,5,10,10/03/2024,2024-10-03,10:47:00
10/02/2024 10:43:00 PM,5.0,3,5,4,5,3,3,1,2,1,3,UNABLE TO DETERMINE,2,2,0.0,0.0,0.0,0.0,0.0,2.0,22,4,10,10/02/2024,2024-10-02,22:43:00
09/25/2024 06:05:00 PM,3.0,3,2,6,6,3,1,1,3,1,4,UNABLE TO DETERMINE,2,4,1.0,0.0,0.0,1.0,0.0,1.0,18,4,9,09/25/2024,2024-09-25,18:05:00
10/02/2024 04:40:00 PM,5.0,3,2,6,6,3,3,3,2,1,4,FAILING TO REDUCE SPEED TO AVOID CRASH,2,2,0.0,0.0,0.0,0.0,0.0,2.0,16,4,10,10/02/2024,2024-10-02,16:40:00
09/28/2024 10:37:00 AM,7.0,5,2,6,4,3,4,3,3,1,4,FAILING TO YIELD RIGHT-OF-WAY,2,2,0.0,0.0,0.0,0.0,0.0,2.0,10,7,9,09/28/2024,2024-09-28,10:37:00
10/02/2024 08:10:00 PM,5.0,3,6,4,4,3,3,3,2,1,4,FOLLOWING TOO CLOSELY,2,2,0.0,0.0,0.0,0.0,0.0,2.0,20,4,10,10/02/2024,2024-10-02,20:10:00
10/03/2024 08:46:00 AM,5.0,3,2,6,14,3,3,3,2,1,4,IMPROPER TURNING/NO SIGNAL,2,2,0.0,0.0,0.0,0.0,0.0,2.0,8,5,10,10/03/2024,2024-10-03,08:46:00
10/03/2024 08:00:00 AM,7.0,3,2,6,1,3,3,1,2,1,4,UNABLE TO DETERMINE,2,2,0.0,0.0,0.0,0.0,0.0,2.0,8,5,10,10/03/2024,2024-10-03,08:00:00
10/03/2024 05:26:00 PM,5.0,3,2,5,6,3,3,3,3,1,4,DISREGARDING TRAFFIC SIGNALS,2,2,0.0,0.0,0.0,0.0,0.0,4.0,17,5,10,10/03/2024,2024-10-03,17:26:00
10/02/2024 06:37:00 PM,5.0,3,2,3,6,3,3,1,2,1,4,FAILING TO YIELD RIGHT-OF-WAY,2,2,0.0,0.0,0.0,0.0,0.0,2.0,18,4,10,10/02/2024,2024-10-02,18:37:00
10/02/2024 02:20:00 PM,5.0,3,2,6,5,3,3,3,3,1,4,DISREGARDING TRAFFIC SIGNALS,2,4,1.0,0.0,0.0,1.0,0.0,1.0,14,4,10,10/02/2024,2024-10-02,14:20:00
10/03/2024 03:25:00 PM,5.0,3,2,14,6,3,3,3,3,1,3,"VISION OBSCURED (SIGNS, TREE LIMBS, BUILDINGS, ETC.)",2,4,1.0,0.0,0.0,1.0,0.0,2.0,15,5,10,10/03/2024,2024-10-03,15:25:00
09/29/2024 02:30:00 AM,7.0,3,5,6,4,3,3,2,2,1,4,UNABLE TO DETERMINE,2,2,0.0,0.0,0.0,0.0,0.0,4.0,2,1,9,09/29/2024,2024-09-29,02:30:00
10/02/2024 06:49:00 PM,5.0,3,5,6,5,3,3,3,3,1,4,FAILING TO REDUCE SPEED TO AVOID CRASH,2,2,0.0,0.0,0.0,0.0,0.0,2.0,18,4,10,10/02/2024,2024-10-02,18:49:00
10/03/2024 04:22:00 PM,5.0,3,2,14,5,3,3,3,3,1,2,UNABLE TO DETERMINE,2,3,1.0,0.0,0.0,0.0,1.0,2.0,16,5,10,10/03/2024,2024-10-03,16:22:00
10/03/2024 09:29:00 AM,5.0,3,2,4,4,3,3,1,2,1,4,FAILING TO REDUCE SPEED TO AVOID CRASH,2,2,0.0,0.0,0.0,0.0,0.0,3.0,9,5,10,10/03/2024,2024-10-03,09:29:00
09/19/2024 09:45:00 AM,5.0,3,2,5,5,3,3,3,2,1,4,UNABLE TO DETERMINE,2,2,0.0,0.0,0.0,0.0,0.0,2.0,9,5,9,09/19/2024,2024-09-19,09:45:00
09/19/2024 05:55:00 AM,5.0,3,3,3,4,3,3,3,2,1,4,IMPROPER LANE USAGE,2,2,0.0,0.0,0.0,0.0,0.0,3.0,5,5,9,09/19/2024,2024-09-19,05:55:00
09/19/2024 08:30:00 PM,5.0,3,5,6,2,3,3,3,3,1,4,DISREGARDING TRAFFIC SIGNALS,2,2,0.0,0.0,0.0,0.0,0.0,2.0,20,5,9,09/19/2024,2024-09-19,20:30:00
09/19/2024 11:30:00 AM,3.0,3,2,6,7,3,3,3,2,0,4,"OPERATING VEHICLE IN ERRATIC, RECKLESS, CARELESS, NEGLIGENT OR AGGRESSIVE MANNER",2,2,0.0,0.0,0.0,0.0,0.0,2.0,11,5,9,09/19/2024,2024-09-19,11:30:00
09/19/2024 08:51:00 AM,7.0,3,2,5,6,3,3,3,3,1,4,FAILING TO REDUCE SPEED TO AVOID CRASH,2,4,1.0,0.0,0.0,1.0,0.0,1.0,8,5,9,09/19/2024,2024-09-19,08:51:00
09/19/2024 09:42:00 AM,5.0,3,2,6,9,3,3,1,2,1,4,FAILING TO YIELD RIGHT-OF-WAY,2,2,0.0,0.0,0.0,0.0,0.0,4.0,9,5,9,09/19/2024,2024-09-19,09:42:00
09/19/2024 09:40:00 AM,5.0,3,2,14,4,3,3,1,3,1,3,UNABLE TO DETERMINE,2,4,1.0,0.0,0.0,1.0,0.0,1.0,9,5,9,09/19/2024,2024-09-19,09:40:00
09/19/2024 08:13:00 PM,5.0,3,5,14,5,3,3,1,3,1,4,UNABLE TO DETERMINE,2,4,1.0,0.0,0.0,1.0,0.0,1.0,20,5,9,09/19/2024,2024-09-19,20:13:00
09/19/2024 12:55:00 PM,5.0,3,2,6,12,3,3,3,2,1,3,IMPROPER LANE USAGE,2,2,0.0,0.0,0.0,0.0,0.0,2.0,12,5,9,09/19/2024,2024-09-19,12:55:00
09/19/2024 12:36:00 PM,5.0,3,2,6,3,3,3,7,3,1,4,DRIVING SKILLS/KNOWLEDGE/EXPERIENCE,2,3,2.0,0.0,0.0,0.0,2.0,2.0,12,5,9,09/19/2024,2024-09-19,12:36:00
09/19/2024 03:37:00 PM,7.0,3,2,3,5,3,3,3,2,1,4,UNABLE TO DETERMINE,2,2,0.0,0.0,0.0,0.0,0.0,2.0,15,5,9,09/19/2024,2024-09-19,15:37:00
09/19/2024 02:50:00 PM,5.0,3,2,14,6,3,3,3,3,1,2,FAILING TO YIELD RIGHT-OF-WAY,2,4,1.0,0.0,0.0,1.0,0.0,1.0,14,5,9,09/19/2024,2024-09-19,14:50:00
09/19/2024 10:26:00 AM,5.0,3,2,5,5,3,3,3,3,1,4,DISREGARDING TRAFFIC SIGNALS,2,4,1.0,0.0,0.0,1.0,0.0,2.0,10,5,9,09/19/2024,2024-09-19,10:26:00
09/19/2024 09:30:00 AM,5.0,3,2,6,6,3,3,3,2,1,3,UNABLE TO DETERMINE,2,2,0.0,0.0,0.0,0.0,0.0,2.0,9,5,9,09/19/2024,2024-09-19,09:30:00
09/19/2024 03:35:00 PM,7.0,3,2,4,5,3,1,1,2,1,4,UNABLE TO DETERMINE,2,2,0.0,0.0,0.0,0.0,0.0,3.0,15,5,9,09/19/2024,2024-09-19,15:35:00
10/10/2024 03:12:00 PM,7.0,3,2,6,5,3,3,3,2,1,4,FAILING TO YIELD RIGHT-OF-WAY,2,2,0.0,0.0,0.0,0.0,0.0,4.0,15,5,10,10/10/2024,2024-10-10,15:12:00
09/19/2024 07:30:00 PM,5.0,3,2,6,5,3,3,3,3,1,4,IMPROPER TURNING/NO SIGNAL,2,2,0.0,0.0,0.0,0.0,0.0,2.0,19,5,9,09/19/2024,2024-09-19,19:30:00
09/19/2024 11:27:00 AM,7.0,3,2,13,6,3,3,3,3,1,2,UNABLE TO DETERMINE,2,4,1.0,0.0,0.0,1.0,0.0,1.0,11,5,9,09/19/2024,2024-09-19,11:27:00
09/19/2024 07:50:00 AM,5.0,3,2,4,5,3,3,1,2,1,4,NOT APPLICABLE,2,2,0.0,0.0,0.0,0.0,0.0,2.0,7,5,9,09/19/2024,2024-09-19,07:50:00
09/19/2024 07:27:00 AM,7.0,3,2,5,10,3,3,3,2,1,4,FAILING TO YIELD RIGHT-OF-WAY,2,2,0.0,0.0,0.0,0.0,0.0,2.0,7,5,9,09/19/2024,2024-09-19,07:27:00
10/11/2024 04:40:00 PM,7.0,3,2,13,10,3,3,3,3,0,4,FAILING TO YIELD RIGHT-OF-WAY,2,4,1.0,0.0,0.0,1.0,0.0,2.0,16,6,10,10/11/2024,2024-10-11,16:40:00
09/19/2024 11:49:00 AM,7.0,3,2,3,6,3,3,3,2,1,3,NOT APPLICABLE,2,2,0.0,0.0,0.0,0.0,0.0,2.0,11,5,9,09/19/2024,2024-09-19,11:49:00
09/19/2024 04:16:00 AM,5.0,3,5,13,5,3,3,3,3,1,4,FAILING TO YIELD RIGHT-OF-WAY,2,5,1.0,0.0,1.0,0.0,0.0,1.0,4,5,9,09/19/2024,2024-09-19,04:16:00
09/19/2024 10:00:00 PM,3.0,3,5,4,3,3,3,3,2,1,4,FOLLOWING TOO CLOSELY,2,2,0.0,0.0,0.0,0.0,0.0,3.0,22,5,9,09/19/2024,2024-09-19,22:00:00
09/19/2024 06:40:00 AM,5.0,3,2,13,6,3,3,3,3,1,2,UNABLE TO DETERMINE,2,3,1.0,0.0,0.0,0.0,1.0,1.0,6,5,9,09/19/2024,2024-09-19,06:40:00
09/19/2024 09:50:00 PM,5.0,3,2,5,10,3,1,1,2,0,4,UNABLE TO DETERMINE,2,2,0.0,0.0,0.0,0.0,0.0,2.0,21,5,9,09/19/2024,2024-09-19,21:50:00
09/19/2024 08:55:00 AM,5.0,3,2,4,5,3,3,3,2,1,4,FAILING TO REDUCE SPEED TO AVOID CRASH,2,2,0.0,0.0,0.0,0.0,0.0,2.0,8,5,9,09/19/2024,2024-09-19,08:55:00
09/19/2024 04:46:00 PM,7.0,3,2,5,5,3,3,3,2,1,4,FAILING TO YIELD RIGHT-OF-WAY,2,2,0.0,0.0,0.0,0.0,0.0,2.0,16,5,9,09/19/2024,2024-09-19,16:46:00
09/19/2024 08:30:00 PM,5.0,3,5,6,1,3,3,1,2,1,4,IMPROPER TURNING/NO SIGNAL,2,2,0.0,0.0,0.0,0.0,0.0,2.0,20,5,9,09/19/2024,2024-09-19,20:30:00
09/19/2024 08:00:00 AM,5.0,3,2,4,6,3,3,3,2,1,4,FOLLOWING TOO CLOSELY,2,2,0.0,0.0,0.0,0.0,0.0,2.0,8,5,9,09/19/2024,2024-09-19,08:00:00
09/19/2024 06:00:00 AM,5.0,3,2,13,5,3,3,3,3,1,4,DRIVING SKILLS/KNOWLEDGE/EXPERIENCE,2,5,1.0,0.0,1.0,0.0,0.0,1.0,6,5,9,09/19/2024,2024-09-19,06:00:00
09/19/2024 03:00:00 PM,5.0,3,2,11,5,3,3,7,2,1,4,DISTRACTION - FROM OUTSIDE VEHICLE,2,2,0.0,0.0,0.0,0.0,0.0,1.0,15,5,9,09/19/2024,2024-09-19,15:00:00
09/19/2024 08:29:00 AM,3.0,3,2,5,4,3,3,3,2,1,4,DRIVING SKILLS/KNOWLEDGE/EXPERIENCE,2,2,0.0,0.0,0.0,0.0,0.0,2.0,8,5,9,09/19/2024,2024-09-19,08:29:00
09/19/2024 07:30:00 PM,5.0,3,5,6,5,3,3,3,2,1,4,UNABLE TO DETERMINE,2,2,0.0,0.0,0.0,0.0,0.0,2.0,19,5,9,09/19/2024,2024-09-19,19:30:00
09/19/2024 11:04:00 AM,5.0,3,2,6,6,3,3,3,3,1,4,FAILING TO YIELD RIGHT-OF-WAY,2,3,1.0,0.0,0.0,0.0,1.0,1.0,11,5,9,09/19/2024,2024-09-19,11:04:00
09/19/2024 10:50:00 PM,5.0,3,5,14,5,3,3,1,3,1,2,TURNING RIGHT ON RED,2,4,1.0,0.0,0.0,1.0,0.0,1.0,22,5,9,09/19/2024,2024-09-19,22:50:00
09/19/2024 10:48:00 AM,3.0,3,2,7,5,3,3,1,2,1,4,IMPROPER BACKING,2,2,0.0,0.0,0.0,0.0,0.0,3.0,10,5,9,09/19/2024,2024-09-19,10:48:00
09/19/2024 04:45:00 PM,3.0,3,2,6,3,3,3,1,2,1,4,FAILING TO YIELD RIGHT-OF-WAY,2,2,0.0,0.0,0.0,0.0,0.0,2.0,16,5,9,09/19/2024,2024-09-19,16:45:00
09/19/2024 04:55:00 PM,7.0,3,2,6,5,3,3,3,2,1,4,UNABLE TO DETERMINE,2,2,0.0,0.0,0.0,0.0,0.0,2.0,16,5,9,09/19/2024,2024-09-19,16:55:00
09/19/2024 02:44:00 PM,7.0,3,2,5,7,3,3,3,3,1,4,IMPROPER OVERTAKING/PASSING,2,4,1.0,0.0,0.0,1.0,0.0,1.0,14,5,9,09/19/2024,2024-09-19,14:44:00
09/19/2024 07:15:00 AM,3.0,3,2,5,6,3,3,3,2,1,3,FAILING TO YIELD RIGHT-OF-WAY,2,2,0.0,0.0,0.0,0.0,0.0,2.0,7,5,9,09/19/2024,2024-09-19,07:15:00
09/19/2024 06:28:00 PM,3.0,3,2,6,6,3,3,3,3,1,4,FAILING TO YIELD RIGHT-OF-WAY,2,2,0.0,0.0,0.0,0.0,0.0,4.0,18,5,9,09/19/2024,2024-09-19,18:28:00
10/11/2024 09:36:00 AM,5.0,3,2,4,7,3,1,1,2,1,4,UNABLE TO DETERMINE,2,2,0.0,0.0,0.0,0.0,0.0,2.0,9,6,10,10/11/2024,2024-10-11,09:36:00
09/19/2024 07:24:00 AM,5.0,3,2,6,18,3,3,3,2,1,3,DRIVING SKILLS/KNOWLEDGE/EXPERIENCE,2,2,0.0,0.0,0.0,0.0,0.0,2.0,7,5,9,09/19/2024,2024-09-19,07:24:00
09/19/2024 09:20:00 PM,7.0,3,5,5,7,3,3,3,3,1,4,UNABLE TO DETERMINE,2,3,1.0,0.0,0.0,0.0,1.0,1.0,21,5,9,09/19/2024,2024-09-19,21:20:00
09/19/2024 06:01:00 AM,7.0,3,5,5,5,3,3,3,3,1,4,FAILING TO YIELD RIGHT-OF-WAY,2,2,0.0,0.0,0.0,0.0,0.0,2.0,6,5,9,09/19/2024,2024-09-19,06:01:00
09/19/2024 05:45:00 PM,5.0,3,2,14,5,3,3,1,3,1,4,DISREGARDING TRAFFIC SIGNALS,2,4,1.0,0.0,0.0,1.0,0.0,2.0,17,5,9,09/19/2024,2024-09-19,17:45:00
09/19/2024 07:41:00 PM,5.0,3,5,4,1,3,3,3,2,1,4,IMPROPER BACKING,2,2,0.0,0.0,0.0,0.0,0.0,2.0,19,5,9,09/19/2024,2024-09-19,19:41:00
09/19/2024 01:39:00 PM,5.0,3,2,9,5,3,3,1,2,1,4,DISREGARDING TRAFFIC SIGNALS,2,2,0.0,0.0,0.0,0.0,0.0,2.0,13,5,9,09/19/2024,2024-09-19,13:39:00
09/19/2024 05:10:00 PM,3.0,3,2,13,10,3,3,3,3,1,3,IMPROPER TURNING/NO SIGNAL,2,3,1.0,0.0,0.0,0.0,1.0,1.0,17,5,9,09/19/2024,2024-09-19,17:10:00
09/19/2024 07:30:00 AM,5.0,3,2,4,5,3,3,3,3,0,4,UNABLE TO DETERMINE,2,2,0.0,0.0,0.0,0.0,0.0,2.0,7,5,9,09/19/2024,2024-09-19,07:30:00
09/19/2024 06:11:00 PM,5.0,3,2,6,6,3,3,3,2,1,3,IMPROPER TURNING/NO SIGNAL,2,2,0.0,0.0,0.0,0.0,0.0,3.0,18,5,9,09/19/2024,2024-09-19,18:11:00
09/19/2024 05:56:00 PM,5.0,3,2,3,5,3,3,1,2,1,3,NOT APPLICABLE,2,2,0.0,0.0,0.0,0.0,0.0,2.0,17,5,9,09/19/2024,2024-09-19,17:56:00
10/11/2024 07:37:00 AM,7.0,3,2,5,5,3,3,3,2,1,4,UNABLE TO DETERMINE,2,2,0.0,0.0,0.0,0.0,0.0,3.0,7,6,10,10/11/2024,2024-10-11,07:37:00
09/19/2024 05:25:00 PM,5.0,3,2,14,5,3,3,1,3,1,3,UNABLE TO DETERMINE,2,3,1.0,0.0,0.0,0.0,1.0,1.0,17,5,9,09/19/2024,2024-09-19,17:25:00
09/19/2024 11:05:00 PM,5.0,3,5,5,5,3,3,3,3,1,4,FAILING TO YIELD RIGHT-OF-WAY,2,4,2.0,0.0,0.0,2.0,0.0,0.0,23,5,9,09/19/2024,2024-09-19,23:05:00
09/19/2024 03:30:00 PM,5.0,3,2,3,5,3,3,3,2,1,4,IMPROPER LANE USAGE,2,2,0.0,0.0,0.0,0.0,0.0,2.0,15,5,9,09/19/2024,2024-09-19,15:30:00
09/19/2024 03:53:00 PM,5.0,3,2,3,6,3,3,3,3,1,4,IMPROPER OVERTAKING/PASSING,2,3,2.0,0.0,0.0,0.0,2.0,1.0,15,5,9,09/19/2024,2024-09-19,15:53:00
09/19/2024 11:45:00 PM,7.0,3,5,10,5,3,3,3,3,1,4,IMPROPER OVERTAKING/PASSING,2,2,0.0,0.0,0.0,0.0,0.0,3.0,23,5,9,09/19/2024,2024-09-19,23:45:00
09/19/2024 07:54:00 AM,5.0,3,2,5,4,3,3,3,2,1,4,DISREGARDING TRAFFIC SIGNALS,2,2,0.0,0.0,0.0,0.0,0.0,2.0,7,5,9,09/19/2024,2024-09-19,07:54:00
09/19/2024 01:30:00 PM,5.0,3,2,4,5,3,3,3,2,1,3,FOLLOWING TOO CLOSELY,2,2,0.0,0.0,0.0,0.0,0.0,2.0,13,5,9,09/19/2024,2024-09-19,13:30:00
09/19/2024 08:25:00 AM,5.0,3,2,6,3,3,3,1,2,1,4,UNABLE TO DETERMINE,2,2,0.0,0.0,0.0,0.0,0.0,2.0,8,5,9,09/19/2024,2024-09-19,08:25:00
09/19/2024 08:30:00 AM,5.0,3,2,3,5,3,1,1,2,1,4,IMPROPER LANE USAGE,2,2,0.0,0.0,0.0,0.0,0.0,2.0,8,5,9,09/19/2024,2024-09-19,08:30:00
09/19/2024 11:25:00 AM,5.0,3,2,13,6,3,3,3,2,1,4,DISREGARDING TRAFFIC SIGNALS,2,2,0.0,0.0,0.0,0.0,0.0,2.0,11,5,9,09/19/2024,2024-09-19,11:25:00