crash_date,traffic_control_device,weather_condition,lighting_condition,first_crash_type,trafficway_type,alignment,roadway_surface_cond,road_defect,crash_type,intersection_related_i,damage,prim_contributory_cause,num_units,most_severe_injury,injuries_total,injuries_fatal,injuries_incapacitating,injuries_non_incapacitating,injuries_reported_not_evident,injuries_no_indication,crash_hour,crash_day_of_week,crash_month,parsed_datetime,date,time
09/23/2024 04:43:00 PM,5.0,3,2,14,10,3,3,3,3,1,4,FAILING TO YIELD RIGHT-OF-WAY,2,4,1.0,0.0,0.0,1.0,0.0,1.0,16,2,9,09/23/2024,2024-09-23,16:43:00
09/23/2024 03:40:00 PM,3.0,3,2,6,5,3,3,3,3,1,4,FAILING TO YIELD RIGHT-OF-WAY,2,3,1.0,0.0,0.0,0.0,1.0,1.0,15,2,9,09/23/2024,2024-09-23,15:40:00
09/23/2024 09:45:00 PM,5.0,5,6,4,6,3,4,3,2,1,4,UNABLE TO DETERMINE,2,2,0.0,0.0,0.0,0.0,0.0,2.0,21,2,9,09/23/2024,2024-09-23,21:45:00
10/08/2024 03:40:00 PM,3.0,3,2,13,13,3,3,3,3,1,2,UNABLE TO DETERMINE,2,5,1.0,0.0,1.0,0.0,0.0,3.0,15,3,10,10/08/2024,2024-10-08,15:40:00
10/08/2024 12:00:00 PM,5.0,3,2,4,5,3,3,3,2,1,2,FOLLOWING TOO CLOSELY,2,2,0.0,0.0,0.0,0.0,0.0,2.0,12,3,10,10/08/2024,2024-10-08,12:00:00
10/08/2024 06:48:00 AM,5.0,3,2,6,10,3,3,3,2,1,4,IMPROPER TURNING/NO SIGNAL,2,2,0.0,0.0,0.0,0.0,0.0,2.0,6,3,10,10/08/2024,2024-10-08,06:48:00
10/04/2024 05:45:00 AM,5.0,3,3,13,6,3,1,1,3,1,4,UNABLE TO DETERMINE,2,4,1.0,0.0,0.0,1.0,0.0,1.0,5,6,10,10/04/2024,2024-10-04,05:45:00
10/07/2024 08:15:00 PM,1.0,3,2,6,1,3,1,1,2,0,2,UNABLE TO DETERMINE,2,2,0.0,0.0,0.0,0.0,0.0,2.0,20,2,10,10/07/2024,2024-10-07,20:15:00
10/08/2024 09:00:00 AM,5.0,3,2,6,4,3,3,3,2,1,4,UNABLE TO DETERMINE,2,2,0.0,0.0,0.0,0.0,0.0,2.0,9,3,10,10/08/2024,2024-10-08,09:00:00
10/08/2024 06:26:00 PM,7.0,3,2,5,6,3,3,3,2,1,4,DISREGARDING STOP SIGN,2,2,0.0,0.0,0.0,0.0,0.0,2.0,18,3,10,10/08/2024,2024-10-08,18:26:00
10/08/2024 07:10:00 AM,1.0,3,2,11,6,3,1,1,2,1,3,IMPROPER LANE USAGE,2,2,0.0,0.0,0.0,0.0,0.0,1.0,7,3,10,10/08/2024,2024-10-08,07:10:00
10/07/2024 08:30:00 AM,5.0,3,2,4,3,3,3,3,2,1,4,UNABLE TO DETERMINE,2,2,0.0,0.0,0.0,0.0,0.0,2.0,8,2,10,10/07/2024,2024-10-07,08:30:00
10/08/2024 05:18:00 PM,5.0,3,2,6,5,3,3,3,3,1,4,FAILING TO YIELD RIGHT-OF-WAY,2,2,0.0,0.0,0.0,0.0,0.0,5.0,17,3,10,10/08/2024,2024-10-08,17:18:00
10/07/2024 07:43:00 AM,5.0,3,2,6,5,3,3,3,3,1,4,DISREGARDING TRAFFIC SIGNALS,2,3,2.0,0.0,0.0,0.0,2.0,2.0,7,2,10,10/07/2024,2024-10-07,07:43:00
10/07/2024 01:15:00 PM,7.0,3,2,3,5,3,3,3,3,1,4,NOT APPLICABLE,2,3,1.0,0.0,0.0,0.0,1.0,3.0,13,2,10,10/07/2024,2024-10-07,13:15:00
10/08/2024 05:21:00 PM,7.0,3,2,6,5,3,3,3,2,1,4,UNABLE TO DETERMINE,2,2,0.0,0.0,0.0,0.0,0.0,2.0,17,3,10,10/08/2024,2024-10-08,17:21:00
09/23/2024 11:06:00 PM,1.0,3,2,5,5,3,1,1,2,1,4,NOT APPLICABLE,2,2,0.0,0.0,0.0,0.0,0.0,2.0,23,2,9,09/23/2024,2024-09-23,23:06:00
10/08/2024 11:48:00 AM,5.0,3,2,6,6,3,3,3,2,1,4,FOLLOWING TOO CLOSELY,2,2,0.0,0.0,0.0,0.0,0.0,2.0,11,3,10,10/08/2024,2024-10-08,11:48:00
10/08/2024 03:00:00 PM,7.0,3,2,6,7,6,3,3,3,1,4,FAILING TO YIELD RIGHT-OF-WAY,2,3,2.0,0.0,0.0,0.0,2.0,0.0,15,3,10,10/08/2024,2024-10-08,15:00:00
10/05/2024 03:30:00 PM,1.0,3,2,5,5,3,3,1,2,1,3,UNABLE TO DETERMINE,2,2,0.0,0.0,0.0,0.0,0.0,2.0,15,7,10,10/05/2024,2024-10-05,15:30:00
10/08/2024 06:57:00 AM,5.0,3,2,6,5,6,3,3,2,1,3,UNABLE TO DETERMINE,2,2,0.0,0.0,0.0,0.0,0.0,2.0,6,3,10,10/08/2024,2024-10-08,06:57:00
10/08/2024 01:00:00 PM,5.0,3,2,4,5,3,3,3,2,1,4,UNABLE TO DETERMINE,2,2,0.0,0.0,0.0,0.0,0.0,4.0,13,3,10,10/08/2024,2024-10-08,13:00:00
10/08/2024 02:35:00 PM,5.0,3,2,6,6,3,3,3,2,1,4,IMPROPER TURNING/NO SIGNAL,2,2,0.0,0.0,0.0,0.0,0.0,3.0,14,3,10,10/08/2024,2024-10-08,14:35:00
10/08/2024 06:10:00 PM,5.0,3,2,6,5,3,3,3,2,1,4,IMPROPER TURNING/NO SIGNAL,2,2,0.0,0.0,0.0,0.0,0.0,2.0,18,3,10,10/08/2024,2024-10-08,18:10:00
10/08/2024 07:35:00 AM,1.0,3,2,4,5,3,1,1,2,1,3,UNABLE TO DETERMINE,2,2,0.0,0.0,0.0,0.0,0.0,2.0,7,3,10,10/08/2024,2024-10-08,07:35:00
10/08/2024 08:15:00 AM,5.0,3,2,5,5,3,3,3,2,1,4,UNABLE TO DETERMINE,2,2,0.0,0.0,0.0,0.0,0.0,2.0,8,3,10,10/08/2024,2024-10-08,08:15:00
10/07/2024 02:50:00 PM,8.0,3,2,13,5,3,3,3,3,1,2,FAILING TO YIELD RIGHT-OF-WAY,2,4,1.0,0.0,0.0,1.0,0.0,1.0,14,2,10,10/07/2024,2024-10-07,14:50:00
10/08/2024 07:16:00 PM,5.0,3,5,14,4,3,3,1,3,1,2,NOT APPLICABLE,2,4,1.0,0.0,0.0,1.0,0.0,1.0,19,3,10,10/08/2024,2024-10-08,19:16:00
10/08/2024 08:19:00 AM,5.0,3,2,5,4,3,3,3,3,1,4,FAILING TO YIELD RIGHT-OF-WAY,2,2,0.0,0.0,0.0,0.0,0.0,3.0,8,3,10,10/08/2024,2024-10-08,08:19:00
09/25/2024 11:30:00 AM,5.0,3,2,4,5,3,3,3,2,1,4,FOLLOWING TOO CLOSELY,2,2,0.0,0.0,0.0,0.0,0.0,2.0,11,4,9,09/25/2024,2024-09-25,11:30:00
09/24/2024 06:02:00 PM,7.0,5,5,5,5,3,4,1,2,1,3,UNABLE TO DETERMINE,2,2,0.0,0.0,0.0,0.0,0.0,2.0,18,3,9,09/24/2024,2024-09-24,18:02:00
09/24/2024 06:15:00 PM,5.0,5,4,5,14,3,4,3,3,1,4,DISREGARDING TRAFFIC SIGNALS,2,2,0.0,0.0,0.0,0.0,0.0,4.0,18,3,9,09/24/2024,2024-09-24,18:15:00
09/24/2024 06:57:00 PM,5.0,5,5,13,6,3,4,3,3,1,4,FAILING TO YIELD RIGHT-OF-WAY,2,4,1.0,0.0,0.0,1.0,0.0,1.0,18,3,9,09/24/2024,2024-09-24,18:57:00
09/24/2024 04:55:00 PM,3.0,5,2,11,10,3,4,3,2,1,2,NOT APPLICABLE,2,2,0.0,0.0,0.0,0.0,0.0,2.0,16,3,9,09/24/2024,2024-09-24,16:55:00
09/24/2024 05:20:00 AM,1.0,3,2,5,7,3,1,1,2,1,4,UNABLE TO DETERMINE,2,2,0.0,0.0,0.0,0.0,0.0,4.0,5,3,9,09/24/2024,2024-09-24,05:20:00
09/24/2024 04:30:00 PM,5.0,3,4,4,3,3,1,3,2,1,4,FOLLOWING TOO CLOSELY,2,2,0.0,0.0,0.0,0.0,0.0,2.0,16,3,9,09/24/2024,2024-09-24,16:30:00
09/24/2024 11:39:00 AM,5.0,5,2,4,4,3,4,1,2,1,4,FAILING TO REDUCE SPEED TO AVOID CRASH,2,2,0.0,0.0,0.0,0.0,0.0,2.0,11,3,9,09/24/2024,2024-09-24,11:39:00
09/24/2024 02:12:00 PM,7.0,5,3,6,7,3,4,3,2,1,4,IMPROPER OVERTAKING/PASSING,2,2,0.0,0.0,0.0,0.0,0.0,2.0,14,3,9,09/24/2024,2024-09-24,14:12:00
09/24/2024 07:34:00 AM,7.0,5,2,5,6,3,4,3,2,1,4,FAILING TO YIELD RIGHT-OF-WAY,2,2,0.0,0.0,0.0,0.0,0.0,4.0,7,3,9,09/24/2024,2024-09-24,07:34:00
09/24/2024 03:00:00 PM,5.0,5,2,4,6,3,4,3,2,1,4,FOLLOWING TOO CLOSELY,2,2,0.0,0.0,0.0,0.0,0.0,2.0,15,3,9,09/24/2024,2024-09-24,15:00:00
09/24/2024 01:20:00 PM,7.0,5,2,5,7,3,4,1,2,1,4,UNABLE TO DETERMINE,2,2,0.0,0.0,0.0,0.0,0.0,3.0,13,3,9,09/24/2024,2024-09-24,13:20:00
09/24/2024 09:00:00 AM,5.0,5,2,6,4,3,4,3,2,1,4,WEATHER,2,2,0.0,0.0,0.0,0.0,0.0,3.0,9,3,9,09/24/2024,2024-09-24,09:00:00
09/24/2024 07:50:00 AM,5.0,5,2,6,7,3,4,1,3,1,4,FAILING TO YIELD RIGHT-OF-WAY,2,2,0.0,0.0,0.0,0.0,0.0,2.0,7,3,9,09/24/2024,2024-09-24,07:50:00
09/24/2024 12:30:00 PM,1.0,3,2,6,14,3,3,1,2,1,4,FAILING TO YIELD RIGHT-OF-WAY,2,2,0.0,0.0,0.0,0.0,0.0,2.0,12,3,9,09/24/2024,2024-09-24,12:30:00
09/24/2024 02:50:00 PM,3.0,5,2,5,6,3,4,3,3,1,4,WEATHER,2,2,0.0,0.0,0.0,0.0,0.0,3.0,14,3,9,09/24/2024,2024-09-24,14:50:00
09/24/2024 08:48:00 PM,5.0,5,5,6,4,3,4,3,3,1,4,FAILING TO YIELD RIGHT-OF-WAY,2,2,0.0,0.0,0.0,0.0,0.0,2.0,20,3,9,09/24/2024,2024-09-24,20:48:00
09/24/2024 12:55:00 PM,7.0,5,2,4,4,3,4,3,2,1,2,FOLLOWING TOO CLOSELY,2,2,0.0,0.0,0.0,0.0,0.0,2.0,12,3,9,09/24/2024,2024-09-24,12:55:00
09/24/2024 07:30:00 AM,5.0,4,2,3,5,3,4,3,2,1,4,IMPROPER OVERTAKING/PASSING,2,2,0.0,0.0,0.0,0.0,0.0,2.0,7,3,9,09/24/2024,2024-09-24,07:30:00
09/24/2024 04:08:00 PM,5.0,5,2,13,5,3,4,3,3,1,4,FAILING TO YIELD RIGHT-OF-WAY,2,3,1.0,0.0,0.0,0.0,1.0,2.0,16,3,9,09/24/2024,2024-09-24,16:08:00
09/24/2024 06:15:00 PM,5.0,5,5,5,5,3,4,3,3,1,4,DISREGARDING TRAFFIC SIGNALS,2,2,0.0,0.0,0.0,0.0,0.0,2.0,18,3,9,09/24/2024,2024-09-24,18:15:00
09/24/2024 11:38:00 AM,5.0,5,2,13,5,3,4,3,3,1,2,FAILING TO YIELD RIGHT-OF-WAY,2,4,1.0,0.0,0.0,1.0,0.0,2.0,11,3,9,09/24/2024,2024-09-24,11:38:00
09/24/2024 09:32:00 AM,5.0,5,2,11,4,3,4,1,2,1,4,FAILING TO REDUCE SPEED TO AVOID CRASH,2,2,0.0,0.0,0.0,0.0,0.0,1.0,9,3,9,09/24/2024,2024-09-24,09:32:00
09/24/2024 02:36:00 PM,7.0,3,2,6,7,3,4,3,2,1,4,UNABLE TO DETERMINE,2,2,0.0,0.0,0.0,0.0,0.0,3.0,14,3,9,09/24/2024,2024-09-24,14:36:00
09/24/2024 02:30:00 PM,5.0,5,2,6,5,3,3,1,2,1,4,NOT APPLICABLE,2,2,0.0,0.0,0.0,0.0,0.0,2.0,14,3,9,09/24/2024,2024-09-24,14:30:00
09/24/2024 01:44:00 AM,5.0,5,5,12,4,3,4,3,3,1,4,DISREGARDING TRAFFIC SIGNALS,2,2,0.0,0.0,0.0,0.0,0.0,2.0,1,3,9,09/24/2024,2024-09-24,01:44:00
09/24/2024 01:00:00 PM,5.0,5,2,5,7,3,4,1,2,1,4,UNABLE TO DETERMINE,2,2,0.0,0.0,0.0,0.0,0.0,2.0,13,3,9,09/24/2024,2024-09-24,13:00:00
09/24/2024 09:59:00 PM,10.0,3,5,13,5,3,4,3,3,1,4,DRIVING SKILLS/KNOWLEDGE/EXPERIENCE,2,4,1.0,0.0,0.0,1.0,0.0,2.0,21,3,9,09/24/2024,2024-09-24,21:59:00
09/24/2024 08:00:00 AM,5.0,5,2,6,6,3,4,3,2,1,4,IMPROPER LANE USAGE,2,2,0.0,0.0,0.0,0.0,0.0,2.0,8,3,9,09/24/2024,2024-09-24,08:00:00
09/24/2024 12:20:00 PM,5.0,3,2,3,6,3,4,3,2,1,4,FAILING TO YIELD RIGHT-OF-WAY,2,2,0.0,0.0,0.0,0.0,0.0,2.0,12,3,9,09/24/2024,2024-09-24,12:20:00
09/24/2024 02:20:00 PM,1.0,3,2,3,6,3,1,1,2,1,3,UNABLE TO DETERMINE,2,2,0.0,0.0,0.0,0.0,0.0,2.0,14,3,9,09/24/2024,2024-09-24,14:20:00
09/24/2024 01:35:00 PM,5.0,3,2,6,14,3,3,1,2,1,4,FAILING TO YIELD RIGHT-OF-WAY,2,2,0.0,0.0,0.0,0.0,0.0,3.0,13,3,9,09/24/2024,2024-09-24,13:35:00
09/24/2024 07:50:00 AM,5.0,3,2,6,6,3,4,1,2,1,4,DRIVING SKILLS/KNOWLEDGE/EXPERIENCE,2,2,0.0,0.0,0.0,0.0,0.0,2.0,7,3,9,09/24/2024,2024-09-24,07:50:00
09/24/2024 05:52:00 PM,7.0,5,2,5,3,4,4,3,3,1,4,FAILING TO YIELD RIGHT-OF-WAY,2,4,1.0,0.0,0.0,1.0,0.0,1.0,17,3,9,09/24/2024,2024-09-24,17:52:00
09/24/2024 05:20:00 PM,5.0,5,2,5,5,3,4,3,3,1,4,DISREGARDING TRAFFIC SIGNALS,2,4,1.0,0.0,0.0,1.0,0.0,1.0,17,3,9,09/24/2024,2024-09-24,17:20:00
09/24/2024 01:30:00 PM,5.0,5,2,6,6,3,4,3,2,1,3,UNABLE TO DETERMINE,2,2,0.0,0.0,0.0,0.0,0.0,2.0,13,3,9,09/24/2024,2024-09-24,13:30:00
09/24/2024 08:18:00 AM,5.0,5,2,6,4,3,4,3,3,1,4,UNABLE TO DETERMINE,2,2,0.0,0.0,0.0,0.0,0.0,2.0,8,3,9,09/24/2024,2024-09-24,08:18:00
09/24/2024 06:25:00 AM,5.0,5,3,6,6,3,4,3,2,1,4,FAILING TO YIELD RIGHT-OF-WAY,2,2,0.0,0.0,0.0,0.0,0.0,2.0,6,3,9,09/24/2024,2024-09-24,06:25:00
09/24/2024 01:37:00 PM,3.0,3,2,6,6,3,4,3,3,1,4,FAILING TO YIELD RIGHT-OF-WAY,2,4,2.0,0.0,0.0,2.0,0.0,1.0,13,3,9,09/24/2024,2024-09-24,13:37:00
09/24/2024 03:37:00 PM,5.0,5,2,6,5,3,4,1,2,1,4,IMPROPER TURNING/NO SIGNAL,2,2,0.0,0.0,0.0,0.0,0.0,2.0,15,3,9,09/24/2024,2024-09-24,15:37:00
09/24/2024 08:02:00 AM,5.0,4,2,6,5,3,4,3,2,1,2,"VISION OBSCURED (SIGNS, TREE LIMBS, BUILDINGS, ETC.)",2,2,0.0,0.0,0.0,0.0,0.0,4.0,8,3,9,09/24/2024,2024-09-24,08:02:00
09/24/2024 08:15:00 AM,7.0,5,2,5,7,3,4,3,2,1,3,FAILING TO YIELD RIGHT-OF-WAY,2,2,0.0,0.0,0.0,0.0,0.0,2.0,8,3,9,09/24/2024,2024-09-24,08:15:00
09/24/2024 09:00:00 AM,3.0,5,2,6,7,3,4,1,3,1,4,FAILING TO YIELD RIGHT-OF-WAY,2,2,0.0,0.0,0.0,0.0,0.0,2.0,9,3,9,09/24/2024,2024-09-24,09:00:00
09/24/2024 07:31:00 PM,5.0,3,6,6,5,3,3,3,2,1,4,UNABLE TO DETERMINE,2,2,0.0,0.0,0.0,0.0,0.0,2.0,19,3,9,09/24/2024,2024-09-24,19:31:00
09/24/2024 04:40:00 AM,7.0,5,5,6,6,3,4,3,2,1,4,FAILING TO YIELD RIGHT-OF-WAY,2,2,0.0,0.0,0.0,0.0,0.0,2.0,4,3,9,09/24/2024,2024-09-24,04:40:00
09/24/2024 03:53:00 PM,5.0,5,2,6,5,3,4,3,2,1,3,IMPROPER TURNING/NO SIGNAL,2,2,0.0,0.0,0.0,0.0,0.0,2.0,15,3,9,09/24/2024,2024-09-24,15:53:00
09/24/2024 04:51:00 PM,3.0,5,2,3,6,3,4,3,2,1,4,FAILING TO YIELD RIGHT-OF-WAY,2,2,0.0,0.0,0.0,0.0,0.0,2.0,16,3,9,09/24/2024,2024-09-24,16:51:00
09/24/2024 01:27:00 PM,1.0,3,2,11,6,3,1,1,2,1,4,IMPROPER LANE USAGE,2,2,0.0,0.0,0.0,0.0,0.0,1.0,13,3,9,09/24/2024,2024-09-24,13:27:00
09/24/2024 06:00:00 PM,7.0,5,5,5,6,3,4,1,2,1,3,UNABLE TO DETERMINE,2,2,0.0,0.0,0.0,0.0,0.0,2.0,18,3,9,09/24/2024,2024-09-24,18:00:00
10/09/2024 10:51:00 PM,5.0,3,5,6,5,3,3,3,3,1,4,FAILING TO YIELD RIGHT-OF-WAY,2,4,1.0,0.0,0.0,1.0,0.0,1.0,22,4,10,10/09/2024,2024-10-09,22:51:00
10/09/2024 07:30:00 AM,5.0,3,2,6,3,3,1,1,2,1,4,IMPROPER LANE USAGE,2,2,0.0,0.0,0.0,0.0,0.0,2.0,7,4,10,10/09/2024,2024-10-09,07:30:00
10/06/2024 03:30:00 PM,5.0,3,2,5,6,3,3,1,2,1,4,NOT APPLICABLE,2,2,0.0,0.0,0.0,0.0,0.0,2.0,15,1,10,10/06/2024,2024-10-06,15:30:00
10/09/2024 09:00:00 AM,5.0,3,2,4,4,3,3,3,2,0,4,UNABLE TO DETERMINE,2,2,0.0,0.0,0.0,0.0,0.0,4.0,9,4,10,10/09/2024,2024-10-09,09:00:00
10/05/2024 08:48:00 AM,5.0,3,2,3,6,3,3,3,2,1,4,IMPROPER OVERTAKING/PASSING,2,2,0.0,0.0,0.0,0.0,0.0,2.0,8,7,10,10/05/2024,2024-10-05,08:48:00
10/08/2024 05:00:00 PM,5.0,3,2,6,1,3,3,3,2,1,4,DRIVING SKILLS/KNOWLEDGE/EXPERIENCE,2,2,0.0,0.0,0.0,0.0,0.0,2.0,17,3,10,10/08/2024,2024-10-08,17:00:00
10/04/2024 06:34:00 AM,5.0,3,2,4,10,3,3,3,2,1,4,UNABLE TO DETERMINE,2,2,0.0,0.0,0.0,0.0,0.0,2.0,6,6,10,10/04/2024,2024-10-04,06:34:00
10/06/2024 02:30:00 AM,5.0,3,5,4,6,3,3,3,2,1,4,FAILING TO YIELD RIGHT-OF-WAY,2,2,0.0,0.0,0.0,0.0,0.0,3.0,2,1,10,10/06/2024,2024-10-06,02:30:00
10/09/2024 12:10:00 PM,5.0,3,2,5,3,3,3,3,3,1,4,DISREGARDING TRAFFIC SIGNALS,2,2,0.0,0.0,0.0,0.0,0.0,2.0,12,4,10,10/09/2024,2024-10-09,12:10:00
10/08/2024 01:15:00 PM,5.0,3,2,6,6,3,3,3,2,1,3,UNABLE TO DETERMINE,2,2,0.0,0.0,0.0,0.0,0.0,3.0,13,3,10,10/08/2024,2024-10-08,13:15:00
10/08/2024 10:35:00 AM,5.0,3,2,4,5,3,3,3,2,1,3,UNABLE TO DETERMINE,2,2,0.0,0.0,0.0,0.0,0.0,5.0,10,3,10,10/08/2024,2024-10-08,10:35:00
10/09/2024 06:00:00 PM,7.0,3,6,6,5,3,3,1,2,1,4,UNABLE TO DETERMINE,2,2,0.0,0.0,0.0,0.0,0.0,2.0,18,4,10,10/09/2024,2024-10-09,18:00:00
10/09/2024 07:02:00 AM,3.0,3,2,6,6,3,3,3,2,1,3,FAILING TO YIELD RIGHT-OF-WAY,2,2,0.0,0.0,0.0,0.0,0.0,2.0,7,4,10,10/09/2024,2024-10-09,07:02:00
10/09/2024 09:16:00 AM,7.0,3,2,5,6,3,3,3,3,1,4,DISREGARDING STOP SIGN,2,3,1.0,0.0,0.0,0.0,1.0,1.0,9,4,10,10/09/2024,2024-10-09,09:16:00
10/09/2024 03:45:00 PM,5.0,3,2,14,4,3,3,3,2,1,4,UNABLE TO DETERMINE,2,2,0.0,0.0,0.0,0.0,0.0,2.0,15,4,10,10/09/2024,2024-10-09,15:45:00
10/07/2024 09:55:00 AM,5.0,3,2,5,7,3,3,3,3,1,4,UNABLE TO DETERMINE,2,4,1.0,0.0,0.0,1.0,0.0,2.0,9,2,10,10/07/2024,2024-10-07,09:55:00
10/10/2024 12:45:00 AM,5.0,3,5,6,6,3,3,3,2,1,4,IMPROPER TURNING/NO SIGNAL,2,2,0.0,0.0,0.0,0.0,0.0,2.0,0,5,10,10/10/2024,2024-10-10,00:45:00
10/09/2024 02:25:00 PM,5.0,3,2,4,5,3,3,3,2,1,2,FOLLOWING TOO CLOSELY,2,2,0.0,0.0,0.0,0.0,0.0,2.0,14,4,10,10/09/2024,2024-10-09,14:25:00
10/07/2024 08:26:00 AM,5.0,3,2,3,5,3,3,3,2,1,3,UNABLE TO DETERMINE,2,2,0.0,0.0,0.0,0.0,0.0,3.0,8,2,10,10/07/2024,2024-10-07,08:26:00
10/10/2024 12:54:00 AM,7.0,3,5,6,6,3,3,3,3,1,4,UNABLE TO DETERMINE,2,3,1.0,0.0,0.0,0.0,1.0,1.0,0,5,10,10/10/2024,2024-10-10,00:54:00
10/08/2024 12:46:00 PM,5.0,3,2,6,5,3,3,3,3,1,4,IMPROPER TURNING/NO SIGNAL,2,2,0.0,0.0,0.0,0.0,0.0,4.0,12,3,10,10/08/2024,2024-10-08,12:46:00
10/09/2024 05:30:00 PM,5.0,3,2,6,14,3,3,3,2,1,3,IMPROPER TURNING/NO SIGNAL,2,2,0.0,0.0,0.0,0.0,0.0,2.0,17,4,10,10/09/2024,2024-10-09,17:30:00
10/09/2024 05:50:00 PM,3.0,3,2,4,12,3,3,3,2,0,4,FAILING TO REDUCE SPEED TO AVOID CRASH,2,2,0.0,0.0,0.0,0.0,0.0,3.0,17,4,10,10/09/2024,2024-10-09,17:50:00
10/08/2024 09:00:00 PM,5.0,3,5,6,5,3,3,3,2,0,3,IMPROPER TURNING/NO SIGNAL,2,2,0.0,0.0,0.0,0.0,0.0,2.0,21,3,10,10/08/2024,2024-10-08,21:00:00
10/09/2024 08:00:00 AM,7.0,3,2,5,6,3,3,3,3,1,4,NOT APPLICABLE,2,2,0.0,0.0,0.0,0.0,0.0,2.0,8,4,10,10/09/2024,2024-10-09,08:00:00
10/09/2024 12:00:00 PM,7.0,3,2,5,5,3,3,3,3,1,4,DISREGARDING STOP SIGN,2,2,0.0,0.0,0.0,0.0,0.0,2.0,12,4,10,10/09/2024,2024-10-09,12:00:00
10/08/2024 07:05:00 PM,7.0,3,4,6,6,3,3,3,3,1,4,UNABLE TO DETERMINE,2,4,2.0,0.0,0.0,2.0,0.0,3.0,19,3,10,10/08/2024,2024-10-08,19:05:00
10/08/2024 11:40:00 AM,3.0,3,2,6,4,3,3,3,3,1,4,IMPROPER TURNING/NO SIGNAL,2,2,0.0,0.0,0.0,0.0,0.0,2.0,11,3,10,10/08/2024,2024-10-08,11:40:00
10/09/2024 08:10:00 AM,7.0,3,2,13,6,3,1,1,3,1,4,FAILING TO YIELD RIGHT-OF-WAY,2,3,1.0,0.0,0.0,0.0,1.0,1.0,8,4,10,10/09/2024,2024-10-09,08:10:00
10/09/2024 03:15:00 PM,5.0,3,2,5,6,3,3,3,2,1,4,UNABLE TO DETERMINE,2,2,0.0,0.0,0.0,0.0,0.0,3.0,15,4,10,10/09/2024,2024-10-09,15:15:00
10/06/2024 12:40:00 AM,5.0,3,5,5,5,3,3,1,2,1,4,DISREGARDING TRAFFIC SIGNALS,2,2,0.0,0.0,0.0,0.0,0.0,2.0,0,1,10,10/06/2024,2024-10-06,00:40:00
10/09/2024 08:35:00 AM,5.0,3,2,6,5,3,3,3,2,1,3,DISREGARDING TRAFFIC SIGNALS,2,2,0.0,0.0,0.0,0.0,0.0,2.0,8,4,10,10/09/2024,2024-10-09,08:35:00
10/08/2024 01:09:00 PM,5.0,3,2,14,3,3,3,3,3,1,4,FAILING TO YIELD RIGHT-OF-WAY,2,4,1.0,0.0,0.0,1.0,0.0,1.0,13,3,10,10/08/2024,2024-10-08,13:09:00
10/09/2024 05:54:00 PM,5.0,3,2,4,5,3,1,1,2,1,3,FOLLOWING TOO CLOSELY,2,2,0.0,0.0,0.0,0.0,0.0,2.0,17,4,10,10/09/2024,2024-10-09,17:54:00
08/30/2024 07:30:00 AM,7.0,5,2,4,5,3,4,3,2,1,4,UNABLE TO DETERMINE,2,2,0.0,0.0,0.0,0.0,0.0,2.0,7,6,8,08/30/2024,2024-08-30,07:30:00
10/08/2024 08:54:00 PM,7.0,3,5,5,5,3,3,1,3,1,4,FAILING TO REDUCE SPEED TO AVOID CRASH,2,3,1.0,0.0,0.0,0.0,1.0,1.0,20,3,10,10/08/2024,2024-10-08,20:54:00
10/07/2024 02:07:00 AM,5.0,3,5,4,4,3,3,3,2,1,4,UNABLE TO DETERMINE,2,2,0.0,0.0,0.0,0.0,0.0,4.0,2,2,10,10/07/2024,2024-10-07,02:07:00
10/04/2024 03:55:00 PM,7.0,3,2,5,6,3,3,3,3,1,3,FAILING TO YIELD RIGHT-OF-WAY,2,2,0.0,0.0,0.0,0.0,0.0,4.0,15,6,10,10/04/2024,2024-10-04,15:55:00
09/22/2024 06:54:00 PM,7.0,5,6,6,6,3,4,3,3,1,4,FAILING TO YIELD RIGHT-OF-WAY,2,4,1.0,0.0,0.0,1.0,0.0,2.0,18,1,9,09/22/2024,2024-09-22,18:54:00
10/06/2024 12:15:00 PM,5.0,3,2,6,5,3,3,3,2,1,4,IMPROPER TURNING/NO SIGNAL,2,2,0.0,0.0,0.0,0.0,0.0,3.0,12,1,10,10/06/2024,2024-10-06,12:15:00
10/09/2024 05:40:00 AM,5.0,3,6,4,6,3,3,3,2,1,3,UNABLE TO DETERMINE,2,2,0.0,0.0,0.0,0.0,0.0,2.0,5,4,10,10/09/2024,2024-10-09,05:40:00
09/25/2024 08:45:00 AM,5.0,3,2,3,5,3,3,1,2,1,4,UNABLE TO DETERMINE,2,2,0.0,0.0,0.0,0.0,0.0,2.0,8,4,9,09/25/2024,2024-09-25,08:45:00
09/25/2024 09:15:00 AM,5.0,3,2,6,6,3,3,3,2,1,3,FAILING TO YIELD RIGHT-OF-WAY,2,2,0.0,0.0,0.0,0.0,0.0,3.0,9,4,9,09/25/2024,2024-09-25,09:15:00
09/25/2024 05:15:00 PM,5.0,3,2,4,5,3,3,3,3,1,4,FOLLOWING TOO CLOSELY,2,3,1.0,0.0,0.0,0.0,1.0,2.0,17,4,9,09/25/2024,2024-09-25,17:15:00