crash_date,traffic_control_device,weather_condition,lighting_condition,first_crash_type,trafficway_type,alignment,roadway_surface_cond,road_defect,crash_type,intersection_related_i,damage,prim_contributory_cause,num_units,most_severe_injury,injuries_total,injuries_fatal,injuries_incapacitating,injuries_non_incapacitating,injuries_reported_not_evident,injuries_no_indication,crash_hour,crash_day_of_week,crash_month,parsed_datetime,date,time
10/11/2024 02:40:00 PM,7.0,3,2,14,5,3,3,3,3,1,4,UNABLE TO DETERMINE,2,4,1.0,0.0,0.0,1.0,0.0,1.0,14,6,10,10/11/2024,2024-10-11,14:40:00
10/11/2024 02:00:00 PM,5.0,3,2,4,6,3,3,3,2,1,4,UNABLE TO DETERMINE,2,2,0.0,0.0,0.0,0.0,0.0,2.0,14,6,10,10/11/2024,2024-10-11,14:00:00
10/11/2024 05:30:00 PM,5.0,3,2,14,7,3,3,3,3,1,4,OBSTRUCTED CROSSWALKS,2,5,1.0,0.0,1.0,0.0,0.0,1.0,17,6,10,10/11/2024,2024-10-11,17:30:00
10/10/2024 01:30:00 PM,3.0,3,2,4,5,3,3,3,2,1,4,FOLLOWING TOO CLOSELY,2,2,0.0,0.0,0.0,0.0,0.0,2.0,13,5,10,10/10/2024,2024-10-10,13:30:00
10/11/2024 08:15:00 AM,5.0,3,2,13,6,3,3,3,3,0,2,DISREGARDING TRAFFIC SIGNALS,2,4,1.0,0.0,0.0,1.0,0.0,1.0,8,6,10,10/11/2024,2024-10-11,08:15:00
10/11/2024 03:45:00 PM,1.0,3,2,4,3,3,1,1,2,1,4,UNABLE TO DETERMINE,2,2,0.0,0.0,0.0,0.0,0.0,2.0,15,6,10,10/11/2024,2024-10-11,15:45:00
10/11/2024 03:58:00 PM,5.0,3,2,4,6,3,3,3,2,1,4,FOLLOWING TOO CLOSELY,2,2,0.0,0.0,0.0,0.0,0.0,4.0,15,6,10,10/11/2024,2024-10-11,15:58:00
10/11/2024 02:00:00 PM,7.0,3,2,6,5,3,3,3,2,1,4,IMPROPER TURNING/NO SIGNAL,2,2,0.0,0.0,0.0,0.0,0.0,3.0,14,6,10,10/11/2024,2024-10-11,14:00:00
10/11/2024 11:45:00 PM,5.0,3,5,4,5,3,3,1,2,1,4,UNABLE TO DETERMINE,2,2,0.0,0.0,0.0,0.0,0.0,4.0,23,6,10,10/11/2024,2024-10-11,23:45:00
10/12/2024 12:15:00 AM,5.0,3,2,4,6,3,1,1,3,1,2,FOLLOWING TOO CLOSELY,2,3,1.0,0.0,0.0,0.0,1.0,1.0,0,7,10,10/12/2024,2024-10-12,00:15:00
10/10/2024 08:16:00 AM,7.0,3,2,3,4,3,3,1,2,1,4,UNABLE TO DETERMINE,2,2,0.0,0.0,0.0,0.0,0.0,2.0,8,5,10,10/10/2024,2024-10-10,08:16:00
10/10/2024 06:29:00 PM,7.0,3,5,6,7,3,3,3,3,1,4,UNABLE TO DETERMINE,2,3,1.0,0.0,0.0,0.0,1.0,2.0,18,5,10,10/10/2024,2024-10-10,18:29:00
10/11/2024 08:19:00 AM,3.0,3,2,6,7,3,3,3,3,1,3,FAILING TO YIELD RIGHT-OF-WAY,2,3,1.0,0.0,0.0,0.0,1.0,1.0,8,6,10,10/11/2024,2024-10-11,08:19:00
10/11/2024 07:50:00 AM,7.0,3,2,5,5,3,3,3,2,1,4,FAILING TO YIELD RIGHT-OF-WAY,2,2,0.0,0.0,0.0,0.0,0.0,2.0,7,6,10,10/11/2024,2024-10-11,07:50:00
09/27/2024 05:30:00 PM,7.0,4,5,3,5,3,4,3,2,1,4,IMPROPER OVERTAKING/PASSING,2,2,0.0,0.0,0.0,0.0,0.0,2.0,17,6,9,09/27/2024,2024-09-27,17:30:00
09/27/2024 10:00:00 AM,7.0,3,5,4,10,3,3,3,2,1,4,FOLLOWING TOO CLOSELY,2,2,0.0,0.0,0.0,0.0,0.0,2.0,10,6,9,09/27/2024,2024-09-27,10:00:00
09/27/2024 08:42:00 AM,5.0,3,2,6,5,3,3,1,2,1,4,UNABLE TO DETERMINE,2,2,0.0,0.0,0.0,0.0,0.0,2.0,8,6,9,09/27/2024,2024-09-27,08:42:00
09/27/2024 02:45:00 PM,5.0,4,2,14,5,3,3,3,3,1,3,DISREGARDING TRAFFIC SIGNALS,2,4,1.0,0.0,0.0,1.0,0.0,1.0,14,6,9,09/27/2024,2024-09-27,14:45:00
09/27/2024 08:03:00 PM,5.0,3,5,6,5,3,3,3,3,1,4,FAILING TO YIELD RIGHT-OF-WAY,2,5,1.0,0.0,1.0,0.0,0.0,1.0,20,6,9,09/27/2024,2024-09-27,20:03:00
09/27/2024 09:40:00 PM,1.0,3,4,6,6,3,3,1,2,1,3,NOT APPLICABLE,2,2,0.0,0.0,0.0,0.0,0.0,2.0,21,6,9,09/27/2024,2024-09-27,21:40:00
09/27/2024 08:55:00 PM,5.0,3,5,6,5,3,3,3,2,1,4,IMPROPER TURNING/NO SIGNAL,2,2,0.0,0.0,0.0,0.0,0.0,2.0,20,6,9,09/27/2024,2024-09-27,20:55:00
09/27/2024 08:24:00 AM,7.0,3,2,5,5,3,3,1,3,1,4,FAILING TO YIELD RIGHT-OF-WAY,2,4,1.0,0.0,0.0,1.0,0.0,1.0,8,6,9,09/27/2024,2024-09-27,08:24:00
09/27/2024 10:58:00 PM,7.0,3,5,9,5,3,3,1,3,1,4,NOT APPLICABLE,2,5,2.0,0.0,2.0,0.0,0.0,2.0,22,6,9,09/27/2024,2024-09-27,22:58:00
09/27/2024 09:30:00 AM,3.0,3,2,6,6,3,3,3,2,1,4,IMPROPER LANE USAGE,2,2,0.0,0.0,0.0,0.0,0.0,2.0,9,6,9,09/27/2024,2024-09-27,09:30:00
09/27/2024 10:07:00 AM,3.0,3,2,6,3,3,3,3,2,1,4,FAILING TO YIELD RIGHT-OF-WAY,2,2,0.0,0.0,0.0,0.0,0.0,5.0,10,6,9,09/27/2024,2024-09-27,10:07:00
09/27/2024 12:00:00 PM,3.0,3,2,11,4,3,3,1,2,1,3,IMPROPER LANE USAGE,2,2,0.0,0.0,0.0,0.0,0.0,3.0,12,6,9,09/27/2024,2024-09-27,12:00:00
09/27/2024 07:23:00 PM,3.0,3,5,6,5,3,3,3,2,0,3,IMPROPER TURNING/NO SIGNAL,2,2,0.0,0.0,0.0,0.0,0.0,2.0,19,6,9,09/27/2024,2024-09-27,19:23:00
09/27/2024 06:59:00 AM,5.0,3,2,5,4,3,3,3,3,1,4,DISREGARDING TRAFFIC SIGNALS,2,4,2.0,0.0,0.0,1.0,1.0,0.0,6,6,9,09/27/2024,2024-09-27,06:59:00
09/27/2024 07:53:00 AM,5.0,4,2,6,5,3,3,3,3,1,4,IMPROPER TURNING/NO SIGNAL,2,2,0.0,0.0,0.0,0.0,0.0,2.0,7,6,9,09/27/2024,2024-09-27,07:53:00
09/27/2024 10:54:00 PM,5.0,3,5,14,7,3,3,3,3,1,4,DISREGARDING TRAFFIC SIGNALS,2,5,1.0,0.0,1.0,0.0,0.0,1.0,22,6,9,09/27/2024,2024-09-27,22:54:00
09/27/2024 03:55:00 PM,3.0,4,2,5,5,3,3,3,3,1,2,UNABLE TO DETERMINE,2,4,1.0,0.0,0.0,1.0,0.0,1.0,15,6,9,09/27/2024,2024-09-27,15:55:00
09/27/2024 02:45:00 PM,7.0,3,2,6,7,3,3,1,2,1,3,FAILING TO YIELD RIGHT-OF-WAY,2,2,0.0,0.0,0.0,0.0,0.0,2.0,14,6,9,09/27/2024,2024-09-27,14:45:00
10/07/2024 04:10:00 PM,1.0,3,2,6,7,3,3,1,3,1,4,UNABLE TO DETERMINE,2,4,1.0,0.0,0.0,1.0,0.0,1.0,16,2,10,10/07/2024,2024-10-07,16:10:00
09/27/2024 08:36:00 AM,5.0,4,2,6,4,3,3,3,3,1,4,FAILING TO YIELD RIGHT-OF-WAY,2,3,2.0,0.0,0.0,0.0,2.0,0.0,8,6,9,09/27/2024,2024-09-27,08:36:00
09/27/2024 11:58:00 AM,5.0,3,2,9,4,3,3,3,2,1,2,UNABLE TO DETERMINE,2,2,0.0,0.0,0.0,0.0,0.0,3.0,11,6,9,09/27/2024,2024-09-27,11:58:00
09/27/2024 08:00:00 PM,7.0,3,5,5,5,3,1,1,2,1,3,UNABLE TO DETERMINE,2,2,0.0,0.0,0.0,0.0,0.0,2.0,20,6,9,09/27/2024,2024-09-27,20:00:00
09/27/2024 09:25:00 AM,5.0,4,2,6,5,3,3,3,2,1,4,FAILING TO YIELD RIGHT-OF-WAY,2,2,0.0,0.0,0.0,0.0,0.0,3.0,9,6,9,09/27/2024,2024-09-27,09:25:00
09/27/2024 06:10:00 AM,1.0,3,2,6,1,3,1,1,3,1,4,IMPROPER TURNING/NO SIGNAL,2,2,0.0,0.0,0.0,0.0,0.0,2.0,6,6,9,09/27/2024,2024-09-27,06:10:00
09/27/2024 05:42:00 AM,7.0,3,3,5,5,3,3,1,3,1,4,DISREGARDING STOP SIGN,2,2,0.0,0.0,0.0,0.0,0.0,2.0,5,6,9,09/27/2024,2024-09-27,05:42:00
09/27/2024 02:00:00 PM,5.0,3,2,4,3,3,3,3,2,1,4,NOT APPLICABLE,2,2,0.0,0.0,0.0,0.0,0.0,2.0,14,6,9,09/27/2024,2024-09-27,14:00:00
10/12/2024 05:41:00 PM,1.0,3,2,4,5,3,3,1,2,1,3,UNABLE TO DETERMINE,2,2,0.0,0.0,0.0,0.0,0.0,5.0,17,7,10,10/12/2024,2024-10-12,17:41:00
10/12/2024 02:45:00 PM,5.0,3,2,6,5,3,3,1,2,1,4,IMPROPER TURNING/NO SIGNAL,2,2,0.0,0.0,0.0,0.0,0.0,2.0,14,7,10,10/12/2024,2024-10-12,14:45:00
10/11/2024 08:00:00 AM,5.0,3,2,6,1,3,3,3,3,1,4,DRIVING SKILLS/KNOWLEDGE/EXPERIENCE,2,3,1.0,0.0,0.0,0.0,1.0,1.0,8,6,10,10/11/2024,2024-10-11,08:00:00
10/12/2024 04:00:00 PM,5.0,3,2,4,5,3,3,1,2,1,4,FAILING TO YIELD RIGHT-OF-WAY,2,2,0.0,0.0,0.0,0.0,0.0,2.0,16,7,10,10/12/2024,2024-10-12,16:00:00
10/12/2024 06:09:00 PM,7.0,3,4,13,6,3,3,3,3,1,2,FAILING TO YIELD RIGHT-OF-WAY,2,3,1.0,0.0,0.0,0.0,1.0,1.0,18,7,10,10/12/2024,2024-10-12,18:09:00
10/11/2024 09:30:00 PM,1.0,3,5,5,6,3,1,1,3,1,4,UNABLE TO DETERMINE,2,2,0.0,0.0,0.0,0.0,0.0,2.0,21,6,10,10/11/2024,2024-10-11,21:30:00
10/12/2024 12:15:00 AM,3.0,3,6,5,10,3,3,3,2,1,4,UNABLE TO DETERMINE,2,2,0.0,0.0,0.0,0.0,0.0,2.0,0,7,10,10/12/2024,2024-10-12,00:15:00
10/11/2024 11:15:00 AM,7.0,3,2,5,5,3,3,3,3,1,4,UNABLE TO DETERMINE,2,4,2.0,0.0,0.0,2.0,0.0,1.0,11,6,10,10/11/2024,2024-10-11,11:15:00
10/11/2024 11:30:00 AM,5.0,3,2,3,5,3,3,3,2,1,4,FAILING TO YIELD RIGHT-OF-WAY,2,2,0.0,0.0,0.0,0.0,0.0,2.0,11,6,10,10/11/2024,2024-10-11,11:30:00
10/11/2024 12:24:00 PM,5.0,3,2,6,5,3,3,3,2,1,3,FOLLOWING TOO CLOSELY,2,2,0.0,0.0,0.0,0.0,0.0,3.0,12,6,10,10/11/2024,2024-10-11,12:24:00
10/12/2024 02:21:00 PM,5.0,3,2,4,7,3,1,1,3,1,4,UNABLE TO DETERMINE,2,5,1.0,0.0,1.0,0.0,0.0,2.0,14,7,10,10/12/2024,2024-10-12,14:21:00
10/11/2024 08:12:00 AM,3.0,3,2,3,6,3,3,3,2,1,3,IMPROPER OVERTAKING/PASSING,2,2,0.0,0.0,0.0,0.0,0.0,2.0,8,6,10,10/11/2024,2024-10-11,08:12:00
10/10/2024 08:15:00 PM,1.0,3,4,14,6,3,3,1,3,0,2,NOT APPLICABLE,2,3,1.0,0.0,0.0,0.0,1.0,1.0,20,5,10,10/10/2024,2024-10-10,20:15:00
10/12/2024 10:18:00 PM,5.0,3,5,4,3,3,3,1,2,1,3,UNABLE TO DETERMINE,2,2,0.0,0.0,0.0,0.0,0.0,3.0,22,7,10,10/12/2024,2024-10-12,22:18:00
10/10/2024 12:41:00 PM,5.0,3,2,6,5,3,3,3,2,1,4,IMPROPER TURNING/NO SIGNAL,2,2,0.0,0.0,0.0,0.0,0.0,2.0,12,5,10,10/10/2024,2024-10-10,12:41:00
10/12/2024 08:40:00 AM,1.0,3,2,4,5,3,1,1,2,1,4,DISTRACTION - FROM INSIDE VEHICLE,2,2,0.0,0.0,0.0,0.0,0.0,3.0,8,7,10,10/12/2024,2024-10-12,08:40:00
10/10/2024 12:05:00 PM,5.0,3,2,9,5,3,3,1,2,1,4,DRIVING SKILLS/KNOWLEDGE/EXPERIENCE,2,2,0.0,0.0,0.0,0.0,0.0,2.0,12,5,10,10/10/2024,2024-10-10,12:05:00
10/12/2024 07:15:00 PM,5.0,3,5,4,5,4,3,3,2,1,3,FAILING TO REDUCE SPEED TO AVOID CRASH,2,2,0.0,0.0,0.0,0.0,0.0,4.0,19,7,10,10/12/2024,2024-10-12,19:15:00
10/09/2024 12:00:00 PM,5.0,3,6,4,5,3,3,3,2,1,4,UNABLE TO DETERMINE,2,2,0.0,0.0,0.0,0.0,0.0,4.0,12,4,10,10/09/2024,2024-10-09,12:00:00
10/10/2024 04:30:00 AM,5.0,3,2,5,5,3,1,1,2,1,4,IMPROPER OVERTAKING/PASSING,2,2,0.0,0.0,0.0,0.0,0.0,2.0,4,5,10,10/10/2024,2024-10-10,04:30:00
10/11/2024 07:00:00 AM,7.0,3,2,16,10,3,3,3,2,1,3,DISREGARDING STOP SIGN,2,2,0.0,0.0,0.0,0.0,0.0,2.0,7,6,10,10/11/2024,2024-10-11,07:00:00
10/12/2024 04:23:00 AM,7.0,3,5,5,5,3,3,3,3,1,4,UNABLE TO DETERMINE,2,2,0.0,0.0,0.0,0.0,0.0,2.0,4,7,10,10/12/2024,2024-10-12,04:23:00
10/11/2024 05:34:00 PM,7.0,3,2,5,6,3,3,3,2,1,4,DISREGARDING STOP SIGN,2,2,0.0,0.0,0.0,0.0,0.0,2.0,17,6,10,10/11/2024,2024-10-11,17:34:00
10/12/2024 06:01:00 PM,7.0,3,3,13,5,3,1,1,3,1,4,UNABLE TO DETERMINE,2,4,1.0,0.0,0.0,1.0,0.0,1.0,18,7,10,10/12/2024,2024-10-12,18:01:00
10/11/2024 09:03:00 PM,5.0,3,5,3,5,3,3,3,2,1,4,FAILING TO YIELD RIGHT-OF-WAY,2,2,0.0,0.0,0.0,0.0,0.0,4.0,21,6,10,10/11/2024,2024-10-11,21:03:00
09/28/2024 11:22:00 PM,2.0,3,5,3,2,3,3,3,2,0,3,IMPROPER LANE USAGE,2,2,0.0,0.0,0.0,0.0,0.0,5.0,23,7,9,09/28/2024,2024-09-28,23:22:00
10/15/2024 07:15:00 AM,5.0,4,2,6,5,3,4,3,2,1,4,UNABLE TO DETERMINE,2,2,0.0,0.0,0.0,0.0,0.0,2.0,7,3,10,10/15/2024,2024-10-15,07:15:00
09/28/2024 11:50:00 AM,5.0,3,2,4,5,3,4,3,3,1,4,FAILING TO REDUCE SPEED TO AVOID CRASH,2,3,1.0,0.0,0.0,0.0,1.0,1.0,11,7,9,09/28/2024,2024-09-28,11:50:00
09/28/2024 01:23:00 AM,5.0,3,5,9,14,3,3,3,3,1,4,"VISION OBSCURED (SIGNS, TREE LIMBS, BUILDINGS, ETC.)",2,2,0.0,0.0,0.0,0.0,0.0,2.0,1,7,9,09/28/2024,2024-09-28,01:23:00
09/28/2024 03:10:00 PM,5.0,4,2,4,4,3,3,3,3,1,4,FOLLOWING TOO CLOSELY,2,3,2.0,0.0,0.0,0.0,2.0,2.0,15,7,9,09/28/2024,2024-09-28,15:10:00
09/28/2024 10:10:00 AM,3.0,5,2,6,7,3,4,1,2,1,4,IMPROPER BACKING,2,2,0.0,0.0,0.0,0.0,0.0,6.0,10,7,9,09/28/2024,2024-09-28,10:10:00
09/28/2024 08:48:00 AM,3.0,5,2,5,2,3,4,3,3,0,3,FAILING TO YIELD RIGHT-OF-WAY,2,4,1.0,0.0,0.0,1.0,0.0,1.0,8,7,9,09/28/2024,2024-09-28,08:48:00
09/28/2024 09:22:00 AM,5.0,5,2,5,5,3,4,1,3,1,4,DISREGARDING TRAFFIC SIGNALS,2,4,2.0,0.0,0.0,2.0,0.0,2.0,9,7,9,09/28/2024,2024-09-28,09:22:00
09/28/2024 11:40:00 PM,7.0,3,5,5,4,3,3,1,2,1,4,UNABLE TO DETERMINE,2,2,0.0,0.0,0.0,0.0,0.0,4.0,23,7,9,09/28/2024,2024-09-28,23:40:00
09/28/2024 04:41:00 PM,5.0,4,2,5,5,3,1,1,2,1,4,UNABLE TO DETERMINE,2,2,0.0,0.0,0.0,0.0,0.0,7.0,16,7,9,09/28/2024,2024-09-28,16:41:00
09/28/2024 03:50:00 PM,5.0,3,2,6,5,3,3,3,3,1,4,DISREGARDING TRAFFIC SIGNALS,2,2,0.0,0.0,0.0,0.0,0.0,3.0,15,7,9,09/28/2024,2024-09-28,15:50:00
09/28/2024 09:20:00 AM,5.0,3,2,6,4,3,3,3,2,1,4,IMPROPER TURNING/NO SIGNAL,2,2,0.0,0.0,0.0,0.0,0.0,3.0,9,7,9,09/28/2024,2024-09-28,09:20:00
09/28/2024 02:50:00 PM,5.0,3,2,4,5,3,1,1,2,1,4,UNABLE TO DETERMINE,2,2,0.0,0.0,0.0,0.0,0.0,3.0,14,7,9,09/28/2024,2024-09-28,14:50:00
09/28/2024 04:40:00 PM,5.0,3,3,6,6,3,3,1,2,1,4,FAILING TO YIELD RIGHT-OF-WAY,2,2,0.0,0.0,0.0,0.0,0.0,2.0,16,7,9,09/28/2024,2024-09-28,16:40:00
09/28/2024 10:58:00 AM,5.0,3,2,6,12,3,4,3,3,1,4,NOT APPLICABLE,2,2,0.0,0.0,0.0,0.0,0.0,4.0,10,7,9,09/28/2024,2024-09-28,10:58:00
09/28/2024 04:13:00 AM,3.0,5,5,4,6,3,4,1,3,0,4,UNABLE TO DETERMINE,2,2,0.0,0.0,0.0,0.0,0.0,3.0,4,7,9,09/28/2024,2024-09-28,04:13:00
09/28/2024 05:34:00 PM,5.0,3,2,6,5,3,3,3,2,1,4,IMPROPER OVERTAKING/PASSING,2,2,0.0,0.0,0.0,0.0,0.0,3.0,17,7,9,09/28/2024,2024-09-28,17:34:00
09/28/2024 12:30:00 PM,5.0,4,2,6,6,3,3,1,2,1,4,UNABLE TO DETERMINE,2,2,0.0,0.0,0.0,0.0,0.0,3.0,12,7,9,09/28/2024,2024-09-28,12:30:00
09/28/2024 04:43:00 PM,7.0,3,2,6,4,3,3,1,2,1,4,FAILING TO YIELD RIGHT-OF-WAY,2,2,0.0,0.0,0.0,0.0,0.0,4.0,16,7,9,09/28/2024,2024-09-28,16:43:00
10/13/2024 07:30:00 AM,1.0,3,2,4,6,3,1,1,2,1,3,NOT APPLICABLE,2,2,0.0,0.0,0.0,0.0,0.0,2.0,7,1,10,10/13/2024,2024-10-13,07:30:00
10/10/2024 07:05:00 PM,5.0,3,4,6,5,3,3,3,2,1,4,UNABLE TO DETERMINE,2,2,0.0,0.0,0.0,0.0,0.0,2.0,19,5,10,10/10/2024,2024-10-10,19:05:00
10/13/2024 08:30:00 PM,5.0,3,5,4,5,3,3,3,2,1,4,UNABLE TO DETERMINE,2,2,0.0,0.0,0.0,0.0,0.0,2.0,20,1,10,10/13/2024,2024-10-13,20:30:00
10/04/2024 04:30:00 PM,5.0,3,2,6,5,3,1,1,2,1,4,IMPROPER OVERTAKING/PASSING,2,2,0.0,0.0,0.0,0.0,0.0,2.0,16,6,10,10/04/2024,2024-10-04,16:30:00
10/12/2024 10:10:00 PM,7.0,3,5,14,7,3,3,3,2,1,2,FAILING TO REDUCE SPEED TO AVOID CRASH,2,2,0.0,0.0,0.0,0.0,0.0,3.0,22,7,10,10/12/2024,2024-10-12,22:10:00
10/13/2024 02:05:00 PM,5.0,3,2,3,6,3,3,3,2,1,3,NOT APPLICABLE,2,2,0.0,0.0,0.0,0.0,0.0,2.0,14,1,10,10/13/2024,2024-10-13,14:05:00
09/19/2024 09:31:00 PM,5.0,3,5,9,5,3,3,3,3,1,4,FAILING TO REDUCE SPEED TO AVOID CRASH,2,3,2.0,0.0,0.0,0.0,2.0,1.0,21,5,9,09/19/2024,2024-09-19,21:31:00
10/07/2024 02:45:00 PM,5.0,3,2,3,5,3,3,3,2,1,3,FAILING TO YIELD RIGHT-OF-WAY,2,2,0.0,0.0,0.0,0.0,0.0,2.0,14,2,10,10/07/2024,2024-10-07,14:45:00
10/13/2024 02:00:00 PM,5.0,3,2,6,1,3,1,1,2,1,4,UNABLE TO DETERMINE,2,2,0.0,0.0,0.0,0.0,0.0,6.0,14,1,10,10/13/2024,2024-10-13,14:00:00
10/13/2024 07:42:00 PM,5.0,3,5,2,5,3,3,3,3,1,3,UNABLE TO DETERMINE,2,4,2.0,0.0,0.0,2.0,0.0,0.0,19,1,10,10/13/2024,2024-10-13,19:42:00
10/13/2024 03:32:00 PM,5.0,3,2,6,7,3,3,3,2,1,4,IMPROPER TURNING/NO SIGNAL,2,2,0.0,0.0,0.0,0.0,0.0,2.0,15,1,10,10/13/2024,2024-10-13,15:32:00
10/13/2024 12:50:00 AM,5.0,3,5,14,5,3,3,1,3,1,4,FAILING TO YIELD RIGHT-OF-WAY,2,4,1.0,0.0,0.0,1.0,0.0,1.0,0,1,10,10/13/2024,2024-10-13,00:50:00
10/11/2024 11:29:00 AM,5.0,3,2,7,3,3,3,3,2,1,4,IMPROPER BACKING,2,2,0.0,0.0,0.0,0.0,0.0,2.0,11,6,10,10/11/2024,2024-10-11,11:29:00
10/11/2024 10:30:00 PM,5.0,3,5,4,5,3,3,3,2,1,4,UNABLE TO DETERMINE,2,2,0.0,0.0,0.0,0.0,0.0,2.0,22,6,10,10/11/2024,2024-10-11,22:30:00
10/11/2024 10:10:00 PM,5.0,3,5,5,5,3,3,3,2,1,4,UNABLE TO DETERMINE,2,2,0.0,0.0,0.0,0.0,0.0,5.0,22,6,10,10/11/2024,2024-10-11,22:10:00
10/12/2024 11:20:00 PM,5.0,3,5,3,3,3,3,3,2,1,2,FAILING TO REDUCE SPEED TO AVOID CRASH,2,2,0.0,0.0,0.0,0.0,0.0,3.0,23,7,10,10/12/2024,2024-10-12,23:20:00
10/12/2024 12:54:00 PM,7.0,3,2,14,6,3,3,3,3,1,2,UNABLE TO DETERMINE,2,4,1.0,0.0,0.0,1.0,0.0,1.0,12,7,10,10/12/2024,2024-10-12,12:54:00
10/12/2024 05:20:00 PM,5.0,3,2,3,6,3,3,3,2,1,3,FAILING TO YIELD RIGHT-OF-WAY,2,2,0.0,0.0,0.0,0.0,0.0,2.0,17,7,10,10/12/2024,2024-10-12,17:20:00
10/07/2024 08:00:00 AM,5.0,3,2,6,5,3,3,3,2,1,4,UNABLE TO DETERMINE,2,2,0.0,0.0,0.0,0.0,0.0,2.0,8,2,10,10/07/2024,2024-10-07,08:00:00
10/12/2024 09:56:00 PM,7.0,3,5,5,5,3,3,3,3,1,4,FAILING TO YIELD RIGHT-OF-WAY,2,4,1.0,0.0,0.0,1.0,0.0,1.0,21,7,10,10/12/2024,2024-10-12,21:56:00
10/13/2024 03:50:00 PM,5.0,3,2,4,3,3,3,3,2,1,4,FOLLOWING TOO CLOSELY,2,2,0.0,0.0,0.0,0.0,0.0,2.0,15,1,10,10/13/2024,2024-10-13,15:50:00
09/29/2024 01:15:00 PM,3.0,3,2,5,6,3,3,3,2,0,4,FAILING TO YIELD RIGHT-OF-WAY,2,2,0.0,0.0,0.0,0.0,0.0,3.0,13,1,9,09/29/2024,2024-09-29,13:15:00
09/29/2024 01:30:00 PM,5.0,3,2,6,6,3,3,3,2,1,3,FAILING TO YIELD RIGHT-OF-WAY,2,2,0.0,0.0,0.0,0.0,0.0,2.0,13,1,9,09/29/2024,2024-09-29,13:30:00
09/29/2024 12:30:00 AM,5.0,3,5,6,6,3,3,3,3,1,3,IMPROPER TURNING/NO SIGNAL,2,3,1.0,0.0,0.0,0.0,1.0,1.0,0,1,9,09/29/2024,2024-09-29,00:30:00
09/29/2024 05:00:00 AM,5.0,3,3,5,3,3,1,1,2,1,4,UNABLE TO DETERMINE,2,2,0.0,0.0,0.0,0.0,0.0,2.0,5,1,9,09/29/2024,2024-09-29,05:00:00
09/29/2024 03:21:00 AM,7.0,3,5,5,5,3,3,1,3,1,4,FAILING TO YIELD RIGHT-OF-WAY,2,4,2.0,0.0,0.0,2.0,0.0,0.0,3,1,9,09/29/2024,2024-09-29,03:21:00
09/29/2024 03:00:00 PM,7.0,3,2,6,6,3,3,3,2,0,3,IMPROPER OVERTAKING/PASSING,2,2,0.0,0.0,0.0,0.0,0.0,2.0,15,1,9,09/29/2024,2024-09-29,15:00:00
09/29/2024 03:20:00 PM,5.0,3,2,6,5,3,4,1,2,1,4,UNABLE TO DETERMINE,2,2,0.0,0.0,0.0,0.0,0.0,2.0,15,1,9,09/29/2024,2024-09-29,15:20:00
09/29/2024 03:00:00 PM,1.0,3,2,11,6,3,1,1,2,1,4,IMPROPER BACKING,2,2,0.0,0.0,0.0,0.0,0.0,1.0,15,1,9,09/29/2024,2024-09-29,15:00:00
09/29/2024 11:14:00 AM,3.0,3,2,13,6,3,3,3,3,1,2,UNABLE TO DETERMINE,2,6,1.0,1.0,0.0,0.0,0.0,1.0,11,1,9,09/29/2024,2024-09-29,11:14:00
09/29/2024 06:38:00 AM,1.0,3,2,14,6,3,1,1,2,0,4,UNABLE TO DETERMINE,2,2,0.0,0.0,0.0,0.0,0.0,2.0,6,1,9,09/29/2024,2024-09-29,06:38:00
09/29/2024 05:03:00 PM,5.0,3,2,5,5,3,3,3,3,1,4,FAILING TO YIELD RIGHT-OF-WAY,2,5,1.0,0.0,1.0,0.0,0.0,1.0,17,1,9,09/29/2024,2024-09-29,17:03:00
09/29/2024 03:19:00 PM,5.0,3,2,11,5,3,1,1,2,1,3,UNABLE TO DETERMINE,2,2,0.0,0.0,0.0,0.0,0.0,1.0,15,1,9,09/29/2024,2024-09-29,15:19:00
09/29/2024 01:45:00 PM,3.0,3,2,11,10,3,3,1,3,1,4,IMPROPER OVERTAKING/PASSING,2,2,0.0,0.0,0.0,0.0,0.0,1.0,13,1,9,09/29/2024,2024-09-29,13:45:00
10/04/2024 06:12:00 PM,5.0,3,4,11,5,3,3,3,3,1,4,FAILING TO REDUCE SPEED TO AVOID CRASH,2,3,1.0,0.0,0.0,0.0,1.0,4.0,18,6,10,10/04/2024,2024-10-04,18:12:00
10/04/2024 03:45:00 PM,3.0,3,4,3,6,3,3,3,2,1,3,IMPROPER LANE USAGE,2,2,0.0,0.0,0.0,0.0,0.0,2.0,15,6,10,10/04/2024,2024-10-04,15:45:00
09/29/2024 01:47:00 PM,5.0,4,2,4,3,3,3,3,2,1,4,FOLLOWING TOO CLOSELY,2,2,0.0,0.0,0.0,0.0,0.0,2.0,13,1,9,09/29/2024,2024-09-29,13:47:00
09/29/2024 03:47:00 PM,5.0,4,2,6,6,3,3,1,2,1,4,UNABLE TO DETERMINE,2,2,0.0,0.0,0.0,0.0,0.0,3.0,15,1,9,09/29/2024,2024-09-29,15:47:00
09/29/2024 09:30:00 PM,7.0,3,5,5,7,3,3,1,2,1,4,UNABLE TO DETERMINE,2,2,0.0,0.0,0.0,0.0,0.0,2.0,21,1,9,09/29/2024,2024-09-29,21:30:00