crash_date,traffic_control_device,weather_condition,lighting_condition,first_crash_type,trafficway_type,alignment,roadway_surface_cond,road_defect,crash_type,intersection_related_i,damage,prim_contributory_cause,num_units,most_severe_injury,injuries_total,injuries_fatal,injuries_incapacitating,injuries_non_incapacitating,injuries_reported_not_evident,injuries_no_indication,crash_hour,crash_day_of_week,crash_month,parsed_datetime,date,time
10/16/2024 12:40:00 PM,5.0,3,2,4,6,3,3,2,3,1,4,UNABLE TO DETERMINE,2,3,1.0,0.0,0.0,0.0,1.0,2.0,12,4,10,10/16/2024,2024-10-16,12:40:00
10/17/2024 06:30:00 AM,5.0,3,2,6,5,3,3,3,2,1,2,UNABLE TO DETERMINE,2,2,0.0,0.0,0.0,0.0,0.0,2.0,6,5,10,10/17/2024,2024-10-17,06:30:00
10/17/2024 04:21:00 PM,7.0,3,2,6,6,3,3,3,3,1,4,UNABLE TO DETERMINE,2,2,0.0,0.0,0.0,0.0,0.0,4.0,16,5,10,10/17/2024,2024-10-17,16:21:00
10/17/2024 10:30:00 PM,7.0,3,5,5,4,3,3,3,2,1,4,IMPROPER OVERTAKING/PASSING,2,2,0.0,0.0,0.0,0.0,0.0,2.0,22,5,10,10/17/2024,2024-10-17,22:30:00
10/17/2024 04:10:00 PM,7.0,3,2,5,5,3,3,3,3,1,4,DRIVING SKILLS/KNOWLEDGE/EXPERIENCE,2,2,0.0,0.0,0.0,0.0,0.0,2.0,16,5,10,10/17/2024,2024-10-17,16:10:00
10/15/2024 05:00:00 PM,7.0,3,2,5,6,3,3,3,2,1,4,UNABLE TO DETERMINE,2,2,0.0,0.0,0.0,0.0,0.0,2.0,17,3,10,10/15/2024,2024-10-15,17:00:00
10/07/2024 12:30:00 PM,3.0,3,2,6,16,3,3,1,2,1,3,UNABLE TO DETERMINE,2,2,0.0,0.0,0.0,0.0,0.0,3.0,12,2,10,10/07/2024,2024-10-07,12:30:00
10/17/2024 11:30:00 AM,7.0,3,2,6,6,3,3,3,2,1,4,IMPROPER OVERTAKING/PASSING,2,2,0.0,0.0,0.0,0.0,0.0,2.0,11,5,10,10/17/2024,2024-10-17,11:30:00
10/17/2024 04:45:00 PM,5.0,3,2,6,6,3,3,1,2,1,4,UNABLE TO DETERMINE,2,2,0.0,0.0,0.0,0.0,0.0,2.0,16,5,10,10/17/2024,2024-10-17,16:45:00
10/17/2024 04:15:00 PM,3.0,3,2,13,6,3,3,3,3,1,4,FAILING TO YIELD RIGHT-OF-WAY,2,4,1.0,0.0,0.0,1.0,0.0,1.0,16,5,10,10/17/2024,2024-10-17,16:15:00
10/17/2024 03:25:00 PM,7.0,3,2,11,9,3,3,3,2,0,4,UNABLE TO DETERMINE,2,2,0.0,0.0,0.0,0.0,0.0,1.0,15,5,10,10/17/2024,2024-10-17,15:25:00
10/15/2024 05:00:00 PM,7.0,3,4,5,5,3,1,3,2,1,3,"OPERATING VEHICLE IN ERRATIC, RECKLESS, CARELESS, NEGLIGENT OR AGGRESSIVE MANNER",2,2,0.0,0.0,0.0,0.0,0.0,2.0,17,3,10,10/15/2024,2024-10-15,17:00:00
10/16/2024 12:38:00 AM,3.0,3,5,6,6,3,4,3,3,1,4,NOT APPLICABLE,2,5,2.0,0.0,2.0,0.0,0.0,1.0,0,4,10,10/16/2024,2024-10-16,00:38:00
10/17/2024 07:45:00 AM,3.0,3,2,6,7,3,3,3,2,1,4,IMPROPER TURNING/NO SIGNAL,2,2,0.0,0.0,0.0,0.0,0.0,2.0,7,5,10,10/17/2024,2024-10-17,07:45:00
10/17/2024 07:00:00 AM,5.0,3,2,4,6,3,3,3,3,1,4,FAILING TO REDUCE SPEED TO AVOID CRASH,2,3,1.0,0.0,0.0,0.0,1.0,1.0,7,5,10,10/17/2024,2024-10-17,07:00:00
10/12/2024 11:24:00 PM,7.0,3,6,5,6,3,3,1,3,1,4,FAILING TO YIELD RIGHT-OF-WAY,2,4,1.0,0.0,0.0,1.0,0.0,5.0,23,7,10,10/12/2024,2024-10-12,23:24:00
10/17/2024 04:33:00 PM,5.0,3,2,4,5,3,3,3,2,1,4,FOLLOWING TOO CLOSELY,2,2,0.0,0.0,0.0,0.0,0.0,4.0,16,5,10,10/17/2024,2024-10-17,16:33:00
10/17/2024 03:45:00 PM,7.0,3,2,4,4,3,3,1,2,0,4,FOLLOWING TOO CLOSELY,2,2,0.0,0.0,0.0,0.0,0.0,2.0,15,5,10,10/17/2024,2024-10-17,15:45:00
10/16/2024 12:05:00 PM,5.0,3,2,6,5,3,3,3,3,1,4,DISREGARDING TRAFFIC SIGNALS,2,4,1.0,0.0,0.0,1.0,0.0,2.0,12,4,10,10/16/2024,2024-10-16,12:05:00
10/17/2024 11:10:00 AM,7.0,3,2,5,1,3,3,1,2,1,3,UNABLE TO DETERMINE,2,2,0.0,0.0,0.0,0.0,0.0,2.0,11,5,10,10/17/2024,2024-10-17,11:10:00
10/15/2024 07:00:00 PM,5.0,5,5,6,4,3,4,3,2,1,4,IMPROPER OVERTAKING/PASSING,2,2,0.0,0.0,0.0,0.0,0.0,2.0,19,3,10,10/15/2024,2024-10-15,19:00:00
10/17/2024 08:00:00 AM,3.0,3,2,6,5,3,3,1,3,1,4,IMPROPER TURNING/NO SIGNAL,2,2,0.0,0.0,0.0,0.0,0.0,2.0,8,5,10,10/17/2024,2024-10-17,08:00:00
10/17/2024 01:41:00 PM,3.0,3,2,6,4,3,3,3,3,1,4,FAILING TO YIELD RIGHT-OF-WAY,2,3,2.0,0.0,0.0,0.0,2.0,0.0,13,5,10,10/17/2024,2024-10-17,13:41:00
10/10/2024 05:15:00 PM,5.0,3,2,13,14,3,3,3,3,1,2,"VISION OBSCURED (SIGNS, TREE LIMBS, BUILDINGS, ETC.)",2,4,1.0,0.0,0.0,1.0,0.0,1.0,17,5,10,10/10/2024,2024-10-10,17:15:00
10/03/2024 07:45:00 AM,3.0,3,2,14,9,3,3,3,3,1,4,UNABLE TO DETERMINE,2,4,1.0,0.0,0.0,1.0,0.0,1.0,7,5,10,10/03/2024,2024-10-03,07:45:00
10/03/2024 12:28:00 PM,7.0,3,2,6,7,3,3,1,2,1,4,FAILING TO YIELD RIGHT-OF-WAY,2,2,0.0,0.0,0.0,0.0,0.0,3.0,12,5,10,10/03/2024,2024-10-03,12:28:00
10/03/2024 12:53:00 PM,5.0,3,2,2,5,3,1,1,3,1,3,FAILING TO YIELD RIGHT-OF-WAY,2,3,1.0,0.0,0.0,0.0,1.0,1.0,12,5,10,10/03/2024,2024-10-03,12:53:00
10/03/2024 03:18:00 PM,7.0,3,2,8,7,3,3,3,2,1,3,IMPROPER BACKING,2,2,0.0,0.0,0.0,0.0,0.0,2.0,15,5,10,10/03/2024,2024-10-03,15:18:00
10/03/2024 07:04:00 PM,5.0,3,5,6,6,3,3,3,2,1,4,IMPROPER BACKING,2,2,0.0,0.0,0.0,0.0,0.0,2.0,19,5,10,10/03/2024,2024-10-03,19:04:00
10/03/2024 07:00:00 PM,7.0,3,4,4,6,3,1,1,2,0,3,FOLLOWING TOO CLOSELY,2,2,0.0,0.0,0.0,0.0,0.0,2.0,19,5,10,10/03/2024,2024-10-03,19:00:00
10/03/2024 09:08:00 AM,3.0,3,2,13,5,3,3,3,3,1,3,FAILING TO YIELD RIGHT-OF-WAY,2,4,1.0,0.0,0.0,1.0,0.0,1.0,9,5,10,10/03/2024,2024-10-03,09:08:00
10/03/2024 08:15:00 AM,7.0,3,2,5,5,3,3,3,2,1,4,DISREGARDING STOP SIGN,2,2,0.0,0.0,0.0,0.0,0.0,2.0,8,5,10,10/03/2024,2024-10-03,08:15:00
10/03/2024 10:42:00 PM,5.0,3,6,5,5,3,3,3,3,1,4,DISREGARDING TRAFFIC SIGNALS,2,2,0.0,0.0,0.0,0.0,0.0,2.0,22,5,10,10/03/2024,2024-10-03,22:42:00
10/03/2024 12:00:00 PM,7.0,3,2,6,7,3,3,3,3,1,4,UNABLE TO DETERMINE,2,3,1.0,0.0,0.0,0.0,1.0,2.0,12,5,10,10/03/2024,2024-10-03,12:00:00
10/03/2024 04:28:00 PM,7.0,3,2,5,4,3,3,3,2,1,4,UNABLE TO DETERMINE,2,2,0.0,0.0,0.0,0.0,0.0,3.0,16,5,10,10/03/2024,2024-10-03,16:28:00
10/03/2024 08:57:00 AM,5.0,3,2,3,6,3,3,3,2,0,2,IMPROPER OVERTAKING/PASSING,2,2,0.0,0.0,0.0,0.0,0.0,2.0,8,5,10,10/03/2024,2024-10-03,08:57:00
10/03/2024 05:35:00 PM,5.0,3,2,6,5,3,3,3,3,1,4,FAILING TO YIELD RIGHT-OF-WAY,2,4,2.0,0.0,0.0,2.0,0.0,0.0,17,5,10,10/03/2024,2024-10-03,17:35:00
10/03/2024 09:41:00 AM,7.0,3,2,5,4,3,3,3,3,1,4,FAILING TO YIELD RIGHT-OF-WAY,2,3,1.0,0.0,0.0,0.0,1.0,2.0,9,5,10,10/03/2024,2024-10-03,09:41:00
10/03/2024 07:50:00 AM,5.0,3,2,6,4,3,3,3,2,1,4,TURNING RIGHT ON RED,2,2,0.0,0.0,0.0,0.0,0.0,2.0,7,5,10,10/03/2024,2024-10-03,07:50:00
10/03/2024 12:28:00 PM,7.0,3,2,14,5,3,3,1,3,1,2,DISREGARDING OTHER TRAFFIC SIGNS,2,4,1.0,0.0,0.0,1.0,0.0,1.0,12,5,10,10/03/2024,2024-10-03,12:28:00
10/03/2024 04:56:00 PM,5.0,3,2,4,13,3,3,3,3,1,4,FOLLOWING TOO CLOSELY,2,4,1.0,0.0,0.0,1.0,0.0,1.0,16,5,10,10/03/2024,2024-10-03,16:56:00
10/03/2024 07:15:00 PM,5.0,3,5,6,6,3,3,1,3,1,4,UNABLE TO DETERMINE,2,2,0.0,0.0,0.0,0.0,0.0,4.0,19,5,10,10/03/2024,2024-10-03,19:15:00
10/03/2024 04:20:00 PM,7.0,5,2,4,6,3,3,3,2,1,4,FAILING TO REDUCE SPEED TO AVOID CRASH,2,2,0.0,0.0,0.0,0.0,0.0,2.0,16,5,10,10/03/2024,2024-10-03,16:20:00
10/03/2024 08:00:00 AM,5.0,3,2,6,5,3,3,3,2,1,4,IMPROPER TURNING/NO SIGNAL,2,2,0.0,0.0,0.0,0.0,0.0,2.0,8,5,10,10/03/2024,2024-10-03,08:00:00
10/03/2024 01:00:00 PM,3.0,3,2,6,5,3,3,3,2,1,4,"VISION OBSCURED (SIGNS, TREE LIMBS, BUILDINGS, ETC.)",2,2,0.0,0.0,0.0,0.0,0.0,2.0,13,5,10,10/03/2024,2024-10-03,13:00:00
10/03/2024 09:30:00 PM,5.0,3,5,4,4,3,3,3,3,1,4,FOLLOWING TOO CLOSELY,2,2,0.0,0.0,0.0,0.0,0.0,2.0,21,5,10,10/03/2024,2024-10-03,21:30:00
10/03/2024 12:07:00 PM,7.0,3,2,5,4,3,3,3,3,1,4,FAILING TO YIELD RIGHT-OF-WAY,2,3,1.0,0.0,0.0,0.0,1.0,3.0,12,5,10,10/03/2024,2024-10-03,12:07:00
10/03/2024 03:30:00 PM,7.0,3,2,6,6,3,3,3,2,1,4,IMPROPER TURNING/NO SIGNAL,2,2,0.0,0.0,0.0,0.0,0.0,2.0,15,5,10,10/03/2024,2024-10-03,15:30:00
10/03/2024 06:37:00 PM,5.0,3,5,4,4,3,3,1,2,1,3,UNABLE TO DETERMINE,2,2,0.0,0.0,0.0,0.0,0.0,2.0,18,5,10,10/03/2024,2024-10-03,18:37:00
10/03/2024 07:58:00 AM,5.0,3,2,4,6,3,3,1,2,1,4,FOLLOWING TOO CLOSELY,2,2,0.0,0.0,0.0,0.0,0.0,2.0,7,5,10,10/03/2024,2024-10-03,07:58:00
10/03/2024 02:45:00 PM,5.0,3,2,14,4,3,3,1,3,1,3,UNABLE TO DETERMINE,2,4,1.0,0.0,0.0,1.0,0.0,1.0,14,5,10,10/03/2024,2024-10-03,14:45:00
10/03/2024 08:32:00 AM,5.0,3,2,6,5,3,1,1,2,1,4,IMPROPER OVERTAKING/PASSING,2,2,0.0,0.0,0.0,0.0,0.0,2.0,8,5,10,10/03/2024,2024-10-03,08:32:00
10/03/2024 08:50:00 AM,5.0,3,2,4,6,3,3,3,2,1,4,FOLLOWING TOO CLOSELY,2,2,0.0,0.0,0.0,0.0,0.0,2.0,8,5,10,10/03/2024,2024-10-03,08:50:00
10/03/2024 01:30:00 PM,5.0,3,2,6,5,3,3,3,2,1,4,UNABLE TO DETERMINE,2,2,0.0,0.0,0.0,0.0,0.0,2.0,13,5,10,10/03/2024,2024-10-03,13:30:00
10/03/2024 05:30:00 PM,7.0,3,2,5,5,3,3,1,3,1,4,DISREGARDING STOP SIGN,2,4,1.0,0.0,0.0,1.0,0.0,1.0,17,5,10,10/03/2024,2024-10-03,17:30:00
10/03/2024 01:19:00 AM,5.0,3,5,5,2,3,3,3,3,1,4,DISREGARDING TRAFFIC SIGNALS,2,3,1.0,0.0,0.0,0.0,1.0,1.0,1,5,10,10/03/2024,2024-10-03,01:19:00
10/03/2024 02:47:00 PM,7.0,3,2,5,5,3,3,3,3,1,4,FAILING TO YIELD RIGHT-OF-WAY,2,3,1.0,0.0,0.0,0.0,1.0,2.0,14,5,10,10/03/2024,2024-10-03,14:47:00
10/03/2024 12:50:00 AM,5.0,3,5,5,7,3,3,3,3,1,4,UNABLE TO DETERMINE,2,5,1.0,0.0,1.0,0.0,0.0,1.0,0,5,10,10/03/2024,2024-10-03,00:50:00
10/18/2024 07:34:00 PM,5.0,3,6,6,7,3,3,3,2,1,4,TURNING RIGHT ON RED,2,2,0.0,0.0,0.0,0.0,0.0,2.0,19,6,10,10/18/2024,2024-10-18,19:34:00
10/18/2024 12:00:00 PM,7.0,3,2,5,5,3,3,3,2,1,3,FAILING TO YIELD RIGHT-OF-WAY,2,2,0.0,0.0,0.0,0.0,0.0,2.0,12,6,10,10/18/2024,2024-10-18,12:00:00
10/18/2024 03:05:00 PM,5.0,3,2,3,6,3,3,3,2,1,4,UNABLE TO DETERMINE,2,2,0.0,0.0,0.0,0.0,0.0,2.0,15,6,10,10/18/2024,2024-10-18,15:05:00
10/17/2024 12:30:00 PM,5.0,3,2,6,6,3,3,3,2,1,4,FAILING TO YIELD RIGHT-OF-WAY,2,2,0.0,0.0,0.0,0.0,0.0,2.0,12,5,10,10/17/2024,2024-10-17,12:30:00
10/17/2024 03:41:00 AM,7.0,3,5,5,5,3,3,3,2,1,4,DISREGARDING STOP SIGN,2,2,0.0,0.0,0.0,0.0,0.0,2.0,3,5,10,10/17/2024,2024-10-17,03:41:00
10/18/2024 08:50:00 AM,7.0,3,2,6,7,3,3,3,2,1,3,FAILING TO YIELD RIGHT-OF-WAY,2,2,0.0,0.0,0.0,0.0,0.0,2.0,8,6,10,10/18/2024,2024-10-18,08:50:00
10/18/2024 03:19:00 PM,5.0,3,2,6,5,3,3,3,3,1,4,FAILING TO YIELD RIGHT-OF-WAY,2,3,1.0,0.0,0.0,0.0,1.0,2.0,15,6,10,10/18/2024,2024-10-18,15:19:00
10/17/2024 10:26:00 PM,3.0,3,5,9,6,3,3,1,3,1,4,UNABLE TO DETERMINE,2,4,2.0,0.0,0.0,2.0,0.0,1.0,22,5,10,10/17/2024,2024-10-17,22:26:00
10/17/2024 01:42:00 PM,5.0,3,2,6,6,3,3,3,3,1,4,IMPROPER TURNING/NO SIGNAL,2,4,2.0,0.0,0.0,2.0,0.0,0.0,13,5,10,10/17/2024,2024-10-17,13:42:00
10/18/2024 10:00:00 PM,5.0,3,5,3,4,3,3,1,2,1,4,UNABLE TO DETERMINE,2,2,0.0,0.0,0.0,0.0,0.0,2.0,22,6,10,10/18/2024,2024-10-18,22:00:00
10/18/2024 10:10:00 PM,5.0,3,5,6,5,3,3,3,3,1,4,UNABLE TO DETERMINE,2,4,1.0,0.0,0.0,1.0,0.0,1.0,22,6,10,10/18/2024,2024-10-18,22:10:00
10/09/2024 09:38:00 PM,5.0,3,5,6,5,3,3,3,3,1,4,DISREGARDING TRAFFIC SIGNALS,2,4,2.0,0.0,0.0,1.0,1.0,0.0,21,4,10,10/09/2024,2024-10-09,21:38:00
10/18/2024 02:33:00 PM,5.0,3,2,6,6,3,3,3,3,1,4,IMPROPER TURNING/NO SIGNAL,2,2,0.0,0.0,0.0,0.0,0.0,5.0,14,6,10,10/18/2024,2024-10-18,14:33:00
10/18/2024 12:00:00 AM,5.0,3,5,4,5,3,3,3,2,1,3,UNABLE TO DETERMINE,2,2,0.0,0.0,0.0,0.0,0.0,2.0,0,6,10,10/18/2024,2024-10-18,00:00:00
10/17/2024 12:40:00 PM,5.0,3,2,6,3,3,3,3,2,1,4,IMPROPER TURNING/NO SIGNAL,2,2,0.0,0.0,0.0,0.0,0.0,4.0,12,5,10,10/17/2024,2024-10-17,12:40:00
10/18/2024 05:25:00 PM,5.0,3,2,3,6,3,3,2,2,1,4,"OPERATING VEHICLE IN ERRATIC, RECKLESS, CARELESS, NEGLIGENT OR AGGRESSIVE MANNER",2,2,0.0,0.0,0.0,0.0,0.0,5.0,17,6,10,10/18/2024,2024-10-18,17:25:00
10/18/2024 02:00:00 PM,4.0,3,2,6,13,3,3,1,3,1,4,FAILING TO YIELD RIGHT-OF-WAY,2,3,1.0,0.0,0.0,0.0,1.0,3.0,14,6,10,10/18/2024,2024-10-18,14:00:00
10/18/2024 04:00:00 PM,5.0,3,2,5,5,3,3,3,2,1,4,FAILING TO YIELD RIGHT-OF-WAY,2,2,0.0,0.0,0.0,0.0,0.0,2.0,16,6,10,10/18/2024,2024-10-18,16:00:00
10/17/2024 09:27:00 AM,5.0,3,2,6,6,3,3,3,2,1,3,UNABLE TO DETERMINE,2,2,0.0,0.0,0.0,0.0,0.0,2.0,9,5,10,10/17/2024,2024-10-17,09:27:00
10/18/2024 10:00:00 AM,7.0,3,2,5,5,3,3,3,3,1,4,FAILING TO YIELD RIGHT-OF-WAY,2,3,1.0,0.0,0.0,0.0,1.0,1.0,10,6,10,10/18/2024,2024-10-18,10:00:00
10/16/2024 05:45:00 PM,5.0,3,2,13,6,3,3,1,3,1,4,FAILING TO YIELD RIGHT-OF-WAY,2,5,1.0,0.0,1.0,0.0,0.0,1.0,17,4,10,10/16/2024,2024-10-16,17:45:00
10/16/2024 10:45:00 AM,7.0,3,2,11,5,3,3,3,2,1,4,"VISION OBSCURED (SIGNS, TREE LIMBS, BUILDINGS, ETC.)",2,2,0.0,0.0,0.0,0.0,0.0,1.0,10,4,10,10/16/2024,2024-10-16,10:45:00
10/11/2024 11:30:00 AM,7.0,3,2,3,6,3,3,1,2,1,4,UNABLE TO DETERMINE,2,2,0.0,0.0,0.0,0.0,0.0,2.0,11,6,10,10/11/2024,2024-10-11,11:30:00
10/18/2024 10:28:00 AM,7.0,3,2,6,7,3,3,3,2,1,2,UNABLE TO DETERMINE,2,2,0.0,0.0,0.0,0.0,0.0,3.0,10,6,10,10/18/2024,2024-10-18,10:28:00
10/18/2024 09:00:00 AM,3.0,3,2,5,6,3,3,3,2,1,4,UNABLE TO DETERMINE,2,2,0.0,0.0,0.0,0.0,0.0,2.0,9,6,10,10/18/2024,2024-10-18,09:00:00
10/18/2024 06:06:00 PM,5.0,3,2,6,5,3,3,3,2,1,3,IMPROPER OVERTAKING/PASSING,2,2,0.0,0.0,0.0,0.0,0.0,2.0,18,6,10,10/18/2024,2024-10-18,18:06:00
10/17/2024 07:35:00 AM,5.0,3,2,6,5,3,3,3,2,1,2,UNABLE TO DETERMINE,2,2,0.0,0.0,0.0,0.0,0.0,2.0,7,5,10,10/17/2024,2024-10-17,07:35:00
10/18/2024 08:20:00 PM,5.0,3,5,6,5,3,3,3,3,1,4,FAILING TO REDUCE SPEED TO AVOID CRASH,2,2,0.0,0.0,0.0,0.0,0.0,4.0,20,6,10,10/18/2024,2024-10-18,20:20:00
10/18/2024 07:10:00 PM,5.0,3,5,6,6,3,1,1,2,1,4,IMPROPER OVERTAKING/PASSING,2,2,0.0,0.0,0.0,0.0,0.0,2.0,19,6,10,10/18/2024,2024-10-18,19:10:00
10/04/2024 07:19:00 PM,3.0,3,4,3,10,3,3,3,2,1,2,IMPROPER OVERTAKING/PASSING,2,2,0.0,0.0,0.0,0.0,0.0,3.0,19,6,10,10/04/2024,2024-10-04,19:19:00
10/04/2024 08:45:00 AM,5.0,3,2,4,5,3,3,3,2,1,4,FOLLOWING TOO CLOSELY,2,2,0.0,0.0,0.0,0.0,0.0,2.0,8,6,10,10/04/2024,2024-10-04,08:45:00
10/04/2024 06:55:00 PM,3.0,3,2,13,6,3,3,3,3,1,2,UNABLE TO DETERMINE,2,4,1.0,0.0,0.0,1.0,0.0,1.0,18,6,10,10/04/2024,2024-10-04,18:55:00
10/04/2024 06:04:00 PM,5.0,3,2,6,6,3,3,3,3,1,4,DISREGARDING TRAFFIC SIGNALS,2,2,0.0,0.0,0.0,0.0,0.0,2.0,18,6,10,10/04/2024,2024-10-04,18:04:00
10/04/2024 09:15:00 AM,5.0,3,2,6,6,3,1,1,2,1,4,UNABLE TO DETERMINE,2,2,0.0,0.0,0.0,0.0,0.0,3.0,9,6,10,10/04/2024,2024-10-04,09:15:00
10/04/2024 03:10:00 PM,5.0,3,2,13,4,3,3,1,3,1,2,UNABLE TO DETERMINE,2,4,1.0,0.0,0.0,1.0,0.0,1.0,15,6,10,10/04/2024,2024-10-04,15:10:00
10/04/2024 10:30:00 PM,5.0,3,5,9,4,3,3,1,2,1,4,DISREGARDING TRAFFIC SIGNALS,2,2,0.0,0.0,0.0,0.0,0.0,2.0,22,6,10,10/04/2024,2024-10-04,22:30:00
10/04/2024 06:00:00 PM,7.0,3,2,5,6,3,3,3,3,1,3,UNABLE TO DETERMINE,2,2,0.0,0.0,0.0,0.0,0.0,2.0,18,6,10,10/04/2024,2024-10-04,18:00:00
10/04/2024 03:45:00 PM,7.0,3,2,5,5,3,3,3,2,1,4,UNABLE TO DETERMINE,2,2,0.0,0.0,0.0,0.0,0.0,2.0,15,6,10,10/04/2024,2024-10-04,15:45:00
10/04/2024 06:00:00 AM,5.0,5,5,6,4,3,4,3,3,1,4,UNABLE TO DETERMINE,2,3,1.0,0.0,0.0,0.0,1.0,1.0,6,6,10,10/04/2024,2024-10-04,06:00:00
10/04/2024 06:45:00 PM,3.0,3,2,4,6,3,3,3,2,1,4,FOLLOWING TOO CLOSELY,2,2,0.0,0.0,0.0,0.0,0.0,4.0,18,6,10,10/04/2024,2024-10-04,18:45:00
10/04/2024 04:20:00 PM,3.0,3,2,5,6,3,3,3,3,1,4,FAILING TO REDUCE SPEED TO AVOID CRASH,2,3,1.0,0.0,0.0,0.0,1.0,2.0,16,6,10,10/04/2024,2024-10-04,16:20:00
10/04/2024 03:55:00 PM,7.0,3,2,5,5,3,3,3,2,1,3,FAILING TO YIELD RIGHT-OF-WAY,2,2,0.0,0.0,0.0,0.0,0.0,3.0,15,6,10,10/04/2024,2024-10-04,15:55:00
10/04/2024 07:40:00 AM,7.0,5,2,5,5,3,4,3,3,1,4,UNABLE TO DETERMINE,2,2,0.0,0.0,0.0,0.0,0.0,6.0,7,6,10,10/04/2024,2024-10-04,07:40:00
10/04/2024 06:17:00 PM,7.0,3,5,6,7,3,3,3,3,1,4,DISREGARDING STOP SIGN,2,4,1.0,0.0,0.0,1.0,0.0,2.0,18,6,10,10/04/2024,2024-10-04,18:17:00
10/04/2024 06:00:00 PM,7.0,3,2,5,5,3,3,3,2,1,4,UNABLE TO DETERMINE,2,2,0.0,0.0,0.0,0.0,0.0,3.0,18,6,10,10/04/2024,2024-10-04,18:00:00
10/04/2024 07:25:00 AM,5.0,5,2,6,13,3,4,3,3,1,4,FAILING TO YIELD RIGHT-OF-WAY,2,2,0.0,0.0,0.0,0.0,0.0,2.0,7,6,10,10/04/2024,2024-10-04,07:25:00
10/04/2024 06:50:00 AM,7.0,5,3,13,6,3,4,3,3,1,4,FAILING TO YIELD RIGHT-OF-WAY,2,5,1.0,0.0,1.0,0.0,0.0,1.0,6,6,10,10/04/2024,2024-10-04,06:50:00
10/04/2024 05:00:00 PM,7.0,3,2,5,5,3,3,3,2,1,4,FAILING TO YIELD RIGHT-OF-WAY,2,2,0.0,0.0,0.0,0.0,0.0,2.0,17,6,10,10/04/2024,2024-10-04,17:00:00
10/04/2024 06:05:00 AM,5.0,3,6,4,6,3,3,3,2,1,4,FOLLOWING TOO CLOSELY,2,2,0.0,0.0,0.0,0.0,0.0,2.0,6,6,10,10/04/2024,2024-10-04,06:05:00
10/04/2024 08:15:00 PM,5.0,3,2,4,5,3,1,1,2,1,3,UNABLE TO DETERMINE,2,2,0.0,0.0,0.0,0.0,0.0,2.0,20,6,10,10/04/2024,2024-10-04,20:15:00
10/04/2024 02:00:00 PM,5.0,3,2,6,5,3,1,1,2,1,2,UNABLE TO DETERMINE,2,2,0.0,0.0,0.0,0.0,0.0,2.0,14,6,10,10/04/2024,2024-10-04,14:00:00
10/04/2024 07:29:00 PM,7.0,3,4,14,5,3,3,1,3,1,4,DISREGARDING STOP SIGN,2,4,1.0,0.0,0.0,1.0,0.0,1.0,19,6,10,10/04/2024,2024-10-04,19:29:00
10/04/2024 08:07:00 AM,7.0,4,2,5,5,3,4,3,2,1,3,UNABLE TO DETERMINE,2,2,0.0,0.0,0.0,0.0,0.0,6.0,8,6,10,10/04/2024,2024-10-04,08:07:00
10/04/2024 08:40:00 AM,7.0,5,2,5,5,3,4,1,2,1,4,FAILING TO YIELD RIGHT-OF-WAY,2,2,0.0,0.0,0.0,0.0,0.0,2.0,8,6,10,10/04/2024,2024-10-04,08:40:00
10/04/2024 11:57:00 AM,7.0,3,2,5,5,3,3,3,3,1,3,FAILING TO YIELD RIGHT-OF-WAY,2,3,1.0,0.0,0.0,0.0,1.0,1.0,11,6,10,10/04/2024,2024-10-04,11:57:00
10/04/2024 08:20:00 PM,5.0,3,5,6,6,3,3,3,2,1,4,IMPROPER TURNING/NO SIGNAL,2,2,0.0,0.0,0.0,0.0,0.0,3.0,20,6,10,10/04/2024,2024-10-04,20:20:00
10/04/2024 08:47:00 AM,7.0,3,2,5,5,3,3,1,3,1,4,DISREGARDING STOP SIGN,2,3,1.0,0.0,0.0,0.0,1.0,1.0,8,6,10,10/04/2024,2024-10-04,08:47:00
10/04/2024 05:13:00 PM,3.0,3,2,3,6,3,3,3,2,1,4,UNABLE TO DETERMINE,2,2,0.0,0.0,0.0,0.0,0.0,2.0,17,6,10,10/04/2024,2024-10-04,17:13:00
10/04/2024 04:42:00 PM,5.0,3,2,4,5,3,3,3,2,1,3,UNABLE TO DETERMINE,2,2,0.0,0.0,0.0,0.0,0.0,2.0,16,6,10,10/04/2024,2024-10-04,16:42:00
10/04/2024 04:12:00 PM,5.0,3,2,6,6,3,3,3,2,1,4,FAILING TO YIELD RIGHT-OF-WAY,2,2,0.0,0.0,0.0,0.0,0.0,4.0,16,6,10,10/04/2024,2024-10-04,16:12:00
08/06/2024 09:30:00 AM,7.0,3,2,3,7,3,1,1,2,1,4,UNABLE TO DETERMINE,2,2,0.0,0.0,0.0,0.0,0.0,2.0,9,3,8,08/06/2024,2024-08-06,09:30:00
10/04/2024 05:20:00 PM,3.0,3,2,6,5,3,3,3,3,1,4,NOT APPLICABLE,2,2,0.0,0.0,0.0,0.0,0.0,3.0,17,6,10,10/04/2024,2024-10-04,17:20:00
10/04/2024 11:35:00 AM,5.0,3,2,4,5,3,3,3,2,1,3,FOLLOWING TOO CLOSELY,2,2,0.0,0.0,0.0,0.0,0.0,2.0,11,6,10,10/04/2024,2024-10-04,11:35:00