crash_date,traffic_control_device,weather_condition,lighting_condition,first_crash_type,trafficway_type,alignment,roadway_surface_cond,road_defect,crash_type,intersection_related_i,damage,prim_contributory_cause,num_units,most_severe_injury,injuries_total,injuries_fatal,injuries_incapacitating,injuries_non_incapacitating,injuries_reported_not_evident,injuries_no_indication,crash_hour,crash_day_of_week,crash_month,parsed_datetime,date,time
10/08/2024 10:20:00 PM,5.0,3,5,5,13,3,3,1,3,1,4,DISREGARDING TRAFFIC SIGNALS,2,3,1.0,0.0,0.0,0.0,1.0,1.0,22,3,10,10/08/2024,2024-10-08,22:20:00
10/08/2024 08:40:00 AM,3.0,3,2,5,10,3,3,3,2,1,3,FAILING TO YIELD RIGHT-OF-WAY,2,2,0.0,0.0,0.0,0.0,0.0,2.0,8,3,10,10/08/2024,2024-10-08,08:40:00
10/08/2024 03:15:00 PM,3.0,3,2,13,5,3,3,3,3,1,2,FAILING TO YIELD RIGHT-OF-WAY,2,4,1.0,0.0,0.0,1.0,0.0,1.0,15,3,10,10/08/2024,2024-10-08,15:15:00
10/08/2024 07:20:00 AM,5.0,3,2,3,13,3,3,3,2,1,4,IMPROPER OVERTAKING/PASSING,2,2,0.0,0.0,0.0,0.0,0.0,2.0,7,3,10,10/08/2024,2024-10-08,07:20:00
10/08/2024 05:52:00 AM,3.0,3,6,6,6,3,3,3,2,1,4,IMPROPER TURNING/NO SIGNAL,2,2,0.0,0.0,0.0,0.0,0.0,2.0,5,3,10,10/08/2024,2024-10-08,05:52:00
10/08/2024 06:31:00 PM,3.0,3,3,6,5,3,3,3,2,1,4,UNABLE TO DETERMINE,2,2,0.0,0.0,0.0,0.0,0.0,2.0,18,3,10,10/08/2024,2024-10-08,18:31:00
10/08/2024 07:10:00 PM,7.0,3,5,6,5,3,3,3,3,1,4,FAILING TO YIELD RIGHT-OF-WAY,2,4,2.0,0.0,0.0,2.0,0.0,0.0,19,3,10,10/08/2024,2024-10-08,19:10:00
10/08/2024 05:00:00 PM,8.0,3,2,6,5,3,3,3,2,1,4,FOLLOWING TOO CLOSELY,2,2,0.0,0.0,0.0,0.0,0.0,2.0,17,3,10,10/08/2024,2024-10-08,17:00:00
10/08/2024 07:00:00 PM,5.0,3,4,5,6,3,3,3,2,1,2,DISREGARDING TRAFFIC SIGNALS,2,2,0.0,0.0,0.0,0.0,0.0,2.0,19,3,10,10/08/2024,2024-10-08,19:00:00
10/08/2024 07:10:00 PM,5.0,3,4,3,6,3,3,3,2,0,3,IMPROPER LANE USAGE,2,2,0.0,0.0,0.0,0.0,0.0,2.0,19,3,10,10/08/2024,2024-10-08,19:10:00
10/08/2024 01:45:00 PM,3.0,3,2,13,3,3,3,3,2,1,2,UNABLE TO DETERMINE,2,2,0.0,0.0,0.0,0.0,0.0,2.0,13,3,10,10/08/2024,2024-10-08,13:45:00
10/08/2024 10:53:00 AM,5.0,3,2,4,4,3,3,3,2,1,3,FOLLOWING TOO CLOSELY,2,2,0.0,0.0,0.0,0.0,0.0,2.0,10,3,10,10/08/2024,2024-10-08,10:53:00
10/08/2024 07:30:00 AM,7.0,3,2,5,6,3,3,3,3,1,4,DISREGARDING TRAFFIC SIGNALS,2,4,1.0,0.0,0.0,1.0,0.0,3.0,7,3,10,10/08/2024,2024-10-08,07:30:00
10/08/2024 08:27:00 PM,7.0,3,5,5,4,3,3,3,3,1,4,FAILING TO YIELD RIGHT-OF-WAY,2,2,0.0,0.0,0.0,0.0,0.0,2.0,20,3,10,10/08/2024,2024-10-08,20:27:00
10/08/2024 02:41:00 PM,5.0,3,2,3,4,6,3,1,2,0,4,ROAD ENGINEERING/SURFACE/MARKING DEFECTS,2,2,0.0,0.0,0.0,0.0,0.0,5.0,14,3,10,10/08/2024,2024-10-08,14:41:00
10/08/2024 06:30:00 AM,5.0,3,3,3,7,3,1,1,2,1,4,IMPROPER OVERTAKING/PASSING,2,2,0.0,0.0,0.0,0.0,0.0,2.0,6,3,10,10/08/2024,2024-10-08,06:30:00
10/08/2024 11:30:00 PM,5.0,3,5,4,5,3,3,3,3,1,4,FOLLOWING TOO CLOSELY,2,3,1.0,0.0,0.0,0.0,1.0,3.0,23,3,10,10/08/2024,2024-10-08,23:30:00
10/08/2024 08:26:00 AM,3.0,3,2,4,6,3,3,3,3,1,4,FOLLOWING TOO CLOSELY,2,2,0.0,0.0,0.0,0.0,0.0,2.0,8,3,10,10/08/2024,2024-10-08,08:26:00
10/08/2024 11:28:00 AM,7.0,3,2,14,4,3,3,3,3,1,3,NOT APPLICABLE,2,3,1.0,0.0,0.0,0.0,1.0,1.0,11,3,10,10/08/2024,2024-10-08,11:28:00
10/18/2024 01:45:00 PM,7.0,3,2,4,6,3,3,3,2,1,4,UNABLE TO DETERMINE,2,2,0.0,0.0,0.0,0.0,0.0,4.0,13,6,10,10/18/2024,2024-10-18,13:45:00
10/08/2024 01:10:00 PM,3.0,3,2,5,7,3,3,3,3,1,4,UNABLE TO DETERMINE,2,4,1.0,0.0,0.0,1.0,0.0,1.0,13,3,10,10/08/2024,2024-10-08,13:10:00
10/08/2024 08:48:00 AM,5.0,3,2,6,5,3,3,3,3,1,4,DISTRACTION - FROM INSIDE VEHICLE,2,2,0.0,0.0,0.0,0.0,0.0,2.0,8,3,10,10/08/2024,2024-10-08,08:48:00
10/08/2024 08:21:00 AM,3.0,3,2,6,5,3,3,3,2,1,4,UNABLE TO DETERMINE,2,2,0.0,0.0,0.0,0.0,0.0,2.0,8,3,10,10/08/2024,2024-10-08,08:21:00
10/08/2024 06:00:00 PM,7.0,3,4,4,6,3,3,1,2,1,2,FAILING TO REDUCE SPEED TO AVOID CRASH,2,2,0.0,0.0,0.0,0.0,0.0,2.0,18,3,10,10/08/2024,2024-10-08,18:00:00
10/08/2024 09:15:00 AM,5.0,3,2,4,6,3,3,3,2,1,4,FOLLOWING TOO CLOSELY,2,2,0.0,0.0,0.0,0.0,0.0,2.0,9,3,10,10/08/2024,2024-10-08,09:15:00
10/08/2024 08:04:00 AM,3.0,3,2,4,6,3,3,3,2,0,3,UNABLE TO DETERMINE,2,2,0.0,0.0,0.0,0.0,0.0,2.0,8,3,10,10/08/2024,2024-10-08,08:04:00
10/08/2024 03:15:00 PM,3.0,3,2,6,6,3,3,3,3,1,4,FAILING TO YIELD RIGHT-OF-WAY,2,3,2.0,0.0,0.0,0.0,2.0,1.0,15,3,10,10/08/2024,2024-10-08,15:15:00
10/08/2024 06:21:00 AM,5.0,3,3,6,5,3,3,3,3,1,4,FAILING TO YIELD RIGHT-OF-WAY,2,2,0.0,0.0,0.0,0.0,0.0,2.0,6,3,10,10/08/2024,2024-10-08,06:21:00
10/08/2024 04:10:00 PM,5.0,3,2,6,5,3,3,1,3,1,4,UNABLE TO DETERMINE,2,2,0.0,0.0,0.0,0.0,0.0,2.0,16,3,10,10/08/2024,2024-10-08,16:10:00
10/08/2024 07:20:00 AM,7.0,3,2,5,6,3,3,3,3,1,4,UNABLE TO DETERMINE,2,3,1.0,0.0,0.0,0.0,1.0,1.0,7,3,10,10/08/2024,2024-10-08,07:20:00
10/08/2024 07:58:00 AM,5.0,3,2,14,4,3,1,1,3,0,2,FOLLOWING TOO CLOSELY,2,4,1.0,0.0,0.0,1.0,0.0,1.0,7,3,10,10/08/2024,2024-10-08,07:58:00
10/08/2024 07:54:00 AM,5.0,3,2,6,4,3,3,3,2,1,3,UNABLE TO DETERMINE,2,2,0.0,0.0,0.0,0.0,0.0,4.0,7,3,10,10/08/2024,2024-10-08,07:54:00
10/08/2024 01:00:00 PM,5.0,3,2,4,6,3,3,3,2,1,4,UNABLE TO DETERMINE,2,2,0.0,0.0,0.0,0.0,0.0,2.0,13,3,10,10/08/2024,2024-10-08,13:00:00
10/08/2024 06:05:00 AM,5.0,3,5,6,5,3,1,1,3,1,4,UNABLE TO DETERMINE,2,4,1.0,0.0,0.0,1.0,0.0,1.0,6,3,10,10/08/2024,2024-10-08,06:05:00
10/08/2024 11:56:00 AM,5.0,3,2,6,4,3,3,3,2,1,4,DRIVING SKILLS/KNOWLEDGE/EXPERIENCE,2,2,0.0,0.0,0.0,0.0,0.0,2.0,11,3,10,10/08/2024,2024-10-08,11:56:00
10/19/2024 03:40:00 PM,5.0,3,2,5,4,3,3,3,3,1,3,UNABLE TO DETERMINE,2,4,1.0,0.0,0.0,1.0,0.0,2.0,15,7,10,10/19/2024,2024-10-19,15:40:00
10/08/2024 09:08:00 AM,3.0,3,2,11,6,3,3,6,2,0,4,IMPROPER LANE USAGE,2,2,0.0,0.0,0.0,0.0,0.0,1.0,9,3,10,10/08/2024,2024-10-08,09:08:00
10/08/2024 12:53:00 PM,5.0,3,2,4,6,3,3,3,2,1,4,UNABLE TO DETERMINE,2,2,0.0,0.0,0.0,0.0,0.0,2.0,12,3,10,10/08/2024,2024-10-08,12:53:00
10/08/2024 09:50:00 AM,5.0,3,2,6,3,6,3,3,2,1,4,IMPROPER TURNING/NO SIGNAL,2,2,0.0,0.0,0.0,0.0,0.0,2.0,9,3,10,10/08/2024,2024-10-08,09:50:00
10/08/2024 06:48:00 AM,5.0,3,2,5,6,3,3,3,2,1,4,DRIVING SKILLS/KNOWLEDGE/EXPERIENCE,2,2,0.0,0.0,0.0,0.0,0.0,3.0,6,3,10,10/08/2024,2024-10-08,06:48:00
10/08/2024 07:40:00 PM,1.0,3,2,6,1,3,1,1,2,1,4,UNABLE TO DETERMINE,2,2,0.0,0.0,0.0,0.0,0.0,2.0,19,3,10,10/08/2024,2024-10-08,19:40:00
10/08/2024 02:00:00 PM,7.0,3,2,6,5,3,3,3,2,1,2,IMPROPER OVERTAKING/PASSING,2,2,0.0,0.0,0.0,0.0,0.0,3.0,14,3,10,10/08/2024,2024-10-08,14:00:00
10/23/2024 12:17:00 PM,5.0,3,2,3,5,3,3,3,2,1,4,IMPROPER TURNING/NO SIGNAL,2,2,0.0,0.0,0.0,0.0,0.0,2.0,12,4,10,10/23/2024,2024-10-23,12:17:00
10/23/2024 07:55:00 PM,5.0,3,6,14,5,3,3,1,3,1,4,FAILING TO REDUCE SPEED TO AVOID CRASH,2,4,1.0,0.0,0.0,1.0,0.0,1.0,19,4,10,10/23/2024,2024-10-23,19:55:00
10/23/2024 05:35:00 AM,5.0,3,5,14,3,3,3,3,2,1,3,FAILING TO REDUCE SPEED TO AVOID CRASH,2,2,0.0,0.0,0.0,0.0,0.0,2.0,5,4,10,10/23/2024,2024-10-23,05:35:00
10/23/2024 07:20:00 PM,5.0,3,5,6,12,3,3,3,2,1,4,FAILING TO REDUCE SPEED TO AVOID CRASH,2,2,0.0,0.0,0.0,0.0,0.0,2.0,19,4,10,10/23/2024,2024-10-23,19:20:00
10/22/2024 04:40:00 PM,5.0,3,2,3,6,3,3,3,2,1,3,FOLLOWING TOO CLOSELY,2,2,0.0,0.0,0.0,0.0,0.0,2.0,16,3,10,10/22/2024,2024-10-22,16:40:00
10/21/2024 12:38:00 PM,5.0,3,2,4,5,3,3,3,3,1,4,FAILING TO REDUCE SPEED TO AVOID CRASH,2,4,1.0,0.0,0.0,1.0,0.0,2.0,12,2,10,10/21/2024,2024-10-21,12:38:00
10/23/2024 01:30:00 PM,5.0,3,2,5,5,3,3,3,3,1,4,DISREGARDING TRAFFIC SIGNALS,2,2,0.0,0.0,0.0,0.0,0.0,3.0,13,4,10,10/23/2024,2024-10-23,13:30:00
10/18/2024 01:25:00 PM,7.0,3,2,5,10,3,3,1,3,1,4,UNABLE TO DETERMINE,2,4,2.0,0.0,0.0,1.0,1.0,0.0,13,6,10,10/18/2024,2024-10-18,13:25:00
09/26/2024 03:22:00 PM,5.0,3,2,4,10,3,3,3,2,1,4,FOLLOWING TOO CLOSELY,2,2,0.0,0.0,0.0,0.0,0.0,2.0,15,5,9,09/26/2024,2024-09-26,15:22:00
10/23/2024 06:00:00 PM,5.0,3,5,6,6,3,1,1,3,1,4,UNABLE TO DETERMINE,2,2,0.0,0.0,0.0,0.0,0.0,2.0,18,4,10,10/23/2024,2024-10-23,18:00:00
10/23/2024 06:38:00 AM,5.0,3,2,3,2,3,3,3,2,1,4,FOLLOWING TOO CLOSELY,2,2,0.0,0.0,0.0,0.0,0.0,2.0,6,4,10,10/23/2024,2024-10-23,06:38:00
10/22/2024 08:33:00 PM,7.0,3,5,13,5,3,3,3,3,1,3,FAILING TO YIELD RIGHT-OF-WAY,2,4,1.0,0.0,0.0,1.0,0.0,1.0,20,3,10,10/22/2024,2024-10-22,20:33:00
10/23/2024 05:30:00 PM,5.0,3,2,5,6,3,3,3,3,1,4,DISREGARDING TRAFFIC SIGNALS,2,2,0.0,0.0,0.0,0.0,0.0,3.0,17,4,10,10/23/2024,2024-10-23,17:30:00
10/23/2024 08:15:00 AM,5.0,3,2,6,6,3,3,3,2,1,2,IMPROPER LANE USAGE,2,2,0.0,0.0,0.0,0.0,0.0,2.0,8,4,10,10/23/2024,2024-10-23,08:15:00
10/15/2024 05:50:00 AM,7.0,3,2,13,5,3,1,1,2,1,4,UNABLE TO DETERMINE,2,2,0.0,0.0,0.0,0.0,0.0,2.0,5,3,10,10/15/2024,2024-10-15,05:50:00
10/22/2024 02:46:00 PM,5.0,3,2,4,6,3,3,3,2,1,4,FOLLOWING TOO CLOSELY,2,2,0.0,0.0,0.0,0.0,0.0,2.0,14,3,10,10/22/2024,2024-10-22,14:46:00
10/23/2024 02:45:00 PM,3.0,3,2,6,7,3,3,3,2,1,4,FAILING TO YIELD RIGHT-OF-WAY,2,2,0.0,0.0,0.0,0.0,0.0,2.0,14,4,10,10/23/2024,2024-10-23,14:45:00
10/21/2024 12:00:00 PM,7.0,3,2,5,5,3,3,3,2,1,4,UNABLE TO DETERMINE,2,2,0.0,0.0,0.0,0.0,0.0,3.0,12,2,10,10/21/2024,2024-10-21,12:00:00
10/23/2024 09:20:00 AM,3.0,3,2,5,6,3,3,3,3,1,4,DRIVING SKILLS/KNOWLEDGE/EXPERIENCE,2,3,1.0,0.0,0.0,0.0,1.0,1.0,9,4,10,10/23/2024,2024-10-23,09:20:00
10/23/2024 01:45:00 PM,5.0,3,2,14,5,3,3,1,2,1,2,UNABLE TO DETERMINE,2,2,0.0,0.0,0.0,0.0,0.0,2.0,13,4,10,10/23/2024,2024-10-23,13:45:00
10/19/2024 03:30:00 PM,3.0,3,2,6,3,3,3,3,2,1,4,UNABLE TO DETERMINE,2,2,0.0,0.0,0.0,0.0,0.0,2.0,15,7,10,10/19/2024,2024-10-19,15:30:00
10/17/2024 09:55:00 PM,5.0,3,6,14,14,3,3,3,3,1,4,DISREGARDING TRAFFIC SIGNALS,2,3,1.0,0.0,0.0,0.0,1.0,1.0,21,5,10,10/17/2024,2024-10-17,21:55:00
10/23/2024 06:01:00 PM,5.0,3,5,3,5,3,3,3,2,1,4,UNABLE TO DETERMINE,2,2,0.0,0.0,0.0,0.0,0.0,2.0,18,4,10,10/23/2024,2024-10-23,18:01:00
10/09/2024 08:10:00 AM,5.0,3,2,13,4,3,1,1,3,1,3,UNABLE TO DETERMINE,2,4,1.0,0.0,0.0,1.0,0.0,1.0,8,4,10,10/09/2024,2024-10-09,08:10:00
10/09/2024 09:35:00 AM,7.0,3,2,5,4,3,3,3,2,1,4,FAILING TO YIELD RIGHT-OF-WAY,2,2,0.0,0.0,0.0,0.0,0.0,5.0,9,4,10,10/09/2024,2024-10-09,09:35:00
10/09/2024 08:56:00 AM,7.0,3,2,6,3,3,3,3,2,1,3,DISREGARDING STOP SIGN,2,2,0.0,0.0,0.0,0.0,0.0,2.0,8,4,10,10/09/2024,2024-10-09,08:56:00
10/09/2024 05:40:00 PM,7.0,3,2,5,5,3,1,1,3,1,4,UNABLE TO DETERMINE,2,3,1.0,0.0,0.0,0.0,1.0,1.0,17,4,10,10/09/2024,2024-10-09,17:40:00
10/09/2024 03:00:00 PM,7.0,3,2,14,5,3,3,3,2,1,3,UNABLE TO DETERMINE,2,2,0.0,0.0,0.0,0.0,0.0,2.0,15,4,10,10/09/2024,2024-10-09,15:00:00
10/09/2024 02:48:00 PM,1.0,3,2,3,5,3,3,1,3,1,4,UNABLE TO DETERMINE,2,2,0.0,0.0,0.0,0.0,0.0,2.0,14,4,10,10/09/2024,2024-10-09,14:48:00
10/09/2024 09:25:00 AM,5.0,3,2,6,7,3,3,3,3,1,4,UNABLE TO DETERMINE,2,2,0.0,0.0,0.0,0.0,0.0,2.0,9,4,10,10/09/2024,2024-10-09,09:25:00
10/09/2024 05:30:00 PM,1.0,3,2,3,6,3,1,1,2,1,4,UNABLE TO DETERMINE,2,2,0.0,0.0,0.0,0.0,0.0,2.0,17,4,10,10/09/2024,2024-10-09,17:30:00
10/09/2024 08:30:00 AM,5.0,3,2,6,3,3,3,3,2,1,4,UNABLE TO DETERMINE,2,2,0.0,0.0,0.0,0.0,0.0,2.0,8,4,10,10/09/2024,2024-10-09,08:30:00
10/09/2024 02:00:00 PM,5.0,3,2,3,4,3,3,3,2,1,4,UNABLE TO DETERMINE,2,2,0.0,0.0,0.0,0.0,0.0,2.0,14,4,10,10/09/2024,2024-10-09,14:00:00
10/09/2024 05:30:00 PM,1.0,3,2,4,6,3,1,1,2,1,4,IMPROPER LANE USAGE,2,2,0.0,0.0,0.0,0.0,0.0,2.0,17,4,10,10/09/2024,2024-10-09,17:30:00
10/09/2024 02:30:00 PM,7.0,3,2,14,10,3,3,3,2,1,2,UNABLE TO DETERMINE,2,2,0.0,0.0,0.0,0.0,0.0,2.0,14,4,10,10/09/2024,2024-10-09,14:30:00
10/09/2024 10:51:00 AM,5.0,3,2,6,5,3,3,3,2,1,4,IMPROPER TURNING/NO SIGNAL,2,2,0.0,0.0,0.0,0.0,0.0,2.0,10,4,10,10/09/2024,2024-10-09,10:51:00
10/09/2024 05:30:00 PM,7.0,3,2,5,1,3,3,3,3,1,4,UNABLE TO DETERMINE,2,4,1.0,0.0,0.0,1.0,0.0,1.0,17,4,10,10/09/2024,2024-10-09,17:30:00
10/09/2024 07:50:00 AM,3.0,3,5,3,3,3,1,1,2,0,4,IMPROPER LANE USAGE,2,2,0.0,0.0,0.0,0.0,0.0,2.0,7,4,10,10/09/2024,2024-10-09,07:50:00
10/09/2024 07:00:00 PM,7.0,3,5,5,5,3,3,3,2,1,4,UNABLE TO DETERMINE,2,2,0.0,0.0,0.0,0.0,0.0,3.0,19,4,10,10/09/2024,2024-10-09,19:00:00
10/09/2024 07:30:00 AM,5.0,3,2,3,5,3,1,1,2,1,4,IMPROPER LANE USAGE,2,2,0.0,0.0,0.0,0.0,0.0,2.0,7,4,10,10/09/2024,2024-10-09,07:30:00
10/09/2024 05:56:00 AM,7.0,3,3,5,5,3,3,3,3,1,4,FAILING TO REDUCE SPEED TO AVOID CRASH,2,2,0.0,0.0,0.0,0.0,0.0,2.0,5,4,10,10/09/2024,2024-10-09,05:56:00
10/09/2024 08:45:00 PM,5.0,3,5,5,6,3,3,3,3,1,4,UNABLE TO DETERMINE,2,4,1.0,0.0,0.0,1.0,0.0,1.0,20,4,10,10/09/2024,2024-10-09,20:45:00
10/09/2024 10:05:00 PM,5.0,3,5,6,5,3,3,1,2,1,4,IMPROPER TURNING/NO SIGNAL,2,2,0.0,0.0,0.0,0.0,0.0,3.0,22,4,10,10/09/2024,2024-10-09,22:05:00
10/09/2024 03:22:00 AM,5.0,3,5,5,6,3,3,1,3,1,4,DISREGARDING TRAFFIC SIGNALS,2,4,2.0,0.0,0.0,2.0,0.0,1.0,3,4,10,10/09/2024,2024-10-09,03:22:00
10/09/2024 03:19:00 PM,3.0,3,2,5,5,3,3,3,3,1,4,FAILING TO YIELD RIGHT-OF-WAY,2,2,0.0,0.0,0.0,0.0,0.0,2.0,15,4,10,10/09/2024,2024-10-09,15:19:00
10/09/2024 04:30:00 PM,5.0,3,2,6,6,3,3,3,2,1,3,UNABLE TO DETERMINE,2,2,0.0,0.0,0.0,0.0,0.0,2.0,16,4,10,10/09/2024,2024-10-09,16:30:00
10/09/2024 08:20:00 AM,7.0,3,2,6,5,3,3,3,2,1,4,DISREGARDING STOP SIGN,2,2,0.0,0.0,0.0,0.0,0.0,2.0,8,4,10,10/09/2024,2024-10-09,08:20:00
10/09/2024 04:35:00 PM,7.0,3,2,5,5,3,3,3,2,1,4,FAILING TO YIELD RIGHT-OF-WAY,2,2,0.0,0.0,0.0,0.0,0.0,2.0,16,4,10,10/09/2024,2024-10-09,16:35:00
10/09/2024 06:30:00 PM,5.0,3,2,4,4,3,3,3,2,1,3,FOLLOWING TOO CLOSELY,2,2,0.0,0.0,0.0,0.0,0.0,2.0,18,4,10,10/09/2024,2024-10-09,18:30:00
10/09/2024 08:10:00 AM,3.0,3,2,6,4,3,3,3,2,0,4,UNABLE TO DETERMINE,2,2,0.0,0.0,0.0,0.0,0.0,2.0,8,4,10,10/09/2024,2024-10-09,08:10:00
10/09/2024 08:15:00 AM,5.0,3,2,5,6,3,3,3,2,1,3,DISREGARDING TRAFFIC SIGNALS,2,2,0.0,0.0,0.0,0.0,0.0,2.0,8,4,10,10/09/2024,2024-10-09,08:15:00
10/09/2024 05:03:00 PM,5.0,3,2,3,3,3,3,3,2,1,4,IMPROPER LANE USAGE,2,2,0.0,0.0,0.0,0.0,0.0,2.0,17,4,10,10/09/2024,2024-10-09,17:03:00
10/09/2024 12:33:00 PM,5.0,3,2,4,5,3,3,3,2,1,2,FOLLOWING TOO CLOSELY,2,2,0.0,0.0,0.0,0.0,0.0,2.0,12,4,10,10/09/2024,2024-10-09,12:33:00
10/09/2024 03:35:00 PM,5.0,3,2,5,5,3,3,3,3,1,3,DISREGARDING TRAFFIC SIGNALS,2,2,0.0,0.0,0.0,0.0,0.0,2.0,15,4,10,10/09/2024,2024-10-09,15:35:00
10/09/2024 03:47:00 PM,5.0,3,2,6,6,3,3,3,3,1,4,UNABLE TO DETERMINE,2,2,0.0,0.0,0.0,0.0,0.0,2.0,15,4,10,10/09/2024,2024-10-09,15:47:00
10/09/2024 11:09:00 AM,5.0,3,2,4,6,3,3,1,2,1,4,UNABLE TO DETERMINE,2,2,0.0,0.0,0.0,0.0,0.0,2.0,11,4,10,10/09/2024,2024-10-09,11:09:00
10/09/2024 02:07:00 PM,5.0,3,2,5,7,3,3,3,3,1,3,DISREGARDING TRAFFIC SIGNALS,2,2,0.0,0.0,0.0,0.0,0.0,2.0,14,4,10,10/09/2024,2024-10-09,14:07:00
10/09/2024 07:16:00 PM,7.0,3,5,5,5,3,3,3,3,1,4,"VISION OBSCURED (SIGNS, TREE LIMBS, BUILDINGS, ETC.)",2,2,0.0,0.0,0.0,0.0,0.0,2.0,19,4,10,10/09/2024,2024-10-09,19:16:00
10/09/2024 10:40:00 AM,7.0,3,2,14,7,3,3,3,3,1,2,FAILING TO YIELD RIGHT-OF-WAY,2,4,1.0,0.0,0.0,1.0,0.0,1.0,10,4,10,10/09/2024,2024-10-09,10:40:00
10/09/2024 08:40:00 AM,3.0,3,2,6,6,3,3,3,3,1,4,FAILING TO YIELD RIGHT-OF-WAY,2,3,2.0,0.0,0.0,0.0,2.0,0.0,8,4,10,10/09/2024,2024-10-09,08:40:00
10/09/2024 01:05:00 PM,3.0,3,2,5,6,3,3,3,3,1,4,FAILING TO YIELD RIGHT-OF-WAY,2,3,1.0,0.0,0.0,0.0,1.0,2.0,13,4,10,10/09/2024,2024-10-09,13:05:00
10/09/2024 05:03:00 PM,1.0,3,2,3,6,3,3,1,2,0,3,IMPROPER LANE USAGE,2,2,0.0,0.0,0.0,0.0,0.0,2.0,17,4,10,10/09/2024,2024-10-09,17:03:00
10/09/2024 07:30:00 PM,5.0,3,5,6,5,3,3,3,3,1,4,FAILING TO YIELD RIGHT-OF-WAY,2,3,1.0,0.0,0.0,0.0,1.0,2.0,19,4,10,10/09/2024,2024-10-09,19:30:00
10/09/2024 08:20:00 AM,7.0,3,2,5,1,3,3,3,2,1,4,FAILING TO YIELD RIGHT-OF-WAY,2,2,0.0,0.0,0.0,0.0,0.0,2.0,8,4,10,10/09/2024,2024-10-09,08:20:00
10/09/2024 08:15:00 AM,7.0,3,2,6,7,3,3,3,3,1,4,IMPROPER TURNING/NO SIGNAL,2,4,1.0,0.0,0.0,1.0,0.0,1.0,8,4,10,10/09/2024,2024-10-09,08:15:00
10/09/2024 03:57:00 PM,5.0,3,2,3,6,3,3,3,2,1,4,UNABLE TO DETERMINE,2,2,0.0,0.0,0.0,0.0,0.0,2.0,15,4,10,10/09/2024,2024-10-09,15:57:00
10/09/2024 02:45:00 PM,5.0,3,2,4,6,3,3,4,2,1,3,UNABLE TO DETERMINE,2,2,0.0,0.0,0.0,0.0,0.0,2.0,14,4,10,10/09/2024,2024-10-09,14:45:00
10/09/2024 08:30:00 AM,7.0,3,2,6,5,3,3,3,2,1,4,UNABLE TO DETERMINE,2,2,0.0,0.0,0.0,0.0,0.0,2.0,8,4,10,10/09/2024,2024-10-09,08:30:00
10/09/2024 12:45:00 PM,5.0,3,2,6,4,3,3,1,2,1,3,FOLLOWING TOO CLOSELY,2,2,0.0,0.0,0.0,0.0,0.0,3.0,12,4,10,10/09/2024,2024-10-09,12:45:00
10/09/2024 04:00:00 PM,5.0,3,2,13,4,3,3,3,3,1,2,UNABLE TO DETERMINE,2,4,1.0,0.0,0.0,1.0,0.0,2.0,16,4,10,10/09/2024,2024-10-09,16:00:00
10/09/2024 08:45:00 AM,5.0,3,2,5,5,3,3,3,3,1,4,UNABLE TO DETERMINE,2,2,0.0,0.0,0.0,0.0,0.0,2.0,8,4,10,10/09/2024,2024-10-09,08:45:00
10/21/2024 03:40:00 PM,5.0,3,2,4,5,3,3,3,2,1,4,FOLLOWING TOO CLOSELY,2,2,0.0,0.0,0.0,0.0,0.0,2.0,15,2,10,10/21/2024,2024-10-21,15:40:00
10/24/2024 08:10:00 PM,7.0,3,5,6,5,3,3,3,2,1,4,FAILING TO YIELD RIGHT-OF-WAY,2,2,0.0,0.0,0.0,0.0,0.0,2.0,20,5,10,10/24/2024,2024-10-24,20:10:00
10/21/2024 10:55:00 AM,3.0,3,2,5,10,3,3,3,3,1,4,DISREGARDING STOP SIGN,2,4,1.0,0.0,0.0,1.0,0.0,1.0,10,2,10,10/21/2024,2024-10-21,10:55:00
10/18/2024 05:00:00 PM,3.0,3,2,4,6,3,3,3,2,1,4,UNABLE TO DETERMINE,2,2,0.0,0.0,0.0,0.0,0.0,4.0,17,6,10,10/18/2024,2024-10-18,17:00:00
10/24/2024 04:10:00 PM,5.0,3,2,4,6,4,3,3,3,1,4,DISTRACTION - FROM INSIDE VEHICLE,2,3,1.0,0.0,0.0,0.0,1.0,1.0,16,5,10,10/24/2024,2024-10-24,16:10:00
10/24/2024 06:10:00 PM,5.0,3,4,6,5,3,3,3,3,1,4,FAILING TO YIELD RIGHT-OF-WAY,2,2,0.0,0.0,0.0,0.0,0.0,4.0,18,5,10,10/24/2024,2024-10-24,18:10:00
10/24/2024 04:00:00 PM,7.0,3,2,5,6,3,3,3,2,1,4,FAILING TO YIELD RIGHT-OF-WAY,2,2,0.0,0.0,0.0,0.0,0.0,4.0,16,5,10,10/24/2024,2024-10-24,16:00:00
10/24/2024 08:59:00 AM,5.0,3,2,13,5,3,3,3,3,1,2,FAILING TO YIELD RIGHT-OF-WAY,2,4,1.0,0.0,0.0,1.0,0.0,1.0,8,5,10,10/24/2024,2024-10-24,08:59:00
10/24/2024 12:12:00 PM,5.0,3,2,3,14,3,3,3,3,1,4,IMPROPER OVERTAKING/PASSING,2,3,1.0,0.0,0.0,0.0,1.0,1.0,12,5,10,10/24/2024,2024-10-24,12:12:00