crash_date,traffic_control_device,weather_condition,lighting_condition,first_crash_type,trafficway_type,alignment,roadway_surface_cond,road_defect,crash_type,intersection_related_i,damage,prim_contributory_cause,num_units,most_severe_injury,injuries_total,injuries_fatal,injuries_incapacitating,injuries_non_incapacitating,injuries_reported_not_evident,injuries_no_indication,crash_hour,crash_day_of_week,crash_month,parsed_datetime,date,time
10/11/2024 02:18:00 PM,5.0,3,2,6,5,3,3,3,2,1,4,FAILING TO YIELD RIGHT-OF-WAY,2,2,0.0,0.0,0.0,0.0,0.0,2.0,14,6,10,10/11/2024,2024-10-11,14:18:00
10/11/2024 08:12:00 PM,5.0,3,5,4,6,3,3,3,2,1,4,FAILING TO REDUCE SPEED TO AVOID CRASH,2,2,0.0,0.0,0.0,0.0,0.0,2.0,20,6,10,10/11/2024,2024-10-11,20:12:00
10/11/2024 08:00:00 AM,5.0,3,2,6,5,3,3,3,2,1,4,UNABLE TO DETERMINE,2,2,0.0,0.0,0.0,0.0,0.0,2.0,8,6,10,10/11/2024,2024-10-11,08:00:00
10/11/2024 05:28:00 PM,5.0,3,4,6,5,3,3,3,2,1,2,NOT APPLICABLE,2,2,0.0,0.0,0.0,0.0,0.0,3.0,17,6,10,10/11/2024,2024-10-11,17:28:00
10/11/2024 09:45:00 AM,3.0,3,2,4,5,3,1,1,2,1,4,UNABLE TO DETERMINE,2,2,0.0,0.0,0.0,0.0,0.0,2.0,9,6,10,10/11/2024,2024-10-11,09:45:00
10/11/2024 07:19:00 PM,3.0,3,2,5,5,3,3,3,3,1,4,UNABLE TO DETERMINE,2,3,1.0,0.0,0.0,0.0,1.0,1.0,19,6,10,10/11/2024,2024-10-11,19:19:00
10/11/2024 07:30:00 PM,3.0,3,5,6,4,3,3,3,2,1,4,IMPROPER TURNING/NO SIGNAL,2,2,0.0,0.0,0.0,0.0,0.0,2.0,19,6,10,10/11/2024,2024-10-11,19:30:00
10/11/2024 11:23:00 AM,5.0,3,2,5,5,3,3,3,2,1,4,UNABLE TO DETERMINE,2,2,0.0,0.0,0.0,0.0,0.0,3.0,11,6,10,10/11/2024,2024-10-11,11:23:00
10/11/2024 08:32:00 AM,5.0,3,2,13,14,3,3,3,3,1,2,FAILING TO YIELD RIGHT-OF-WAY,2,3,1.0,0.0,0.0,0.0,1.0,1.0,8,6,10,10/11/2024,2024-10-11,08:32:00
10/11/2024 05:36:00 AM,5.0,3,3,6,3,3,3,3,2,1,4,IMPROPER TURNING/NO SIGNAL,2,2,0.0,0.0,0.0,0.0,0.0,2.0,5,6,10,10/11/2024,2024-10-11,05:36:00
10/11/2024 08:30:00 PM,5.0,3,6,6,4,3,3,3,2,1,3,IMPROPER TURNING/NO SIGNAL,2,2,0.0,0.0,0.0,0.0,0.0,2.0,20,6,10,10/11/2024,2024-10-11,20:30:00
10/26/2024 06:00:00 PM,5.0,3,5,4,6,3,3,1,2,1,4,UNABLE TO DETERMINE,2,2,0.0,0.0,0.0,0.0,0.0,2.0,18,7,10,10/26/2024,2024-10-26,18:00:00
10/25/2024 08:20:00 PM,3.0,3,2,6,6,3,3,3,2,1,4,UNABLE TO DETERMINE,2,2,0.0,0.0,0.0,0.0,0.0,2.0,20,6,10,10/25/2024,2024-10-25,20:20:00
10/25/2024 07:05:00 PM,7.0,3,5,5,6,3,3,3,2,1,4,FAILING TO YIELD RIGHT-OF-WAY,2,2,0.0,0.0,0.0,0.0,0.0,6.0,19,6,10,10/25/2024,2024-10-25,19:05:00
10/23/2024 08:46:00 AM,5.0,3,2,3,4,3,3,3,3,1,4,IMPROPER LANE USAGE,2,2,0.0,0.0,0.0,0.0,0.0,3.0,8,4,10,10/23/2024,2024-10-23,08:46:00
10/25/2024 06:30:00 PM,5.0,3,4,4,5,3,3,3,2,1,4,UNABLE TO DETERMINE,2,2,0.0,0.0,0.0,0.0,0.0,2.0,18,6,10,10/25/2024,2024-10-25,18:30:00
10/27/2024 01:02:00 AM,7.0,3,5,6,5,3,3,3,3,1,4,FAILING TO YIELD RIGHT-OF-WAY,2,3,2.0,0.0,0.0,0.0,2.0,1.0,1,1,10,10/27/2024,2024-10-27,01:02:00
10/26/2024 09:30:00 AM,5.0,3,2,5,6,3,3,3,2,1,4,DISREGARDING TRAFFIC SIGNALS,2,2,0.0,0.0,0.0,0.0,0.0,3.0,9,7,10,10/26/2024,2024-10-26,09:30:00
10/26/2024 03:51:00 AM,5.0,3,5,4,5,3,3,3,3,1,4,PHYSICAL CONDITION OF DRIVER,2,2,0.0,0.0,0.0,0.0,0.0,3.0,3,7,10,10/26/2024,2024-10-26,03:51:00
10/26/2024 02:53:00 PM,3.0,3,2,11,6,3,3,1,2,0,3,FAILING TO YIELD RIGHT-OF-WAY,2,2,0.0,0.0,0.0,0.0,0.0,3.0,14,7,10,10/26/2024,2024-10-26,14:53:00
10/27/2024 12:45:00 AM,9.0,3,5,5,4,3,3,3,3,1,4,FAILING TO REDUCE SPEED TO AVOID CRASH,2,4,1.0,0.0,0.0,1.0,0.0,1.0,0,1,10,10/27/2024,2024-10-27,00:45:00
10/22/2024 10:26:00 AM,1.0,3,2,11,6,3,1,1,2,1,4,UNABLE TO DETERMINE,2,2,0.0,0.0,0.0,0.0,0.0,1.0,10,3,10,10/22/2024,2024-10-22,10:26:00
10/25/2024 08:30:00 AM,5.0,3,2,4,4,3,3,3,2,1,4,FAILING TO YIELD RIGHT-OF-WAY,2,2,0.0,0.0,0.0,0.0,0.0,2.0,8,6,10,10/25/2024,2024-10-25,08:30:00
10/22/2024 12:04:00 AM,10.0,3,5,11,14,3,3,3,2,1,3,IMPROPER TURNING/NO SIGNAL,2,2,0.0,0.0,0.0,0.0,0.0,2.0,0,3,10,10/22/2024,2024-10-22,00:04:00
10/25/2024 11:05:00 AM,5.0,3,2,5,5,3,3,3,2,1,4,DISREGARDING TRAFFIC SIGNALS,2,2,0.0,0.0,0.0,0.0,0.0,3.0,11,6,10,10/25/2024,2024-10-25,11:05:00
10/26/2024 02:55:00 AM,5.0,3,5,5,6,3,3,3,3,1,3,FAILING TO YIELD RIGHT-OF-WAY,2,3,1.0,0.0,0.0,0.0,1.0,1.0,2,7,10,10/26/2024,2024-10-26,02:55:00
10/26/2024 07:10:00 PM,1.0,3,5,3,6,3,3,1,2,1,3,UNABLE TO DETERMINE,2,2,0.0,0.0,0.0,0.0,0.0,3.0,19,7,10,10/26/2024,2024-10-26,19:10:00
10/26/2024 03:59:00 PM,5.0,3,2,4,5,3,1,1,2,1,4,UNABLE TO DETERMINE,2,2,0.0,0.0,0.0,0.0,0.0,3.0,15,7,10,10/26/2024,2024-10-26,15:59:00
10/25/2024 07:30:00 AM,5.0,5,2,6,6,3,4,3,3,1,4,TURNING RIGHT ON RED,2,2,0.0,0.0,0.0,0.0,0.0,2.0,7,6,10,10/25/2024,2024-10-25,07:30:00
10/26/2024 07:45:00 PM,3.0,3,5,14,5,3,3,3,3,1,4,DRIVING SKILLS/KNOWLEDGE/EXPERIENCE,2,4,2.0,0.0,0.0,2.0,0.0,0.0,19,7,10,10/26/2024,2024-10-26,19:45:00
10/26/2024 04:00:00 AM,5.0,3,5,5,5,3,3,3,3,1,4,DISREGARDING TRAFFIC SIGNALS,2,3,1.0,0.0,0.0,0.0,1.0,5.0,4,7,10,10/26/2024,2024-10-26,04:00:00
10/25/2024 04:10:00 PM,5.0,3,2,6,14,3,3,1,2,1,4,IMPROPER TURNING/NO SIGNAL,2,2,0.0,0.0,0.0,0.0,0.0,2.0,16,6,10,10/25/2024,2024-10-25,16:10:00
10/25/2024 09:15:00 AM,5.0,3,2,4,10,3,4,1,3,0,4,DRIVING SKILLS/KNOWLEDGE/EXPERIENCE,2,3,1.0,0.0,0.0,0.0,1.0,1.0,9,6,10,10/25/2024,2024-10-25,09:15:00
10/26/2024 05:00:00 PM,1.0,3,2,4,6,3,3,1,2,1,3,UNABLE TO DETERMINE,2,2,0.0,0.0,0.0,0.0,0.0,2.0,17,7,10,10/26/2024,2024-10-26,17:00:00
10/26/2024 03:30:00 PM,3.0,3,2,6,7,3,1,1,3,1,4,UNABLE TO DETERMINE,2,2,0.0,0.0,0.0,0.0,0.0,2.0,15,7,10,10/26/2024,2024-10-26,15:30:00
10/24/2024 01:51:00 PM,7.0,3,2,14,10,3,3,1,3,1,4,NOT APPLICABLE,2,4,1.0,0.0,0.0,1.0,0.0,1.0,13,5,10,10/24/2024,2024-10-24,13:51:00
10/27/2024 12:00:00 AM,5.0,3,5,6,6,3,3,3,3,1,4,FAILING TO YIELD RIGHT-OF-WAY,2,3,1.0,0.0,0.0,0.0,1.0,3.0,0,1,10,10/27/2024,2024-10-27,00:00:00
10/27/2024 12:05:00 AM,5.0,3,5,6,5,3,3,3,2,1,4,IMPROPER TURNING/NO SIGNAL,2,2,0.0,0.0,0.0,0.0,0.0,2.0,0,1,10,10/27/2024,2024-10-27,00:05:00
10/24/2024 11:11:00 AM,7.0,3,2,5,5,3,3,3,2,1,3,FAILING TO YIELD RIGHT-OF-WAY,2,2,0.0,0.0,0.0,0.0,0.0,3.0,11,5,10,10/24/2024,2024-10-24,11:11:00
10/26/2024 03:30:00 PM,1.0,3,2,13,6,3,3,1,3,1,2,UNABLE TO DETERMINE,2,4,1.0,0.0,0.0,1.0,0.0,1.0,15,7,10,10/26/2024,2024-10-26,15:30:00
10/26/2024 01:32:00 PM,5.0,3,2,6,14,3,3,3,3,1,4,DISREGARDING TRAFFIC SIGNALS,2,3,2.0,0.0,0.0,0.0,2.0,1.0,13,7,10,10/26/2024,2024-10-26,13:32:00
10/25/2024 01:07:00 PM,5.0,3,2,13,12,3,3,3,3,1,4,DISREGARDING TRAFFIC SIGNALS,2,4,1.0,0.0,0.0,1.0,0.0,1.0,13,6,10,10/25/2024,2024-10-25,13:07:00
10/26/2024 06:15:00 AM,5.0,3,5,5,5,3,3,3,3,1,4,UNABLE TO DETERMINE,2,5,2.0,0.0,1.0,1.0,0.0,0.0,6,7,10,10/26/2024,2024-10-26,06:15:00
10/26/2024 10:26:00 AM,7.0,3,2,6,6,3,3,3,2,1,4,UNABLE TO DETERMINE,2,2,0.0,0.0,0.0,0.0,0.0,3.0,10,7,10,10/26/2024,2024-10-26,10:26:00
10/12/2024 01:05:00 AM,5.0,3,5,4,6,3,3,3,3,1,4,FOLLOWING TOO CLOSELY,2,3,1.0,0.0,0.0,0.0,1.0,2.0,1,7,10,10/12/2024,2024-10-12,01:05:00
10/12/2024 01:05:00 AM,5.0,3,5,3,6,3,3,3,2,1,4,FOLLOWING TOO CLOSELY,2,2,0.0,0.0,0.0,0.0,0.0,2.0,1,7,10,10/12/2024,2024-10-12,01:05:00
10/12/2024 03:25:00 PM,5.0,3,2,5,6,3,3,3,3,1,4,FAILING TO YIELD RIGHT-OF-WAY,2,3,1.0,0.0,0.0,0.0,1.0,3.0,15,7,10,10/12/2024,2024-10-12,15:25:00
10/13/2024 05:07:00 PM,1.0,3,2,6,5,3,3,1,2,1,2,UNABLE TO DETERMINE,2,2,0.0,0.0,0.0,0.0,0.0,2.0,17,1,10,10/13/2024,2024-10-13,17:07:00
10/12/2024 11:50:00 AM,5.0,3,2,6,7,3,1,1,2,1,4,UNABLE TO DETERMINE,2,2,0.0,0.0,0.0,0.0,0.0,2.0,11,7,10,10/12/2024,2024-10-12,11:50:00
10/12/2024 01:40:00 AM,5.0,3,5,3,7,3,3,1,3,1,4,IMPROPER OVERTAKING/PASSING,2,4,1.0,0.0,0.0,1.0,0.0,1.0,1,7,10,10/12/2024,2024-10-12,01:40:00
10/12/2024 05:46:00 PM,7.0,3,2,5,5,3,3,1,2,1,4,UNABLE TO DETERMINE,2,2,0.0,0.0,0.0,0.0,0.0,4.0,17,7,10,10/12/2024,2024-10-12,17:46:00
10/12/2024 08:00:00 AM,5.0,3,2,6,5,3,1,1,2,1,4,IMPROPER TURNING/NO SIGNAL,2,2,0.0,0.0,0.0,0.0,0.0,2.0,8,7,10,10/12/2024,2024-10-12,08:00:00
10/12/2024 11:15:00 AM,7.0,3,2,4,5,3,3,3,2,1,4,FOLLOWING TOO CLOSELY,2,2,0.0,0.0,0.0,0.0,0.0,3.0,11,7,10,10/12/2024,2024-10-12,11:15:00
10/12/2024 03:38:00 AM,5.0,3,5,4,6,3,3,3,3,1,4,DISTRACTION - FROM INSIDE VEHICLE,2,4,1.0,0.0,0.0,1.0,0.0,2.0,3,7,10,10/12/2024,2024-10-12,03:38:00
10/12/2024 07:10:00 PM,5.0,3,6,4,4,3,3,3,2,1,4,FOLLOWING TOO CLOSELY,2,2,0.0,0.0,0.0,0.0,0.0,2.0,19,7,10,10/12/2024,2024-10-12,19:10:00
10/12/2024 02:30:00 PM,5.0,3,2,3,6,4,3,3,2,1,4,FOLLOWING TOO CLOSELY,2,2,0.0,0.0,0.0,0.0,0.0,2.0,14,7,10,10/12/2024,2024-10-12,14:30:00
10/12/2024 09:15:00 PM,5.0,3,2,13,5,3,3,3,3,1,2,FAILING TO YIELD RIGHT-OF-WAY,2,4,1.0,0.0,0.0,1.0,0.0,1.0,21,7,10,10/12/2024,2024-10-12,21:15:00
10/12/2024 03:01:00 PM,5.0,3,2,6,7,3,3,3,3,1,4,UNABLE TO DETERMINE,2,2,0.0,0.0,0.0,0.0,0.0,2.0,15,7,10,10/12/2024,2024-10-12,15:01:00
10/12/2024 07:05:00 PM,5.0,3,6,5,7,3,3,7,3,1,4,DISREGARDING TRAFFIC SIGNALS,2,3,2.0,0.0,0.0,0.0,2.0,4.0,19,7,10,10/12/2024,2024-10-12,19:05:00
10/12/2024 10:30:00 AM,7.0,3,2,6,6,3,3,3,2,1,3,DRIVING SKILLS/KNOWLEDGE/EXPERIENCE,2,2,0.0,0.0,0.0,0.0,0.0,2.0,10,7,10,10/12/2024,2024-10-12,10:30:00
10/12/2024 08:30:00 AM,7.0,5,2,5,6,3,3,3,3,1,4,FAILING TO YIELD RIGHT-OF-WAY,2,2,0.0,0.0,0.0,0.0,0.0,2.0,8,7,10,10/12/2024,2024-10-12,08:30:00
10/12/2024 03:16:00 AM,7.0,3,5,6,5,3,3,3,3,1,4,DISREGARDING STOP SIGN,2,4,2.0,0.0,0.0,1.0,1.0,1.0,3,7,10,10/12/2024,2024-10-12,03:16:00
10/12/2024 07:40:00 PM,5.0,3,5,5,4,3,3,3,3,1,4,UNABLE TO DETERMINE,2,4,1.0,0.0,0.0,1.0,0.0,2.0,19,7,10,10/12/2024,2024-10-12,19:40:00
10/12/2024 08:35:00 PM,5.0,3,5,6,18,3,3,3,2,1,4,UNABLE TO DETERMINE,2,2,0.0,0.0,0.0,0.0,0.0,2.0,20,7,10,10/12/2024,2024-10-12,20:35:00
10/12/2024 07:53:00 PM,3.0,3,5,5,10,3,3,3,2,1,4,IMPROPER BACKING,2,2,0.0,0.0,0.0,0.0,0.0,7.0,19,7,10,10/12/2024,2024-10-12,19:53:00
10/12/2024 09:34:00 AM,5.0,3,2,5,5,3,3,3,3,1,4,DISREGARDING TRAFFIC SIGNALS,2,3,1.0,0.0,0.0,0.0,1.0,1.0,9,7,10,10/12/2024,2024-10-12,09:34:00
10/12/2024 06:30:00 PM,5.0,3,5,4,7,3,3,3,2,1,3,FOLLOWING TOO CLOSELY,2,2,0.0,0.0,0.0,0.0,0.0,2.0,18,7,10,10/12/2024,2024-10-12,18:30:00
10/12/2024 07:16:00 PM,5.0,3,5,6,5,3,3,3,2,1,2,FAILING TO YIELD RIGHT-OF-WAY,2,2,0.0,0.0,0.0,0.0,0.0,2.0,19,7,10,10/12/2024,2024-10-12,19:16:00
10/12/2024 04:00:00 PM,7.0,3,2,6,5,3,3,1,2,1,4,IMPROPER LANE USAGE,2,2,0.0,0.0,0.0,0.0,0.0,2.0,16,7,10,10/12/2024,2024-10-12,16:00:00
10/12/2024 10:10:00 PM,7.0,3,5,5,5,3,3,3,3,1,4,UNABLE TO DETERMINE,2,2,0.0,0.0,0.0,0.0,0.0,2.0,22,7,10,10/12/2024,2024-10-12,22:10:00
10/12/2024 12:50:00 AM,3.0,3,5,10,6,3,3,3,3,1,4,IMPROPER LANE USAGE,2,2,0.0,0.0,0.0,0.0,0.0,2.0,0,7,10,10/12/2024,2024-10-12,00:50:00
10/12/2024 08:55:00 PM,7.0,3,5,6,5,3,3,3,3,1,3,DISREGARDING STOP SIGN,2,3,2.0,0.0,0.0,0.0,2.0,1.0,20,7,10,10/12/2024,2024-10-12,20:55:00
10/27/2024 01:45:00 PM,5.0,3,2,4,4,3,3,3,3,1,3,FOLLOWING TOO CLOSELY,2,3,1.0,0.0,0.0,0.0,1.0,1.0,13,1,10,10/27/2024,2024-10-27,13:45:00
10/12/2024 01:20:00 AM,5.0,3,5,5,13,3,3,1,3,1,4,DISREGARDING TRAFFIC SIGNALS,2,2,0.0,0.0,0.0,0.0,0.0,2.0,1,7,10,10/12/2024,2024-10-12,01:20:00
10/12/2024 06:30:00 PM,5.0,3,3,2,6,3,3,3,3,1,4,UNABLE TO DETERMINE,2,4,1.0,0.0,0.0,1.0,0.0,1.0,18,7,10,10/12/2024,2024-10-12,18:30:00
10/12/2024 12:45:00 PM,7.0,3,2,6,7,3,3,3,2,1,4,FAILING TO YIELD RIGHT-OF-WAY,2,2,0.0,0.0,0.0,0.0,0.0,2.0,12,7,10,10/12/2024,2024-10-12,12:45:00
10/12/2024 12:15:00 PM,3.0,3,2,4,10,3,3,3,2,1,3,FOLLOWING TOO CLOSELY,2,2,0.0,0.0,0.0,0.0,0.0,2.0,12,7,10,10/12/2024,2024-10-12,12:15:00
10/12/2024 10:00:00 AM,7.0,3,2,5,5,3,3,3,3,1,4,UNABLE TO DETERMINE,2,5,1.0,0.0,1.0,0.0,0.0,2.0,10,7,10,10/12/2024,2024-10-12,10:00:00
10/12/2024 05:31:00 PM,5.0,3,2,4,14,3,3,3,3,1,4,FOLLOWING TOO CLOSELY,2,4,1.0,0.0,0.0,1.0,0.0,3.0,17,7,10,10/12/2024,2024-10-12,17:31:00
10/12/2024 08:00:00 PM,5.0,3,5,4,6,3,3,3,2,1,4,UNABLE TO DETERMINE,2,2,0.0,0.0,0.0,0.0,0.0,4.0,20,7,10,10/12/2024,2024-10-12,20:00:00
10/27/2024 05:05:00 PM,3.0,3,2,6,5,3,3,3,2,1,4,UNABLE TO DETERMINE,2,2,0.0,0.0,0.0,0.0,0.0,4.0,17,1,10,10/27/2024,2024-10-27,17:05:00
10/26/2024 10:38:00 PM,3.0,3,4,6,6,3,3,3,2,1,4,NOT APPLICABLE,2,2,0.0,0.0,0.0,0.0,0.0,2.0,22,7,10,10/26/2024,2024-10-26,22:38:00
10/26/2024 11:15:00 PM,3.0,3,2,3,6,3,1,1,2,1,4,UNABLE TO DETERMINE,2,2,0.0,0.0,0.0,0.0,0.0,3.0,23,7,10,10/26/2024,2024-10-26,23:15:00
10/27/2024 06:40:00 AM,5.0,3,5,4,5,3,3,3,2,1,4,DISREGARDING TRAFFIC SIGNALS,2,2,0.0,0.0,0.0,0.0,0.0,3.0,6,1,10,10/27/2024,2024-10-27,06:40:00
10/27/2024 10:45:00 PM,3.0,3,6,14,7,3,3,3,3,1,2,FAILING TO REDUCE SPEED TO AVOID CRASH,2,4,1.0,0.0,0.0,1.0,0.0,2.0,22,1,10,10/27/2024,2024-10-27,22:45:00
10/27/2024 07:56:00 PM,5.0,3,5,8,5,3,3,3,3,1,4,UNABLE TO DETERMINE,2,4,2.0,0.0,0.0,2.0,0.0,1.0,19,1,10,10/27/2024,2024-10-27,19:56:00
10/27/2024 06:50:00 PM,5.0,3,5,4,4,3,3,3,2,1,4,UNABLE TO DETERMINE,2,2,0.0,0.0,0.0,0.0,0.0,3.0,18,1,10,10/27/2024,2024-10-27,18:50:00
10/22/2024 06:35:00 AM,5.0,3,2,3,5,3,3,3,2,1,3,NOT APPLICABLE,2,2,0.0,0.0,0.0,0.0,0.0,2.0,6,3,10,10/22/2024,2024-10-22,06:35:00
10/27/2024 11:19:00 AM,5.0,3,2,4,6,4,1,1,2,1,3,NOT APPLICABLE,2,2,0.0,0.0,0.0,0.0,0.0,2.0,11,1,10,10/27/2024,2024-10-27,11:19:00
10/27/2024 08:00:00 PM,5.0,3,5,4,4,3,3,3,2,1,4,UNABLE TO DETERMINE,2,2,0.0,0.0,0.0,0.0,0.0,3.0,20,1,10,10/27/2024,2024-10-27,20:00:00
10/25/2024 08:15:00 PM,5.0,3,5,4,6,3,3,3,3,1,3,UNABLE TO DETERMINE,2,3,1.0,0.0,0.0,0.0,1.0,3.0,20,6,10,10/25/2024,2024-10-25,20:15:00
10/27/2024 02:30:00 PM,7.0,3,2,5,6,3,3,1,3,1,3,FAILING TO YIELD RIGHT-OF-WAY,2,2,0.0,0.0,0.0,0.0,0.0,3.0,14,1,10,10/27/2024,2024-10-27,14:30:00
10/25/2024 05:59:00 AM,5.0,5,3,6,5,3,4,3,3,1,4,UNABLE TO DETERMINE,2,2,0.0,0.0,0.0,0.0,0.0,2.0,5,6,10,10/25/2024,2024-10-25,05:59:00
10/27/2024 05:19:00 AM,5.0,3,5,5,5,3,3,3,3,1,4,NOT APPLICABLE,2,2,0.0,0.0,0.0,0.0,0.0,4.0,5,1,10,10/27/2024,2024-10-27,05:19:00
10/26/2024 06:00:00 PM,3.0,3,5,4,6,3,3,3,2,0,4,FOLLOWING TOO CLOSELY,2,2,0.0,0.0,0.0,0.0,0.0,2.0,18,7,10,10/26/2024,2024-10-26,18:00:00
10/26/2024 11:14:00 AM,7.0,3,2,5,5,3,3,3,3,1,4,DISREGARDING STOP SIGN,2,3,1.0,0.0,0.0,0.0,1.0,1.0,11,7,10,10/26/2024,2024-10-26,11:14:00
10/25/2024 09:09:00 AM,3.0,3,2,3,6,3,3,3,2,1,3,IMPROPER OVERTAKING/PASSING,2,2,0.0,0.0,0.0,0.0,0.0,2.0,9,6,10,10/25/2024,2024-10-25,09:09:00
10/26/2024 10:06:00 PM,1.0,3,4,6,6,3,3,1,2,1,3,UNABLE TO DETERMINE,2,2,0.0,0.0,0.0,0.0,0.0,3.0,22,7,10,10/26/2024,2024-10-26,22:06:00
10/27/2024 01:38:00 AM,5.0,3,5,5,5,3,3,3,3,1,4,DISREGARDING TRAFFIC SIGNALS,2,2,0.0,0.0,0.0,0.0,0.0,4.0,1,1,10,10/27/2024,2024-10-27,01:38:00
10/26/2024 09:09:00 PM,5.0,3,4,6,4,3,3,1,3,1,4,FAILING TO YIELD RIGHT-OF-WAY,2,4,2.0,0.0,0.0,1.0,1.0,1.0,21,7,10,10/26/2024,2024-10-26,21:09:00
10/27/2024 09:00:00 AM,3.0,3,2,6,7,3,3,3,3,1,4,UNABLE TO DETERMINE,2,2,0.0,0.0,0.0,0.0,0.0,2.0,9,1,10,10/27/2024,2024-10-27,09:00:00
10/25/2024 01:32:00 PM,7.0,3,2,6,4,3,1,1,2,1,3,IMPROPER TURNING/NO SIGNAL,2,2,0.0,0.0,0.0,0.0,0.0,2.0,13,6,10,10/25/2024,2024-10-25,13:32:00
10/27/2024 12:58:00 AM,5.0,3,6,3,4,3,3,3,3,1,4,IMPROPER TURNING/NO SIGNAL,2,2,0.0,0.0,0.0,0.0,0.0,5.0,0,1,10,10/27/2024,2024-10-27,00:58:00
09/27/2024 03:00:00 PM,5.0,4,2,6,5,3,3,3,3,1,4,UNABLE TO DETERMINE,2,4,2.0,0.0,0.0,1.0,1.0,1.0,15,6,9,09/27/2024,2024-09-27,15:00:00
10/26/2024 12:00:00 PM,3.0,3,2,4,4,3,3,3,2,1,3,FAILING TO REDUCE SPEED TO AVOID CRASH,2,2,0.0,0.0,0.0,0.0,0.0,3.0,12,7,10,10/26/2024,2024-10-26,12:00:00
10/26/2024 07:13:00 PM,5.0,3,6,3,5,3,3,3,2,1,2,UNABLE TO DETERMINE,2,2,0.0,0.0,0.0,0.0,0.0,5.0,19,7,10,10/26/2024,2024-10-26,19:13:00
10/27/2024 01:17:00 PM,5.0,3,2,6,6,3,3,3,3,1,4,FAILING TO YIELD RIGHT-OF-WAY,2,3,1.0,0.0,0.0,0.0,1.0,1.0,13,1,10,10/27/2024,2024-10-27,13:17:00
10/25/2024 01:51:00 PM,5.0,3,2,3,3,3,3,3,2,1,4,NOT APPLICABLE,2,2,0.0,0.0,0.0,0.0,0.0,3.0,13,6,10,10/25/2024,2024-10-25,13:51:00
10/27/2024 09:50:00 AM,5.0,3,2,5,5,3,3,3,3,1,4,DISREGARDING TRAFFIC SIGNALS,2,4,2.0,0.0,0.0,2.0,0.0,5.0,9,1,10,10/27/2024,2024-10-27,09:50:00
10/27/2024 07:40:00 AM,5.0,3,2,6,5,3,3,1,3,1,4,DISREGARDING TRAFFIC SIGNALS,2,4,1.0,0.0,0.0,1.0,0.0,1.0,7,1,10,10/27/2024,2024-10-27,07:40:00
10/25/2024 02:30:00 PM,5.0,3,2,6,7,3,3,3,2,1,3,FOLLOWING TOO CLOSELY,2,2,0.0,0.0,0.0,0.0,0.0,2.0,14,6,10,10/25/2024,2024-10-25,14:30:00
10/26/2024 05:40:00 AM,3.0,3,6,13,17,3,3,3,3,1,4,"VISION OBSCURED (SIGNS, TREE LIMBS, BUILDINGS, ETC.)",2,5,1.0,0.0,1.0,0.0,0.0,1.0,5,7,10,10/26/2024,2024-10-26,05:40:00
10/27/2024 03:35:00 PM,7.0,3,2,9,5,3,3,3,3,1,4,"OPERATING VEHICLE IN ERRATIC, RECKLESS, CARELESS, NEGLIGENT OR AGGRESSIVE MANNER",2,2,0.0,0.0,0.0,0.0,0.0,2.0,15,1,10,10/27/2024,2024-10-27,15:35:00
10/13/2024 02:06:00 PM,5.0,3,2,6,5,3,3,3,3,1,4,FAILING TO YIELD RIGHT-OF-WAY,2,2,0.0,0.0,0.0,0.0,0.0,4.0,14,1,10,10/13/2024,2024-10-13,14:06:00
10/13/2024 12:50:00 AM,5.0,3,5,5,5,3,3,3,2,1,4,UNABLE TO DETERMINE,2,2,0.0,0.0,0.0,0.0,0.0,3.0,0,1,10,10/13/2024,2024-10-13,00:50:00
10/13/2024 07:15:00 AM,5.0,3,2,11,5,3,3,3,3,1,4,PHYSICAL CONDITION OF DRIVER,2,2,0.0,0.0,0.0,0.0,0.0,1.0,7,1,10,10/13/2024,2024-10-13,07:15:00
10/13/2024 09:40:00 PM,5.0,3,6,4,3,3,4,3,3,0,3,FAILING TO REDUCE SPEED TO AVOID CRASH,2,3,1.0,0.0,0.0,0.0,1.0,1.0,21,1,10,10/13/2024,2024-10-13,21:40:00
10/13/2024 10:48:00 AM,5.0,3,2,14,5,3,1,1,2,1,4,IMPROPER OVERTAKING/PASSING,2,2,0.0,0.0,0.0,0.0,0.0,2.0,10,1,10,10/13/2024,2024-10-13,10:48:00
10/13/2024 06:55:00 PM,5.0,3,5,6,4,3,3,3,2,1,4,FAILING TO YIELD RIGHT-OF-WAY,2,2,0.0,0.0,0.0,0.0,0.0,4.0,18,1,10,10/13/2024,2024-10-13,18:55:00
10/13/2024 09:40:00 AM,5.0,3,2,6,4,3,3,3,2,1,4,UNABLE TO DETERMINE,2,2,0.0,0.0,0.0,0.0,0.0,2.0,9,1,10,10/13/2024,2024-10-13,09:40:00
10/13/2024 02:10:00 AM,3.0,3,5,6,6,3,3,1,2,1,4,FAILING TO YIELD RIGHT-OF-WAY,2,2,0.0,0.0,0.0,0.0,0.0,2.0,2,1,10,10/13/2024,2024-10-13,02:10:00
10/13/2024 06:38:00 PM,5.0,3,5,4,6,3,3,3,2,1,3,FAILING TO REDUCE SPEED TO AVOID CRASH,2,2,0.0,0.0,0.0,0.0,0.0,4.0,18,1,10,10/13/2024,2024-10-13,18:38:00