crash_date,traffic_control_device,weather_condition,lighting_condition,first_crash_type,trafficway_type,alignment,roadway_surface_cond,road_defect,crash_type,intersection_related_i,damage,prim_contributory_cause,num_units,most_severe_injury,injuries_total,injuries_fatal,injuries_incapacitating,injuries_non_incapacitating,injuries_reported_not_evident,injuries_no_indication,crash_hour,crash_day_of_week,crash_month,parsed_datetime,date,time
10/15/2024 07:05:00 AM,5.0,5,2,6,5,3,4,3,3,1,4,UNABLE TO DETERMINE,2,2,0.0,0.0,0.0,0.0,0.0,4.0,7,3,10,10/15/2024,2024-10-15,07:05:00
10/15/2024 11:45:00 AM,5.0,5,2,3,5,3,4,3,2,1,4,IMPROPER TURNING/NO SIGNAL,2,2,0.0,0.0,0.0,0.0,0.0,2.0,11,3,10,10/15/2024,2024-10-15,11:45:00
10/15/2024 08:45:00 AM,5.0,5,2,2,7,3,4,3,3,1,2,DISREGARDING TRAFFIC SIGNALS,2,4,1.0,0.0,0.0,1.0,0.0,1.0,8,3,10,10/15/2024,2024-10-15,08:45:00
10/15/2024 06:46:00 PM,1.0,4,2,3,6,3,1,1,2,1,4,IMPROPER LANE USAGE,2,2,0.0,0.0,0.0,0.0,0.0,3.0,18,3,10,10/15/2024,2024-10-15,18:46:00
10/15/2024 02:18:00 PM,5.0,5,2,4,5,3,4,3,2,1,4,FOLLOWING TOO CLOSELY,2,2,0.0,0.0,0.0,0.0,0.0,2.0,14,3,10,10/15/2024,2024-10-15,14:18:00
10/15/2024 02:41:00 PM,1.0,5,6,3,5,3,4,1,2,1,4,IMPROPER OVERTAKING/PASSING,2,2,0.0,0.0,0.0,0.0,0.0,3.0,14,3,10,10/15/2024,2024-10-15,14:41:00
10/15/2024 09:07:00 AM,5.0,5,2,4,4,3,4,3,2,1,4,UNABLE TO DETERMINE,2,2,0.0,0.0,0.0,0.0,0.0,3.0,9,3,10,10/15/2024,2024-10-15,09:07:00
10/15/2024 03:37:00 PM,5.0,5,2,6,5,3,4,3,2,1,4,IMPROPER TURNING/NO SIGNAL,2,2,0.0,0.0,0.0,0.0,0.0,2.0,15,3,10,10/15/2024,2024-10-15,15:37:00
10/15/2024 12:30:00 AM,3.0,3,4,7,6,3,3,1,2,1,3,IMPROPER LANE USAGE,2,2,0.0,0.0,0.0,0.0,0.0,3.0,0,3,10,10/15/2024,2024-10-15,00:30:00
10/15/2024 04:23:00 PM,7.0,5,2,5,4,3,4,3,3,1,4,DISREGARDING STOP SIGN,2,2,0.0,0.0,0.0,0.0,0.0,3.0,16,3,10,10/15/2024,2024-10-15,16:23:00
10/15/2024 12:35:00 PM,1.0,3,2,4,6,3,1,1,2,1,4,UNABLE TO DETERMINE,2,2,0.0,0.0,0.0,0.0,0.0,3.0,12,3,10,10/15/2024,2024-10-15,12:35:00
10/15/2024 01:56:00 PM,5.0,5,2,13,5,3,4,3,3,1,2,FAILING TO YIELD RIGHT-OF-WAY,2,5,1.0,0.0,1.0,0.0,0.0,1.0,13,3,10,10/15/2024,2024-10-15,13:56:00
10/15/2024 05:35:00 PM,7.0,5,3,5,4,3,4,3,2,1,3,"VISION OBSCURED (SIGNS, TREE LIMBS, BUILDINGS, ETC.)",2,2,0.0,0.0,0.0,0.0,0.0,4.0,17,3,10,10/15/2024,2024-10-15,17:35:00
10/15/2024 11:29:00 AM,5.0,5,2,6,6,3,4,3,3,1,4,FOLLOWING TOO CLOSELY,2,4,1.0,0.0,0.0,1.0,0.0,2.0,11,3,10,10/15/2024,2024-10-15,11:29:00
10/15/2024 01:40:00 PM,1.0,5,2,4,6,3,4,1,2,1,2,UNABLE TO DETERMINE,2,2,0.0,0.0,0.0,0.0,0.0,2.0,13,3,10,10/15/2024,2024-10-15,13:40:00
10/15/2024 06:40:00 PM,3.0,3,5,5,4,3,3,3,2,1,4,IMPROPER OVERTAKING/PASSING,2,2,0.0,0.0,0.0,0.0,0.0,2.0,18,3,10,10/15/2024,2024-10-15,18:40:00
10/15/2024 09:00:00 PM,5.0,3,5,4,5,3,3,3,2,1,4,UNABLE TO DETERMINE,2,2,0.0,0.0,0.0,0.0,0.0,2.0,21,3,10,10/15/2024,2024-10-15,21:00:00
10/15/2024 03:15:00 AM,5.0,5,5,5,5,3,4,3,3,1,4,UNABLE TO DETERMINE,2,2,0.0,0.0,0.0,0.0,0.0,2.0,3,3,10,10/15/2024,2024-10-15,03:15:00
10/15/2024 04:30:00 PM,1.0,3,2,3,6,3,1,1,2,1,4,IMPROPER LANE USAGE,2,2,0.0,0.0,0.0,0.0,0.0,2.0,16,3,10,10/15/2024,2024-10-15,16:30:00
10/15/2024 02:16:00 PM,5.0,5,2,4,6,3,4,3,2,1,4,FOLLOWING TOO CLOSELY,2,2,0.0,0.0,0.0,0.0,0.0,2.0,14,3,10,10/15/2024,2024-10-15,14:16:00
10/15/2024 03:00:00 PM,3.0,3,2,4,3,3,4,3,2,1,4,UNABLE TO DETERMINE,2,2,0.0,0.0,0.0,0.0,0.0,2.0,15,3,10,10/15/2024,2024-10-15,15:00:00
10/15/2024 04:10:00 PM,5.0,5,2,6,6,4,4,3,2,1,3,UNABLE TO DETERMINE,2,2,0.0,0.0,0.0,0.0,0.0,3.0,16,3,10,10/15/2024,2024-10-15,16:10:00
10/15/2024 10:19:00 AM,5.0,3,2,4,5,3,4,3,2,1,2,FOLLOWING TOO CLOSELY,2,2,0.0,0.0,0.0,0.0,0.0,2.0,10,3,10,10/15/2024,2024-10-15,10:19:00
10/15/2024 04:12:00 PM,7.0,5,2,5,5,3,4,3,3,1,4,FAILING TO YIELD RIGHT-OF-WAY,2,2,0.0,0.0,0.0,0.0,0.0,2.0,16,3,10,10/15/2024,2024-10-15,16:12:00
10/15/2024 11:02:00 PM,7.0,3,5,5,5,3,4,7,3,1,4,UNABLE TO DETERMINE,2,2,0.0,0.0,0.0,0.0,0.0,4.0,23,3,10,10/15/2024,2024-10-15,23:02:00
10/15/2024 03:00:00 PM,5.0,5,2,4,4,3,4,3,2,1,4,EQUIPMENT - VEHICLE CONDITION,2,2,0.0,0.0,0.0,0.0,0.0,2.0,15,3,10,10/15/2024,2024-10-15,15:00:00
10/15/2024 07:45:00 AM,5.0,5,2,6,7,3,4,3,3,1,4,FAILING TO YIELD RIGHT-OF-WAY,2,2,0.0,0.0,0.0,0.0,0.0,4.0,7,3,10,10/15/2024,2024-10-15,07:45:00
10/15/2024 06:12:00 AM,5.0,5,5,6,10,3,4,3,3,1,4,IMPROPER TURNING/NO SIGNAL,2,2,0.0,0.0,0.0,0.0,0.0,2.0,6,3,10,10/15/2024,2024-10-15,06:12:00
10/15/2024 04:45:00 PM,7.0,5,2,5,5,3,4,3,2,1,4,FAILING TO YIELD RIGHT-OF-WAY,2,2,0.0,0.0,0.0,0.0,0.0,2.0,16,3,10,10/15/2024,2024-10-15,16:45:00
10/15/2024 04:55:00 PM,5.0,5,2,6,4,3,4,1,2,1,4,NOT APPLICABLE,2,2,0.0,0.0,0.0,0.0,0.0,2.0,16,3,10,10/15/2024,2024-10-15,16:55:00
10/15/2024 07:05:00 PM,4.0,3,5,6,5,3,3,3,3,1,4,FAILING TO YIELD RIGHT-OF-WAY,2,2,0.0,0.0,0.0,0.0,0.0,2.0,19,3,10,10/15/2024,2024-10-15,19:05:00
10/15/2024 09:10:00 AM,3.0,5,2,6,5,3,4,1,3,1,4,FAILING TO YIELD RIGHT-OF-WAY,2,4,1.0,0.0,0.0,1.0,0.0,1.0,9,3,10,10/15/2024,2024-10-15,09:10:00
10/15/2024 04:39:00 PM,5.0,5,2,3,3,3,4,3,2,1,4,UNABLE TO DETERMINE,2,2,0.0,0.0,0.0,0.0,0.0,2.0,16,3,10,10/15/2024,2024-10-15,16:39:00
10/15/2024 06:37:00 AM,3.0,5,5,6,7,3,4,1,3,1,4,UNABLE TO DETERMINE,2,2,0.0,0.0,0.0,0.0,0.0,2.0,6,3,10,10/15/2024,2024-10-15,06:37:00
10/15/2024 06:34:00 PM,7.0,5,6,13,7,3,4,1,3,1,4,FAILING TO YIELD RIGHT-OF-WAY,2,4,1.0,0.0,0.0,1.0,0.0,1.0,18,3,10,10/15/2024,2024-10-15,18:34:00
10/15/2024 05:10:00 PM,5.0,5,3,5,4,3,4,3,2,1,4,DRIVING SKILLS/KNOWLEDGE/EXPERIENCE,2,2,0.0,0.0,0.0,0.0,0.0,2.0,17,3,10,10/15/2024,2024-10-15,17:10:00
10/15/2024 05:52:00 PM,5.0,5,2,6,2,3,4,3,3,1,4,IMPROPER TURNING/NO SIGNAL,2,2,0.0,0.0,0.0,0.0,0.0,2.0,17,3,10,10/15/2024,2024-10-15,17:52:00
10/15/2024 10:02:00 AM,5.0,5,2,13,6,3,4,3,3,1,4,FAILING TO YIELD RIGHT-OF-WAY,2,4,1.0,0.0,0.0,1.0,0.0,2.0,10,3,10,10/15/2024,2024-10-15,10:02:00
10/15/2024 04:40:00 PM,7.0,5,2,13,5,3,4,1,2,1,3,WEATHER,2,2,0.0,0.0,0.0,0.0,0.0,4.0,16,3,10,10/15/2024,2024-10-15,16:40:00
10/15/2024 02:15:00 PM,5.0,5,2,13,6,3,3,3,3,1,2,UNABLE TO DETERMINE,2,5,1.0,0.0,1.0,0.0,0.0,1.0,14,3,10,10/15/2024,2024-10-15,14:15:00
10/15/2024 03:30:00 PM,3.0,3,2,6,4,3,3,3,2,1,4,FAILING TO YIELD RIGHT-OF-WAY,2,2,0.0,0.0,0.0,0.0,0.0,2.0,15,3,10,10/15/2024,2024-10-15,15:30:00
10/15/2024 01:22:00 PM,5.0,5,2,6,13,3,4,3,2,1,3,FAILING TO YIELD RIGHT-OF-WAY,2,2,0.0,0.0,0.0,0.0,0.0,2.0,13,3,10,10/15/2024,2024-10-15,13:22:00
10/15/2024 08:30:00 PM,5.0,5,5,4,14,3,4,1,2,1,4,FOLLOWING TOO CLOSELY,2,2,0.0,0.0,0.0,0.0,0.0,2.0,20,3,10,10/15/2024,2024-10-15,20:30:00
10/15/2024 06:23:00 AM,5.0,5,3,6,5,3,4,3,3,1,4,IMPROPER TURNING/NO SIGNAL,2,3,1.0,0.0,0.0,0.0,1.0,1.0,6,3,10,10/15/2024,2024-10-15,06:23:00
10/29/2024 07:00:00 PM,5.0,3,5,6,5,3,3,3,3,1,4,FAILING TO YIELD RIGHT-OF-WAY,2,3,1.0,0.0,0.0,0.0,1.0,2.0,19,3,10,10/29/2024,2024-10-29,19:00:00
10/30/2024 04:00:00 PM,5.0,3,2,3,5,3,3,3,2,1,4,IMPROPER OVERTAKING/PASSING,2,2,0.0,0.0,0.0,0.0,0.0,2.0,16,4,10,10/30/2024,2024-10-30,16:00:00
10/31/2024 08:45:00 AM,3.0,5,2,4,4,3,4,1,2,1,4,ROAD ENGINEERING/SURFACE/MARKING DEFECTS,2,2,0.0,0.0,0.0,0.0,0.0,2.0,8,5,10,10/31/2024,2024-10-31,08:45:00
10/31/2024 08:06:00 AM,7.0,5,2,13,6,3,4,3,2,1,2,FAILING TO YIELD RIGHT-OF-WAY,2,2,0.0,0.0,0.0,0.0,0.0,2.0,8,5,10,10/31/2024,2024-10-31,08:06:00
10/28/2024 10:21:00 PM,3.0,3,5,14,5,3,3,3,2,1,2,UNABLE TO DETERMINE,2,2,0.0,0.0,0.0,0.0,0.0,2.0,22,2,10,10/28/2024,2024-10-28,22:21:00
10/29/2024 09:20:00 AM,5.0,3,2,13,5,3,3,3,3,1,4,DISREGARDING YIELD SIGN,2,3,1.0,0.0,0.0,0.0,1.0,1.0,9,3,10,10/29/2024,2024-10-29,09:20:00
10/29/2024 11:56:00 AM,7.0,3,2,6,4,6,3,1,3,1,4,FAILING TO YIELD RIGHT-OF-WAY,2,4,1.0,0.0,0.0,1.0,0.0,1.0,11,3,10,10/29/2024,2024-10-29,11:56:00
10/30/2024 12:30:00 PM,7.0,3,2,4,5,3,3,3,2,1,3,FOLLOWING TOO CLOSELY,2,2,0.0,0.0,0.0,0.0,0.0,2.0,12,4,10,10/30/2024,2024-10-30,12:30:00
10/31/2024 07:15:00 AM,3.0,5,2,6,5,3,4,3,3,1,4,FAILING TO YIELD RIGHT-OF-WAY,2,4,2.0,0.0,0.0,2.0,0.0,4.0,7,5,10,10/31/2024,2024-10-31,07:15:00
10/30/2024 07:50:00 AM,5.0,3,2,10,5,3,3,3,3,1,4,UNABLE TO DETERMINE,2,5,2.0,0.0,1.0,1.0,0.0,1.0,7,4,10,10/30/2024,2024-10-30,07:50:00
10/30/2024 06:53:00 PM,5.0,3,5,6,6,3,3,3,3,1,3,FAILING TO YIELD RIGHT-OF-WAY,2,4,1.0,0.0,0.0,1.0,0.0,1.0,18,4,10,10/30/2024,2024-10-30,18:53:00
10/31/2024 01:05:00 AM,5.0,3,5,4,3,3,3,3,2,1,4,IMPROPER OVERTAKING/PASSING,2,2,0.0,0.0,0.0,0.0,0.0,4.0,1,5,10,10/31/2024,2024-10-31,01:05:00
10/23/2024 08:15:00 AM,5.0,3,2,6,5,3,3,3,2,1,4,UNABLE TO DETERMINE,2,2,0.0,0.0,0.0,0.0,0.0,2.0,8,4,10,10/23/2024,2024-10-23,08:15:00
10/26/2024 03:14:00 AM,3.0,3,6,11,6,3,3,3,3,0,4,FAILING TO REDUCE SPEED TO AVOID CRASH,2,4,1.0,0.0,0.0,1.0,0.0,0.0,3,7,10,10/26/2024,2024-10-26,03:14:00
10/30/2024 09:40:00 AM,5.0,3,2,3,6,3,3,3,3,1,4,IMPROPER LANE USAGE,2,2,0.0,0.0,0.0,0.0,0.0,2.0,9,4,10,10/30/2024,2024-10-30,09:40:00
10/31/2024 09:10:00 AM,7.0,4,2,4,5,3,4,1,2,1,4,UNABLE TO DETERMINE,2,2,0.0,0.0,0.0,0.0,0.0,2.0,9,5,10,10/31/2024,2024-10-31,09:10:00
10/30/2024 03:55:00 PM,7.0,3,2,5,5,3,3,3,3,1,4,FAILING TO YIELD RIGHT-OF-WAY,2,2,0.0,0.0,0.0,0.0,0.0,2.0,15,4,10,10/30/2024,2024-10-30,15:55:00
10/28/2024 04:01:00 PM,7.0,3,2,3,5,3,3,3,2,1,3,FAILING TO YIELD RIGHT-OF-WAY,2,2,0.0,0.0,0.0,0.0,0.0,2.0,16,2,10,10/28/2024,2024-10-28,16:01:00
10/31/2024 08:10:00 AM,7.0,5,2,5,5,3,4,3,2,1,4,FAILING TO YIELD RIGHT-OF-WAY,2,2,0.0,0.0,0.0,0.0,0.0,3.0,8,5,10,10/31/2024,2024-10-31,08:10:00
10/19/2024 12:19:00 PM,7.0,3,6,5,6,3,3,3,2,1,4,UNABLE TO DETERMINE,2,2,0.0,0.0,0.0,0.0,0.0,2.0,12,7,10,10/19/2024,2024-10-19,12:19:00
10/30/2024 11:20:00 AM,5.0,3,2,6,6,3,3,3,2,1,3,UNABLE TO DETERMINE,2,2,0.0,0.0,0.0,0.0,0.0,2.0,11,4,10,10/30/2024,2024-10-30,11:20:00
10/31/2024 07:56:00 AM,5.0,4,2,4,5,3,4,1,2,1,4,UNABLE TO DETERMINE,2,2,0.0,0.0,0.0,0.0,0.0,2.0,7,5,10,10/31/2024,2024-10-31,07:56:00
10/31/2024 06:41:00 AM,5.0,4,6,6,6,3,3,3,2,1,4,UNABLE TO DETERMINE,2,2,0.0,0.0,0.0,0.0,0.0,3.0,6,5,10,10/31/2024,2024-10-31,06:41:00
10/30/2024 08:30:00 AM,5.0,4,2,4,6,3,4,1,2,1,2,UNABLE TO DETERMINE,2,2,0.0,0.0,0.0,0.0,0.0,2.0,8,4,10,10/30/2024,2024-10-30,08:30:00
10/31/2024 07:07:00 AM,3.0,4,2,3,3,3,1,1,2,0,4,IMPROPER LANE USAGE,2,2,0.0,0.0,0.0,0.0,0.0,2.0,7,5,10,10/31/2024,2024-10-31,07:07:00
09/23/2024 08:00:00 PM,5.0,3,5,10,4,3,1,1,2,1,3,"OPERATING VEHICLE IN ERRATIC, RECKLESS, CARELESS, NEGLIGENT OR AGGRESSIVE MANNER",2,2,0.0,0.0,0.0,0.0,0.0,2.0,20,2,9,09/23/2024,2024-09-23,20:00:00
10/24/2024 06:15:00 PM,5.0,3,4,6,5,3,3,3,2,1,4,UNABLE TO DETERMINE,2,2,0.0,0.0,0.0,0.0,0.0,2.0,18,5,10,10/24/2024,2024-10-24,18:15:00
10/29/2024 11:00:00 PM,5.0,3,5,13,1,3,3,3,3,1,3,UNABLE TO DETERMINE,2,4,1.0,0.0,0.0,1.0,0.0,1.0,23,3,10,10/29/2024,2024-10-29,23:00:00
10/29/2024 12:32:00 PM,5.0,3,2,5,7,3,3,3,3,1,4,FAILING TO REDUCE SPEED TO AVOID CRASH,2,3,1.0,0.0,0.0,0.0,1.0,1.0,12,3,10,10/29/2024,2024-10-29,12:32:00
10/30/2024 08:08:00 AM,5.0,3,2,6,5,3,3,3,3,1,4,FAILING TO YIELD RIGHT-OF-WAY,2,3,2.0,0.0,0.0,0.0,2.0,0.0,8,4,10,10/30/2024,2024-10-30,08:08:00
10/27/2024 10:30:00 PM,1.0,3,2,13,5,3,1,1,3,1,4,UNABLE TO DETERMINE,2,4,1.0,0.0,0.0,1.0,0.0,1.0,22,1,10,10/27/2024,2024-10-27,22:30:00
10/29/2024 05:15:00 AM,7.0,3,5,6,7,3,3,1,2,1,4,FAILING TO YIELD RIGHT-OF-WAY,2,2,0.0,0.0,0.0,0.0,0.0,2.0,5,3,10,10/29/2024,2024-10-29,05:15:00
10/29/2024 03:30:00 PM,3.0,3,2,6,6,3,3,3,2,0,2,UNABLE TO DETERMINE,2,2,0.0,0.0,0.0,0.0,0.0,3.0,15,3,10,10/29/2024,2024-10-29,15:30:00
10/30/2024 09:55:00 AM,3.0,3,2,3,10,3,3,3,2,0,2,IMPROPER LANE USAGE,2,2,0.0,0.0,0.0,0.0,0.0,2.0,9,4,10,10/30/2024,2024-10-30,09:55:00
10/30/2024 06:12:00 PM,5.0,3,5,6,6,3,3,3,3,1,4,IMPROPER TURNING/NO SIGNAL,2,4,1.0,0.0,0.0,1.0,0.0,3.0,18,4,10,10/30/2024,2024-10-30,18:12:00
10/31/2024 12:00:00 PM,5.0,5,2,6,5,3,4,1,2,1,4,FAILING TO YIELD RIGHT-OF-WAY,2,2,0.0,0.0,0.0,0.0,0.0,2.0,12,5,10,10/31/2024,2024-10-31,12:00:00
10/31/2024 08:00:00 AM,7.0,4,2,5,5,3,4,3,2,1,4,UNABLE TO DETERMINE,2,2,0.0,0.0,0.0,0.0,0.0,3.0,8,5,10,10/31/2024,2024-10-31,08:00:00
10/30/2024 05:40:00 AM,5.0,3,5,3,10,4,3,3,2,1,4,FAILING TO YIELD RIGHT-OF-WAY,2,2,0.0,0.0,0.0,0.0,0.0,2.0,5,4,10,10/30/2024,2024-10-30,05:40:00
10/31/2024 07:30:00 AM,3.0,3,2,6,5,3,3,3,2,1,3,FAILING TO YIELD RIGHT-OF-WAY,2,2,0.0,0.0,0.0,0.0,0.0,2.0,7,5,10,10/31/2024,2024-10-31,07:30:00
10/23/2024 03:30:00 PM,5.0,3,2,4,6,3,3,3,2,1,4,FOLLOWING TOO CLOSELY,2,2,0.0,0.0,0.0,0.0,0.0,2.0,15,4,10,10/23/2024,2024-10-23,15:30:00
10/30/2024 12:58:00 PM,5.0,3,2,4,6,3,3,3,3,1,4,FOLLOWING TOO CLOSELY,2,4,1.0,0.0,0.0,1.0,0.0,1.0,12,4,10,10/30/2024,2024-10-30,12:58:00
10/31/2024 08:00:00 AM,5.0,5,2,5,4,3,4,3,2,1,4,UNABLE TO DETERMINE,2,2,0.0,0.0,0.0,0.0,0.0,3.0,8,5,10,10/31/2024,2024-10-31,08:00:00
10/30/2024 12:10:00 PM,5.0,3,2,6,4,3,3,3,2,1,4,UNABLE TO DETERMINE,2,2,0.0,0.0,0.0,0.0,0.0,2.0,12,4,10,10/30/2024,2024-10-30,12:10:00
10/31/2024 08:50:00 AM,5.0,3,2,4,6,3,3,3,2,1,4,FOLLOWING TOO CLOSELY,2,2,0.0,0.0,0.0,0.0,0.0,2.0,8,5,10,10/31/2024,2024-10-31,08:50:00
10/30/2024 07:25:00 AM,5.0,3,2,13,3,3,3,3,3,1,4,FAILING TO YIELD RIGHT-OF-WAY,2,3,1.0,0.0,0.0,0.0,1.0,1.0,7,4,10,10/30/2024,2024-10-30,07:25:00
10/16/2024 06:50:00 PM,1.0,3,2,3,5,3,1,1,2,1,4,UNABLE TO DETERMINE,2,2,0.0,0.0,0.0,0.0,0.0,2.0,18,4,10,10/16/2024,2024-10-16,18:50:00
10/16/2024 04:47:00 PM,13.0,3,2,3,5,3,3,1,3,1,4,FAILING TO REDUCE SPEED TO AVOID CRASH,2,2,0.0,0.0,0.0,0.0,0.0,3.0,16,4,10,10/16/2024,2024-10-16,16:47:00
10/16/2024 07:25:00 AM,7.0,3,2,13,5,3,3,3,2,1,2,FAILING TO YIELD RIGHT-OF-WAY,2,2,0.0,0.0,0.0,0.0,0.0,2.0,7,4,10,10/16/2024,2024-10-16,07:25:00
10/16/2024 09:57:00 AM,7.0,3,2,5,6,3,3,3,3,1,4,UNABLE TO DETERMINE,2,5,2.0,0.0,1.0,0.0,1.0,0.0,9,4,10,10/16/2024,2024-10-16,09:57:00
10/16/2024 02:03:00 PM,7.0,3,2,6,6,3,3,1,2,1,4,DISREGARDING STOP SIGN,2,2,0.0,0.0,0.0,0.0,0.0,4.0,14,4,10,10/16/2024,2024-10-16,14:03:00
10/16/2024 11:40:00 PM,5.0,3,5,6,3,3,3,3,2,1,3,UNABLE TO DETERMINE,2,2,0.0,0.0,0.0,0.0,0.0,2.0,23,4,10,10/16/2024,2024-10-16,23:40:00
10/16/2024 10:02:00 AM,3.0,3,2,5,6,3,3,3,2,1,4,FAILING TO YIELD RIGHT-OF-WAY,2,2,0.0,0.0,0.0,0.0,0.0,4.0,10,4,10,10/16/2024,2024-10-16,10:02:00
10/16/2024 10:32:00 AM,5.0,3,2,13,5,3,3,3,3,1,2,FAILING TO YIELD RIGHT-OF-WAY,2,5,1.0,0.0,1.0,0.0,0.0,1.0,10,4,10,10/16/2024,2024-10-16,10:32:00
10/16/2024 07:43:00 PM,5.0,3,5,5,5,3,3,3,3,1,4,UNABLE TO DETERMINE,2,2,0.0,0.0,0.0,0.0,0.0,2.0,19,4,10,10/16/2024,2024-10-16,19:43:00
10/16/2024 07:14:00 PM,5.0,3,5,14,5,3,3,3,3,1,4,FAILING TO YIELD RIGHT-OF-WAY,2,4,1.0,0.0,0.0,1.0,0.0,1.0,19,4,10,10/16/2024,2024-10-16,19:14:00
10/16/2024 05:28:00 PM,7.0,3,2,5,5,3,3,3,3,1,4,FAILING TO YIELD RIGHT-OF-WAY,2,2,0.0,0.0,0.0,0.0,0.0,2.0,17,4,10,10/16/2024,2024-10-16,17:28:00
10/16/2024 04:45:00 PM,5.0,3,2,6,5,3,3,3,2,1,4,IMPROPER LANE USAGE,2,2,0.0,0.0,0.0,0.0,0.0,3.0,16,4,10,10/16/2024,2024-10-16,16:45:00
10/16/2024 08:45:00 AM,7.0,3,2,5,4,3,3,3,2,1,4,FAILING TO YIELD RIGHT-OF-WAY,2,2,0.0,0.0,0.0,0.0,0.0,2.0,8,4,10,10/16/2024,2024-10-16,08:45:00
10/16/2024 07:47:00 AM,5.0,3,2,5,5,3,3,3,2,1,4,UNABLE TO DETERMINE,2,2,0.0,0.0,0.0,0.0,0.0,3.0,7,4,10,10/16/2024,2024-10-16,07:47:00
10/16/2024 07:50:00 AM,7.0,3,2,5,4,3,3,3,2,1,4,FAILING TO YIELD RIGHT-OF-WAY,2,2,0.0,0.0,0.0,0.0,0.0,3.0,7,4,10,10/16/2024,2024-10-16,07:50:00
10/16/2024 12:41:00 PM,5.0,3,2,4,5,3,3,3,3,1,4,FOLLOWING TOO CLOSELY,2,2,0.0,0.0,0.0,0.0,0.0,2.0,12,4,10,10/16/2024,2024-10-16,12:41:00
10/16/2024 02:00:00 PM,5.0,3,2,6,7,3,3,3,2,1,4,UNABLE TO DETERMINE,2,2,0.0,0.0,0.0,0.0,0.0,2.0,14,4,10,10/16/2024,2024-10-16,14:00:00
10/16/2024 03:07:00 PM,5.0,3,2,14,5,3,3,1,3,1,2,UNABLE TO DETERMINE,2,4,1.0,0.0,0.0,1.0,0.0,1.0,15,4,10,10/16/2024,2024-10-16,15:07:00
10/16/2024 04:57:00 PM,7.0,3,2,5,5,3,3,3,3,1,4,FAILING TO REDUCE SPEED TO AVOID CRASH,2,2,0.0,0.0,0.0,0.0,0.0,2.0,16,4,10,10/16/2024,2024-10-16,16:57:00
10/16/2024 03:26:00 PM,3.0,3,2,10,6,3,3,3,3,0,4,NOT APPLICABLE,2,2,0.0,0.0,0.0,0.0,0.0,2.0,15,4,10,10/16/2024,2024-10-16,15:26:00
10/16/2024 12:58:00 PM,5.0,3,2,4,5,3,3,3,2,1,3,UNABLE TO DETERMINE,2,2,0.0,0.0,0.0,0.0,0.0,2.0,12,4,10,10/16/2024,2024-10-16,12:58:00
10/16/2024 07:03:00 AM,5.0,3,2,6,6,3,3,3,3,1,4,DISREGARDING TRAFFIC SIGNALS,2,3,1.0,0.0,0.0,0.0,1.0,1.0,7,4,10,10/16/2024,2024-10-16,07:03:00
10/16/2024 03:21:00 PM,3.0,3,2,6,7,3,3,3,3,1,4,FAILING TO YIELD RIGHT-OF-WAY,2,4,1.0,0.0,0.0,1.0,0.0,1.0,15,4,10,10/16/2024,2024-10-16,15:21:00
10/16/2024 06:30:00 AM,5.0,3,3,14,4,3,3,3,3,1,3,FAILING TO YIELD RIGHT-OF-WAY,2,4,1.0,0.0,0.0,1.0,0.0,1.0,6,4,10,10/16/2024,2024-10-16,06:30:00
10/16/2024 05:57:00 PM,5.0,3,2,13,6,3,3,3,3,1,4,FAILING TO REDUCE SPEED TO AVOID CRASH,2,3,1.0,0.0,0.0,0.0,1.0,1.0,17,4,10,10/16/2024,2024-10-16,17:57:00
10/16/2024 05:40:00 PM,5.0,3,2,5,5,3,3,3,3,1,4,DISREGARDING TRAFFIC SIGNALS,2,3,1.0,0.0,0.0,0.0,1.0,1.0,17,4,10,10/16/2024,2024-10-16,17:40:00
10/16/2024 10:00:00 AM,5.0,3,2,6,5,3,3,3,2,0,4,IMPROPER OVERTAKING/PASSING,2,2,0.0,0.0,0.0,0.0,0.0,2.0,10,4,10,10/16/2024,2024-10-16,10:00:00
10/16/2024 06:56:00 AM,5.0,3,3,5,4,3,3,3,3,1,4,UNABLE TO DETERMINE,2,2,0.0,0.0,0.0,0.0,0.0,2.0,6,4,10,10/16/2024,2024-10-16,06:56:00
10/16/2024 07:00:00 AM,3.0,3,2,6,5,3,3,3,2,1,3,IMPROPER TURNING/NO SIGNAL,2,2,0.0,0.0,0.0,0.0,0.0,2.0,7,4,10,10/16/2024,2024-10-16,07:00:00
10/16/2024 08:45:00 PM,5.0,3,5,3,5,3,3,1,2,1,4,DRIVING SKILLS/KNOWLEDGE/EXPERIENCE,2,2,0.0,0.0,0.0,0.0,0.0,2.0,20,4,10,10/16/2024,2024-10-16,20:45:00
10/16/2024 09:10:00 AM,5.0,3,2,6,5,3,3,3,3,1,4,FAILING TO YIELD RIGHT-OF-WAY,2,2,0.0,0.0,0.0,0.0,0.0,2.0,9,4,10,10/16/2024,2024-10-16,09:10:00
10/16/2024 09:00:00 AM,5.0,3,2,3,4,3,3,3,2,1,4,IMPROPER LANE USAGE,2,2,0.0,0.0,0.0,0.0,0.0,6.0,9,4,10,10/16/2024,2024-10-16,09:00:00