crash_date,traffic_control_device,weather_condition,lighting_condition,first_crash_type,trafficway_type,alignment,roadway_surface_cond,road_defect,crash_type,intersection_related_i,damage,prim_contributory_cause,num_units,most_severe_injury,injuries_total,injuries_fatal,injuries_incapacitating,injuries_non_incapacitating,injuries_reported_not_evident,injuries_no_indication,crash_hour,crash_day_of_week,crash_month,parsed_datetime,date,time
10/16/2024 08:30:00 PM,7.0,3,5,5,6,3,3,1,3,1,4,UNABLE TO DETERMINE,2,2,0.0,0.0,0.0,0.0,0.0,3.0,20,4,10,10/16/2024,2024-10-16,20:30:00
10/16/2024 02:15:00 PM,7.0,3,2,6,5,3,3,1,3,1,3,FAILING TO YIELD RIGHT-OF-WAY,2,3,2.0,0.0,0.0,0.0,2.0,1.0,14,4,10,10/16/2024,2024-10-16,14:15:00
10/16/2024 01:45:00 PM,7.0,3,2,6,5,3,3,3,2,1,4,UNABLE TO DETERMINE,2,2,0.0,0.0,0.0,0.0,0.0,4.0,13,4,10,10/16/2024,2024-10-16,13:45:00
10/16/2024 06:30:00 PM,5.0,3,5,4,5,3,3,3,2,1,4,"OPERATING VEHICLE IN ERRATIC, RECKLESS, CARELESS, NEGLIGENT OR AGGRESSIVE MANNER",2,2,0.0,0.0,0.0,0.0,0.0,2.0,18,4,10,10/16/2024,2024-10-16,18:30:00
10/16/2024 09:54:00 AM,5.0,3,2,6,7,3,3,3,2,1,4,UNABLE TO DETERMINE,2,2,0.0,0.0,0.0,0.0,0.0,2.0,9,4,10,10/16/2024,2024-10-16,09:54:00
10/16/2024 05:30:00 PM,5.0,3,2,5,6,3,3,3,3,1,4,FAILING TO YIELD RIGHT-OF-WAY,2,4,2.0,0.0,0.0,2.0,0.0,0.0,17,4,10,10/16/2024,2024-10-16,17:30:00
10/29/2024 03:20:00 PM,7.0,3,2,13,5,3,3,3,3,1,2,FAILING TO YIELD RIGHT-OF-WAY,2,4,1.0,0.0,0.0,1.0,0.0,1.0,15,3,10,10/29/2024,2024-10-29,15:20:00
10/31/2024 03:50:00 PM,3.0,3,2,6,7,3,3,1,3,1,3,FAILING TO YIELD RIGHT-OF-WAY,2,2,0.0,0.0,0.0,0.0,0.0,2.0,15,5,10,10/31/2024,2024-10-31,15:50:00
10/31/2024 09:39:00 AM,7.0,3,2,5,12,3,4,3,3,1,4,FAILING TO YIELD RIGHT-OF-WAY,2,3,1.0,0.0,0.0,0.0,1.0,1.0,9,5,10,10/31/2024,2024-10-31,09:39:00
10/06/2024 10:50:00 AM,5.0,3,2,4,5,3,1,1,2,1,2,IMPROPER BACKING,2,2,0.0,0.0,0.0,0.0,0.0,2.0,10,1,10,10/06/2024,2024-10-06,10:50:00
10/31/2024 05:55:00 PM,5.0,3,5,5,6,3,1,1,2,1,4,FOLLOWING TOO CLOSELY,2,2,0.0,0.0,0.0,0.0,0.0,4.0,17,5,10,10/31/2024,2024-10-31,17:55:00
10/30/2024 09:17:00 PM,5.0,3,2,6,5,3,3,3,2,1,3,FAILING TO REDUCE SPEED TO AVOID CRASH,2,2,0.0,0.0,0.0,0.0,0.0,2.0,21,4,10,10/30/2024,2024-10-30,21:17:00
10/31/2024 07:17:00 PM,3.0,3,5,6,6,3,3,3,2,1,3,FAILING TO YIELD RIGHT-OF-WAY,2,2,0.0,0.0,0.0,0.0,0.0,2.0,19,5,10,10/31/2024,2024-10-31,19:17:00
10/31/2024 04:30:00 PM,5.0,4,2,4,6,3,2,3,3,1,4,FAILING TO YIELD RIGHT-OF-WAY,2,2,0.0,0.0,0.0,0.0,0.0,2.0,16,5,10,10/31/2024,2024-10-31,16:30:00
10/30/2024 10:24:00 PM,5.0,3,5,6,4,3,3,3,2,1,4,IMPROPER TURNING/NO SIGNAL,2,2,0.0,0.0,0.0,0.0,0.0,4.0,22,4,10,10/30/2024,2024-10-30,22:24:00
10/31/2024 08:39:00 PM,3.0,3,5,4,5,3,3,3,2,1,3,FOLLOWING TOO CLOSELY,2,2,0.0,0.0,0.0,0.0,0.0,2.0,20,5,10,10/31/2024,2024-10-31,20:39:00
10/31/2024 11:45:00 AM,5.0,3,2,6,7,3,4,1,3,1,4,FAILING TO YIELD RIGHT-OF-WAY,2,3,1.0,0.0,0.0,0.0,1.0,1.0,11,5,10,10/31/2024,2024-10-31,11:45:00
10/31/2024 10:04:00 AM,7.0,9,2,13,6,3,3,3,3,1,4,FAILING TO YIELD RIGHT-OF-WAY,2,3,1.0,0.0,0.0,0.0,1.0,1.0,10,5,10,10/31/2024,2024-10-31,10:04:00
10/31/2024 08:00:00 AM,5.0,5,2,5,7,3,4,3,3,1,4,FAILING TO YIELD RIGHT-OF-WAY,2,2,0.0,0.0,0.0,0.0,0.0,3.0,8,5,10,10/31/2024,2024-10-31,08:00:00
10/31/2024 03:55:00 PM,7.0,3,2,6,6,3,3,3,2,1,4,FAILING TO YIELD RIGHT-OF-WAY,2,2,0.0,0.0,0.0,0.0,0.0,2.0,15,5,10,10/31/2024,2024-10-31,15:55:00
10/25/2024 03:00:00 PM,7.0,3,2,6,4,3,1,1,2,1,3,FAILING TO YIELD RIGHT-OF-WAY,2,2,0.0,0.0,0.0,0.0,0.0,2.0,15,6,10,10/25/2024,2024-10-25,15:00:00
10/31/2024 10:27:00 PM,5.0,3,5,5,5,3,1,1,3,1,4,UNABLE TO DETERMINE,2,4,2.0,0.0,0.0,2.0,0.0,1.0,22,5,10,10/31/2024,2024-10-31,22:27:00
10/30/2024 05:10:00 PM,5.0,3,2,6,5,3,1,1,2,1,4,NOT APPLICABLE,2,2,0.0,0.0,0.0,0.0,0.0,2.0,17,4,10,10/30/2024,2024-10-30,17:10:00
11/01/2024 01:26:00 AM,3.0,3,5,13,7,3,3,3,3,1,4,UNABLE TO DETERMINE,2,3,1.0,0.0,0.0,0.0,1.0,1.0,1,6,11,11/01/2024,2024-11-01,01:26:00
10/17/2024 10:53:00 PM,5.0,3,5,6,5,3,3,3,2,1,4,DISREGARDING TRAFFIC SIGNALS,2,2,0.0,0.0,0.0,0.0,0.0,3.0,22,5,10,10/17/2024,2024-10-17,22:53:00
10/17/2024 07:03:00 PM,3.0,3,5,5,4,3,3,3,3,1,4,IMPROPER TURNING/NO SIGNAL,2,2,0.0,0.0,0.0,0.0,0.0,2.0,19,5,10,10/17/2024,2024-10-17,19:03:00
10/17/2024 10:46:00 PM,5.0,3,6,5,5,3,3,1,2,1,3,"VISION OBSCURED (SIGNS, TREE LIMBS, BUILDINGS, ETC.)",2,2,0.0,0.0,0.0,0.0,0.0,4.0,22,5,10,10/17/2024,2024-10-17,22:46:00
10/17/2024 09:00:00 PM,5.0,3,5,13,6,3,3,3,3,1,2,FAILING TO YIELD RIGHT-OF-WAY,2,3,1.0,0.0,0.0,0.0,1.0,1.0,21,5,10,10/17/2024,2024-10-17,21:00:00
10/17/2024 07:34:00 AM,7.0,3,2,3,6,3,3,3,2,1,4,IMPROPER OVERTAKING/PASSING,2,2,0.0,0.0,0.0,0.0,0.0,5.0,7,5,10,10/17/2024,2024-10-17,07:34:00
10/17/2024 05:40:00 PM,5.0,3,4,14,5,3,3,3,3,1,4,UNABLE TO DETERMINE,2,4,1.0,0.0,0.0,1.0,0.0,1.0,17,5,10,10/17/2024,2024-10-17,17:40:00
10/17/2024 07:30:00 AM,5.0,3,2,5,1,3,3,3,3,1,4,UNABLE TO DETERMINE,2,3,1.0,0.0,0.0,0.0,1.0,2.0,7,5,10,10/17/2024,2024-10-17,07:30:00
10/17/2024 10:30:00 PM,5.0,3,5,3,10,3,3,3,2,1,4,IMPROPER LANE USAGE,2,2,0.0,0.0,0.0,0.0,0.0,4.0,22,5,10,10/17/2024,2024-10-17,22:30:00
10/17/2024 01:00:00 PM,5.0,3,2,6,4,3,1,1,2,1,4,IMPROPER LANE USAGE,2,2,0.0,0.0,0.0,0.0,0.0,2.0,13,5,10,10/17/2024,2024-10-17,13:00:00
10/17/2024 05:04:00 PM,7.0,3,2,5,7,3,3,3,2,1,4,FAILING TO YIELD RIGHT-OF-WAY,2,2,0.0,0.0,0.0,0.0,0.0,2.0,17,5,10,10/17/2024,2024-10-17,17:04:00
10/17/2024 07:09:00 PM,7.0,3,5,13,5,3,3,1,3,1,2,UNABLE TO DETERMINE,2,4,1.0,0.0,0.0,1.0,0.0,1.0,19,5,10,10/17/2024,2024-10-17,19:09:00
10/17/2024 12:00:00 PM,7.0,3,2,7,6,3,3,3,3,1,4,UNABLE TO DETERMINE,2,2,0.0,0.0,0.0,0.0,0.0,2.0,12,5,10,10/17/2024,2024-10-17,12:00:00
10/17/2024 09:20:00 PM,5.0,3,5,4,7,3,1,1,2,1,4,FOLLOWING TOO CLOSELY,2,2,0.0,0.0,0.0,0.0,0.0,3.0,21,5,10,10/17/2024,2024-10-17,21:20:00
10/17/2024 12:30:00 PM,5.0,3,2,4,4,4,3,3,2,1,3,UNABLE TO DETERMINE,2,2,0.0,0.0,0.0,0.0,0.0,3.0,12,5,10,10/17/2024,2024-10-17,12:30:00
10/17/2024 09:10:00 PM,5.0,3,5,4,4,3,3,3,2,1,4,FOLLOWING TOO CLOSELY,2,2,0.0,0.0,0.0,0.0,0.0,2.0,21,5,10,10/17/2024,2024-10-17,21:10:00
10/17/2024 06:39:00 AM,7.0,3,2,6,5,3,3,3,2,1,3,FAILING TO YIELD RIGHT-OF-WAY,2,2,0.0,0.0,0.0,0.0,0.0,2.0,6,5,10,10/17/2024,2024-10-17,06:39:00
10/17/2024 03:35:00 PM,5.0,3,2,6,5,3,3,3,2,1,4,FAILING TO YIELD RIGHT-OF-WAY,2,2,0.0,0.0,0.0,0.0,0.0,2.0,15,5,10,10/17/2024,2024-10-17,15:35:00
10/17/2024 07:20:00 AM,5.0,3,2,6,7,3,3,3,3,1,4,FAILING TO YIELD RIGHT-OF-WAY,2,4,1.0,0.0,0.0,1.0,0.0,1.0,7,5,10,10/17/2024,2024-10-17,07:20:00
10/17/2024 02:45:00 PM,5.0,3,2,5,5,3,1,1,3,1,4,DISREGARDING TRAFFIC SIGNALS,2,5,2.0,0.0,1.0,0.0,1.0,1.0,14,5,10,10/17/2024,2024-10-17,14:45:00
10/17/2024 08:06:00 AM,5.0,3,2,3,5,3,3,1,2,1,4,IMPROPER LANE USAGE,2,2,0.0,0.0,0.0,0.0,0.0,2.0,8,5,10,10/17/2024,2024-10-17,08:06:00
10/17/2024 03:02:00 PM,5.0,3,2,3,6,3,3,3,3,1,4,PHYSICAL CONDITION OF DRIVER,2,4,1.0,0.0,0.0,1.0,0.0,1.0,15,5,10,10/17/2024,2024-10-17,15:02:00
10/17/2024 03:57:00 PM,5.0,3,2,3,5,3,1,1,2,1,3,UNABLE TO DETERMINE,2,2,0.0,0.0,0.0,0.0,0.0,4.0,15,5,10,10/17/2024,2024-10-17,15:57:00
10/17/2024 09:30:00 PM,3.0,3,5,5,16,3,1,1,2,1,3,FAILING TO YIELD RIGHT-OF-WAY,2,2,0.0,0.0,0.0,0.0,0.0,2.0,21,5,10,10/17/2024,2024-10-17,21:30:00
10/17/2024 10:39:00 PM,5.0,3,5,6,3,3,3,3,3,1,4,UNDER THE INFLUENCE OF ALCOHOL/DRUGS (USE WHEN ARREST IS EFFECTED),2,2,0.0,0.0,0.0,0.0,0.0,2.0,22,5,10,10/17/2024,2024-10-17,22:39:00
10/17/2024 07:24:00 PM,5.0,3,5,5,6,3,3,3,2,1,3,FAILING TO YIELD RIGHT-OF-WAY,2,2,0.0,0.0,0.0,0.0,0.0,2.0,19,5,10,10/17/2024,2024-10-17,19:24:00
10/17/2024 07:08:00 AM,5.0,3,2,3,6,3,3,3,3,1,4,IMPROPER LANE USAGE,2,4,1.0,0.0,0.0,1.0,0.0,1.0,7,5,10,10/17/2024,2024-10-17,07:08:00
10/17/2024 05:26:00 PM,5.0,3,2,6,4,3,3,3,2,1,4,IMPROPER TURNING/NO SIGNAL,2,2,0.0,0.0,0.0,0.0,0.0,2.0,17,5,10,10/17/2024,2024-10-17,17:26:00
10/17/2024 10:23:00 AM,5.0,3,2,6,6,3,3,3,2,1,4,FAILING TO REDUCE SPEED TO AVOID CRASH,2,2,0.0,0.0,0.0,0.0,0.0,2.0,10,5,10,10/17/2024,2024-10-17,10:23:00
10/17/2024 09:09:00 AM,5.0,3,2,3,4,3,3,1,2,1,4,IMPROPER LANE USAGE,2,2,0.0,0.0,0.0,0.0,0.0,2.0,9,5,10,10/17/2024,2024-10-17,09:09:00
10/17/2024 08:15:00 AM,5.0,3,2,3,6,3,3,3,2,1,4,FAILING TO YIELD RIGHT-OF-WAY,2,2,0.0,0.0,0.0,0.0,0.0,2.0,8,5,10,10/17/2024,2024-10-17,08:15:00
10/17/2024 08:30:00 AM,5.0,3,2,4,6,3,3,3,3,1,4,FOLLOWING TOO CLOSELY,2,3,1.0,0.0,0.0,0.0,1.0,1.0,8,5,10,10/17/2024,2024-10-17,08:30:00
10/17/2024 06:56:00 PM,5.0,3,5,5,5,3,3,3,3,1,4,DISREGARDING TRAFFIC SIGNALS,2,3,2.0,0.0,0.0,0.0,2.0,2.0,18,5,10,10/17/2024,2024-10-17,18:56:00
10/17/2024 02:33:00 PM,7.0,3,2,6,7,3,3,3,3,1,4,IMPROPER TURNING/NO SIGNAL,2,3,1.0,0.0,0.0,0.0,1.0,1.0,14,5,10,10/17/2024,2024-10-17,14:33:00
10/17/2024 06:13:00 PM,5.0,3,4,13,13,3,3,3,3,1,4,UNABLE TO DETERMINE,2,4,1.0,0.0,0.0,1.0,0.0,2.0,18,5,10,10/17/2024,2024-10-17,18:13:00
10/17/2024 12:00:00 PM,5.0,3,2,3,4,3,3,3,2,1,4,IMPROPER OVERTAKING/PASSING,2,2,0.0,0.0,0.0,0.0,0.0,2.0,12,5,10,10/17/2024,2024-10-17,12:00:00
10/17/2024 10:45:00 PM,5.0,3,2,6,5,3,1,1,2,1,4,UNABLE TO DETERMINE,2,2,0.0,0.0,0.0,0.0,0.0,2.0,22,5,10,10/17/2024,2024-10-17,22:45:00
10/17/2024 06:45:00 AM,3.0,3,2,5,10,3,3,3,2,1,4,UNABLE TO DETERMINE,2,2,0.0,0.0,0.0,0.0,0.0,2.0,6,5,10,10/17/2024,2024-10-17,06:45:00
10/17/2024 08:55:00 AM,5.0,3,2,6,6,3,3,3,2,1,3,FAILING TO YIELD RIGHT-OF-WAY,2,2,0.0,0.0,0.0,0.0,0.0,2.0,8,5,10,10/17/2024,2024-10-17,08:55:00
11/01/2024 01:10:00 PM,5.0,3,2,6,5,3,3,3,2,1,4,UNABLE TO DETERMINE,2,2,0.0,0.0,0.0,0.0,0.0,2.0,13,6,11,11/01/2024,2024-11-01,13:10:00
11/01/2024 06:35:00 PM,1.0,3,2,5,10,3,1,1,2,1,2,UNABLE TO DETERMINE,2,2,0.0,0.0,0.0,0.0,0.0,2.0,18,6,11,11/01/2024,2024-11-01,18:35:00
11/01/2024 04:35:00 PM,7.0,3,2,4,5,3,3,3,2,0,4,UNABLE TO DETERMINE,2,2,0.0,0.0,0.0,0.0,0.0,2.0,16,6,11,11/01/2024,2024-11-01,16:35:00
10/31/2024 11:51:00 PM,5.0,3,5,5,5,3,3,3,3,1,4,DISREGARDING TRAFFIC SIGNALS,2,5,2.0,0.0,1.0,1.0,0.0,0.0,23,5,10,10/31/2024,2024-10-31,23:51:00
11/02/2024 02:38:00 AM,5.0,3,5,4,4,3,3,3,3,1,4,FOLLOWING TOO CLOSELY,2,2,0.0,0.0,0.0,0.0,0.0,2.0,2,7,11,11/02/2024,2024-11-02,02:38:00
11/01/2024 02:28:00 PM,5.0,3,2,6,5,3,3,1,2,1,4,UNABLE TO DETERMINE,2,2,0.0,0.0,0.0,0.0,0.0,3.0,14,6,11,11/01/2024,2024-11-01,14:28:00
11/01/2024 05:55:00 PM,5.0,3,5,6,5,3,3,1,3,1,4,UNABLE TO DETERMINE,2,2,0.0,0.0,0.0,0.0,0.0,3.0,17,6,11,11/01/2024,2024-11-01,17:55:00
11/02/2024 03:30:00 AM,5.0,3,5,3,2,3,3,3,2,1,4,FAILING TO REDUCE SPEED TO AVOID CRASH,2,2,0.0,0.0,0.0,0.0,0.0,2.0,3,7,11,11/02/2024,2024-11-02,03:30:00
11/02/2024 02:48:00 AM,7.0,3,5,5,5,3,3,3,2,1,4,UNABLE TO DETERMINE,2,2,0.0,0.0,0.0,0.0,0.0,2.0,2,7,11,11/02/2024,2024-11-02,02:48:00
11/01/2024 03:30:00 PM,5.0,3,2,13,6,3,3,3,3,1,4,FAILING TO YIELD RIGHT-OF-WAY,2,4,1.0,0.0,0.0,1.0,0.0,1.0,15,6,11,11/01/2024,2024-11-01,15:30:00
11/01/2024 05:23:00 PM,1.0,3,2,5,3,3,1,1,2,1,3,UNABLE TO DETERMINE,2,2,0.0,0.0,0.0,0.0,0.0,2.0,17,6,11,11/01/2024,2024-11-01,17:23:00
10/30/2024 12:52:00 PM,5.0,3,2,14,10,3,3,3,3,1,2,IMPROPER OVERTAKING/PASSING,2,4,1.0,0.0,0.0,1.0,0.0,1.0,12,4,10,10/30/2024,2024-10-30,12:52:00
10/30/2024 08:15:00 AM,1.0,3,2,4,6,3,3,3,2,1,3,UNABLE TO DETERMINE,2,2,0.0,0.0,0.0,0.0,0.0,2.0,8,4,10,10/30/2024,2024-10-30,08:15:00
11/01/2024 10:58:00 AM,5.0,3,2,13,5,3,3,3,3,1,2,FAILING TO YIELD RIGHT-OF-WAY,2,4,1.0,0.0,0.0,1.0,0.0,1.0,10,6,11,11/01/2024,2024-11-01,10:58:00
10/27/2024 05:31:00 PM,7.0,3,2,4,6,3,3,3,3,1,4,FOLLOWING TOO CLOSELY,2,2,0.0,0.0,0.0,0.0,0.0,2.0,17,1,10,10/27/2024,2024-10-27,17:31:00
10/31/2024 03:03:00 PM,5.0,3,2,6,5,3,3,3,3,1,4,FOLLOWING TOO CLOSELY,2,4,1.0,0.0,0.0,1.0,0.0,3.0,15,5,10,10/31/2024,2024-10-31,15:03:00
10/28/2024 02:25:00 PM,5.0,3,2,6,5,3,3,3,2,1,4,IMPROPER TURNING/NO SIGNAL,2,2,0.0,0.0,0.0,0.0,0.0,2.0,14,2,10,10/28/2024,2024-10-28,14:25:00
10/31/2024 08:48:00 PM,5.0,3,5,6,3,3,3,3,2,1,4,UNABLE TO DETERMINE,2,2,0.0,0.0,0.0,0.0,0.0,3.0,20,5,10,10/31/2024,2024-10-31,20:48:00
11/01/2024 07:40:00 AM,5.0,3,2,6,12,3,3,3,2,1,4,FAILING TO YIELD RIGHT-OF-WAY,2,2,0.0,0.0,0.0,0.0,0.0,4.0,7,6,11,11/01/2024,2024-11-01,07:40:00
10/30/2024 09:32:00 PM,5.0,3,5,3,6,3,3,1,2,0,4,FOLLOWING TOO CLOSELY,2,2,0.0,0.0,0.0,0.0,0.0,2.0,21,4,10,10/30/2024,2024-10-30,21:32:00
11/01/2024 06:00:00 AM,5.0,3,5,5,5,3,3,3,3,1,4,DISREGARDING TRAFFIC SIGNALS,2,5,2.0,0.0,1.0,0.0,1.0,1.0,6,6,11,11/01/2024,2024-11-01,06:00:00
10/31/2024 12:15:00 PM,5.0,3,2,4,5,3,3,3,2,1,4,FOLLOWING TOO CLOSELY,2,2,0.0,0.0,0.0,0.0,0.0,2.0,12,5,10,10/31/2024,2024-10-31,12:15:00
11/01/2024 05:55:00 AM,5.0,3,5,4,5,3,1,1,2,1,4,UNABLE TO DETERMINE,2,2,0.0,0.0,0.0,0.0,0.0,2.0,5,6,11,11/01/2024,2024-11-01,05:55:00
10/28/2024 04:08:00 AM,5.0,3,3,13,5,3,3,3,3,1,2,UNABLE TO DETERMINE,2,3,1.0,0.0,0.0,0.0,1.0,2.0,4,2,10,10/28/2024,2024-10-28,04:08:00
11/01/2024 11:35:00 AM,7.0,3,2,5,5,3,3,3,2,1,4,FAILING TO YIELD RIGHT-OF-WAY,2,2,0.0,0.0,0.0,0.0,0.0,2.0,11,6,11,11/01/2024,2024-11-01,11:35:00
10/31/2024 02:30:00 AM,5.0,3,2,3,6,3,3,3,2,1,2,IMPROPER OVERTAKING/PASSING,2,2,0.0,0.0,0.0,0.0,0.0,2.0,2,5,10,10/31/2024,2024-10-31,02:30:00
11/01/2024 06:50:00 AM,5.0,3,3,6,10,3,3,3,2,1,4,IMPROPER TURNING/NO SIGNAL,2,2,0.0,0.0,0.0,0.0,0.0,2.0,6,6,11,11/01/2024,2024-11-01,06:50:00
11/01/2024 10:20:00 AM,5.0,3,2,6,6,3,3,3,2,1,2,IMPROPER TURNING/NO SIGNAL,2,2,0.0,0.0,0.0,0.0,0.0,2.0,10,6,11,11/01/2024,2024-11-01,10:20:00
10/31/2024 12:00:00 PM,3.0,3,2,5,2,3,3,1,2,1,2,IMPROPER TURNING/NO SIGNAL,2,2,0.0,0.0,0.0,0.0,0.0,2.0,12,5,10,10/31/2024,2024-10-31,12:00:00
11/01/2024 03:38:00 PM,7.0,3,2,5,5,3,3,3,2,1,4,FAILING TO YIELD RIGHT-OF-WAY,2,2,0.0,0.0,0.0,0.0,0.0,2.0,15,6,11,11/01/2024,2024-11-01,15:38:00
10/18/2024 08:13:00 AM,5.0,3,2,4,4,3,3,1,2,1,2,UNABLE TO DETERMINE,2,2,0.0,0.0,0.0,0.0,0.0,2.0,8,6,10,10/18/2024,2024-10-18,08:13:00
10/18/2024 09:15:00 AM,5.0,3,2,14,10,3,3,3,3,0,4,UNABLE TO DETERMINE,2,4,1.0,0.0,0.0,1.0,0.0,1.0,9,6,10,10/18/2024,2024-10-18,09:15:00
10/18/2024 07:15:00 AM,5.0,3,2,5,6,3,1,1,2,1,3,UNABLE TO DETERMINE,2,2,0.0,0.0,0.0,0.0,0.0,3.0,7,6,10,10/18/2024,2024-10-18,07:15:00
10/18/2024 08:40:00 AM,5.0,3,2,6,7,3,3,3,3,1,4,IMPROPER TURNING/NO SIGNAL,2,4,1.0,0.0,0.0,1.0,0.0,1.0,8,6,10,10/18/2024,2024-10-18,08:40:00
10/18/2024 04:55:00 PM,5.0,3,2,5,4,3,3,3,2,1,4,FAILING TO YIELD RIGHT-OF-WAY,2,2,0.0,0.0,0.0,0.0,0.0,2.0,16,6,10,10/18/2024,2024-10-18,16:55:00
10/18/2024 04:30:00 PM,5.0,3,2,6,6,3,3,3,2,1,4,DRIVING SKILLS/KNOWLEDGE/EXPERIENCE,2,2,0.0,0.0,0.0,0.0,0.0,2.0,16,6,10,10/18/2024,2024-10-18,16:30:00
10/18/2024 03:50:00 PM,7.0,3,2,5,10,3,3,3,2,0,4,FAILING TO YIELD RIGHT-OF-WAY,2,2,0.0,0.0,0.0,0.0,0.0,4.0,15,6,10,10/18/2024,2024-10-18,15:50:00
10/18/2024 05:59:00 PM,7.0,3,2,5,6,3,3,3,3,1,4,DRIVING SKILLS/KNOWLEDGE/EXPERIENCE,2,3,1.0,0.0,0.0,0.0,1.0,1.0,17,6,10,10/18/2024,2024-10-18,17:59:00
10/18/2024 03:27:00 PM,7.0,3,2,6,5,3,3,3,3,1,4,FAILING TO YIELD RIGHT-OF-WAY,2,4,2.0,0.0,0.0,2.0,0.0,1.0,15,6,10,10/18/2024,2024-10-18,15:27:00
10/18/2024 02:00:00 PM,5.0,3,2,6,14,3,3,3,3,1,4,FAILING TO YIELD RIGHT-OF-WAY,2,4,1.0,0.0,0.0,1.0,0.0,1.0,14,6,10,10/18/2024,2024-10-18,14:00:00
10/18/2024 02:58:00 PM,1.0,3,2,4,6,3,1,1,2,1,4,FOLLOWING TOO CLOSELY,2,2,0.0,0.0,0.0,0.0,0.0,2.0,14,6,10,10/18/2024,2024-10-18,14:58:00
10/18/2024 04:03:00 PM,3.0,3,2,6,4,3,3,3,3,1,4,IMPROPER TURNING/NO SIGNAL,2,2,0.0,0.0,0.0,0.0,0.0,2.0,16,6,10,10/18/2024,2024-10-18,16:03:00
10/18/2024 04:54:00 PM,5.0,3,2,5,13,3,3,3,3,1,4,UNABLE TO DETERMINE,2,4,2.0,0.0,0.0,2.0,0.0,0.0,16,6,10,10/18/2024,2024-10-18,16:54:00
10/18/2024 05:08:00 PM,5.0,3,2,6,6,3,3,3,2,1,4,FAILING TO YIELD RIGHT-OF-WAY,2,2,0.0,0.0,0.0,0.0,0.0,3.0,17,6,10,10/18/2024,2024-10-18,17:08:00
10/18/2024 07:45:00 AM,1.0,3,2,3,1,3,1,1,2,1,4,UNABLE TO DETERMINE,2,2,0.0,0.0,0.0,0.0,0.0,2.0,7,6,10,10/18/2024,2024-10-18,07:45:00
10/18/2024 10:27:00 AM,5.0,3,2,6,4,3,3,3,3,1,4,UNABLE TO DETERMINE,2,4,1.0,0.0,0.0,1.0,0.0,1.0,10,6,10,10/18/2024,2024-10-18,10:27:00
10/18/2024 07:54:00 AM,5.0,3,2,4,5,3,3,1,2,1,4,FOLLOWING TOO CLOSELY,2,2,0.0,0.0,0.0,0.0,0.0,2.0,7,6,10,10/18/2024,2024-10-18,07:54:00
10/18/2024 09:10:00 PM,5.0,3,5,3,5,3,3,3,2,1,4,IMPROPER OVERTAKING/PASSING,2,2,0.0,0.0,0.0,0.0,0.0,2.0,21,6,10,10/18/2024,2024-10-18,21:10:00
10/18/2024 08:08:00 AM,5.0,3,2,6,9,3,3,3,2,1,3,FAILING TO YIELD RIGHT-OF-WAY,2,2,0.0,0.0,0.0,0.0,0.0,4.0,8,6,10,10/18/2024,2024-10-18,08:08:00
10/18/2024 05:00:00 PM,5.0,3,2,6,6,3,3,3,3,1,4,DISREGARDING TRAFFIC SIGNALS,2,4,1.0,0.0,0.0,1.0,0.0,2.0,17,6,10,10/18/2024,2024-10-18,17:00:00
10/18/2024 03:14:00 PM,5.0,3,2,6,5,3,3,1,2,1,4,UNABLE TO DETERMINE,2,2,0.0,0.0,0.0,0.0,0.0,4.0,15,6,10,10/18/2024,2024-10-18,15:14:00
10/18/2024 08:00:00 AM,3.0,3,2,6,7,3,3,3,2,1,4,UNABLE TO DETERMINE,2,2,0.0,0.0,0.0,0.0,0.0,2.0,8,6,10,10/18/2024,2024-10-18,08:00:00
10/18/2024 10:41:00 PM,7.0,3,5,6,7,3,3,1,3,1,4,IMPROPER TURNING/NO SIGNAL,2,2,0.0,0.0,0.0,0.0,0.0,5.0,22,6,10,10/18/2024,2024-10-18,22:41:00
10/18/2024 12:00:00 PM,7.0,3,2,5,5,3,3,3,3,1,4,FAILING TO YIELD RIGHT-OF-WAY,2,3,2.0,0.0,0.0,0.0,2.0,0.0,12,6,10,10/18/2024,2024-10-18,12:00:00
10/18/2024 11:20:00 AM,5.0,3,2,6,12,3,3,1,3,1,4,FAILING TO YIELD RIGHT-OF-WAY,2,2,0.0,0.0,0.0,0.0,0.0,2.0,11,6,10,10/18/2024,2024-10-18,11:20:00
10/18/2024 03:56:00 PM,5.0,3,2,3,6,3,3,3,2,1,4,IMPROPER LANE USAGE,2,2,0.0,0.0,0.0,0.0,0.0,3.0,15,6,10,10/18/2024,2024-10-18,15:56:00
10/18/2024 05:30:00 PM,1.0,3,2,3,6,3,1,1,2,1,4,IMPROPER OVERTAKING/PASSING,2,2,0.0,0.0,0.0,0.0,0.0,2.0,17,6,10,10/18/2024,2024-10-18,17:30:00
10/18/2024 12:00:00 PM,3.0,3,2,11,6,3,1,3,2,1,4,NOT APPLICABLE,2,2,0.0,0.0,0.0,0.0,0.0,1.0,12,6,10,10/18/2024,2024-10-18,12:00:00
10/18/2024 12:07:00 PM,3.0,3,2,4,7,3,3,3,2,1,4,FOLLOWING TOO CLOSELY,2,2,0.0,0.0,0.0,0.0,0.0,3.0,12,6,10,10/18/2024,2024-10-18,12:07:00