crash_date,traffic_control_device,weather_condition,lighting_condition,first_crash_type,trafficway_type,alignment,roadway_surface_cond,road_defect,crash_type,intersection_related_i,damage,prim_contributory_cause,num_units,most_severe_injury,injuries_total,injuries_fatal,injuries_incapacitating,injuries_non_incapacitating,injuries_reported_not_evident,injuries_no_indication,crash_hour,crash_day_of_week,crash_month,parsed_datetime,date,time
10/20/2024 10:34:00 AM,7.0,3,2,6,7,3,3,3,2,1,3,IMPROPER TURNING/NO SIGNAL,2,2,0.0,0.0,0.0,0.0,0.0,2.0,10,1,10,10/20/2024,2024-10-20,10:34:00
11/01/2024 03:50:00 PM,7.0,3,2,8,5,3,3,3,2,1,2,IMPROPER BACKING,2,2,0.0,0.0,0.0,0.0,0.0,2.0,15,6,11,11/01/2024,2024-11-01,15:50:00
11/03/2024 09:30:00 PM,5.0,3,5,5,5,3,3,3,3,1,4,FAILING TO REDUCE SPEED TO AVOID CRASH,2,2,0.0,0.0,0.0,0.0,0.0,3.0,21,1,11,11/03/2024,2024-11-03,21:30:00
11/04/2024 09:14:00 PM,5.0,5,5,6,4,3,4,1,3,1,4,UNABLE TO DETERMINE,2,2,0.0,0.0,0.0,0.0,0.0,2.0,21,2,11,11/04/2024,2024-11-04,21:14:00
11/03/2024 12:00:00 PM,5.0,3,2,6,7,3,3,3,2,1,4,UNABLE TO DETERMINE,2,2,0.0,0.0,0.0,0.0,0.0,2.0,12,1,11,11/03/2024,2024-11-03,12:00:00
11/04/2024 08:55:00 AM,5.0,3,2,4,5,3,3,1,2,1,3,FOLLOWING TOO CLOSELY,2,2,0.0,0.0,0.0,0.0,0.0,2.0,8,2,11,11/04/2024,2024-11-04,08:55:00
11/04/2024 10:20:00 AM,5.0,5,2,3,5,3,4,1,2,1,4,FAILING TO YIELD RIGHT-OF-WAY,2,2,0.0,0.0,0.0,0.0,0.0,2.0,10,2,11,11/04/2024,2024-11-04,10:20:00
10/28/2024 10:42:00 AM,5.0,3,2,5,5,3,3,3,3,1,4,DISREGARDING TRAFFIC SIGNALS,2,3,1.0,0.0,0.0,0.0,1.0,1.0,10,2,10,10/28/2024,2024-10-28,10:42:00
11/04/2024 09:41:00 AM,5.0,3,2,6,3,3,3,3,2,1,4,FOLLOWING TOO CLOSELY,2,2,0.0,0.0,0.0,0.0,0.0,2.0,9,2,11,11/04/2024,2024-11-04,09:41:00
11/04/2024 01:30:00 PM,1.0,3,2,3,1,3,3,1,2,1,4,UNABLE TO DETERMINE,2,2,0.0,0.0,0.0,0.0,0.0,2.0,13,2,11,11/04/2024,2024-11-04,13:30:00
10/28/2024 06:35:00 AM,7.0,3,3,5,6,4,3,3,3,1,4,DISREGARDING STOP SIGN,2,4,1.0,0.0,0.0,1.0,0.0,1.0,6,2,10,10/28/2024,2024-10-28,06:35:00
11/04/2024 09:45:00 PM,7.0,5,6,5,5,3,4,3,3,1,4,DISREGARDING STOP SIGN,2,3,2.0,0.0,0.0,0.0,2.0,0.0,21,2,11,11/04/2024,2024-11-04,21:45:00
11/01/2024 10:30:00 PM,7.0,3,5,6,10,3,3,3,3,1,4,UNABLE TO DETERMINE,2,3,1.0,0.0,0.0,0.0,1.0,3.0,22,6,11,11/01/2024,2024-11-01,22:30:00
11/04/2024 08:35:00 AM,5.0,4,2,4,5,3,4,3,2,1,4,FOLLOWING TOO CLOSELY,2,2,0.0,0.0,0.0,0.0,0.0,2.0,8,2,11,11/04/2024,2024-11-04,08:35:00
11/04/2024 02:54:00 PM,5.0,5,2,6,6,3,4,3,3,1,4,FAILING TO YIELD RIGHT-OF-WAY,2,2,0.0,0.0,0.0,0.0,0.0,2.0,14,2,11,11/04/2024,2024-11-04,14:54:00
10/16/2024 08:25:00 PM,7.0,3,5,6,7,3,3,1,2,1,4,IMPROPER TURNING/NO SIGNAL,2,2,0.0,0.0,0.0,0.0,0.0,2.0,20,4,10,10/16/2024,2024-10-16,20:25:00
11/03/2024 01:00:00 AM,5.0,3,5,6,12,3,1,1,3,1,4,UNABLE TO DETERMINE,2,4,1.0,0.0,0.0,1.0,0.0,1.0,1,1,11,11/03/2024,2024-11-03,01:00:00
11/04/2024 09:20:00 AM,5.0,3,2,4,4,3,3,3,2,1,4,FOLLOWING TOO CLOSELY,2,2,0.0,0.0,0.0,0.0,0.0,2.0,9,2,11,11/04/2024,2024-11-04,09:20:00
11/04/2024 06:10:00 PM,7.0,3,5,5,5,3,1,1,3,1,4,UNABLE TO DETERMINE,2,4,1.0,0.0,0.0,1.0,0.0,1.0,18,2,11,11/04/2024,2024-11-04,18:10:00
11/02/2024 01:29:00 AM,3.0,3,5,3,4,3,3,3,2,1,3,UNABLE TO DETERMINE,2,2,0.0,0.0,0.0,0.0,0.0,6.0,1,7,11,11/02/2024,2024-11-02,01:29:00
11/04/2024 07:59:00 AM,7.0,5,2,5,5,3,4,1,3,0,4,FAILING TO YIELD RIGHT-OF-WAY,2,3,1.0,0.0,0.0,0.0,1.0,1.0,7,2,11,11/04/2024,2024-11-04,07:59:00
11/03/2024 11:09:00 AM,5.0,3,2,14,6,3,3,3,3,1,2,UNABLE TO DETERMINE,2,4,1.0,0.0,0.0,1.0,0.0,1.0,11,1,11,11/03/2024,2024-11-03,11:09:00
11/04/2024 07:10:00 AM,7.0,5,2,5,6,3,4,3,3,1,4,FAILING TO YIELD RIGHT-OF-WAY,2,2,0.0,0.0,0.0,0.0,0.0,2.0,7,2,11,11/04/2024,2024-11-04,07:10:00
11/04/2024 04:46:00 AM,5.0,5,5,5,5,3,4,3,3,1,4,FAILING TO YIELD RIGHT-OF-WAY,2,2,0.0,0.0,0.0,0.0,0.0,2.0,4,2,11,11/04/2024,2024-11-04,04:46:00
10/24/2024 04:43:00 PM,5.0,3,2,14,5,3,3,1,3,1,3,UNABLE TO DETERMINE,2,3,1.0,0.0,0.0,0.0,1.0,1.0,16,5,10,10/24/2024,2024-10-24,16:43:00
11/03/2024 10:35:00 PM,7.0,3,5,5,5,3,3,3,2,1,4,FAILING TO YIELD RIGHT-OF-WAY,2,2,0.0,0.0,0.0,0.0,0.0,3.0,22,1,11,11/03/2024,2024-11-03,22:35:00
11/04/2024 11:15:00 PM,7.0,5,6,4,6,3,4,3,2,1,4,UNABLE TO DETERMINE,2,2,0.0,0.0,0.0,0.0,0.0,2.0,23,2,11,11/04/2024,2024-11-04,23:15:00
10/25/2024 11:00:00 AM,7.0,3,2,5,6,3,1,3,3,1,4,FAILING TO YIELD RIGHT-OF-WAY,2,2,0.0,0.0,0.0,0.0,0.0,2.0,11,6,10,10/25/2024,2024-10-25,11:00:00
11/01/2024 12:18:00 PM,7.0,3,2,5,10,3,3,3,3,1,4,FAILING TO YIELD RIGHT-OF-WAY,2,3,1.0,0.0,0.0,0.0,1.0,1.0,12,6,11,11/01/2024,2024-11-01,12:18:00
11/03/2024 07:00:00 PM,5.0,5,5,13,5,3,4,1,3,1,3,UNABLE TO DETERMINE,2,4,1.0,0.0,0.0,1.0,0.0,1.0,19,1,11,11/03/2024,2024-11-03,19:00:00
10/31/2024 01:44:00 PM,5.0,3,2,6,12,3,3,3,3,1,4,FAILING TO REDUCE SPEED TO AVOID CRASH,2,2,0.0,0.0,0.0,0.0,0.0,2.0,13,5,10,10/31/2024,2024-10-31,13:44:00
10/23/2024 02:45:00 PM,5.0,3,2,6,5,3,3,3,2,1,4,UNABLE TO DETERMINE,2,2,0.0,0.0,0.0,0.0,0.0,4.0,14,4,10,10/23/2024,2024-10-23,14:45:00
11/04/2024 02:03:00 PM,7.0,4,2,5,5,3,3,3,3,1,4,FAILING TO YIELD RIGHT-OF-WAY,2,2,0.0,0.0,0.0,0.0,0.0,3.0,14,2,11,11/04/2024,2024-11-04,14:03:00
11/04/2024 04:59:00 PM,5.0,3,5,4,7,3,4,3,3,1,4,FAILING TO REDUCE SPEED TO AVOID CRASH,2,2,0.0,0.0,0.0,0.0,0.0,2.0,16,2,11,11/04/2024,2024-11-04,16:59:00
10/21/2024 02:40:00 PM,7.0,3,2,13,6,3,3,3,3,1,2,FAILING TO YIELD RIGHT-OF-WAY,2,3,1.0,0.0,0.0,0.0,1.0,1.0,14,2,10,10/21/2024,2024-10-21,14:40:00
11/03/2024 03:47:00 PM,5.0,3,2,4,6,3,3,3,3,1,3,FOLLOWING TOO CLOSELY,2,3,1.0,0.0,0.0,0.0,1.0,3.0,15,1,11,11/03/2024,2024-11-03,15:47:00
11/04/2024 03:50:00 PM,7.0,4,2,5,5,3,4,1,3,1,4,FAILING TO YIELD RIGHT-OF-WAY,2,4,2.0,0.0,0.0,1.0,1.0,0.0,15,2,11,11/04/2024,2024-11-04,15:50:00
11/03/2024 09:00:00 AM,3.0,3,2,13,6,3,3,3,3,1,4,FAILING TO YIELD RIGHT-OF-WAY,2,5,1.0,0.0,1.0,0.0,0.0,1.0,9,1,11,11/03/2024,2024-11-03,09:00:00
11/04/2024 05:39:00 PM,5.0,5,5,6,5,3,4,3,3,1,4,IMPROPER TURNING/NO SIGNAL,2,2,0.0,0.0,0.0,0.0,0.0,3.0,17,2,11,11/04/2024,2024-11-04,17:39:00
11/04/2024 11:42:00 AM,5.0,4,2,6,7,3,4,3,2,1,4,UNABLE TO DETERMINE,2,2,0.0,0.0,0.0,0.0,0.0,3.0,11,2,11,11/04/2024,2024-11-04,11:42:00
11/03/2024 02:23:00 AM,7.0,3,5,5,5,3,3,1,3,1,4,FAILING TO YIELD RIGHT-OF-WAY,2,2,0.0,0.0,0.0,0.0,0.0,2.0,2,1,11,11/03/2024,2024-11-03,02:23:00
11/04/2024 11:18:00 AM,7.0,5,2,6,6,3,4,1,2,1,4,DISREGARDING STOP SIGN,2,2,0.0,0.0,0.0,0.0,0.0,2.0,11,2,11,11/04/2024,2024-11-04,11:18:00
11/01/2024 02:00:00 PM,7.0,3,2,6,5,3,3,3,2,1,4,FAILING TO YIELD RIGHT-OF-WAY,2,2,0.0,0.0,0.0,0.0,0.0,2.0,14,6,11,11/01/2024,2024-11-01,14:00:00
10/21/2024 11:47:00 AM,5.0,3,2,6,5,3,2,5,3,1,4,FAILING TO YIELD RIGHT-OF-WAY,2,2,0.0,0.0,0.0,0.0,0.0,2.0,11,2,10,10/21/2024,2024-10-21,11:47:00
10/21/2024 04:30:00 PM,7.0,3,2,6,6,3,1,1,2,1,4,FAILING TO YIELD RIGHT-OF-WAY,2,2,0.0,0.0,0.0,0.0,0.0,3.0,16,2,10,10/21/2024,2024-10-21,16:30:00
10/21/2024 11:45:00 AM,5.0,3,2,5,5,3,3,3,2,1,4,UNABLE TO DETERMINE,2,2,0.0,0.0,0.0,0.0,0.0,2.0,11,2,10,10/21/2024,2024-10-21,11:45:00
10/21/2024 07:35:00 PM,5.0,3,5,5,5,3,3,1,3,1,4,UNABLE TO DETERMINE,2,2,0.0,0.0,0.0,0.0,0.0,3.0,19,2,10,10/21/2024,2024-10-21,19:35:00
10/21/2024 05:15:00 PM,3.0,3,2,4,4,3,3,1,2,1,4,UNABLE TO DETERMINE,2,2,0.0,0.0,0.0,0.0,0.0,2.0,17,2,10,10/21/2024,2024-10-21,17:15:00
10/21/2024 02:55:00 PM,5.0,3,2,3,5,3,3,3,2,1,3,IMPROPER OVERTAKING/PASSING,2,2,0.0,0.0,0.0,0.0,0.0,2.0,14,2,10,10/21/2024,2024-10-21,14:55:00
10/21/2024 10:20:00 AM,5.0,3,2,6,5,3,1,1,2,1,4,IMPROPER OVERTAKING/PASSING,2,2,0.0,0.0,0.0,0.0,0.0,2.0,10,2,10,10/21/2024,2024-10-21,10:20:00
10/21/2024 02:50:00 PM,5.0,3,2,3,6,3,3,3,2,1,2,UNABLE TO DETERMINE,2,2,0.0,0.0,0.0,0.0,0.0,2.0,14,2,10,10/21/2024,2024-10-21,14:50:00
10/21/2024 07:15:00 AM,5.0,3,2,6,5,3,3,3,2,1,4,FAILING TO YIELD RIGHT-OF-WAY,2,2,0.0,0.0,0.0,0.0,0.0,2.0,7,2,10,10/21/2024,2024-10-21,07:15:00
10/21/2024 01:39:00 PM,6.0,3,2,13,4,3,3,3,3,1,4,FAILING TO YIELD RIGHT-OF-WAY,2,5,1.0,0.0,1.0,0.0,0.0,1.0,13,2,10,10/21/2024,2024-10-21,13:39:00
10/21/2024 09:12:00 PM,7.0,3,6,4,5,3,3,1,2,1,4,FAILING TO REDUCE SPEED TO AVOID CRASH,2,2,0.0,0.0,0.0,0.0,0.0,2.0,21,2,10,10/21/2024,2024-10-21,21:12:00
10/21/2024 03:55:00 PM,11.0,3,2,4,4,3,3,3,2,1,2,FOLLOWING TOO CLOSELY,2,2,0.0,0.0,0.0,0.0,0.0,3.0,15,2,10,10/21/2024,2024-10-21,15:55:00
10/21/2024 01:20:00 PM,7.0,3,2,5,7,3,3,3,3,1,4,FAILING TO YIELD RIGHT-OF-WAY,2,5,2.0,0.0,1.0,1.0,0.0,1.0,13,2,10,10/21/2024,2024-10-21,13:20:00
10/21/2024 05:50:00 PM,5.0,3,2,11,4,3,3,3,3,1,4,UNABLE TO DETERMINE,2,4,1.0,0.0,0.0,1.0,0.0,0.0,17,2,10,10/21/2024,2024-10-21,17:50:00
10/21/2024 06:20:00 PM,5.0,3,5,4,5,3,3,3,2,1,4,UNABLE TO DETERMINE,2,2,0.0,0.0,0.0,0.0,0.0,2.0,18,2,10,10/21/2024,2024-10-21,18:20:00
10/21/2024 07:30:00 AM,7.0,3,2,5,6,3,3,3,2,1,3,FAILING TO YIELD RIGHT-OF-WAY,2,2,0.0,0.0,0.0,0.0,0.0,2.0,7,2,10,10/21/2024,2024-10-21,07:30:00
10/21/2024 08:15:00 AM,5.0,3,2,6,6,3,3,3,3,1,4,UNABLE TO DETERMINE,2,2,0.0,0.0,0.0,0.0,0.0,2.0,8,2,10,10/21/2024,2024-10-21,08:15:00
10/21/2024 08:15:00 PM,5.0,3,6,7,5,3,1,1,2,1,4,UNABLE TO DETERMINE,2,2,0.0,0.0,0.0,0.0,0.0,2.0,20,2,10,10/21/2024,2024-10-21,20:15:00
10/21/2024 08:38:00 PM,5.0,3,5,6,4,3,3,3,2,1,4,IMPROPER TURNING/NO SIGNAL,2,2,0.0,0.0,0.0,0.0,0.0,2.0,20,2,10,10/21/2024,2024-10-21,20:38:00
10/21/2024 08:56:00 AM,5.0,3,2,14,6,3,3,7,3,1,3,FAILING TO YIELD RIGHT-OF-WAY,2,4,1.0,0.0,0.0,1.0,0.0,1.0,8,2,10,10/21/2024,2024-10-21,08:56:00
10/21/2024 04:15:00 PM,5.0,3,2,4,4,3,3,3,2,1,4,FOLLOWING TOO CLOSELY,2,2,0.0,0.0,0.0,0.0,0.0,2.0,16,2,10,10/21/2024,2024-10-21,16:15:00
10/21/2024 02:55:00 PM,5.0,3,2,3,4,3,3,3,2,1,4,UNABLE TO DETERMINE,2,2,0.0,0.0,0.0,0.0,0.0,4.0,14,2,10,10/21/2024,2024-10-21,14:55:00
10/21/2024 12:05:00 PM,5.0,3,2,3,4,3,3,3,2,1,3,UNABLE TO DETERMINE,2,2,0.0,0.0,0.0,0.0,0.0,3.0,12,2,10,10/21/2024,2024-10-21,12:05:00
10/21/2024 10:47:00 AM,5.0,3,2,8,5,3,3,3,2,1,2,IMPROPER BACKING,2,2,0.0,0.0,0.0,0.0,0.0,2.0,10,2,10,10/21/2024,2024-10-21,10:47:00
10/21/2024 06:40:00 AM,3.0,3,2,11,7,3,3,3,2,0,4,UNABLE TO DETERMINE,2,2,0.0,0.0,0.0,0.0,0.0,1.0,6,2,10,10/21/2024,2024-10-21,06:40:00
10/21/2024 10:20:00 AM,3.0,3,2,5,6,3,3,3,2,1,4,FAILING TO YIELD RIGHT-OF-WAY,2,2,0.0,0.0,0.0,0.0,0.0,2.0,10,2,10,10/21/2024,2024-10-21,10:20:00
10/21/2024 07:55:00 AM,5.0,3,2,4,5,3,1,1,2,1,3,FOLLOWING TOO CLOSELY,2,2,0.0,0.0,0.0,0.0,0.0,2.0,7,2,10,10/21/2024,2024-10-21,07:55:00
10/21/2024 07:50:00 PM,3.0,3,5,4,6,3,3,3,2,1,4,FAILING TO REDUCE SPEED TO AVOID CRASH,2,2,0.0,0.0,0.0,0.0,0.0,2.0,19,2,10,10/21/2024,2024-10-21,19:50:00
10/21/2024 09:06:00 AM,7.0,3,2,5,5,3,1,1,2,1,4,FAILING TO YIELD RIGHT-OF-WAY,2,2,0.0,0.0,0.0,0.0,0.0,2.0,9,2,10,10/21/2024,2024-10-21,09:06:00
10/21/2024 10:26:00 AM,5.0,3,2,6,5,3,3,3,3,1,4,FAILING TO YIELD RIGHT-OF-WAY,2,4,2.0,0.0,0.0,2.0,0.0,0.0,10,2,10,10/21/2024,2024-10-21,10:26:00
10/21/2024 04:23:00 PM,5.0,3,2,4,5,3,3,3,2,0,3,UNABLE TO DETERMINE,2,2,0.0,0.0,0.0,0.0,0.0,2.0,16,2,10,10/21/2024,2024-10-21,16:23:00
10/21/2024 06:30:00 PM,7.0,3,4,5,6,3,3,3,3,1,4,UNABLE TO DETERMINE,2,4,1.0,0.0,0.0,1.0,0.0,1.0,18,2,10,10/21/2024,2024-10-21,18:30:00
10/21/2024 06:30:00 PM,5.0,3,5,3,6,3,3,3,2,1,3,FAILING TO YIELD RIGHT-OF-WAY,2,2,0.0,0.0,0.0,0.0,0.0,3.0,18,2,10,10/21/2024,2024-10-21,18:30:00
10/21/2024 01:30:00 PM,3.0,3,2,4,6,3,3,3,2,1,4,FOLLOWING TOO CLOSELY,2,2,0.0,0.0,0.0,0.0,0.0,2.0,13,2,10,10/21/2024,2024-10-21,13:30:00
11/01/2024 11:30:00 AM,3.0,3,2,4,5,3,3,1,2,1,2,UNABLE TO DETERMINE,2,2,0.0,0.0,0.0,0.0,0.0,2.0,11,6,11,11/01/2024,2024-11-01,11:30:00
11/05/2024 05:44:00 AM,5.0,5,3,13,5,3,4,1,3,1,2,FAILING TO YIELD RIGHT-OF-WAY,2,4,1.0,0.0,0.0,1.0,0.0,2.0,5,3,11,11/05/2024,2024-11-05,05:44:00
11/05/2024 07:40:00 AM,5.0,5,2,14,4,3,4,3,3,1,2,IMPROPER OVERTAKING/PASSING,2,3,1.0,0.0,0.0,0.0,1.0,1.0,7,3,11,11/05/2024,2024-11-05,07:40:00
11/05/2024 10:00:00 AM,5.0,5,2,6,5,3,4,3,2,1,3,IMPROPER TURNING/NO SIGNAL,2,2,0.0,0.0,0.0,0.0,0.0,2.0,10,3,11,11/05/2024,2024-11-05,10:00:00
11/05/2024 05:46:00 AM,5.0,5,5,14,4,3,4,1,3,1,2,DISREGARDING TRAFFIC SIGNALS,2,6,1.0,1.0,0.0,0.0,0.0,2.0,5,3,11,11/05/2024,2024-11-05,05:46:00
10/30/2024 02:35:00 PM,7.0,3,2,5,5,3,3,3,2,1,4,UNABLE TO DETERMINE,2,2,0.0,0.0,0.0,0.0,0.0,2.0,14,4,10,10/30/2024,2024-10-30,14:35:00
11/05/2024 05:30:00 PM,5.0,5,5,13,5,3,4,1,3,1,2,UNABLE TO DETERMINE,2,4,2.0,0.0,0.0,2.0,0.0,0.0,17,3,11,11/05/2024,2024-11-05,17:30:00
11/04/2024 07:00:00 PM,5.0,5,5,13,5,3,4,3,3,1,4,NOT APPLICABLE,2,4,1.0,0.0,0.0,1.0,0.0,1.0,19,2,11,11/04/2024,2024-11-04,19:00:00
11/05/2024 04:30:00 PM,1.0,5,3,6,4,3,3,1,3,1,4,UNABLE TO DETERMINE,2,3,1.0,0.0,0.0,0.0,1.0,1.0,16,3,11,11/05/2024,2024-11-05,16:30:00
10/30/2024 10:30:00 PM,3.0,3,5,14,6,3,3,3,2,0,2,FAILING TO YIELD RIGHT-OF-WAY,2,2,0.0,0.0,0.0,0.0,0.0,2.0,22,4,10,10/30/2024,2024-10-30,22:30:00
11/05/2024 05:41:00 AM,7.0,5,5,14,5,3,4,3,3,1,3,FAILING TO YIELD RIGHT-OF-WAY,2,5,1.0,0.0,1.0,0.0,0.0,1.0,5,3,11,11/05/2024,2024-11-05,05:41:00
11/06/2024 12:05:00 AM,5.0,3,6,6,9,3,4,1,2,1,4,IMPROPER OVERTAKING/PASSING,2,2,0.0,0.0,0.0,0.0,0.0,3.0,0,4,11,11/06/2024,2024-11-06,00:05:00
11/05/2024 04:00:00 PM,3.0,5,5,4,5,4,4,1,3,1,2,DRIVING SKILLS/KNOWLEDGE/EXPERIENCE,2,3,1.0,0.0,0.0,0.0,1.0,2.0,16,3,11,11/05/2024,2024-11-05,16:00:00
11/04/2024 02:40:00 PM,7.0,4,2,5,5,3,3,3,3,1,3,UNABLE TO DETERMINE,2,2,0.0,0.0,0.0,0.0,0.0,2.0,14,2,11,11/04/2024,2024-11-04,14:40:00
11/02/2024 03:00:00 PM,9.0,3,2,5,5,3,3,3,2,1,4,FAILING TO YIELD RIGHT-OF-WAY,2,2,0.0,0.0,0.0,0.0,0.0,2.0,15,7,11,11/02/2024,2024-11-02,15:00:00
11/05/2024 02:55:00 PM,5.0,5,2,13,5,3,4,3,2,1,2,FAILING TO YIELD RIGHT-OF-WAY,2,2,0.0,0.0,0.0,0.0,0.0,2.0,14,3,11,11/05/2024,2024-11-05,14:55:00
11/04/2024 08:40:00 AM,5.0,3,2,3,6,4,3,3,3,1,4,DRIVING SKILLS/KNOWLEDGE/EXPERIENCE,2,2,0.0,0.0,0.0,0.0,0.0,2.0,8,2,11,11/04/2024,2024-11-04,08:40:00
11/05/2024 11:28:00 AM,5.0,5,2,6,5,3,4,3,2,1,4,FAILING TO YIELD RIGHT-OF-WAY,2,2,0.0,0.0,0.0,0.0,0.0,2.0,11,3,11,11/05/2024,2024-11-05,11:28:00
10/30/2024 04:19:00 AM,5.0,3,6,3,4,3,3,3,2,1,4,IMPROPER LANE USAGE,2,2,0.0,0.0,0.0,0.0,0.0,2.0,4,4,10,10/30/2024,2024-10-30,04:19:00
11/02/2024 11:00:00 PM,5.0,3,6,5,5,3,1,1,3,1,3,UNABLE TO DETERMINE,2,2,0.0,0.0,0.0,0.0,0.0,2.0,23,7,11,11/02/2024,2024-11-02,23:00:00
11/04/2024 02:10:00 PM,5.0,4,2,6,6,3,4,1,2,1,4,DISREGARDING ROAD MARKINGS,2,2,0.0,0.0,0.0,0.0,0.0,2.0,14,2,11,11/04/2024,2024-11-04,14:10:00
11/05/2024 05:20:00 AM,3.0,5,5,11,10,3,4,3,2,1,3,UNABLE TO DETERMINE,2,2,0.0,0.0,0.0,0.0,0.0,1.0,5,3,11,11/05/2024,2024-11-05,05:20:00
11/05/2024 05:38:00 PM,5.0,5,4,4,6,3,3,1,2,1,4,FAILING TO YIELD RIGHT-OF-WAY,2,2,0.0,0.0,0.0,0.0,0.0,2.0,17,3,11,11/05/2024,2024-11-05,17:38:00
11/06/2024 12:25:00 AM,7.0,3,5,5,6,3,3,3,2,1,4,UNABLE TO DETERMINE,2,2,0.0,0.0,0.0,0.0,0.0,2.0,0,4,11,11/06/2024,2024-11-06,00:25:00
11/04/2024 10:20:00 AM,3.0,3,2,4,15,3,4,3,2,1,4,UNABLE TO DETERMINE,2,2,0.0,0.0,0.0,0.0,0.0,2.0,10,2,11,11/04/2024,2024-11-04,10:20:00
10/18/2024 05:10:00 AM,5.0,3,5,5,5,3,3,3,3,1,3,FAILING TO YIELD RIGHT-OF-WAY,2,4,2.0,0.0,0.0,2.0,0.0,1.0,5,6,10,10/18/2024,2024-10-18,05:10:00
11/06/2024 02:30:00 AM,1.0,3,5,5,6,3,3,1,3,1,4,DISREGARDING TRAFFIC SIGNALS,2,3,1.0,0.0,0.0,0.0,1.0,1.0,2,4,11,11/06/2024,2024-11-06,02:30:00
11/05/2024 06:53:00 AM,5.0,5,2,6,6,3,4,3,3,1,4,FAILING TO YIELD RIGHT-OF-WAY,2,2,0.0,0.0,0.0,0.0,0.0,2.0,6,3,11,11/05/2024,2024-11-05,06:53:00
11/05/2024 04:53:00 PM,5.0,5,6,13,5,3,4,1,3,1,4,FAILING TO YIELD RIGHT-OF-WAY,2,3,1.0,0.0,0.0,0.0,1.0,1.0,16,3,11,11/05/2024,2024-11-05,16:53:00
11/02/2024 07:20:00 PM,5.0,3,6,4,5,3,1,1,2,1,4,UNABLE TO DETERMINE,2,2,0.0,0.0,0.0,0.0,0.0,2.0,19,7,11,11/02/2024,2024-11-02,19:20:00
11/04/2024 05:55:00 PM,1.0,3,5,18,6,3,1,1,2,1,4,FAILING TO YIELD RIGHT-OF-WAY,2,2,0.0,0.0,0.0,0.0,0.0,2.0,17,2,11,11/04/2024,2024-11-04,17:55:00
11/05/2024 08:40:00 AM,5.0,3,2,6,5,3,1,1,2,1,4,IMPROPER TURNING/NO SIGNAL,2,2,0.0,0.0,0.0,0.0,0.0,2.0,8,3,11,11/05/2024,2024-11-05,08:40:00
10/22/2024 12:45:00 PM,5.0,3,2,4,5,3,3,3,2,1,3,FOLLOWING TOO CLOSELY,2,2,0.0,0.0,0.0,0.0,0.0,2.0,12,3,10,10/22/2024,2024-10-22,12:45:00
10/22/2024 05:11:00 PM,7.0,3,2,6,4,3,1,1,3,1,4,FAILING TO YIELD RIGHT-OF-WAY,2,4,1.0,0.0,0.0,1.0,0.0,2.0,17,3,10,10/22/2024,2024-10-22,17:11:00
10/22/2024 04:30:00 PM,5.0,3,2,6,6,3,3,3,3,1,4,UNABLE TO DETERMINE,2,4,1.0,0.0,0.0,1.0,0.0,1.0,16,3,10,10/22/2024,2024-10-22,16:30:00
10/22/2024 05:30:00 PM,5.0,3,2,4,5,3,3,3,2,1,3,FOLLOWING TOO CLOSELY,2,2,0.0,0.0,0.0,0.0,0.0,2.0,17,3,10,10/22/2024,2024-10-22,17:30:00
10/22/2024 08:35:00 AM,7.0,3,2,5,6,3,3,3,2,1,3,UNABLE TO DETERMINE,2,2,0.0,0.0,0.0,0.0,0.0,3.0,8,3,10,10/22/2024,2024-10-22,08:35:00
10/22/2024 05:40:00 PM,5.0,3,2,5,5,3,3,3,3,1,4,DISREGARDING TRAFFIC SIGNALS,2,3,2.0,0.0,0.0,0.0,2.0,1.0,17,3,10,10/22/2024,2024-10-22,17:40:00
10/22/2024 11:30:00 AM,5.0,3,2,6,5,3,3,3,2,1,4,IMPROPER TURNING/NO SIGNAL,2,2,0.0,0.0,0.0,0.0,0.0,2.0,11,3,10,10/22/2024,2024-10-22,11:30:00
10/22/2024 05:16:00 PM,5.0,3,2,6,5,3,3,3,2,1,4,UNABLE TO DETERMINE,2,2,0.0,0.0,0.0,0.0,0.0,4.0,17,3,10,10/22/2024,2024-10-22,17:16:00
10/22/2024 10:45:00 AM,5.0,5,2,4,4,3,3,3,2,1,4,FOLLOWING TOO CLOSELY,2,2,0.0,0.0,0.0,0.0,0.0,2.0,10,3,10,10/22/2024,2024-10-22,10:45:00
10/22/2024 09:40:00 AM,5.0,3,2,3,5,3,3,3,2,1,4,IMPROPER OVERTAKING/PASSING,2,2,0.0,0.0,0.0,0.0,0.0,2.0,9,3,10,10/22/2024,2024-10-22,09:40:00
10/22/2024 08:30:00 AM,5.0,3,2,5,7,3,3,3,2,1,4,DISREGARDING TRAFFIC SIGNALS,2,2,0.0,0.0,0.0,0.0,0.0,2.0,8,3,10,10/22/2024,2024-10-22,08:30:00
10/22/2024 07:10:00 PM,7.0,3,5,9,3,3,3,3,2,1,3,IMPROPER LANE USAGE,2,2,0.0,0.0,0.0,0.0,0.0,2.0,19,3,10,10/22/2024,2024-10-22,19:10:00
10/22/2024 03:13:00 PM,6.0,3,2,4,5,3,3,3,3,1,3,FOLLOWING TOO CLOSELY,2,3,1.0,0.0,0.0,0.0,1.0,2.0,15,3,10,10/22/2024,2024-10-22,15:13:00