crash_date,traffic_control_device,weather_condition,lighting_condition,first_crash_type,trafficway_type,alignment,roadway_surface_cond,road_defect,crash_type,intersection_related_i,damage,prim_contributory_cause,num_units,most_severe_injury,injuries_total,injuries_fatal,injuries_incapacitating,injuries_non_incapacitating,injuries_reported_not_evident,injuries_no_indication,crash_hour,crash_day_of_week,crash_month,parsed_datetime,date,time
11/10/2024 03:20:00 PM,5.0,3,2,4,4,3,1,1,2,1,4,UNABLE TO DETERMINE,2,2,0.0,0.0,0.0,0.0,0.0,3.0,15,1,11,11/10/2024,2024-11-10,15:20:00
11/11/2024 02:23:00 AM,3.0,3,5,4,4,3,3,1,2,1,2,UNABLE TO DETERMINE,2,2,0.0,0.0,0.0,0.0,0.0,3.0,2,2,11,11/11/2024,2024-11-11,02:23:00
10/25/2024 03:34:00 PM,5.0,3,2,6,4,3,3,3,2,1,3,FOLLOWING TOO CLOSELY,2,2,0.0,0.0,0.0,0.0,0.0,2.0,15,6,10,10/25/2024,2024-10-25,15:34:00
11/06/2024 04:00:00 PM,1.0,3,2,13,5,3,1,1,2,1,4,NOT APPLICABLE,2,2,0.0,0.0,0.0,0.0,0.0,2.0,16,4,11,11/06/2024,2024-11-06,16:00:00
11/10/2024 10:45:00 AM,5.0,3,2,11,6,3,3,3,2,1,3,UNABLE TO DETERMINE,2,2,0.0,0.0,0.0,0.0,0.0,4.0,10,1,11,11/10/2024,2024-11-10,10:45:00
11/05/2024 06:00:00 PM,5.0,3,5,6,6,3,1,3,3,1,4,UNABLE TO DETERMINE,2,2,0.0,0.0,0.0,0.0,0.0,2.0,18,3,11,11/05/2024,2024-11-05,18:00:00
11/09/2024 12:10:00 PM,5.0,3,2,4,5,3,3,3,2,1,4,FOLLOWING TOO CLOSELY,2,2,0.0,0.0,0.0,0.0,0.0,4.0,12,7,11,11/09/2024,2024-11-09,12:10:00
11/09/2024 08:50:00 AM,7.0,3,2,5,5,3,3,3,3,1,4,DISREGARDING STOP SIGN,2,2,0.0,0.0,0.0,0.0,0.0,2.0,8,7,11,11/09/2024,2024-11-09,08:50:00
11/10/2024 05:15:00 PM,5.0,3,3,6,6,3,3,3,2,0,4,UNABLE TO DETERMINE,2,2,0.0,0.0,0.0,0.0,0.0,3.0,17,1,11,11/10/2024,2024-11-10,17:15:00
11/10/2024 09:27:00 PM,7.0,3,5,6,7,3,3,3,3,1,4,"VISION OBSCURED (SIGNS, TREE LIMBS, BUILDINGS, ETC.)",2,2,0.0,0.0,0.0,0.0,0.0,5.0,21,1,11,11/10/2024,2024-11-10,21:27:00
11/10/2024 07:34:00 AM,3.0,5,2,12,13,6,4,3,3,0,4,NOT APPLICABLE,2,3,1.0,0.0,0.0,0.0,1.0,0.0,7,1,11,11/10/2024,2024-11-10,07:34:00
10/27/2024 05:00:00 AM,7.0,3,5,5,7,3,3,3,3,1,4,FAILING TO YIELD RIGHT-OF-WAY,2,4,1.0,0.0,0.0,1.0,0.0,1.0,5,1,10,10/27/2024,2024-10-27,05:00:00
11/16/2024 12:39:00 PM,5.0,3,2,6,5,3,3,3,3,1,4,DISREGARDING TRAFFIC SIGNALS,2,5,2.0,0.0,2.0,0.0,0.0,0.0,12,7,11,11/16/2024,2024-11-16,12:39:00
10/27/2024 04:53:00 AM,7.0,3,5,6,5,3,3,3,3,1,4,DISREGARDING STOP SIGN,2,4,1.0,0.0,0.0,1.0,0.0,1.0,4,1,10,10/27/2024,2024-10-27,04:53:00
10/27/2024 02:45:00 PM,3.0,3,2,6,3,3,3,3,2,1,4,IMPROPER OVERTAKING/PASSING,2,2,0.0,0.0,0.0,0.0,0.0,2.0,14,1,10,10/27/2024,2024-10-27,14:45:00
10/27/2024 05:52:00 PM,5.0,3,2,6,6,3,3,1,2,1,4,FAILING TO YIELD RIGHT-OF-WAY,2,2,0.0,0.0,0.0,0.0,0.0,2.0,17,1,10,10/27/2024,2024-10-27,17:52:00
10/27/2024 01:15:00 PM,5.0,3,2,4,6,3,3,3,2,1,4,FOLLOWING TOO CLOSELY,2,2,0.0,0.0,0.0,0.0,0.0,5.0,13,1,10,10/27/2024,2024-10-27,13:15:00
10/27/2024 03:00:00 PM,3.0,3,2,6,6,3,3,3,2,1,4,UNABLE TO DETERMINE,2,2,0.0,0.0,0.0,0.0,0.0,2.0,15,1,10,10/27/2024,2024-10-27,15:00:00
10/27/2024 03:28:00 PM,5.0,3,2,6,5,3,3,3,2,1,4,UNABLE TO DETERMINE,2,2,0.0,0.0,0.0,0.0,0.0,2.0,15,1,10,10/27/2024,2024-10-27,15:28:00
11/10/2024 09:45:00 AM,5.0,3,2,6,6,3,3,3,2,1,4,IMPROPER TURNING/NO SIGNAL,2,2,0.0,0.0,0.0,0.0,0.0,2.0,9,1,11,11/10/2024,2024-11-10,09:45:00
10/27/2024 09:51:00 PM,5.0,3,5,6,5,3,3,3,3,1,4,UNABLE TO DETERMINE,2,4,2.0,0.0,0.0,2.0,0.0,0.0,21,1,10,10/27/2024,2024-10-27,21:51:00
10/27/2024 03:20:00 PM,3.0,3,2,4,6,3,3,3,2,1,4,UNABLE TO DETERMINE,2,2,0.0,0.0,0.0,0.0,0.0,2.0,15,1,10,10/27/2024,2024-10-27,15:20:00
10/27/2024 02:10:00 PM,3.0,3,2,4,4,3,3,1,2,1,4,UNABLE TO DETERMINE,2,2,0.0,0.0,0.0,0.0,0.0,3.0,14,1,10,10/27/2024,2024-10-27,14:10:00
10/27/2024 12:40:00 PM,7.0,3,2,5,5,3,3,3,3,1,4,FAILING TO YIELD RIGHT-OF-WAY,2,2,0.0,0.0,0.0,0.0,0.0,2.0,12,1,10,10/27/2024,2024-10-27,12:40:00
10/27/2024 02:59:00 AM,5.0,3,5,6,4,3,3,1,3,1,4,UNABLE TO DETERMINE,2,5,2.0,0.0,1.0,1.0,0.0,2.0,2,1,10,10/27/2024,2024-10-27,02:59:00
10/27/2024 12:40:00 AM,1.0,3,2,6,5,3,2,1,3,1,4,UNABLE TO DETERMINE,2,3,1.0,0.0,0.0,0.0,1.0,1.0,0,1,10,10/27/2024,2024-10-27,00:40:00
10/27/2024 04:00:00 PM,5.0,3,2,3,4,3,3,3,2,1,2,IMPROPER OVERTAKING/PASSING,2,2,0.0,0.0,0.0,0.0,0.0,2.0,16,1,10,10/27/2024,2024-10-27,16:00:00
10/27/2024 10:10:00 AM,5.0,3,2,4,5,3,3,3,2,1,4,FOLLOWING TOO CLOSELY,2,2,0.0,0.0,0.0,0.0,0.0,2.0,10,1,10,10/27/2024,2024-10-27,10:10:00
10/27/2024 06:18:00 PM,5.0,3,6,5,5,3,3,3,2,1,4,UNABLE TO DETERMINE,2,2,0.0,0.0,0.0,0.0,0.0,4.0,18,1,10,10/27/2024,2024-10-27,18:18:00
10/27/2024 11:10:00 AM,7.0,3,2,5,5,3,3,3,3,1,3,FAILING TO YIELD RIGHT-OF-WAY,2,4,1.0,0.0,0.0,1.0,0.0,4.0,11,1,10,10/27/2024,2024-10-27,11:10:00
10/27/2024 03:39:00 PM,5.0,3,2,13,5,3,3,1,3,1,2,DRIVING SKILLS/KNOWLEDGE/EXPERIENCE,2,4,1.0,0.0,0.0,1.0,0.0,1.0,15,1,10,10/27/2024,2024-10-27,15:39:00
10/27/2024 12:18:00 PM,7.0,3,2,6,7,3,3,3,2,1,4,FAILING TO YIELD RIGHT-OF-WAY,2,2,0.0,0.0,0.0,0.0,0.0,2.0,12,1,10,10/27/2024,2024-10-27,12:18:00
10/27/2024 11:15:00 PM,5.0,3,5,14,5,3,3,3,3,1,4,UNABLE TO DETERMINE,2,3,1.0,0.0,0.0,0.0,1.0,1.0,23,1,10,10/27/2024,2024-10-27,23:15:00
10/27/2024 06:55:00 PM,7.0,3,6,5,5,3,3,3,3,1,4,UNABLE TO DETERMINE,2,2,0.0,0.0,0.0,0.0,0.0,6.0,18,1,10,10/27/2024,2024-10-27,18:55:00
10/27/2024 05:15:00 PM,5.0,3,5,6,4,3,3,3,2,1,4,UNABLE TO DETERMINE,2,2,0.0,0.0,0.0,0.0,0.0,4.0,17,1,10,10/27/2024,2024-10-27,17:15:00
10/27/2024 02:05:00 PM,5.0,3,2,6,4,3,3,3,2,1,4,UNABLE TO DETERMINE,2,2,0.0,0.0,0.0,0.0,0.0,2.0,14,1,10,10/27/2024,2024-10-27,14:05:00
10/27/2024 11:40:00 AM,5.0,3,2,4,5,3,3,7,2,1,3,FOLLOWING TOO CLOSELY,2,2,0.0,0.0,0.0,0.0,0.0,2.0,11,1,10,10/27/2024,2024-10-27,11:40:00
10/27/2024 11:39:00 PM,7.0,3,5,5,6,3,3,3,2,1,4,FAILING TO YIELD RIGHT-OF-WAY,2,2,0.0,0.0,0.0,0.0,0.0,5.0,23,1,10,10/27/2024,2024-10-27,23:39:00
10/27/2024 12:40:00 PM,5.0,3,2,13,5,3,3,3,3,1,2,"OPERATING VEHICLE IN ERRATIC, RECKLESS, CARELESS, NEGLIGENT OR AGGRESSIVE MANNER",2,4,1.0,0.0,0.0,1.0,0.0,1.0,12,1,10,10/27/2024,2024-10-27,12:40:00
10/27/2024 03:19:00 AM,5.0,3,5,4,6,3,3,3,3,1,4,UNDER THE INFLUENCE OF ALCOHOL/DRUGS (USE WHEN ARREST IS EFFECTED),2,2,0.0,0.0,0.0,0.0,0.0,3.0,3,1,10,10/27/2024,2024-10-27,03:19:00
11/11/2024 03:34:00 PM,5.0,3,2,6,6,3,3,3,2,1,3,IMPROPER TURNING/NO SIGNAL,2,2,0.0,0.0,0.0,0.0,0.0,2.0,15,2,11,11/11/2024,2024-11-11,15:34:00
11/10/2024 05:38:00 PM,5.0,3,5,4,4,3,3,3,2,0,3,FOLLOWING TOO CLOSELY,2,2,0.0,0.0,0.0,0.0,0.0,2.0,17,1,11,11/10/2024,2024-11-10,17:38:00
11/09/2024 05:35:00 PM,7.0,5,5,5,5,3,4,3,3,1,3,FAILING TO YIELD RIGHT-OF-WAY,2,2,0.0,0.0,0.0,0.0,0.0,2.0,17,7,11,11/09/2024,2024-11-09,17:35:00
11/11/2024 04:48:00 PM,7.0,3,2,6,6,3,3,3,3,1,4,FAILING TO YIELD RIGHT-OF-WAY,2,4,2.0,0.0,0.0,1.0,1.0,1.0,16,2,11,11/11/2024,2024-11-11,16:48:00
11/11/2024 04:38:00 PM,5.0,3,2,4,6,3,3,3,2,1,4,NOT APPLICABLE,2,2,0.0,0.0,0.0,0.0,0.0,2.0,16,2,11,11/11/2024,2024-11-11,16:38:00
11/04/2024 04:50:00 PM,7.0,4,4,14,5,3,3,3,3,1,4,UNABLE TO DETERMINE,2,3,1.0,0.0,0.0,0.0,1.0,1.0,16,2,11,11/04/2024,2024-11-04,16:50:00
11/11/2024 12:20:00 PM,3.0,3,2,11,10,3,3,3,2,1,4,IMPROPER TURNING/NO SIGNAL,2,2,0.0,0.0,0.0,0.0,0.0,1.0,12,2,11,11/11/2024,2024-11-11,12:20:00
11/09/2024 12:30:00 PM,7.0,3,2,5,5,3,3,3,3,1,4,FAILING TO YIELD RIGHT-OF-WAY,2,4,1.0,0.0,0.0,1.0,0.0,1.0,12,7,11,11/09/2024,2024-11-09,12:30:00
11/11/2024 01:18:00 PM,1.0,3,2,3,6,3,3,1,2,1,4,UNABLE TO DETERMINE,2,2,0.0,0.0,0.0,0.0,0.0,2.0,13,2,11,11/11/2024,2024-11-11,13:18:00
10/30/2024 05:20:00 PM,7.0,3,2,11,6,3,3,3,2,1,4,IMPROPER TURNING/NO SIGNAL,2,2,0.0,0.0,0.0,0.0,0.0,2.0,17,4,10,10/30/2024,2024-10-30,17:20:00
11/11/2024 08:40:00 PM,5.0,3,5,6,7,3,3,1,2,1,4,UNABLE TO DETERMINE,2,2,0.0,0.0,0.0,0.0,0.0,2.0,20,2,11,11/11/2024,2024-11-11,20:40:00
11/09/2024 11:00:00 PM,5.0,3,6,4,5,3,3,3,2,1,4,FOLLOWING TOO CLOSELY,2,2,0.0,0.0,0.0,0.0,0.0,2.0,23,7,11,11/09/2024,2024-11-09,23:00:00
11/10/2024 07:00:00 PM,1.0,3,2,5,5,3,1,1,2,1,4,DISREGARDING TRAFFIC SIGNALS,2,2,0.0,0.0,0.0,0.0,0.0,3.0,19,1,11,11/10/2024,2024-11-10,19:00:00
11/10/2024 01:06:00 AM,5.0,5,5,6,1,3,4,2,2,1,4,"VISION OBSCURED (SIGNS, TREE LIMBS, BUILDINGS, ETC.)",2,2,0.0,0.0,0.0,0.0,0.0,5.0,1,1,11,11/10/2024,2024-11-10,01:06:00
11/11/2024 01:50:00 PM,5.0,3,2,4,6,3,3,3,2,1,4,DRIVING SKILLS/KNOWLEDGE/EXPERIENCE,2,2,0.0,0.0,0.0,0.0,0.0,2.0,13,2,11,11/11/2024,2024-11-11,13:50:00
11/11/2024 03:40:00 PM,7.0,3,2,6,1,3,3,3,3,1,4,UNABLE TO DETERMINE,2,3,2.0,0.0,0.0,0.0,2.0,1.0,15,2,11,11/11/2024,2024-11-11,15:40:00
11/06/2024 06:40:00 PM,5.0,3,5,11,6,3,1,1,2,0,4,UNABLE TO DETERMINE,2,2,0.0,0.0,0.0,0.0,0.0,1.0,18,4,11,11/06/2024,2024-11-06,18:40:00
11/07/2024 07:45:00 PM,5.0,3,5,6,7,3,1,1,2,1,4,UNABLE TO DETERMINE,2,2,0.0,0.0,0.0,0.0,0.0,2.0,19,5,11,11/07/2024,2024-11-07,19:45:00
11/11/2024 04:35:00 PM,3.0,3,5,6,6,3,3,1,2,1,4,UNABLE TO DETERMINE,2,2,0.0,0.0,0.0,0.0,0.0,2.0,16,2,11,11/11/2024,2024-11-11,16:35:00
11/11/2024 07:45:00 AM,7.0,3,2,5,4,3,3,3,3,1,4,DISREGARDING STOP SIGN,2,4,2.0,0.0,0.0,2.0,0.0,1.0,7,2,11,11/11/2024,2024-11-11,07:45:00
11/11/2024 11:30:00 AM,5.0,3,2,14,5,3,3,3,2,1,2,UNABLE TO DETERMINE,2,2,0.0,0.0,0.0,0.0,0.0,2.0,11,2,11,11/11/2024,2024-11-11,11:30:00
10/17/2024 05:00:00 PM,3.0,3,2,6,6,3,1,3,2,1,4,IMPROPER OVERTAKING/PASSING,2,2,0.0,0.0,0.0,0.0,0.0,2.0,17,5,10,10/17/2024,2024-10-17,17:00:00
11/11/2024 03:00:00 PM,1.0,3,2,6,7,6,3,3,2,1,4,IMPROPER TURNING/NO SIGNAL,2,2,0.0,0.0,0.0,0.0,0.0,2.0,15,2,11,11/11/2024,2024-11-11,15:00:00
11/05/2024 05:39:00 PM,5.0,5,5,13,5,3,4,3,3,1,4,FAILING TO YIELD RIGHT-OF-WAY,2,3,1.0,0.0,0.0,0.0,1.0,1.0,17,3,11,11/05/2024,2024-11-05,17:39:00
11/10/2024 10:35:00 PM,7.0,3,6,6,5,3,3,3,3,1,4,DISREGARDING STOP SIGN,2,2,0.0,0.0,0.0,0.0,0.0,2.0,22,1,11,11/10/2024,2024-11-10,22:35:00
11/11/2024 10:40:00 AM,5.0,3,2,4,5,3,3,3,2,1,4,UNABLE TO DETERMINE,2,2,0.0,0.0,0.0,0.0,0.0,2.0,10,2,11,11/11/2024,2024-11-11,10:40:00
11/09/2024 07:45:00 PM,7.0,3,6,3,6,3,4,3,2,1,4,NOT APPLICABLE,2,2,0.0,0.0,0.0,0.0,0.0,3.0,19,7,11,11/09/2024,2024-11-09,19:45:00
11/11/2024 02:56:00 PM,5.0,3,2,13,5,3,3,3,3,1,4,FAILING TO YIELD RIGHT-OF-WAY,2,4,1.0,0.0,0.0,1.0,0.0,1.0,14,2,11,11/11/2024,2024-11-11,14:56:00
11/11/2024 05:15:00 PM,3.0,3,2,6,2,3,3,3,3,0,4,IMPROPER TURNING/NO SIGNAL,2,3,1.0,0.0,0.0,0.0,1.0,1.0,17,2,11,11/11/2024,2024-11-11,17:15:00
11/10/2024 10:58:00 AM,7.0,3,2,5,5,3,3,3,3,1,4,UNABLE TO DETERMINE,2,3,1.0,0.0,0.0,0.0,1.0,5.0,10,1,11,11/10/2024,2024-11-10,10:58:00
11/10/2024 09:45:00 PM,5.0,3,5,6,5,3,3,3,2,1,3,IMPROPER TURNING/NO SIGNAL,2,2,0.0,0.0,0.0,0.0,0.0,2.0,21,1,11,11/10/2024,2024-11-10,21:45:00
11/11/2024 04:17:00 PM,5.0,3,2,3,5,3,3,3,2,1,3,DRIVING ON WRONG SIDE/WRONG WAY,2,2,0.0,0.0,0.0,0.0,0.0,2.0,16,2,11,11/11/2024,2024-11-11,16:17:00
11/11/2024 05:31:00 PM,3.0,3,6,6,2,3,3,3,3,1,4,UNABLE TO DETERMINE,2,2,0.0,0.0,0.0,0.0,0.0,2.0,17,2,11,11/11/2024,2024-11-11,17:31:00
11/11/2024 08:58:00 AM,5.0,3,2,4,6,3,3,3,2,1,4,FOLLOWING TOO CLOSELY,2,2,0.0,0.0,0.0,0.0,0.0,2.0,8,2,11,11/11/2024,2024-11-11,08:58:00
11/14/2024 05:40:00 PM,5.0,3,5,13,14,3,1,1,2,1,2,UNABLE TO DETERMINE,2,2,0.0,0.0,0.0,0.0,0.0,2.0,17,5,11,11/14/2024,2024-11-14,17:40:00
10/28/2024 01:30:00 PM,5.0,3,2,6,5,3,3,1,2,1,4,FAILING TO YIELD RIGHT-OF-WAY,2,2,0.0,0.0,0.0,0.0,0.0,2.0,13,2,10,10/28/2024,2024-10-28,13:30:00
10/28/2024 08:00:00 AM,5.0,3,2,4,4,3,3,3,2,1,4,UNABLE TO DETERMINE,2,2,0.0,0.0,0.0,0.0,0.0,2.0,8,2,10,10/28/2024,2024-10-28,08:00:00
10/28/2024 02:45:00 PM,7.0,3,2,5,7,3,3,3,2,1,4,FAILING TO YIELD RIGHT-OF-WAY,2,2,0.0,0.0,0.0,0.0,0.0,2.0,14,2,10,10/28/2024,2024-10-28,14:45:00
10/28/2024 11:55:00 AM,3.0,3,2,3,7,3,3,1,2,1,4,IMPROPER OVERTAKING/PASSING,2,2,0.0,0.0,0.0,0.0,0.0,2.0,11,2,10,10/28/2024,2024-10-28,11:55:00
10/28/2024 05:55:00 AM,7.0,3,5,6,10,3,3,3,3,1,4,FAILING TO YIELD RIGHT-OF-WAY,2,3,1.0,0.0,0.0,0.0,1.0,1.0,5,2,10,10/28/2024,2024-10-28,05:55:00
10/28/2024 04:44:00 PM,5.0,3,2,5,5,3,3,7,3,1,4,DISTRACTION - FROM INSIDE VEHICLE,2,2,0.0,0.0,0.0,0.0,0.0,2.0,16,2,10,10/28/2024,2024-10-28,16:44:00
10/28/2024 06:50:00 AM,5.0,3,5,13,5,3,3,3,3,1,4,FAILING TO YIELD RIGHT-OF-WAY,2,3,1.0,0.0,0.0,0.0,1.0,1.0,6,2,10,10/28/2024,2024-10-28,06:50:00
10/28/2024 03:58:00 PM,5.0,3,2,6,5,3,3,3,3,1,4,UNABLE TO DETERMINE,2,3,1.0,0.0,0.0,0.0,1.0,2.0,15,2,10,10/28/2024,2024-10-28,15:58:00
10/28/2024 03:39:00 PM,7.0,3,2,6,6,3,3,1,2,1,4,UNABLE TO DETERMINE,2,2,0.0,0.0,0.0,0.0,0.0,2.0,15,2,10,10/28/2024,2024-10-28,15:39:00
10/28/2024 11:50:00 AM,8.0,3,2,4,6,3,3,3,2,1,4,FOLLOWING TOO CLOSELY,2,2,0.0,0.0,0.0,0.0,0.0,3.0,11,2,10,10/28/2024,2024-10-28,11:50:00
10/28/2024 12:16:00 PM,5.0,3,2,6,10,3,3,3,3,1,4,IMPROPER TURNING/NO SIGNAL,2,2,0.0,0.0,0.0,0.0,0.0,4.0,12,2,10,10/28/2024,2024-10-28,12:16:00
10/28/2024 06:30:00 AM,3.0,3,2,3,4,3,3,3,2,1,4,IMPROPER LANE USAGE,2,2,0.0,0.0,0.0,0.0,0.0,2.0,6,2,10,10/28/2024,2024-10-28,06:30:00
10/28/2024 03:30:00 PM,5.0,3,2,14,2,3,3,1,3,1,4,UNABLE TO DETERMINE,2,5,1.0,0.0,1.0,0.0,0.0,1.0,15,2,10,10/28/2024,2024-10-28,15:30:00
10/28/2024 04:00:00 PM,5.0,3,2,6,5,3,3,3,2,1,4,DISTRACTION - FROM OUTSIDE VEHICLE,2,2,0.0,0.0,0.0,0.0,0.0,2.0,16,2,10,10/28/2024,2024-10-28,16:00:00
10/28/2024 06:35:00 PM,5.0,3,5,6,6,3,3,3,2,1,4,UNABLE TO DETERMINE,2,2,0.0,0.0,0.0,0.0,0.0,2.0,18,2,10,10/28/2024,2024-10-28,18:35:00
10/28/2024 08:54:00 AM,5.0,3,2,6,5,3,3,3,3,1,4,DISREGARDING TRAFFIC SIGNALS,2,2,0.0,0.0,0.0,0.0,0.0,4.0,8,2,10,10/28/2024,2024-10-28,08:54:00
10/28/2024 09:10:00 AM,5.0,3,2,13,5,3,3,3,3,1,2,FAILING TO YIELD RIGHT-OF-WAY,2,4,1.0,0.0,0.0,1.0,0.0,1.0,9,2,10,10/28/2024,2024-10-28,09:10:00
10/28/2024 11:00:00 AM,5.0,3,2,3,5,3,3,3,2,1,4,IMPROPER OVERTAKING/PASSING,2,2,0.0,0.0,0.0,0.0,0.0,2.0,11,2,10,10/28/2024,2024-10-28,11:00:00
10/28/2024 06:50:00 AM,7.0,3,2,13,10,3,3,3,3,0,2,FAILING TO YIELD RIGHT-OF-WAY,2,5,1.0,0.0,1.0,0.0,0.0,1.0,6,2,10,10/28/2024,2024-10-28,06:50:00
10/28/2024 09:00:00 AM,7.0,3,2,5,6,3,3,3,2,1,4,FAILING TO YIELD RIGHT-OF-WAY,2,2,0.0,0.0,0.0,0.0,0.0,2.0,9,2,10,10/28/2024,2024-10-28,09:00:00
11/11/2024 08:51:00 PM,7.0,3,5,5,5,3,3,3,3,1,4,FAILING TO YIELD RIGHT-OF-WAY,2,2,0.0,0.0,0.0,0.0,0.0,3.0,20,2,11,11/11/2024,2024-11-11,20:51:00
11/10/2024 06:25:00 PM,5.0,3,2,4,5,3,1,1,2,1,4,UNABLE TO DETERMINE,2,2,0.0,0.0,0.0,0.0,0.0,2.0,18,1,11,11/10/2024,2024-11-10,18:25:00
11/12/2024 02:50:00 PM,5.0,3,5,6,5,3,3,1,3,1,4,DISREGARDING TRAFFIC SIGNALS,2,4,1.0,0.0,0.0,1.0,0.0,1.0,14,3,11,11/12/2024,2024-11-12,14:50:00
11/05/2024 05:22:00 PM,1.0,3,2,13,10,3,1,1,2,1,2,UNABLE TO DETERMINE,2,2,0.0,0.0,0.0,0.0,0.0,2.0,17,3,11,11/05/2024,2024-11-05,17:22:00
11/11/2024 08:35:00 PM,7.0,3,5,5,6,3,3,3,3,1,4,DISREGARDING STOP SIGN,2,2,0.0,0.0,0.0,0.0,0.0,2.0,20,2,11,11/11/2024,2024-11-11,20:35:00
11/12/2024 11:27:00 AM,5.0,3,2,5,6,3,3,3,3,1,4,DISREGARDING TRAFFIC SIGNALS,2,2,0.0,0.0,0.0,0.0,0.0,4.0,11,3,11,11/12/2024,2024-11-12,11:27:00
11/12/2024 03:35:00 PM,5.0,3,2,3,6,3,3,3,2,1,4,IMPROPER LANE USAGE,2,2,0.0,0.0,0.0,0.0,0.0,3.0,15,3,11,11/12/2024,2024-11-12,15:35:00
11/12/2024 03:30:00 PM,5.0,4,4,5,3,3,3,3,3,1,4,FAILING TO YIELD RIGHT-OF-WAY,2,4,2.0,0.0,0.0,1.0,1.0,0.0,15,3,11,11/12/2024,2024-11-12,15:30:00
11/12/2024 03:10:00 PM,1.0,3,2,5,17,3,1,1,2,1,4,UNABLE TO DETERMINE,2,2,0.0,0.0,0.0,0.0,0.0,2.0,15,3,11,11/12/2024,2024-11-12,15:10:00
11/09/2024 08:00:00 AM,3.0,3,2,5,6,3,3,3,2,1,4,UNABLE TO DETERMINE,2,2,0.0,0.0,0.0,0.0,0.0,2.0,8,7,11,11/09/2024,2024-11-09,08:00:00
11/10/2024 12:05:00 AM,5.0,3,5,5,6,3,1,1,2,1,4,NOT APPLICABLE,2,2,0.0,0.0,0.0,0.0,0.0,2.0,0,1,11,11/10/2024,2024-11-10,00:05:00
11/11/2024 05:23:00 PM,5.0,3,5,6,5,3,3,3,3,1,4,DISREGARDING TRAFFIC SIGNALS,2,3,2.0,0.0,0.0,0.0,2.0,1.0,17,2,11,11/11/2024,2024-11-11,17:23:00
11/12/2024 10:29:00 AM,7.0,3,2,2,7,3,3,3,3,1,4,PHYSICAL CONDITION OF DRIVER,2,2,0.0,0.0,0.0,0.0,0.0,2.0,10,3,11,11/12/2024,2024-11-12,10:29:00
11/12/2024 04:03:00 PM,5.0,3,2,5,5,3,3,1,3,1,4,UNDER THE INFLUENCE OF ALCOHOL/DRUGS (USE WHEN ARREST IS EFFECTED),2,2,0.0,0.0,0.0,0.0,0.0,3.0,16,3,11,11/12/2024,2024-11-12,16:03:00
11/12/2024 03:35:00 PM,3.0,3,5,6,6,3,3,3,3,1,4,FAILING TO YIELD RIGHT-OF-WAY,2,2,0.0,0.0,0.0,0.0,0.0,2.0,15,3,11,11/12/2024,2024-11-12,15:35:00
11/12/2024 12:01:00 AM,3.0,3,6,11,5,3,4,1,2,1,4,IMPROPER LANE USAGE,2,2,0.0,0.0,0.0,0.0,0.0,1.0,0,3,11,11/12/2024,2024-11-12,00:01:00
11/09/2024 07:00:00 PM,5.0,3,6,6,5,3,3,3,2,1,4,FAILING TO YIELD RIGHT-OF-WAY,2,2,0.0,0.0,0.0,0.0,0.0,3.0,19,7,11,11/09/2024,2024-11-09,19:00:00
11/12/2024 04:13:00 PM,5.0,3,2,2,5,3,3,3,3,1,4,IMPROPER TURNING/NO SIGNAL,2,3,1.0,0.0,0.0,0.0,1.0,1.0,16,3,11,11/12/2024,2024-11-12,16:13:00
11/08/2024 12:00:00 PM,5.0,3,2,6,7,3,3,3,3,1,4,FAILING TO YIELD RIGHT-OF-WAY,2,4,1.0,0.0,0.0,1.0,0.0,4.0,12,6,11,11/08/2024,2024-11-08,12:00:00
11/12/2024 09:33:00 AM,5.0,3,2,13,4,3,3,3,3,1,2,FAILING TO YIELD RIGHT-OF-WAY,2,5,2.0,0.0,2.0,0.0,0.0,0.0,9,3,11,11/12/2024,2024-11-12,09:33:00
10/18/2024 07:02:00 PM,5.0,3,5,3,6,3,1,1,2,1,4,IMPROPER LANE USAGE,2,2,0.0,0.0,0.0,0.0,0.0,2.0,19,6,10,10/18/2024,2024-10-18,19:02:00
11/12/2024 10:45:00 AM,5.0,3,2,6,4,3,3,3,2,1,3,IMPROPER TURNING/NO SIGNAL,2,2,0.0,0.0,0.0,0.0,0.0,2.0,10,3,11,11/12/2024,2024-11-12,10:45:00
11/12/2024 06:45:00 AM,3.0,5,2,6,6,3,3,3,2,1,4,UNABLE TO DETERMINE,2,2,0.0,0.0,0.0,0.0,0.0,2.0,6,3,11,11/12/2024,2024-11-12,06:45:00
11/09/2024 10:50:00 PM,5.0,5,5,5,6,3,4,1,3,1,4,DISREGARDING TRAFFIC SIGNALS,2,2,0.0,0.0,0.0,0.0,0.0,5.0,22,7,11,11/09/2024,2024-11-09,22:50:00
11/12/2024 02:45:00 PM,5.0,3,2,4,7,3,3,3,2,1,4,FOLLOWING TOO CLOSELY,2,2,0.0,0.0,0.0,0.0,0.0,2.0,14,3,11,11/12/2024,2024-11-12,14:45:00
11/12/2024 12:40:00 PM,5.0,3,2,4,7,3,3,3,2,1,3,FOLLOWING TOO CLOSELY,2,2,0.0,0.0,0.0,0.0,0.0,2.0,12,3,11,11/12/2024,2024-11-12,12:40:00