crash_date,traffic_control_device,weather_condition,lighting_condition,first_crash_type,trafficway_type,alignment,roadway_surface_cond,road_defect,crash_type,intersection_related_i,damage,prim_contributory_cause,num_units,most_severe_injury,injuries_total,injuries_fatal,injuries_incapacitating,injuries_non_incapacitating,injuries_reported_not_evident,injuries_no_indication,crash_hour,crash_day_of_week,crash_month,parsed_datetime,date,time
11/03/2024 06:43:00 PM,2.0,5,6,5,4,3,4,3,3,1,4,FAILING TO YIELD RIGHT-OF-WAY,2,2,0.0,0.0,0.0,0.0,0.0,2.0,18,1,11,11/03/2024,2024-11-03,18:43:00
11/03/2024 01:20:00 PM,3.0,5,2,5,14,3,1,1,2,1,4,FAILING TO YIELD RIGHT-OF-WAY,2,2,0.0,0.0,0.0,0.0,0.0,11.0,13,1,11,11/03/2024,2024-11-03,13:20:00
11/03/2024 12:36:00 AM,5.0,3,5,6,5,3,3,3,3,1,4,FAILING TO YIELD RIGHT-OF-WAY,2,2,0.0,0.0,0.0,0.0,0.0,3.0,0,1,11,11/03/2024,2024-11-03,00:36:00
11/03/2024 12:32:00 AM,5.0,3,5,3,10,3,3,3,2,1,2,IMPROPER OVERTAKING/PASSING,2,2,0.0,0.0,0.0,0.0,0.0,4.0,0,1,11,11/03/2024,2024-11-03,00:32:00
11/17/2024 07:00:00 PM,7.0,5,4,6,5,4,4,3,3,1,4,IMPROPER TURNING/NO SIGNAL,2,2,0.0,0.0,0.0,0.0,0.0,2.0,19,1,11,11/17/2024,2024-11-17,19:00:00
11/18/2024 10:10:00 AM,7.0,5,2,6,6,3,4,3,3,1,4,FAILING TO YIELD RIGHT-OF-WAY,2,2,0.0,0.0,0.0,0.0,0.0,3.0,10,2,11,11/18/2024,2024-11-18,10:10:00
11/14/2024 07:50:00 AM,5.0,5,2,6,3,3,4,3,3,1,4,IMPROPER TURNING/NO SIGNAL,2,3,1.0,0.0,0.0,0.0,1.0,1.0,7,5,11,11/14/2024,2024-11-14,07:50:00
11/18/2024 06:40:00 PM,7.0,5,5,5,5,3,4,3,2,1,4,DISREGARDING STOP SIGN,2,2,0.0,0.0,0.0,0.0,0.0,3.0,18,2,11,11/18/2024,2024-11-18,18:40:00
11/18/2024 05:56:00 PM,5.0,3,6,6,5,3,4,1,3,1,4,FAILING TO YIELD RIGHT-OF-WAY,2,2,0.0,0.0,0.0,0.0,0.0,2.0,17,2,11,11/18/2024,2024-11-18,17:56:00
11/18/2024 08:15:00 AM,7.0,3,2,6,7,3,3,3,3,1,4,HAD BEEN DRINKING (USE WHEN ARREST IS NOT MADE),2,2,0.0,0.0,0.0,0.0,0.0,2.0,8,2,11,11/18/2024,2024-11-18,08:15:00
11/10/2024 09:03:00 PM,3.0,3,2,5,6,3,1,1,3,1,3,UNABLE TO DETERMINE,2,2,0.0,0.0,0.0,0.0,0.0,6.0,21,1,11,11/10/2024,2024-11-10,21:03:00
11/14/2024 05:30:00 PM,5.0,4,4,6,14,3,1,1,2,1,4,UNABLE TO DETERMINE,2,2,0.0,0.0,0.0,0.0,0.0,2.0,17,5,11,11/14/2024,2024-11-14,17:30:00
11/16/2024 01:30:00 PM,7.0,3,2,6,3,3,3,3,2,1,3,FAILING TO YIELD RIGHT-OF-WAY,2,2,0.0,0.0,0.0,0.0,0.0,2.0,13,7,11,11/16/2024,2024-11-16,13:30:00
11/18/2024 04:35:00 PM,3.0,5,5,6,5,3,4,1,3,1,3,UNABLE TO DETERMINE,2,3,2.0,0.0,0.0,0.0,2.0,1.0,16,2,11,11/18/2024,2024-11-18,16:35:00
11/13/2024 05:30:00 PM,7.0,3,5,5,6,3,3,3,2,1,4,UNABLE TO DETERMINE,2,2,0.0,0.0,0.0,0.0,0.0,2.0,17,4,11,11/13/2024,2024-11-13,17:30:00
11/18/2024 07:00:00 PM,3.0,3,6,5,6,3,4,3,3,1,3,UNABLE TO DETERMINE,2,4,1.0,0.0,0.0,1.0,0.0,1.0,19,2,11,11/18/2024,2024-11-18,19:00:00
11/18/2024 06:15:00 PM,7.0,5,5,5,5,3,4,3,2,1,4,FAILING TO YIELD RIGHT-OF-WAY,2,2,0.0,0.0,0.0,0.0,0.0,2.0,18,2,11,11/18/2024,2024-11-18,18:15:00
11/18/2024 10:56:00 AM,5.0,5,2,6,6,3,4,3,3,1,4,EQUIPMENT - VEHICLE CONDITION,2,2,0.0,0.0,0.0,0.0,0.0,3.0,10,2,11,11/18/2024,2024-11-18,10:56:00
11/15/2024 04:08:00 PM,7.0,3,2,4,10,3,3,3,3,1,4,FAILING TO REDUCE SPEED TO AVOID CRASH,2,3,1.0,0.0,0.0,0.0,1.0,2.0,16,6,11,11/15/2024,2024-11-15,16:08:00
11/18/2024 12:25:00 PM,7.0,5,2,6,7,3,4,3,3,1,4,UNABLE TO DETERMINE,2,2,0.0,0.0,0.0,0.0,0.0,3.0,12,2,11,11/18/2024,2024-11-18,12:25:00
11/19/2024 01:32:00 AM,5.0,5,5,5,5,3,4,1,3,1,4,DISREGARDING TRAFFIC SIGNALS,2,3,2.0,0.0,0.0,0.0,2.0,1.0,1,3,11,11/19/2024,2024-11-19,01:32:00
11/18/2024 10:05:00 AM,3.0,5,2,5,6,3,4,3,3,1,4,UNABLE TO DETERMINE,2,2,0.0,0.0,0.0,0.0,0.0,2.0,10,2,11,11/18/2024,2024-11-18,10:05:00
11/18/2024 12:25:00 PM,3.0,5,2,3,6,3,4,3,2,1,4,UNABLE TO DETERMINE,2,2,0.0,0.0,0.0,0.0,0.0,2.0,12,2,11,11/18/2024,2024-11-18,12:25:00
11/18/2024 07:56:00 PM,5.0,5,6,5,5,3,4,3,3,1,4,FAILING TO YIELD RIGHT-OF-WAY,2,2,0.0,0.0,0.0,0.0,0.0,2.0,19,2,11,11/18/2024,2024-11-18,19:56:00
11/12/2024 07:30:00 PM,7.0,3,4,4,5,3,3,3,2,1,4,FOLLOWING TOO CLOSELY,2,2,0.0,0.0,0.0,0.0,0.0,2.0,19,3,11,11/12/2024,2024-11-12,19:30:00
11/19/2024 12:30:00 AM,7.0,5,5,4,5,3,4,3,3,1,4,FOLLOWING TOO CLOSELY,2,3,2.0,0.0,0.0,0.0,2.0,1.0,0,3,11,11/19/2024,2024-11-19,00:30:00
11/16/2024 07:00:00 PM,7.0,3,5,5,5,3,3,3,2,1,4,UNABLE TO DETERMINE,2,2,0.0,0.0,0.0,0.0,0.0,2.0,19,7,11,11/16/2024,2024-11-16,19:00:00
11/18/2024 04:00:00 PM,5.0,5,4,6,5,3,4,3,3,1,4,FAILING TO YIELD RIGHT-OF-WAY,2,4,1.0,0.0,0.0,1.0,0.0,2.0,16,2,11,11/18/2024,2024-11-18,16:00:00
11/13/2024 07:30:00 PM,7.0,4,5,6,6,3,3,3,3,1,4,UNABLE TO DETERMINE,2,2,0.0,0.0,0.0,0.0,0.0,3.0,19,4,11,11/13/2024,2024-11-13,19:30:00
11/14/2024 02:57:00 PM,5.0,5,2,4,5,3,1,1,2,1,4,UNABLE TO DETERMINE,2,2,0.0,0.0,0.0,0.0,0.0,2.0,14,5,11,11/14/2024,2024-11-14,14:57:00
11/14/2024 08:15:00 AM,7.0,4,2,4,5,3,4,3,2,1,4,UNABLE TO DETERMINE,2,2,0.0,0.0,0.0,0.0,0.0,2.0,8,5,11,11/14/2024,2024-11-14,08:15:00
11/15/2024 11:00:00 PM,3.0,3,6,4,6,3,3,3,2,1,4,UNABLE TO DETERMINE,2,2,0.0,0.0,0.0,0.0,0.0,3.0,23,6,11,11/15/2024,2024-11-15,23:00:00
11/18/2024 06:02:00 PM,5.0,5,5,5,6,3,4,3,3,1,4,DISREGARDING TRAFFIC SIGNALS,2,2,0.0,0.0,0.0,0.0,0.0,3.0,18,2,11,11/18/2024,2024-11-18,18:02:00
11/18/2024 12:22:00 PM,5.0,5,4,4,6,3,4,3,3,1,4,FOLLOWING TOO CLOSELY,2,2,0.0,0.0,0.0,0.0,0.0,3.0,12,2,11,11/18/2024,2024-11-18,12:22:00
11/16/2024 08:50:00 PM,5.0,3,5,6,5,5,3,3,2,1,4,FAILING TO YIELD RIGHT-OF-WAY,2,2,0.0,0.0,0.0,0.0,0.0,2.0,20,7,11,11/16/2024,2024-11-16,20:50:00
11/04/2024 05:18:00 PM,5.0,3,2,6,7,3,1,1,3,1,4,IMPROPER TURNING/NO SIGNAL,2,2,0.0,0.0,0.0,0.0,0.0,2.0,17,2,11,11/04/2024,2024-11-04,17:18:00
11/04/2024 05:28:00 AM,5.0,5,3,5,7,3,4,3,3,1,4,FAILING TO YIELD RIGHT-OF-WAY,2,4,1.0,0.0,0.0,1.0,0.0,2.0,5,2,11,11/04/2024,2024-11-04,05:28:00
11/04/2024 01:30:00 PM,5.0,4,2,3,6,3,3,3,2,1,3,NOT APPLICABLE,2,2,0.0,0.0,0.0,0.0,0.0,2.0,13,2,11,11/04/2024,2024-11-04,13:30:00
11/04/2024 10:30:00 AM,5.0,5,2,6,6,3,4,3,2,1,4,UNABLE TO DETERMINE,2,2,0.0,0.0,0.0,0.0,0.0,2.0,10,2,11,11/04/2024,2024-11-04,10:30:00
11/04/2024 06:00:00 AM,3.0,3,5,6,6,3,3,3,2,1,4,UNABLE TO DETERMINE,2,2,0.0,0.0,0.0,0.0,0.0,2.0,6,2,11,11/04/2024,2024-11-04,06:00:00
11/04/2024 02:10:00 PM,5.0,4,2,3,5,3,4,3,2,1,2,IMPROPER LANE USAGE,2,2,0.0,0.0,0.0,0.0,0.0,3.0,14,2,11,11/04/2024,2024-11-04,14:10:00
11/04/2024 11:15:00 AM,3.0,5,2,4,6,3,4,3,2,1,4,FOLLOWING TOO CLOSELY,2,2,0.0,0.0,0.0,0.0,0.0,3.0,11,2,11,11/04/2024,2024-11-04,11:15:00
11/04/2024 09:48:00 AM,5.0,3,2,6,5,3,3,3,2,1,3,IMPROPER OVERTAKING/PASSING,2,2,0.0,0.0,0.0,0.0,0.0,2.0,9,2,11,11/04/2024,2024-11-04,09:48:00
11/04/2024 07:20:00 AM,7.0,5,2,4,4,3,4,3,3,1,4,FOLLOWING TOO CLOSELY,2,2,0.0,0.0,0.0,0.0,0.0,5.0,7,2,11,11/04/2024,2024-11-04,07:20:00
11/04/2024 10:55:00 PM,5.0,5,5,14,5,3,4,3,3,1,4,DISREGARDING TRAFFIC SIGNALS,2,4,1.0,0.0,0.0,1.0,0.0,2.0,22,2,11,11/04/2024,2024-11-04,22:55:00
11/04/2024 03:30:00 PM,7.0,4,2,5,5,3,4,3,3,1,4,DISREGARDING STOP SIGN,2,4,1.0,0.0,0.0,1.0,0.0,1.0,15,2,11,11/04/2024,2024-11-04,15:30:00
11/04/2024 05:30:00 PM,3.0,4,5,6,6,3,3,3,2,1,2,FAILING TO YIELD RIGHT-OF-WAY,2,2,0.0,0.0,0.0,0.0,0.0,2.0,17,2,11,11/04/2024,2024-11-04,17:30:00
11/04/2024 04:30:00 PM,7.0,4,2,5,4,3,4,3,2,1,4,UNABLE TO DETERMINE,2,2,0.0,0.0,0.0,0.0,0.0,2.0,16,2,11,11/04/2024,2024-11-04,16:30:00
11/04/2024 10:15:00 AM,5.0,5,2,6,6,3,4,3,3,1,4,IMPROPER TURNING/NO SIGNAL,2,4,1.0,0.0,0.0,1.0,0.0,1.0,10,2,11,11/04/2024,2024-11-04,10:15:00
11/04/2024 07:20:00 PM,5.0,5,5,6,6,3,3,3,2,1,4,IMPROPER TURNING/NO SIGNAL,2,2,0.0,0.0,0.0,0.0,0.0,2.0,19,2,11,11/04/2024,2024-11-04,19:20:00
11/04/2024 07:35:00 AM,7.0,5,2,5,5,3,4,3,3,1,4,FAILING TO YIELD RIGHT-OF-WAY,2,4,1.0,0.0,0.0,1.0,0.0,2.0,7,2,11,11/04/2024,2024-11-04,07:35:00
11/04/2024 06:10:00 PM,7.0,5,5,6,4,3,4,1,2,1,4,UNABLE TO DETERMINE,2,2,0.0,0.0,0.0,0.0,0.0,3.0,18,2,11,11/04/2024,2024-11-04,18:10:00
11/05/2024 12:00:00 AM,5.0,5,5,4,5,3,4,1,2,1,2,FOLLOWING TOO CLOSELY,2,2,0.0,0.0,0.0,0.0,0.0,2.0,0,3,11,11/05/2024,2024-11-05,00:00:00
11/04/2024 01:13:00 PM,5.0,3,2,4,6,3,3,1,2,1,2,UNABLE TO DETERMINE,2,2,0.0,0.0,0.0,0.0,0.0,2.0,13,2,11,11/04/2024,2024-11-04,13:13:00
11/04/2024 10:00:00 PM,5.0,5,5,3,7,3,4,3,2,1,2,IMPROPER OVERTAKING/PASSING,2,2,0.0,0.0,0.0,0.0,0.0,4.0,22,2,11,11/04/2024,2024-11-04,22:00:00
11/04/2024 06:30:00 PM,3.0,5,5,6,7,3,4,3,2,1,4,UNABLE TO DETERMINE,2,2,0.0,0.0,0.0,0.0,0.0,2.0,18,2,11,11/04/2024,2024-11-04,18:30:00
11/04/2024 12:50:00 PM,5.0,4,2,10,5,3,3,3,2,1,3,DISREGARDING ROAD MARKINGS,2,2,0.0,0.0,0.0,0.0,0.0,2.0,12,2,11,11/04/2024,2024-11-04,12:50:00
11/04/2024 04:43:00 AM,7.0,5,5,5,5,3,4,3,3,1,4,WEATHER,2,4,1.0,0.0,0.0,1.0,0.0,1.0,4,2,11,11/04/2024,2024-11-04,04:43:00
11/04/2024 10:10:00 AM,3.0,5,2,5,5,3,4,3,3,1,4,WEATHER,2,4,1.0,0.0,0.0,1.0,0.0,2.0,10,2,11,11/04/2024,2024-11-04,10:10:00
11/04/2024 03:15:00 PM,7.0,3,2,5,6,3,3,3,2,1,4,FAILING TO REDUCE SPEED TO AVOID CRASH,2,2,0.0,0.0,0.0,0.0,0.0,2.0,15,2,11,11/04/2024,2024-11-04,15:15:00
11/04/2024 09:00:00 AM,5.0,5,2,6,6,3,4,3,2,1,4,WEATHER,2,2,0.0,0.0,0.0,0.0,0.0,2.0,9,2,11,11/04/2024,2024-11-04,09:00:00
11/04/2024 03:50:00 PM,5.0,3,2,6,5,3,1,1,2,1,4,UNABLE TO DETERMINE,2,2,0.0,0.0,0.0,0.0,0.0,2.0,15,2,11,11/04/2024,2024-11-04,15:50:00
11/04/2024 03:15:00 PM,5.0,3,2,6,5,3,3,3,2,1,3,UNABLE TO DETERMINE,2,2,0.0,0.0,0.0,0.0,0.0,2.0,15,2,11,11/04/2024,2024-11-04,15:15:00
11/04/2024 04:45:00 AM,3.0,5,5,6,6,3,4,3,3,1,4,IMPROPER OVERTAKING/PASSING,2,2,0.0,0.0,0.0,0.0,0.0,2.0,4,2,11,11/04/2024,2024-11-04,04:45:00
11/04/2024 02:03:00 PM,7.0,3,2,3,7,3,3,2,2,1,4,IMPROPER OVERTAKING/PASSING,2,2,0.0,0.0,0.0,0.0,0.0,2.0,14,2,11,11/04/2024,2024-11-04,14:03:00
11/04/2024 06:50:00 PM,5.0,5,5,6,5,3,4,3,2,1,3,UNABLE TO DETERMINE,2,2,0.0,0.0,0.0,0.0,0.0,2.0,18,2,11,11/04/2024,2024-11-04,18:50:00
11/04/2024 09:10:00 PM,5.0,5,5,14,5,3,4,3,2,1,2,UNABLE TO DETERMINE,2,2,0.0,0.0,0.0,0.0,0.0,2.0,21,2,11,11/04/2024,2024-11-04,21:10:00
11/18/2024 02:03:00 PM,5.0,5,2,6,7,3,4,3,3,1,4,FAILING TO YIELD RIGHT-OF-WAY,2,4,1.0,0.0,0.0,1.0,0.0,1.0,14,2,11,11/18/2024,2024-11-18,14:03:00
11/04/2024 03:50:00 PM,3.0,3,2,11,6,3,3,3,2,1,4,UNABLE TO DETERMINE,2,2,0.0,0.0,0.0,0.0,0.0,1.0,15,2,11,11/04/2024,2024-11-04,15:50:00
11/04/2024 06:15:00 PM,5.0,5,5,4,5,3,4,1,2,0,4,UNABLE TO DETERMINE,2,2,0.0,0.0,0.0,0.0,0.0,2.0,18,2,11,11/04/2024,2024-11-04,18:15:00
11/04/2024 07:00:00 AM,5.0,5,2,6,6,3,4,3,3,1,4,IMPROPER TURNING/NO SIGNAL,2,2,0.0,0.0,0.0,0.0,0.0,2.0,7,2,11,11/04/2024,2024-11-04,07:00:00
11/04/2024 07:24:00 AM,3.0,5,2,6,7,3,4,3,3,1,4,FAILING TO REDUCE SPEED TO AVOID CRASH,2,2,0.0,0.0,0.0,0.0,0.0,2.0,7,2,11,11/04/2024,2024-11-04,07:24:00
11/04/2024 02:29:00 PM,5.0,4,2,4,6,3,3,3,2,1,3,NOT APPLICABLE,2,2,0.0,0.0,0.0,0.0,0.0,2.0,14,2,11,11/04/2024,2024-11-04,14:29:00
11/04/2024 07:00:00 PM,7.0,5,5,5,4,3,4,3,2,1,4,IMPROPER OVERTAKING/PASSING,2,2,0.0,0.0,0.0,0.0,0.0,2.0,19,2,11,11/04/2024,2024-11-04,19:00:00
11/18/2024 12:44:00 PM,5.0,5,2,13,5,3,4,1,3,1,2,FAILING TO YIELD RIGHT-OF-WAY,2,4,1.0,0.0,0.0,1.0,0.0,1.0,12,2,11,11/18/2024,2024-11-18,12:44:00
11/20/2024 02:00:00 AM,7.0,3,5,6,5,3,3,3,2,1,3,FAILING TO YIELD RIGHT-OF-WAY,2,2,0.0,0.0,0.0,0.0,0.0,2.0,2,4,11,11/20/2024,2024-11-20,02:00:00
11/20/2024 03:35:00 AM,7.0,3,5,4,6,3,3,3,3,1,4,FAILING TO REDUCE SPEED TO AVOID CRASH,2,5,1.0,0.0,1.0,0.0,0.0,1.0,3,4,11,11/20/2024,2024-11-20,03:35:00
11/16/2024 02:10:00 PM,5.0,3,2,6,4,3,3,3,2,1,4,UNABLE TO DETERMINE,2,2,0.0,0.0,0.0,0.0,0.0,2.0,14,7,11,11/16/2024,2024-11-16,14:10:00
11/19/2024 02:45:00 PM,5.0,3,3,6,5,3,3,3,3,1,4,IMPROPER TURNING/NO SIGNAL,2,3,2.0,0.0,0.0,0.0,2.0,2.0,14,3,11,11/19/2024,2024-11-19,14:45:00
11/19/2024 07:53:00 PM,3.0,3,6,13,6,3,3,3,3,1,4,"EVASIVE ACTION DUE TO ANIMAL, OBJECT, NONMOTORIST",2,4,1.0,0.0,0.0,1.0,0.0,1.0,19,3,11,11/19/2024,2024-11-19,19:53:00
11/18/2024 08:15:00 PM,5.0,3,5,4,6,3,4,3,2,1,4,UNABLE TO DETERMINE,2,2,0.0,0.0,0.0,0.0,0.0,4.0,20,2,11,11/18/2024,2024-11-18,20:15:00
11/19/2024 08:30:00 AM,5.0,4,2,5,6,3,4,3,3,1,4,UNABLE TO DETERMINE,2,2,0.0,0.0,0.0,0.0,0.0,2.0,8,3,11,11/19/2024,2024-11-19,08:30:00
11/18/2024 06:29:00 AM,3.0,5,5,5,10,3,4,3,3,1,3,DISREGARDING STOP SIGN,2,2,0.0,0.0,0.0,0.0,0.0,2.0,6,2,11,11/18/2024,2024-11-18,06:29:00
11/19/2024 03:50:00 PM,7.0,3,2,6,4,3,3,3,2,1,3,DRIVING ON WRONG SIDE/WRONG WAY,2,2,0.0,0.0,0.0,0.0,0.0,3.0,15,3,11,11/19/2024,2024-11-19,15:50:00
11/19/2024 10:02:00 AM,7.0,3,2,5,5,3,3,3,2,1,4,DISREGARDING STOP SIGN,2,2,0.0,0.0,0.0,0.0,0.0,3.0,10,3,11,11/19/2024,2024-11-19,10:02:00
11/19/2024 04:57:00 PM,3.0,3,5,6,5,3,3,3,2,1,4,UNABLE TO DETERMINE,2,2,0.0,0.0,0.0,0.0,0.0,2.0,16,3,11,11/19/2024,2024-11-19,16:57:00
11/19/2024 07:47:00 AM,5.0,3,2,7,6,3,3,3,2,1,4,IMPROPER BACKING,2,2,0.0,0.0,0.0,0.0,0.0,2.0,7,3,11,11/19/2024,2024-11-19,07:47:00
11/19/2024 05:07:00 PM,5.0,3,5,6,6,3,3,3,2,1,4,DISREGARDING TRAFFIC SIGNALS,2,2,0.0,0.0,0.0,0.0,0.0,5.0,17,3,11,11/19/2024,2024-11-19,17:07:00
11/19/2024 03:00:00 PM,5.0,3,2,5,6,3,3,3,2,1,4,DISREGARDING TRAFFIC SIGNALS,2,2,0.0,0.0,0.0,0.0,0.0,2.0,15,3,11,11/19/2024,2024-11-19,15:00:00
11/18/2024 05:02:00 PM,5.0,5,5,13,5,3,4,1,3,1,2,UNABLE TO DETERMINE,2,4,1.0,0.0,0.0,1.0,0.0,1.0,17,2,11,11/18/2024,2024-11-18,17:02:00
11/19/2024 06:00:00 PM,3.0,3,6,6,6,3,3,1,2,1,4,FAILING TO YIELD RIGHT-OF-WAY,2,2,0.0,0.0,0.0,0.0,0.0,3.0,18,3,11,11/19/2024,2024-11-19,18:00:00
11/19/2024 04:40:00 PM,5.0,3,2,6,5,3,3,3,3,1,4,IMPROPER TURNING/NO SIGNAL,2,4,1.0,0.0,0.0,1.0,0.0,1.0,16,3,11,11/19/2024,2024-11-19,16:40:00
11/20/2024 01:16:00 AM,7.0,3,5,6,6,3,3,3,3,1,4,DISREGARDING STOP SIGN,2,2,0.0,0.0,0.0,0.0,0.0,2.0,1,4,11,11/20/2024,2024-11-20,01:16:00
11/18/2024 07:55:00 AM,1.0,3,2,6,5,3,1,1,2,1,3,UNABLE TO DETERMINE,2,2,0.0,0.0,0.0,0.0,0.0,2.0,7,2,11,11/18/2024,2024-11-18,07:55:00
11/19/2024 07:37:00 AM,5.0,4,2,5,5,3,3,3,3,1,4,DISREGARDING TRAFFIC SIGNALS,2,2,0.0,0.0,0.0,0.0,0.0,2.0,7,3,11,11/19/2024,2024-11-19,07:37:00
11/05/2024 01:30:00 PM,5.0,3,6,3,4,3,3,3,2,1,4,FOLLOWING TOO CLOSELY,2,2,0.0,0.0,0.0,0.0,0.0,2.0,13,3,11,11/05/2024,2024-11-05,13:30:00
11/19/2024 04:33:00 AM,5.0,5,5,5,6,3,4,3,3,1,4,DISREGARDING TRAFFIC SIGNALS,2,2,0.0,0.0,0.0,0.0,0.0,2.0,4,3,11,11/19/2024,2024-11-19,04:33:00
11/18/2024 10:25:00 AM,7.0,5,2,3,6,3,4,3,2,1,3,UNABLE TO DETERMINE,2,2,0.0,0.0,0.0,0.0,0.0,3.0,10,2,11,11/18/2024,2024-11-18,10:25:00
11/19/2024 07:59:00 AM,5.0,2,2,6,6,3,4,3,3,1,4,FAILING TO YIELD RIGHT-OF-WAY,2,2,0.0,0.0,0.0,0.0,0.0,2.0,7,3,11,11/19/2024,2024-11-19,07:59:00
11/19/2024 02:15:00 AM,5.0,5,5,8,5,3,4,3,2,1,2,UNDER THE INFLUENCE OF ALCOHOL/DRUGS (USE WHEN ARREST IS EFFECTED),2,2,0.0,0.0,0.0,0.0,0.0,2.0,2,3,11,11/19/2024,2024-11-19,02:15:00
11/19/2024 06:15:00 PM,5.0,3,5,4,4,3,3,3,2,1,4,FOLLOWING TOO CLOSELY,2,2,0.0,0.0,0.0,0.0,0.0,2.0,18,3,11,11/19/2024,2024-11-19,18:15:00
11/19/2024 08:30:00 AM,5.0,3,2,6,5,3,3,2,3,1,3,FAILING TO YIELD RIGHT-OF-WAY,2,2,0.0,0.0,0.0,0.0,0.0,2.0,8,3,11,11/19/2024,2024-11-19,08:30:00
11/18/2024 12:36:00 PM,5.0,5,2,6,5,4,4,3,3,1,4,DISREGARDING TRAFFIC SIGNALS,2,2,0.0,0.0,0.0,0.0,0.0,2.0,12,2,11,11/18/2024,2024-11-18,12:36:00
11/19/2024 04:00:00 PM,5.0,4,4,4,4,3,3,3,2,1,2,DRIVING SKILLS/KNOWLEDGE/EXPERIENCE,2,2,0.0,0.0,0.0,0.0,0.0,3.0,16,3,11,11/19/2024,2024-11-19,16:00:00
11/19/2024 09:13:00 AM,5.0,3,2,3,5,3,3,3,2,1,4,UNABLE TO DETERMINE,2,2,0.0,0.0,0.0,0.0,0.0,2.0,9,3,11,11/19/2024,2024-11-19,09:13:00
11/05/2024 02:30:00 PM,5.0,3,2,3,3,3,1,1,2,1,3,UNABLE TO DETERMINE,2,2,0.0,0.0,0.0,0.0,0.0,2.0,14,3,11,11/05/2024,2024-11-05,14:30:00
11/05/2024 06:00:00 PM,5.0,5,5,6,5,3,4,3,2,1,4,DISREGARDING TRAFFIC SIGNALS,2,2,0.0,0.0,0.0,0.0,0.0,2.0,18,3,11,11/05/2024,2024-11-05,18:00:00
11/05/2024 11:25:00 AM,7.0,5,2,5,10,3,4,3,2,1,4,UNABLE TO DETERMINE,2,2,0.0,0.0,0.0,0.0,0.0,4.0,11,3,11,11/05/2024,2024-11-05,11:25:00
11/05/2024 06:20:00 PM,7.0,5,5,7,5,3,4,3,2,1,2,WEATHER,2,2,0.0,0.0,0.0,0.0,0.0,2.0,18,3,11,11/05/2024,2024-11-05,18:20:00
11/05/2024 05:28:00 PM,5.0,5,5,5,5,3,4,3,3,1,4,FAILING TO YIELD RIGHT-OF-WAY,2,2,0.0,0.0,0.0,0.0,0.0,2.0,17,3,11,11/05/2024,2024-11-05,17:28:00
11/05/2024 09:20:00 AM,7.0,5,2,4,5,3,4,1,2,1,4,FOLLOWING TOO CLOSELY,2,2,0.0,0.0,0.0,0.0,0.0,2.0,9,3,11,11/05/2024,2024-11-05,09:20:00
11/05/2024 11:14:00 AM,3.0,4,2,6,7,3,3,1,3,1,4,FAILING TO YIELD RIGHT-OF-WAY,2,4,2.0,0.0,0.0,2.0,0.0,1.0,11,3,11,11/05/2024,2024-11-05,11:14:00
11/05/2024 09:50:00 AM,5.0,3,2,6,6,3,4,3,2,1,2,DISREGARDING TRAFFIC SIGNALS,2,2,0.0,0.0,0.0,0.0,0.0,3.0,9,3,11,11/05/2024,2024-11-05,09:50:00
11/05/2024 10:05:00 PM,3.0,5,6,5,10,3,4,1,2,1,4,FAILING TO YIELD RIGHT-OF-WAY,2,2,0.0,0.0,0.0,0.0,0.0,4.0,22,3,11,11/05/2024,2024-11-05,22:05:00
11/05/2024 05:26:00 AM,7.0,3,2,5,5,3,1,1,2,1,4,UNABLE TO DETERMINE,2,2,0.0,0.0,0.0,0.0,0.0,2.0,5,3,11,11/05/2024,2024-11-05,05:26:00
11/05/2024 10:08:00 AM,5.0,5,2,5,6,3,4,3,2,1,4,DISREGARDING TRAFFIC SIGNALS,2,2,0.0,0.0,0.0,0.0,0.0,4.0,10,3,11,11/05/2024,2024-11-05,10:08:00
11/05/2024 05:04:00 AM,5.0,5,5,6,5,3,4,3,2,1,4,DISREGARDING TRAFFIC SIGNALS,2,2,0.0,0.0,0.0,0.0,0.0,2.0,5,3,11,11/05/2024,2024-11-05,05:04:00
11/05/2024 08:18:00 PM,5.0,3,5,4,5,3,4,1,3,1,4,"OPERATING VEHICLE IN ERRATIC, RECKLESS, CARELESS, NEGLIGENT OR AGGRESSIVE MANNER",2,3,1.0,0.0,0.0,0.0,1.0,1.0,20,3,11,11/05/2024,2024-11-05,20:18:00
11/05/2024 03:36:00 AM,7.0,5,5,5,5,3,4,3,3,1,4,FAILING TO YIELD RIGHT-OF-WAY,2,2,0.0,0.0,0.0,0.0,0.0,4.0,3,3,11,11/05/2024,2024-11-05,03:36:00
11/05/2024 05:00:00 PM,3.0,5,5,10,4,3,4,3,2,0,4,IMPROPER LANE USAGE,2,2,0.0,0.0,0.0,0.0,0.0,2.0,17,3,11,11/05/2024,2024-11-05,17:00:00
11/05/2024 07:43:00 PM,5.0,5,5,6,7,3,4,1,3,1,4,UNABLE TO DETERMINE,2,4,1.0,0.0,0.0,1.0,0.0,4.0,19,3,11,11/05/2024,2024-11-05,19:43:00