crash_date,traffic_control_device,weather_condition,lighting_condition,first_crash_type,trafficway_type,alignment,roadway_surface_cond,road_defect,crash_type,intersection_related_i,damage,prim_contributory_cause,num_units,most_severe_injury,injuries_total,injuries_fatal,injuries_incapacitating,injuries_non_incapacitating,injuries_reported_not_evident,injuries_no_indication,crash_hour,crash_day_of_week,crash_month,parsed_datetime,date,time
11/10/2024 08:30:00 PM,7.0,3,5,5,6,3,3,1,2,1,4,UNABLE TO DETERMINE,2,2,0.0,0.0,0.0,0.0,0.0,3.0,20,1,11,11/10/2024,2024-11-10,20:30:00
11/10/2024 05:41:00 AM,5.0,3,5,5,6,3,3,3,3,1,4,DISREGARDING TRAFFIC SIGNALS,2,2,0.0,0.0,0.0,0.0,0.0,2.0,5,1,11,11/10/2024,2024-11-10,05:41:00
11/10/2024 05:55:00 AM,3.0,5,5,6,3,3,4,1,3,1,4,FAILING TO YIELD RIGHT-OF-WAY,2,3,1.0,0.0,0.0,0.0,1.0,2.0,5,1,11,11/10/2024,2024-11-10,05:55:00
11/10/2024 02:45:00 PM,5.0,3,2,3,3,3,3,3,2,1,4,UNABLE TO DETERMINE,2,2,0.0,0.0,0.0,0.0,0.0,2.0,14,1,11,11/10/2024,2024-11-10,14:45:00
11/24/2024 05:49:00 AM,7.0,3,3,6,5,3,3,3,3,1,4,FOLLOWING TOO CLOSELY,2,4,1.0,0.0,0.0,1.0,0.0,2.0,5,1,11,11/24/2024,2024-11-24,05:49:00
11/25/2024 04:45:00 AM,5.0,5,6,4,10,3,4,3,3,0,4,FAILING TO REDUCE SPEED TO AVOID CRASH,2,4,1.0,0.0,0.0,1.0,0.0,1.0,4,2,11,11/25/2024,2024-11-25,04:45:00
11/24/2024 06:40:00 PM,5.0,3,5,6,6,3,3,3,2,1,4,IMPROPER TURNING/NO SIGNAL,2,2,0.0,0.0,0.0,0.0,0.0,5.0,18,1,11,11/24/2024,2024-11-24,18:40:00
11/25/2024 10:19:00 AM,3.0,3,2,6,6,3,3,1,3,1,4,IMPROPER TURNING/NO SIGNAL,2,2,0.0,0.0,0.0,0.0,0.0,2.0,10,2,11,11/25/2024,2024-11-25,10:19:00
11/24/2024 05:22:00 PM,5.0,3,6,6,3,3,3,3,3,1,4,IMPROPER TURNING/NO SIGNAL,2,2,0.0,0.0,0.0,0.0,0.0,4.0,17,1,11,11/24/2024,2024-11-24,17:22:00
11/25/2024 12:45:00 PM,5.0,3,2,6,14,3,3,3,2,1,3,UNABLE TO DETERMINE,2,2,0.0,0.0,0.0,0.0,0.0,2.0,12,2,11,11/25/2024,2024-11-25,12:45:00
11/25/2024 05:48:00 PM,7.0,3,5,6,7,3,3,3,3,1,4,UNABLE TO DETERMINE,2,3,1.0,0.0,0.0,0.0,1.0,1.0,17,2,11,11/25/2024,2024-11-25,17:48:00
11/25/2024 06:48:00 PM,5.0,3,5,3,5,3,3,3,2,0,4,FAILING TO YIELD RIGHT-OF-WAY,2,2,0.0,0.0,0.0,0.0,0.0,3.0,18,2,11,11/25/2024,2024-11-25,18:48:00
11/22/2024 08:20:00 AM,3.0,3,2,6,6,3,3,3,2,1,4,IMPROPER TURNING/NO SIGNAL,2,2,0.0,0.0,0.0,0.0,0.0,4.0,8,6,11,11/22/2024,2024-11-22,08:20:00
11/25/2024 06:15:00 AM,7.0,3,5,6,5,3,4,1,3,1,4,FAILING TO YIELD RIGHT-OF-WAY,2,2,0.0,0.0,0.0,0.0,0.0,2.0,6,2,11,11/25/2024,2024-11-25,06:15:00
11/25/2024 12:30:00 PM,5.0,3,2,13,4,3,3,3,3,1,2,UNABLE TO DETERMINE,2,4,1.0,0.0,0.0,1.0,0.0,1.0,12,2,11,11/25/2024,2024-11-25,12:30:00
11/25/2024 10:32:00 AM,7.0,4,2,5,5,3,3,3,3,1,4,DISREGARDING STOP SIGN,2,4,2.0,0.0,0.0,2.0,0.0,1.0,10,2,11,11/25/2024,2024-11-25,10:32:00
11/25/2024 10:40:00 AM,5.0,3,2,3,7,3,3,3,2,1,4,FAILING TO YIELD RIGHT-OF-WAY,2,2,0.0,0.0,0.0,0.0,0.0,2.0,10,2,11,11/25/2024,2024-11-25,10:40:00
11/25/2024 02:47:00 PM,1.0,3,2,6,6,3,3,1,2,1,4,UNABLE TO DETERMINE,2,2,0.0,0.0,0.0,0.0,0.0,3.0,14,2,11,11/25/2024,2024-11-25,14:47:00
11/12/2024 03:33:00 PM,7.0,3,2,13,5,3,3,3,3,1,4,FAILING TO YIELD RIGHT-OF-WAY,2,4,1.0,0.0,0.0,1.0,0.0,1.0,15,3,11,11/12/2024,2024-11-12,15:33:00
11/24/2024 11:30:00 AM,7.0,3,2,6,6,3,1,1,2,1,3,UNABLE TO DETERMINE,2,2,0.0,0.0,0.0,0.0,0.0,3.0,11,1,11,11/24/2024,2024-11-24,11:30:00
11/25/2024 05:15:00 PM,5.0,3,5,6,5,3,3,1,2,1,4,UNABLE TO DETERMINE,2,2,0.0,0.0,0.0,0.0,0.0,2.0,17,2,11,11/25/2024,2024-11-25,17:15:00
11/25/2024 03:10:00 PM,5.0,4,2,4,5,3,3,3,2,1,3,FOLLOWING TOO CLOSELY,2,2,0.0,0.0,0.0,0.0,0.0,3.0,15,2,11,11/25/2024,2024-11-25,15:10:00
11/22/2024 05:35:00 AM,5.0,3,2,3,4,3,3,3,2,0,4,IMPROPER OVERTAKING/PASSING,2,2,0.0,0.0,0.0,0.0,0.0,2.0,5,6,11,11/22/2024,2024-11-22,05:35:00
11/25/2024 06:25:00 PM,7.0,3,5,14,6,3,1,1,3,1,2,UNABLE TO DETERMINE,2,4,1.0,0.0,0.0,1.0,0.0,1.0,18,2,11,11/25/2024,2024-11-25,18:25:00
11/25/2024 08:19:00 AM,5.0,3,2,6,4,3,3,3,3,1,4,FAILING TO YIELD RIGHT-OF-WAY,2,2,0.0,0.0,0.0,0.0,0.0,3.0,8,2,11,11/25/2024,2024-11-25,08:19:00
11/24/2024 12:03:00 PM,3.0,3,2,4,6,3,3,3,3,1,4,UNABLE TO DETERMINE,2,4,1.0,0.0,0.0,1.0,0.0,1.0,12,1,11,11/24/2024,2024-11-24,12:03:00
11/25/2024 01:30:00 PM,7.0,3,2,4,6,3,3,3,2,1,4,UNABLE TO DETERMINE,2,2,0.0,0.0,0.0,0.0,0.0,2.0,13,2,11,11/25/2024,2024-11-25,13:30:00
11/11/2024 09:00:00 AM,7.0,3,2,5,5,3,3,3,3,1,4,FAILING TO YIELD RIGHT-OF-WAY,2,2,0.0,0.0,0.0,0.0,0.0,2.0,9,2,11,11/11/2024,2024-11-11,09:00:00
11/11/2024 05:10:00 PM,5.0,3,2,4,4,3,3,3,2,1,4,FOLLOWING TOO CLOSELY,2,2,0.0,0.0,0.0,0.0,0.0,2.0,17,2,11,11/11/2024,2024-11-11,17:10:00
11/11/2024 01:03:00 PM,5.0,3,2,5,4,3,1,1,3,1,4,UNABLE TO DETERMINE,2,2,0.0,0.0,0.0,0.0,0.0,4.0,13,2,11,11/11/2024,2024-11-11,13:03:00
11/11/2024 11:15:00 AM,3.0,3,2,6,5,3,3,1,2,1,4,IMPROPER TURNING/NO SIGNAL,2,2,0.0,0.0,0.0,0.0,0.0,2.0,11,2,11,11/11/2024,2024-11-11,11:15:00
11/11/2024 08:21:00 AM,5.0,3,2,6,6,3,3,3,3,1,4,DISREGARDING TRAFFIC SIGNALS,2,2,0.0,0.0,0.0,0.0,0.0,2.0,8,2,11,11/11/2024,2024-11-11,08:21:00
11/11/2024 03:00:00 PM,7.0,3,2,5,5,3,3,3,2,1,3,FAILING TO YIELD RIGHT-OF-WAY,2,2,0.0,0.0,0.0,0.0,0.0,2.0,15,2,11,11/11/2024,2024-11-11,15:00:00
11/11/2024 04:04:00 PM,5.0,3,2,3,6,3,1,1,2,1,2,IMPROPER LANE USAGE,2,2,0.0,0.0,0.0,0.0,0.0,2.0,16,2,11,11/11/2024,2024-11-11,16:04:00
11/11/2024 01:30:00 PM,3.0,3,2,5,10,3,3,3,3,1,4,UNABLE TO DETERMINE,2,4,2.0,0.0,0.0,2.0,0.0,1.0,13,2,11,11/11/2024,2024-11-11,13:30:00
11/11/2024 05:40:00 PM,7.0,4,5,5,6,3,3,1,2,1,4,UNABLE TO DETERMINE,2,2,0.0,0.0,0.0,0.0,0.0,2.0,17,2,11,11/11/2024,2024-11-11,17:40:00
11/11/2024 07:30:00 AM,7.0,3,2,5,5,3,3,3,2,1,4,FAILING TO YIELD RIGHT-OF-WAY,2,2,0.0,0.0,0.0,0.0,0.0,2.0,7,2,11,11/11/2024,2024-11-11,07:30:00
11/11/2024 11:40:00 AM,3.0,3,2,5,6,3,3,3,2,1,4,UNABLE TO DETERMINE,2,2,0.0,0.0,0.0,0.0,0.0,3.0,11,2,11,11/11/2024,2024-11-11,11:40:00
11/11/2024 06:20:00 AM,7.0,3,3,3,6,3,3,3,2,1,2,FAILING TO REDUCE SPEED TO AVOID CRASH,2,2,0.0,0.0,0.0,0.0,0.0,2.0,6,2,11,11/11/2024,2024-11-11,06:20:00
11/11/2024 06:03:00 PM,7.0,3,4,5,4,3,3,3,2,1,4,FAILING TO REDUCE SPEED TO AVOID CRASH,2,2,0.0,0.0,0.0,0.0,0.0,2.0,18,2,11,11/11/2024,2024-11-11,18:03:00
11/11/2024 08:46:00 AM,5.0,3,2,5,7,3,3,3,3,1,4,DISREGARDING TRAFFIC SIGNALS,2,2,0.0,0.0,0.0,0.0,0.0,2.0,8,2,11,11/11/2024,2024-11-11,08:46:00
11/11/2024 08:19:00 AM,5.0,3,2,3,6,3,3,3,2,1,4,FAILING TO YIELD RIGHT-OF-WAY,2,2,0.0,0.0,0.0,0.0,0.0,2.0,8,2,11,11/11/2024,2024-11-11,08:19:00
11/11/2024 08:10:00 AM,1.0,3,2,6,7,3,3,1,3,1,4,UNABLE TO DETERMINE,2,4,1.0,0.0,0.0,1.0,0.0,1.0,8,2,11,11/11/2024,2024-11-11,08:10:00
11/11/2024 07:53:00 AM,5.0,3,2,4,4,3,3,1,3,1,4,FAILING TO REDUCE SPEED TO AVOID CRASH,2,4,2.0,0.0,0.0,2.0,0.0,1.0,7,2,11,11/11/2024,2024-11-11,07:53:00
11/11/2024 01:25:00 PM,5.0,3,2,4,6,3,3,3,2,1,2,FOLLOWING TOO CLOSELY,2,2,0.0,0.0,0.0,0.0,0.0,2.0,13,2,11,11/11/2024,2024-11-11,13:25:00
11/11/2024 09:45:00 AM,5.0,3,2,4,5,3,3,3,2,1,2,UNABLE TO DETERMINE,2,2,0.0,0.0,0.0,0.0,0.0,2.0,9,2,11,11/11/2024,2024-11-11,09:45:00
11/11/2024 07:30:00 AM,5.0,3,2,4,4,3,3,3,2,0,4,FOLLOWING TOO CLOSELY,2,2,0.0,0.0,0.0,0.0,0.0,2.0,7,2,11,11/11/2024,2024-11-11,07:30:00
11/11/2024 05:55:00 PM,3.0,3,2,6,5,3,3,3,2,1,4,IMPROPER TURNING/NO SIGNAL,2,2,0.0,0.0,0.0,0.0,0.0,3.0,17,2,11,11/11/2024,2024-11-11,17:55:00
12/06/2024 12:30:00 AM,5.0,3,5,4,5,3,3,1,2,1,4,UNABLE TO DETERMINE,2,2,0.0,0.0,0.0,0.0,0.0,2.0,0,6,12,12/06/2024,2024-12-06,00:30:00
11/26/2024 07:30:00 AM,5.0,3,2,13,5,3,3,3,3,1,4,FAILING TO YIELD RIGHT-OF-WAY,2,5,1.0,0.0,1.0,0.0,0.0,4.0,7,3,11,11/26/2024,2024-11-26,07:30:00
11/22/2024 11:46:00 PM,3.0,3,6,11,6,3,3,3,2,0,4,UNABLE TO DETERMINE,2,2,0.0,0.0,0.0,0.0,0.0,1.0,23,6,11,11/22/2024,2024-11-22,23:46:00
11/26/2024 05:30:00 AM,5.0,3,3,5,6,3,3,1,3,1,4,DISREGARDING TRAFFIC SIGNALS,2,2,0.0,0.0,0.0,0.0,0.0,2.0,5,3,11,11/26/2024,2024-11-26,05:30:00
11/26/2024 11:35:00 AM,7.0,3,2,6,5,3,3,3,3,1,4,FAILING TO REDUCE SPEED TO AVOID CRASH,2,4,1.0,0.0,0.0,1.0,0.0,2.0,11,3,11,11/26/2024,2024-11-26,11:35:00
11/26/2024 08:35:00 AM,5.0,3,2,4,4,3,3,3,2,1,3,UNABLE TO DETERMINE,2,2,0.0,0.0,0.0,0.0,0.0,2.0,8,3,11,11/26/2024,2024-11-26,08:35:00
11/23/2024 08:53:00 AM,3.0,3,2,3,6,3,3,3,2,1,3,UNABLE TO DETERMINE,2,2,0.0,0.0,0.0,0.0,0.0,2.0,8,7,11,11/23/2024,2024-11-23,08:53:00
11/25/2024 12:43:00 PM,5.0,3,2,13,6,3,3,3,3,1,4,FAILING TO YIELD RIGHT-OF-WAY,2,3,1.0,0.0,0.0,0.0,1.0,1.0,12,2,11,11/25/2024,2024-11-25,12:43:00
11/26/2024 06:50:00 PM,5.0,3,5,6,4,3,3,3,2,1,4,FAILING TO YIELD RIGHT-OF-WAY,2,2,0.0,0.0,0.0,0.0,0.0,4.0,18,3,11,11/26/2024,2024-11-26,18:50:00
11/26/2024 06:00:00 PM,5.0,3,5,13,5,3,3,1,3,1,4,DISREGARDING TRAFFIC SIGNALS,2,5,1.0,0.0,1.0,0.0,0.0,1.0,18,3,11,11/26/2024,2024-11-26,18:00:00
11/23/2024 10:30:00 PM,3.0,3,5,10,5,3,3,3,2,1,3,FAILING TO REDUCE SPEED TO AVOID CRASH,2,2,0.0,0.0,0.0,0.0,0.0,2.0,22,7,11,11/23/2024,2024-11-23,22:30:00
11/25/2024 10:50:00 PM,3.0,3,5,6,5,3,3,3,3,1,4,IMPROPER OVERTAKING/PASSING,2,2,0.0,0.0,0.0,0.0,0.0,2.0,22,2,11,11/25/2024,2024-11-25,22:50:00
11/24/2024 09:00:00 PM,5.0,3,2,6,6,3,1,1,2,1,3,UNABLE TO DETERMINE,2,2,0.0,0.0,0.0,0.0,0.0,5.0,21,1,11,11/24/2024,2024-11-24,21:00:00
11/27/2024 01:58:00 AM,5.0,3,5,5,5,3,3,3,3,1,4,FAILING TO YIELD RIGHT-OF-WAY,2,2,0.0,0.0,0.0,0.0,0.0,2.0,1,4,11,11/27/2024,2024-11-27,01:58:00
11/21/2024 12:14:00 PM,7.0,6,2,4,5,3,5,1,2,1,4,WEATHER,2,2,0.0,0.0,0.0,0.0,0.0,3.0,12,5,11,11/21/2024,2024-11-21,12:14:00
11/25/2024 07:55:00 PM,5.0,3,6,3,6,3,3,1,2,1,4,UNABLE TO DETERMINE,2,2,0.0,0.0,0.0,0.0,0.0,2.0,19,2,11,11/25/2024,2024-11-25,19:55:00
11/26/2024 05:45:00 PM,7.0,3,5,6,6,4,3,3,2,1,3,FAILING TO YIELD RIGHT-OF-WAY,2,2,0.0,0.0,0.0,0.0,0.0,2.0,17,3,11,11/26/2024,2024-11-26,17:45:00
11/26/2024 05:26:00 PM,3.0,3,5,5,3,3,3,3,3,1,4,FAILING TO YIELD RIGHT-OF-WAY,2,2,0.0,0.0,0.0,0.0,0.0,3.0,17,3,11,11/26/2024,2024-11-26,17:26:00
11/22/2024 08:40:00 AM,7.0,4,2,4,6,3,4,1,2,1,4,DISTRACTION - FROM INSIDE VEHICLE,2,2,0.0,0.0,0.0,0.0,0.0,3.0,8,6,11,11/22/2024,2024-11-22,08:40:00
11/23/2024 10:32:00 AM,7.0,4,2,5,6,3,3,3,2,1,4,FAILING TO REDUCE SPEED TO AVOID CRASH,2,2,0.0,0.0,0.0,0.0,0.0,5.0,10,7,11,11/23/2024,2024-11-23,10:32:00
11/26/2024 05:00:00 PM,3.0,3,6,5,5,4,3,6,3,1,4,FAILING TO YIELD RIGHT-OF-WAY,2,4,1.0,0.0,0.0,1.0,0.0,1.0,17,3,11,11/26/2024,2024-11-26,17:00:00
11/23/2024 02:50:00 PM,5.0,3,2,3,5,3,3,3,2,1,4,IMPROPER LANE USAGE,2,2,0.0,0.0,0.0,0.0,0.0,2.0,14,7,11,11/23/2024,2024-11-23,14:50:00
11/26/2024 05:20:00 PM,5.0,3,2,5,6,3,1,1,2,0,4,UNABLE TO DETERMINE,2,2,0.0,0.0,0.0,0.0,0.0,2.0,17,3,11,11/26/2024,2024-11-26,17:20:00
11/23/2024 11:05:00 AM,3.0,3,2,5,6,3,3,3,3,1,4,FAILING TO YIELD RIGHT-OF-WAY,2,2,0.0,0.0,0.0,0.0,0.0,2.0,11,7,11,11/23/2024,2024-11-23,11:05:00
11/26/2024 08:45:00 AM,5.0,3,2,6,6,3,3,3,3,1,4,UNABLE TO DETERMINE,2,2,0.0,0.0,0.0,0.0,0.0,2.0,8,3,11,11/26/2024,2024-11-26,08:45:00
11/26/2024 01:07:00 PM,1.0,3,2,3,6,3,1,1,2,1,4,UNABLE TO DETERMINE,2,2,0.0,0.0,0.0,0.0,0.0,2.0,13,3,11,11/26/2024,2024-11-26,13:07:00
11/25/2024 07:03:00 PM,7.0,3,5,5,4,3,3,3,3,1,4,UNABLE TO DETERMINE,2,2,0.0,0.0,0.0,0.0,0.0,3.0,19,2,11,11/25/2024,2024-11-25,19:03:00
11/25/2024 09:45:00 AM,5.0,3,2,5,5,3,3,3,3,1,4,DISREGARDING TRAFFIC SIGNALS,2,3,1.0,0.0,0.0,0.0,1.0,1.0,9,2,11,11/25/2024,2024-11-25,09:45:00
11/26/2024 02:58:00 PM,3.0,3,2,4,6,3,3,3,2,1,4,UNABLE TO DETERMINE,2,2,0.0,0.0,0.0,0.0,0.0,3.0,14,3,11,11/26/2024,2024-11-26,14:58:00
11/12/2024 11:55:00 AM,5.0,3,2,5,5,3,3,3,3,1,4,DISTRACTION - FROM INSIDE VEHICLE,2,2,0.0,0.0,0.0,0.0,0.0,2.0,11,3,11,11/12/2024,2024-11-12,11:55:00
11/12/2024 08:45:00 PM,5.0,3,5,6,5,3,1,1,2,1,4,IMPROPER OVERTAKING/PASSING,2,2,0.0,0.0,0.0,0.0,0.0,2.0,20,3,11,11/12/2024,2024-11-12,20:45:00
11/12/2024 12:15:00 PM,5.0,3,2,3,7,3,1,1,2,1,4,UNABLE TO DETERMINE,2,2,0.0,0.0,0.0,0.0,0.0,2.0,12,3,11,11/12/2024,2024-11-12,12:15:00
11/12/2024 12:40:00 PM,5.0,3,2,4,6,3,3,3,2,1,4,FOLLOWING TOO CLOSELY,2,2,0.0,0.0,0.0,0.0,0.0,2.0,12,3,11,11/12/2024,2024-11-12,12:40:00
11/20/2024 05:25:00 PM,5.0,5,5,3,3,3,4,3,2,0,4,WEATHER,2,2,0.0,0.0,0.0,0.0,0.0,3.0,17,4,11,11/20/2024,2024-11-20,17:25:00
11/12/2024 01:15:00 PM,5.0,3,2,5,4,3,3,3,3,1,4,FAILING TO YIELD RIGHT-OF-WAY,2,2,0.0,0.0,0.0,0.0,0.0,2.0,13,3,11,11/12/2024,2024-11-12,13:15:00
11/12/2024 07:46:00 PM,5.0,3,5,4,9,3,3,3,2,1,4,FAILING TO REDUCE SPEED TO AVOID CRASH,2,2,0.0,0.0,0.0,0.0,0.0,3.0,19,3,11,11/12/2024,2024-11-12,19:46:00
11/12/2024 03:21:00 PM,5.0,3,2,4,5,3,3,3,2,1,2,FOLLOWING TOO CLOSELY,2,2,0.0,0.0,0.0,0.0,0.0,2.0,15,3,11,11/12/2024,2024-11-12,15:21:00
11/12/2024 03:00:00 PM,7.0,3,2,5,6,3,3,3,3,1,4,FAILING TO YIELD RIGHT-OF-WAY,2,2,0.0,0.0,0.0,0.0,0.0,2.0,15,3,11,11/12/2024,2024-11-12,15:00:00
11/12/2024 02:30:00 PM,7.0,3,2,5,4,3,3,3,2,1,4,UNABLE TO DETERMINE,2,2,0.0,0.0,0.0,0.0,0.0,3.0,14,3,11,11/12/2024,2024-11-12,14:30:00
11/12/2024 03:50:00 PM,5.0,3,2,10,5,3,3,3,3,1,4,PHYSICAL CONDITION OF DRIVER,2,2,0.0,0.0,0.0,0.0,0.0,4.0,15,3,11,11/12/2024,2024-11-12,15:50:00
11/12/2024 11:41:00 AM,5.0,3,2,3,5,3,3,1,2,1,3,UNABLE TO DETERMINE,2,2,0.0,0.0,0.0,0.0,0.0,2.0,11,3,11,11/12/2024,2024-11-12,11:41:00
11/12/2024 03:50:00 PM,7.0,3,2,6,5,3,3,3,3,1,4,IMPROPER TURNING/NO SIGNAL,2,2,0.0,0.0,0.0,0.0,0.0,5.0,15,3,11,11/12/2024,2024-11-12,15:50:00
11/12/2024 02:15:00 PM,5.0,3,2,6,6,3,3,3,3,1,4,UNABLE TO DETERMINE,2,5,1.0,0.0,1.0,0.0,0.0,1.0,14,3,11,11/12/2024,2024-11-12,14:15:00
11/12/2024 06:51:00 PM,7.0,3,5,5,5,3,3,3,2,1,4,DISREGARDING STOP SIGN,2,2,0.0,0.0,0.0,0.0,0.0,2.0,18,3,11,11/12/2024,2024-11-12,18:51:00
11/12/2024 08:00:00 AM,7.0,3,2,5,5,3,3,1,3,0,4,FAILING TO YIELD RIGHT-OF-WAY,2,2,0.0,0.0,0.0,0.0,0.0,2.0,8,3,11,11/12/2024,2024-11-12,08:00:00
11/12/2024 12:00:00 PM,7.0,3,2,5,5,3,3,3,3,1,4,"VISION OBSCURED (SIGNS, TREE LIMBS, BUILDINGS, ETC.)",2,2,0.0,0.0,0.0,0.0,0.0,2.0,12,3,11,11/12/2024,2024-11-12,12:00:00
11/12/2024 09:50:00 AM,5.0,3,2,4,7,3,1,1,2,1,4,UNABLE TO DETERMINE,2,2,0.0,0.0,0.0,0.0,0.0,2.0,9,3,11,11/12/2024,2024-11-12,09:50:00
11/12/2024 06:00:00 PM,5.0,3,5,6,5,3,3,3,2,1,4,IMPROPER TURNING/NO SIGNAL,2,2,0.0,0.0,0.0,0.0,0.0,2.0,18,3,11,11/12/2024,2024-11-12,18:00:00
11/12/2024 01:30:00 PM,7.0,3,2,5,5,3,3,1,3,1,4,UNABLE TO DETERMINE,2,3,1.0,0.0,0.0,0.0,1.0,1.0,13,3,11,11/12/2024,2024-11-12,13:30:00
11/12/2024 08:49:00 AM,7.0,3,2,5,5,3,3,3,3,1,4,FAILING TO YIELD RIGHT-OF-WAY,2,5,1.0,0.0,1.0,0.0,0.0,1.0,8,3,11,11/12/2024,2024-11-12,08:49:00
11/12/2024 12:45:00 PM,5.0,3,2,6,5,3,3,1,2,1,4,FAILING TO YIELD RIGHT-OF-WAY,2,2,0.0,0.0,0.0,0.0,0.0,5.0,12,3,11,11/12/2024,2024-11-12,12:45:00
11/12/2024 07:00:00 AM,3.0,3,2,5,5,3,3,1,3,1,4,UNABLE TO DETERMINE,2,3,1.0,0.0,0.0,0.0,1.0,1.0,7,3,11,11/12/2024,2024-11-12,07:00:00
11/12/2024 05:59:00 PM,7.0,3,5,5,13,3,3,3,3,1,4,UNABLE TO DETERMINE,2,2,0.0,0.0,0.0,0.0,0.0,2.0,17,3,11,11/12/2024,2024-11-12,17:59:00
11/12/2024 05:30:00 PM,7.0,3,5,5,5,3,3,3,2,1,4,DISREGARDING STOP SIGN,2,2,0.0,0.0,0.0,0.0,0.0,2.0,17,3,11,11/12/2024,2024-11-12,17:30:00
11/12/2024 07:18:00 PM,5.0,3,2,5,6,3,1,3,3,1,4,NOT APPLICABLE,2,3,1.0,0.0,0.0,0.0,1.0,1.0,19,3,11,11/12/2024,2024-11-12,19:18:00
11/12/2024 02:48:00 PM,4.0,3,2,5,5,3,3,3,3,1,4,FAILING TO REDUCE SPEED TO AVOID CRASH,2,3,1.0,0.0,0.0,0.0,1.0,4.0,14,3,11,11/12/2024,2024-11-12,14:48:00
11/12/2024 07:13:00 PM,7.0,3,5,4,6,3,3,1,2,1,3,UNABLE TO DETERMINE,2,2,0.0,0.0,0.0,0.0,0.0,2.0,19,3,11,11/12/2024,2024-11-12,19:13:00
11/12/2024 12:00:00 PM,5.0,3,2,4,10,3,3,3,3,1,4,UNABLE TO DETERMINE,2,3,1.0,0.0,0.0,0.0,1.0,1.0,12,3,11,11/12/2024,2024-11-12,12:00:00
11/12/2024 03:10:00 PM,5.0,3,2,6,7,3,3,3,3,1,4,FAILING TO YIELD RIGHT-OF-WAY,2,5,2.0,0.0,1.0,1.0,0.0,1.0,15,3,11,11/12/2024,2024-11-12,15:10:00
11/12/2024 08:00:00 AM,5.0,3,2,4,5,3,1,1,2,1,4,FOLLOWING TOO CLOSELY,2,2,0.0,0.0,0.0,0.0,0.0,2.0,8,3,11,11/12/2024,2024-11-12,08:00:00
11/27/2024 08:00:00 PM,5.0,3,2,3,6,3,3,3,3,1,4,IMPROPER LANE USAGE,2,3,1.0,0.0,0.0,0.0,1.0,5.0,20,4,11,11/27/2024,2024-11-27,20:00:00
11/24/2024 12:10:00 PM,7.0,3,2,5,5,3,3,3,2,1,3,FAILING TO YIELD RIGHT-OF-WAY,2,2,0.0,0.0,0.0,0.0,0.0,4.0,12,1,11,11/24/2024,2024-11-24,12:10:00
11/27/2024 06:46:00 PM,3.0,3,6,13,6,3,3,3,3,1,3,FAILING TO YIELD RIGHT-OF-WAY,2,6,1.0,1.0,0.0,0.0,0.0,1.0,18,4,11,11/27/2024,2024-11-27,18:46:00
11/23/2024 11:00:00 AM,3.0,3,2,5,5,3,3,3,2,1,4,FAILING TO YIELD RIGHT-OF-WAY,2,2,0.0,0.0,0.0,0.0,0.0,2.0,11,7,11,11/23/2024,2024-11-23,11:00:00
11/28/2024 02:00:00 AM,7.0,3,5,6,5,3,3,3,2,1,4,UNABLE TO DETERMINE,2,2,0.0,0.0,0.0,0.0,0.0,2.0,2,5,11,11/28/2024,2024-11-28,02:00:00
11/26/2024 10:22:00 AM,5.0,3,2,14,6,3,3,3,3,1,2,IMPROPER TURNING/NO SIGNAL,2,4,1.0,0.0,0.0,1.0,0.0,1.0,10,3,11,11/26/2024,2024-11-26,10:22:00
11/27/2024 08:40:00 AM,5.0,3,2,6,3,3,3,3,2,1,4,IMPROPER LANE USAGE,2,2,0.0,0.0,0.0,0.0,0.0,2.0,8,4,11,11/27/2024,2024-11-27,08:40:00
11/26/2024 07:30:00 PM,3.0,3,5,5,5,3,3,3,3,1,4,UNABLE TO DETERMINE,2,2,0.0,0.0,0.0,0.0,0.0,2.0,19,3,11,11/26/2024,2024-11-26,19:30:00
11/24/2024 09:15:00 AM,7.0,3,2,4,5,3,3,3,2,1,3,UNABLE TO DETERMINE,2,2,0.0,0.0,0.0,0.0,0.0,2.0,9,1,11,11/24/2024,2024-11-24,09:15:00
11/27/2024 12:40:00 PM,3.0,3,2,6,5,3,3,3,3,1,4,UNABLE TO DETERMINE,2,4,1.0,0.0,0.0,1.0,0.0,2.0,12,4,11,11/27/2024,2024-11-27,12:40:00
11/26/2024 06:49:00 PM,1.0,3,2,3,6,3,1,1,2,1,4,IMPROPER OVERTAKING/PASSING,2,2,0.0,0.0,0.0,0.0,0.0,4.0,18,3,11,11/26/2024,2024-11-26,18:49:00
11/27/2024 03:58:00 PM,7.0,3,4,6,6,3,3,3,3,1,4,FAILING TO YIELD RIGHT-OF-WAY,2,4,2.0,0.0,0.0,2.0,0.0,1.0,15,4,11,11/27/2024,2024-11-27,15:58:00
11/26/2024 07:15:00 PM,5.0,3,5,6,5,3,3,3,3,1,4,FAILING TO YIELD RIGHT-OF-WAY,2,3,2.0,0.0,0.0,0.0,2.0,3.0,19,3,11,11/26/2024,2024-11-26,19:15:00