crash_date,traffic_control_device,weather_condition,lighting_condition,first_crash_type,trafficway_type,alignment,roadway_surface_cond,road_defect,crash_type,intersection_related_i,damage,prim_contributory_cause,num_units,most_severe_injury,injuries_total,injuries_fatal,injuries_incapacitating,injuries_non_incapacitating,injuries_reported_not_evident,injuries_no_indication,crash_hour,crash_day_of_week,crash_month,parsed_datetime,date,time
11/25/2024 03:00:00 PM,7.0,3,2,5,4,3,3,3,3,1,4,FAILING TO YIELD RIGHT-OF-WAY,2,3,1.0,0.0,0.0,0.0,1.0,2.0,15,2,11,11/25/2024,2024-11-25,15:00:00
11/24/2024 11:52:00 AM,5.0,3,2,6,6,3,3,3,3,1,4,UNABLE TO DETERMINE,2,2,0.0,0.0,0.0,0.0,0.0,10.0,11,1,11,11/24/2024,2024-11-24,11:52:00
11/25/2024 01:20:00 PM,7.0,4,2,5,4,3,3,1,3,1,4,UNABLE TO DETERMINE,2,2,0.0,0.0,0.0,0.0,0.0,2.0,13,2,11,11/25/2024,2024-11-25,13:20:00
11/25/2024 06:15:00 AM,5.0,3,6,4,4,3,3,3,2,1,4,UNABLE TO DETERMINE,2,2,0.0,0.0,0.0,0.0,0.0,2.0,6,2,11,11/25/2024,2024-11-25,06:15:00
11/27/2024 03:10:00 PM,6.0,4,2,13,5,4,3,3,3,1,3,"OPERATING VEHICLE IN ERRATIC, RECKLESS, CARELESS, NEGLIGENT OR AGGRESSIVE MANNER",2,3,1.0,0.0,0.0,0.0,1.0,1.0,15,4,11,11/27/2024,2024-11-27,15:10:00
11/27/2024 10:12:00 PM,5.0,3,5,5,5,3,1,1,3,1,4,DISREGARDING TRAFFIC SIGNALS,2,2,0.0,0.0,0.0,0.0,0.0,2.0,22,4,11,11/27/2024,2024-11-27,22:12:00
11/27/2024 11:00:00 AM,7.0,3,2,4,7,3,1,1,2,1,4,FOLLOWING TOO CLOSELY,2,2,0.0,0.0,0.0,0.0,0.0,2.0,11,4,11,11/27/2024,2024-11-27,11:00:00
11/27/2024 08:27:00 AM,5.0,4,2,3,5,3,3,3,2,1,3,IMPROPER OVERTAKING/PASSING,2,2,0.0,0.0,0.0,0.0,0.0,2.0,8,4,11,11/27/2024,2024-11-27,08:27:00
11/23/2024 05:45:00 PM,1.0,3,2,13,1,3,1,1,2,1,4,UNABLE TO DETERMINE,2,2,0.0,0.0,0.0,0.0,0.0,2.0,17,7,11,11/23/2024,2024-11-23,17:45:00
11/27/2024 05:04:00 PM,7.0,3,6,6,5,3,3,1,2,1,2,NOT APPLICABLE,2,2,0.0,0.0,0.0,0.0,0.0,3.0,17,4,11,11/27/2024,2024-11-27,17:04:00
11/27/2024 11:26:00 AM,5.0,3,2,14,5,3,3,3,3,1,2,IMPROPER TURNING/NO SIGNAL,2,3,1.0,0.0,0.0,0.0,1.0,1.0,11,4,11,11/27/2024,2024-11-27,11:26:00
11/24/2024 11:20:00 AM,5.0,3,2,6,12,3,3,3,2,1,4,IMPROPER TURNING/NO SIGNAL,2,2,0.0,0.0,0.0,0.0,0.0,2.0,11,1,11,11/24/2024,2024-11-24,11:20:00
11/27/2024 07:45:00 AM,5.0,3,2,4,4,3,3,3,2,1,3,FOLLOWING TOO CLOSELY,2,2,0.0,0.0,0.0,0.0,0.0,2.0,7,4,11,11/27/2024,2024-11-27,07:45:00
11/27/2024 10:30:00 AM,7.0,3,2,5,5,3,3,1,3,1,4,FAILING TO YIELD RIGHT-OF-WAY,2,2,0.0,0.0,0.0,0.0,0.0,2.0,10,4,11,11/27/2024,2024-11-27,10:30:00
11/13/2024 12:45:00 PM,5.0,3,2,3,10,3,3,3,2,1,4,IMPROPER LANE USAGE,2,2,0.0,0.0,0.0,0.0,0.0,2.0,12,4,11,11/13/2024,2024-11-13,12:45:00
11/13/2024 02:49:00 PM,5.0,3,2,3,6,3,3,3,2,1,4,IMPROPER OVERTAKING/PASSING,2,2,0.0,0.0,0.0,0.0,0.0,2.0,14,4,11,11/13/2024,2024-11-13,14:49:00
11/13/2024 11:10:00 AM,3.0,3,2,5,6,3,3,3,3,1,4,IMPROPER OVERTAKING/PASSING,2,3,1.0,0.0,0.0,0.0,1.0,2.0,11,4,11,11/13/2024,2024-11-13,11:10:00
11/13/2024 06:35:00 PM,5.0,5,5,3,5,3,4,3,2,1,3,UNABLE TO DETERMINE,2,2,0.0,0.0,0.0,0.0,0.0,2.0,18,4,11,11/13/2024,2024-11-13,18:35:00
11/13/2024 07:20:00 PM,5.0,5,5,6,5,3,4,3,2,1,3,IMPROPER OVERTAKING/PASSING,2,2,0.0,0.0,0.0,0.0,0.0,2.0,19,4,11,11/13/2024,2024-11-13,19:20:00
11/13/2024 07:45:00 PM,5.0,5,6,13,6,3,4,3,3,1,2,FAILING TO YIELD RIGHT-OF-WAY,2,3,1.0,0.0,0.0,0.0,1.0,1.0,19,4,11,11/13/2024,2024-11-13,19:45:00
11/13/2024 06:28:00 PM,5.0,5,5,10,5,3,4,1,3,1,4,UNABLE TO DETERMINE,2,4,1.0,0.0,0.0,1.0,0.0,1.0,18,4,11,11/13/2024,2024-11-13,18:28:00
11/13/2024 05:30:00 PM,1.0,3,2,5,5,3,1,1,2,1,3,DRIVING SKILLS/KNOWLEDGE/EXPERIENCE,2,2,0.0,0.0,0.0,0.0,0.0,2.0,17,4,11,11/13/2024,2024-11-13,17:30:00
11/13/2024 01:35:00 PM,7.0,4,2,6,5,3,1,1,2,1,3,IMPROPER OVERTAKING/PASSING,2,2,0.0,0.0,0.0,0.0,0.0,2.0,13,4,11,11/13/2024,2024-11-13,13:35:00
11/13/2024 11:45:00 AM,7.0,5,2,4,6,3,3,1,2,0,3,UNABLE TO DETERMINE,2,2,0.0,0.0,0.0,0.0,0.0,2.0,11,4,11,11/13/2024,2024-11-13,11:45:00
11/13/2024 06:41:00 AM,3.0,3,2,6,6,3,3,3,3,1,4,IMPROPER OVERTAKING/PASSING,2,3,1.0,0.0,0.0,0.0,1.0,1.0,6,4,11,11/13/2024,2024-11-13,06:41:00
11/13/2024 02:58:00 PM,5.0,5,5,4,5,3,4,3,3,1,4,FAILING TO REDUCE SPEED TO AVOID CRASH,2,2,0.0,0.0,0.0,0.0,0.0,2.0,14,4,11,11/13/2024,2024-11-13,14:58:00
11/13/2024 06:00:00 PM,5.0,5,5,3,5,3,4,3,2,1,4,IMPROPER LANE USAGE,2,2,0.0,0.0,0.0,0.0,0.0,2.0,18,4,11,11/13/2024,2024-11-13,18:00:00
11/13/2024 01:00:00 AM,7.0,3,2,6,7,3,3,3,2,1,4,IMPROPER TURNING/NO SIGNAL,2,2,0.0,0.0,0.0,0.0,0.0,2.0,1,4,11,11/13/2024,2024-11-13,01:00:00
11/13/2024 07:30:00 PM,5.0,5,5,4,6,3,4,3,3,1,4,PHYSICAL CONDITION OF DRIVER,2,4,1.0,0.0,0.0,1.0,0.0,1.0,19,4,11,11/13/2024,2024-11-13,19:30:00
11/13/2024 06:45:00 PM,7.0,5,5,4,7,3,4,1,3,1,4,WEATHER,2,3,2.0,0.0,0.0,0.0,2.0,1.0,18,4,11,11/13/2024,2024-11-13,18:45:00
11/13/2024 03:45:00 PM,7.0,3,2,4,4,3,3,3,2,1,4,FOLLOWING TOO CLOSELY,2,2,0.0,0.0,0.0,0.0,0.0,3.0,15,4,11,11/13/2024,2024-11-13,15:45:00
11/13/2024 05:45:00 PM,5.0,5,5,5,6,3,4,1,2,1,4,FAILING TO REDUCE SPEED TO AVOID CRASH,2,2,0.0,0.0,0.0,0.0,0.0,3.0,17,4,11,11/13/2024,2024-11-13,17:45:00
11/13/2024 05:25:00 PM,3.0,5,5,6,6,3,4,3,2,1,4,FAILING TO YIELD RIGHT-OF-WAY,2,2,0.0,0.0,0.0,0.0,0.0,4.0,17,4,11,11/13/2024,2024-11-13,17:25:00
11/13/2024 05:10:00 PM,5.0,4,5,3,6,3,3,3,2,1,4,UNABLE TO DETERMINE,2,2,0.0,0.0,0.0,0.0,0.0,3.0,17,4,11,11/13/2024,2024-11-13,17:10:00
11/13/2024 01:50:00 PM,7.0,3,2,5,5,3,3,3,3,1,4,FAILING TO YIELD RIGHT-OF-WAY,2,3,1.0,0.0,0.0,0.0,1.0,2.0,13,4,11,11/13/2024,2024-11-13,13:50:00
11/13/2024 06:40:00 PM,5.0,4,5,6,5,3,4,3,2,1,4,DISREGARDING ROAD MARKINGS,2,2,0.0,0.0,0.0,0.0,0.0,2.0,18,4,11,11/13/2024,2024-11-13,18:40:00
11/13/2024 08:00:00 PM,5.0,5,5,3,10,3,4,3,2,1,4,FOLLOWING TOO CLOSELY,2,2,0.0,0.0,0.0,0.0,0.0,3.0,20,4,11,11/13/2024,2024-11-13,20:00:00
11/13/2024 03:45:00 PM,5.0,3,2,4,6,3,3,1,2,0,3,FOLLOWING TOO CLOSELY,2,2,0.0,0.0,0.0,0.0,0.0,2.0,15,4,11,11/13/2024,2024-11-13,15:45:00
11/13/2024 10:23:00 AM,5.0,3,2,2,6,3,3,3,3,1,4,IMPROPER OVERTAKING/PASSING,2,4,1.0,0.0,0.0,1.0,0.0,1.0,10,4,11,11/13/2024,2024-11-13,10:23:00
11/13/2024 04:15:00 PM,5.0,3,2,5,5,3,3,3,3,1,4,DISREGARDING TRAFFIC SIGNALS,2,2,0.0,0.0,0.0,0.0,0.0,3.0,16,4,11,11/13/2024,2024-11-13,16:15:00
11/13/2024 04:25:00 PM,5.0,3,4,13,4,3,3,3,3,1,3,FAILING TO YIELD RIGHT-OF-WAY,2,4,1.0,0.0,0.0,1.0,0.0,2.0,16,4,11,11/13/2024,2024-11-13,16:25:00
11/13/2024 04:20:00 PM,7.0,3,3,5,5,3,3,3,2,1,4,UNABLE TO DETERMINE,2,2,0.0,0.0,0.0,0.0,0.0,5.0,16,4,11,11/13/2024,2024-11-13,16:20:00
11/13/2024 06:00:00 PM,5.0,5,5,9,6,3,4,3,2,1,4,UNABLE TO DETERMINE,2,2,0.0,0.0,0.0,0.0,0.0,2.0,18,4,11,11/13/2024,2024-11-13,18:00:00
11/13/2024 11:21:00 PM,7.0,5,5,6,7,3,4,3,2,1,4,FAILING TO YIELD RIGHT-OF-WAY,2,2,0.0,0.0,0.0,0.0,0.0,3.0,23,4,11,11/13/2024,2024-11-13,23:21:00
11/13/2024 08:04:00 PM,5.0,5,5,6,4,3,4,3,2,1,4,FAILING TO YIELD RIGHT-OF-WAY,2,2,0.0,0.0,0.0,0.0,0.0,5.0,20,4,11,11/13/2024,2024-11-13,20:04:00
11/13/2024 06:20:00 AM,5.0,3,2,6,6,3,3,1,3,1,4,UNABLE TO DETERMINE,2,4,1.0,0.0,0.0,1.0,0.0,1.0,6,4,11,11/13/2024,2024-11-13,06:20:00
11/13/2024 08:00:00 PM,5.0,5,5,13,5,3,4,7,3,1,2,WEATHER,2,4,1.0,0.0,0.0,1.0,0.0,1.0,20,4,11,11/13/2024,2024-11-13,20:00:00
11/13/2024 06:46:00 PM,5.0,5,5,5,1,3,4,3,3,1,4,DRIVING ON WRONG SIDE/WRONG WAY,2,4,1.0,0.0,0.0,1.0,0.0,1.0,18,4,11,11/13/2024,2024-11-13,18:46:00
11/13/2024 03:05:00 PM,7.0,3,2,5,5,3,3,3,3,1,4,FAILING TO YIELD RIGHT-OF-WAY,2,2,0.0,0.0,0.0,0.0,0.0,2.0,15,4,11,11/13/2024,2024-11-13,15:05:00
11/13/2024 08:47:00 AM,5.0,3,2,5,5,3,3,3,3,1,4,FAILING TO YIELD RIGHT-OF-WAY,2,2,0.0,0.0,0.0,0.0,0.0,2.0,8,4,11,11/13/2024,2024-11-13,08:47:00
11/13/2024 03:45:00 AM,5.0,3,5,3,5,3,3,1,2,0,4,FAILING TO REDUCE SPEED TO AVOID CRASH,2,2,0.0,0.0,0.0,0.0,0.0,3.0,3,4,11,11/13/2024,2024-11-13,03:45:00
11/13/2024 08:23:00 AM,9.0,3,2,3,6,3,3,3,2,0,4,IMPROPER OVERTAKING/PASSING,2,2,0.0,0.0,0.0,0.0,0.0,2.0,8,4,11,11/13/2024,2024-11-13,08:23:00
11/13/2024 09:50:00 AM,5.0,3,2,6,5,3,3,3,3,1,4,FAILING TO YIELD RIGHT-OF-WAY,2,3,1.0,0.0,0.0,0.0,1.0,1.0,9,4,11,11/13/2024,2024-11-13,09:50:00
11/13/2024 04:20:00 PM,3.0,3,2,5,4,3,3,3,2,1,3,FAILING TO YIELD RIGHT-OF-WAY,2,2,0.0,0.0,0.0,0.0,0.0,2.0,16,4,11,11/13/2024,2024-11-13,16:20:00
11/13/2024 04:16:00 PM,5.0,5,5,13,5,3,4,3,3,1,3,FAILING TO YIELD RIGHT-OF-WAY,2,4,1.0,0.0,0.0,1.0,0.0,1.0,16,4,11,11/13/2024,2024-11-13,16:16:00
11/13/2024 09:45:00 PM,1.0,3,2,2,7,3,1,1,3,1,4,UNABLE TO DETERMINE,2,4,1.0,0.0,0.0,1.0,0.0,2.0,21,4,11,11/13/2024,2024-11-13,21:45:00
11/13/2024 07:23:00 PM,5.0,4,5,6,5,3,3,3,2,1,4,DISREGARDING TRAFFIC SIGNALS,2,2,0.0,0.0,0.0,0.0,0.0,2.0,19,4,11,11/13/2024,2024-11-13,19:23:00
11/13/2024 05:28:00 PM,7.0,4,5,5,5,3,3,3,2,1,4,FAILING TO YIELD RIGHT-OF-WAY,2,2,0.0,0.0,0.0,0.0,0.0,2.0,17,4,11,11/13/2024,2024-11-13,17:28:00
11/13/2024 09:00:00 PM,1.0,5,5,6,4,3,4,1,2,1,4,FAILING TO YIELD RIGHT-OF-WAY,2,2,0.0,0.0,0.0,0.0,0.0,3.0,21,4,11,11/13/2024,2024-11-13,21:00:00
11/13/2024 10:37:00 AM,3.0,4,2,3,6,3,3,3,2,1,4,IMPROPER OVERTAKING/PASSING,2,2,0.0,0.0,0.0,0.0,0.0,2.0,10,4,11,11/13/2024,2024-11-13,10:37:00
11/13/2024 05:16:00 PM,5.0,5,5,4,5,3,4,3,3,1,4,FOLLOWING TOO CLOSELY,2,3,1.0,0.0,0.0,0.0,1.0,3.0,17,4,11,11/13/2024,2024-11-13,17:16:00
11/13/2024 05:13:00 PM,5.0,5,6,5,6,3,4,3,3,1,4,DISREGARDING TRAFFIC SIGNALS,2,3,1.0,0.0,0.0,0.0,1.0,1.0,17,4,11,11/13/2024,2024-11-13,17:13:00
11/13/2024 05:30:00 AM,5.0,3,5,6,12,3,3,1,2,1,2,IMPROPER LANE USAGE,2,2,0.0,0.0,0.0,0.0,0.0,2.0,5,4,11,11/13/2024,2024-11-13,05:30:00
11/28/2024 12:45:00 PM,5.0,3,2,6,12,3,3,3,2,1,3,FOLLOWING TOO CLOSELY,2,2,0.0,0.0,0.0,0.0,0.0,2.0,12,5,11,11/28/2024,2024-11-28,12:45:00
11/28/2024 12:28:00 PM,5.0,4,2,5,5,3,3,3,3,1,4,DISREGARDING TRAFFIC SIGNALS,2,5,1.0,0.0,1.0,0.0,0.0,2.0,12,5,11,11/28/2024,2024-11-28,12:28:00
11/26/2024 09:30:00 PM,5.0,3,6,6,4,3,3,3,3,1,4,FAILING TO YIELD RIGHT-OF-WAY,2,3,1.0,0.0,0.0,0.0,1.0,2.0,21,3,11,11/26/2024,2024-11-26,21:30:00
11/27/2024 04:48:00 PM,5.0,3,4,4,5,3,3,3,2,1,4,UNABLE TO DETERMINE,2,2,0.0,0.0,0.0,0.0,0.0,2.0,16,4,11,11/27/2024,2024-11-27,16:48:00
11/27/2024 08:15:00 PM,5.0,3,5,4,5,3,3,3,2,1,4,FOLLOWING TOO CLOSELY,2,2,0.0,0.0,0.0,0.0,0.0,2.0,20,4,11,11/27/2024,2024-11-27,20:15:00
11/28/2024 12:32:00 PM,5.0,3,2,6,12,3,3,3,3,1,4,FAILING TO YIELD RIGHT-OF-WAY,2,2,0.0,0.0,0.0,0.0,0.0,2.0,12,5,11,11/28/2024,2024-11-28,12:32:00
11/23/2024 02:20:00 PM,5.0,3,2,3,5,3,1,1,3,1,4,RELATED TO BUS STOP,2,3,1.0,0.0,0.0,0.0,1.0,2.0,14,7,11,11/23/2024,2024-11-23,14:20:00
10/18/2024 03:57:00 PM,5.0,3,2,13,7,3,1,1,3,1,2,UNABLE TO DETERMINE,2,4,1.0,0.0,0.0,1.0,0.0,1.0,15,6,10,10/18/2024,2024-10-18,15:57:00
11/27/2024 03:00:00 PM,7.0,4,2,5,4,3,3,3,2,1,4,FAILING TO YIELD RIGHT-OF-WAY,2,2,0.0,0.0,0.0,0.0,0.0,2.0,15,4,11,11/27/2024,2024-11-27,15:00:00
11/28/2024 02:00:00 PM,5.0,3,2,6,4,4,3,3,3,1,4,FAILING TO YIELD RIGHT-OF-WAY,2,4,1.0,0.0,0.0,1.0,0.0,1.0,14,5,11,11/28/2024,2024-11-28,14:00:00
11/28/2024 12:10:00 PM,3.0,3,2,10,4,3,3,3,3,1,4,DRIVING ON WRONG SIDE/WRONG WAY,2,2,0.0,0.0,0.0,0.0,0.0,3.0,12,5,11,11/28/2024,2024-11-28,12:10:00
11/26/2024 06:19:00 PM,5.0,3,2,3,6,3,3,1,3,1,4,UNABLE TO DETERMINE,2,4,1.0,0.0,0.0,1.0,0.0,1.0,18,3,11,11/26/2024,2024-11-26,18:19:00
11/27/2024 07:58:00 PM,5.0,3,5,5,6,3,3,3,2,1,4,DISREGARDING TRAFFIC SIGNALS,2,2,0.0,0.0,0.0,0.0,0.0,2.0,19,4,11,11/27/2024,2024-11-27,19:58:00
11/21/2024 07:15:00 PM,5.0,7,5,3,3,3,4,3,2,1,4,IMPROPER OVERTAKING/PASSING,2,2,0.0,0.0,0.0,0.0,0.0,2.0,19,5,11,11/21/2024,2024-11-21,19:15:00
11/27/2024 01:05:00 PM,7.0,3,2,5,5,3,3,3,2,1,3,IMPROPER OVERTAKING/PASSING,2,2,0.0,0.0,0.0,0.0,0.0,2.0,13,4,11,11/27/2024,2024-11-27,13:05:00
11/28/2024 02:40:00 PM,5.0,4,2,6,5,3,3,3,2,1,3,FOLLOWING TOO CLOSELY,2,2,0.0,0.0,0.0,0.0,0.0,5.0,14,5,11,11/28/2024,2024-11-28,14:40:00
11/21/2024 05:30:00 PM,5.0,8,4,6,6,3,4,3,2,1,3,UNABLE TO DETERMINE,2,2,0.0,0.0,0.0,0.0,0.0,2.0,17,5,11,11/21/2024,2024-11-21,17:30:00
11/28/2024 12:00:00 PM,3.0,3,2,3,4,3,3,3,3,1,4,UNABLE TO DETERMINE,2,2,0.0,0.0,0.0,0.0,0.0,3.0,12,5,11,11/28/2024,2024-11-28,12:00:00
11/28/2024 03:58:00 PM,7.0,3,5,6,7,3,3,1,3,1,4,FAILING TO YIELD RIGHT-OF-WAY,2,4,2.0,0.0,0.0,1.0,1.0,3.0,15,5,11,11/28/2024,2024-11-28,15:58:00
11/28/2024 07:00:00 AM,7.0,3,2,5,5,3,3,3,2,1,4,FAILING TO YIELD RIGHT-OF-WAY,2,2,0.0,0.0,0.0,0.0,0.0,4.0,7,5,11,11/28/2024,2024-11-28,07:00:00
11/27/2024 07:50:00 PM,5.0,4,5,5,5,3,3,3,3,1,4,FAILING TO YIELD RIGHT-OF-WAY,2,2,0.0,0.0,0.0,0.0,0.0,2.0,19,4,11,11/27/2024,2024-11-27,19:50:00
11/28/2024 09:56:00 PM,2.0,2,2,5,2,3,2,2,2,0,4,UNABLE TO DETERMINE,2,2,0.0,0.0,0.0,0.0,0.0,2.0,21,5,11,11/28/2024,2024-11-28,21:56:00
11/25/2024 05:07:00 PM,7.0,3,5,5,5,3,3,3,2,1,4,UNABLE TO DETERMINE,2,2,0.0,0.0,0.0,0.0,0.0,2.0,17,2,11,11/25/2024,2024-11-25,17:07:00
11/27/2024 10:30:00 AM,5.0,3,2,3,4,3,3,3,3,1,4,FAILING TO YIELD RIGHT-OF-WAY,2,2,0.0,0.0,0.0,0.0,0.0,3.0,10,4,11,11/27/2024,2024-11-27,10:30:00
11/27/2024 07:30:00 PM,7.0,3,5,6,4,3,3,3,2,1,3,FAILING TO YIELD RIGHT-OF-WAY,2,2,0.0,0.0,0.0,0.0,0.0,5.0,19,4,11,11/27/2024,2024-11-27,19:30:00
11/28/2024 05:44:00 PM,5.0,3,5,6,5,3,3,3,3,1,4,DISREGARDING TRAFFIC SIGNALS,2,4,1.0,0.0,0.0,1.0,0.0,1.0,17,5,11,11/28/2024,2024-11-28,17:44:00
11/14/2024 07:43:00 AM,5.0,4,2,4,5,3,4,3,2,1,3,DISREGARDING TRAFFIC SIGNALS,2,2,0.0,0.0,0.0,0.0,0.0,3.0,7,5,11,11/14/2024,2024-11-14,07:43:00
11/14/2024 06:40:00 PM,7.0,2,5,5,5,3,1,1,2,1,4,FAILING TO YIELD RIGHT-OF-WAY,2,2,0.0,0.0,0.0,0.0,0.0,2.0,18,5,11,11/14/2024,2024-11-14,18:40:00
11/14/2024 07:58:00 AM,7.0,4,2,5,13,3,4,1,2,1,4,FAILING TO YIELD RIGHT-OF-WAY,2,2,0.0,0.0,0.0,0.0,0.0,5.0,7,5,11,11/14/2024,2024-11-14,07:58:00
11/14/2024 02:00:00 AM,7.0,5,5,12,4,3,4,3,2,1,4,WEATHER,2,2,0.0,0.0,0.0,0.0,0.0,1.0,2,5,11,11/14/2024,2024-11-14,02:00:00
11/14/2024 06:45:00 AM,3.0,4,2,18,6,3,4,3,3,1,4,UNABLE TO DETERMINE,2,4,1.0,0.0,0.0,1.0,0.0,1.0,6,5,11,11/14/2024,2024-11-14,06:45:00
11/14/2024 06:59:00 PM,5.0,3,4,6,6,3,3,3,3,1,4,FAILING TO YIELD RIGHT-OF-WAY,2,2,0.0,0.0,0.0,0.0,0.0,4.0,18,5,11,11/14/2024,2024-11-14,18:59:00
11/14/2024 08:25:00 AM,3.0,4,2,4,3,6,4,3,3,1,4,FOLLOWING TOO CLOSELY,2,2,0.0,0.0,0.0,0.0,0.0,2.0,8,5,11,11/14/2024,2024-11-14,08:25:00
11/14/2024 08:00:00 AM,7.0,5,2,5,6,3,4,3,3,1,4,FAILING TO YIELD RIGHT-OF-WAY,2,2,0.0,0.0,0.0,0.0,0.0,2.0,8,5,11,11/14/2024,2024-11-14,08:00:00
11/14/2024 11:21:00 PM,5.0,3,5,6,1,3,3,1,2,1,3,IMPROPER LANE USAGE,2,2,0.0,0.0,0.0,0.0,0.0,2.0,23,5,11,11/14/2024,2024-11-14,23:21:00
11/14/2024 05:33:00 AM,7.0,3,6,6,6,3,3,3,2,1,4,UNABLE TO DETERMINE,2,2,0.0,0.0,0.0,0.0,0.0,3.0,5,5,11,11/14/2024,2024-11-14,05:33:00
11/14/2024 01:46:00 PM,5.0,5,2,11,5,3,4,3,3,1,4,UNABLE TO DETERMINE,2,3,2.0,0.0,0.0,0.0,2.0,1.0,13,5,11,11/14/2024,2024-11-14,13:46:00
11/14/2024 05:24:00 PM,1.0,3,6,3,5,3,3,3,2,1,4,UNABLE TO DETERMINE,2,2,0.0,0.0,0.0,0.0,0.0,2.0,17,5,11,11/14/2024,2024-11-14,17:24:00
11/14/2024 09:10:00 AM,5.0,5,3,6,5,3,4,1,3,1,4,IMPROPER OVERTAKING/PASSING,2,2,0.0,0.0,0.0,0.0,0.0,2.0,9,5,11,11/14/2024,2024-11-14,09:10:00
11/14/2024 08:16:00 PM,5.0,5,5,14,6,3,4,3,3,1,2,UNABLE TO DETERMINE,2,4,1.0,0.0,0.0,1.0,0.0,1.0,20,5,11,11/14/2024,2024-11-14,20:16:00
11/14/2024 05:15:00 PM,5.0,3,4,6,6,3,3,3,3,1,4,UNABLE TO DETERMINE,2,2,0.0,0.0,0.0,0.0,0.0,2.0,17,5,11,11/14/2024,2024-11-14,17:15:00
11/14/2024 11:30:00 PM,7.0,3,5,5,5,3,3,3,2,1,4,DISREGARDING STOP SIGN,2,2,0.0,0.0,0.0,0.0,0.0,2.0,23,5,11,11/14/2024,2024-11-14,23:30:00
11/14/2024 05:30:00 PM,5.0,3,5,6,4,3,3,3,3,1,4,UNABLE TO DETERMINE,2,2,0.0,0.0,0.0,0.0,0.0,4.0,17,5,11,11/14/2024,2024-11-14,17:30:00
11/14/2024 08:01:00 AM,5.0,4,2,3,12,3,4,3,2,0,2,IMPROPER OVERTAKING/PASSING,2,2,0.0,0.0,0.0,0.0,0.0,2.0,8,5,11,11/14/2024,2024-11-14,08:01:00
11/14/2024 06:30:00 PM,5.0,3,6,4,5,3,1,1,2,1,4,UNABLE TO DETERMINE,2,2,0.0,0.0,0.0,0.0,0.0,2.0,18,5,11,11/14/2024,2024-11-14,18:30:00
11/14/2024 09:05:00 AM,5.0,5,2,5,5,3,4,3,3,1,4,DISREGARDING TRAFFIC SIGNALS,2,5,1.0,0.0,1.0,0.0,0.0,1.0,9,5,11,11/14/2024,2024-11-14,09:05:00
11/14/2024 08:28:00 PM,5.0,5,5,13,6,3,4,1,3,1,2,UNABLE TO DETERMINE,2,4,1.0,0.0,0.0,1.0,0.0,1.0,20,5,11,11/14/2024,2024-11-14,20:28:00
11/14/2024 05:09:00 PM,5.0,3,2,4,6,3,3,3,2,1,4,FAILING TO YIELD RIGHT-OF-WAY,2,2,0.0,0.0,0.0,0.0,0.0,2.0,17,5,11,11/14/2024,2024-11-14,17:09:00
11/14/2024 06:00:00 PM,5.0,3,4,6,12,3,3,3,3,1,4,DISREGARDING TRAFFIC SIGNALS,2,5,2.0,0.0,2.0,0.0,0.0,1.0,18,5,11,11/14/2024,2024-11-14,18:00:00
11/14/2024 10:15:00 AM,5.0,3,2,6,4,3,4,3,2,1,3,FAILING TO YIELD RIGHT-OF-WAY,2,2,0.0,0.0,0.0,0.0,0.0,3.0,10,5,11,11/14/2024,2024-11-14,10:15:00
11/14/2024 05:27:00 PM,3.0,3,5,6,6,3,3,3,3,1,4,UNABLE TO DETERMINE,2,3,1.0,0.0,0.0,0.0,1.0,4.0,17,5,11,11/14/2024,2024-11-14,17:27:00
11/14/2024 10:35:00 AM,3.0,4,2,6,5,3,3,3,2,1,4,FOLLOWING TOO CLOSELY,2,2,0.0,0.0,0.0,0.0,0.0,2.0,10,5,11,11/14/2024,2024-11-14,10:35:00
11/14/2024 08:30:00 AM,7.0,3,2,5,5,3,1,1,2,1,4,UNABLE TO DETERMINE,2,2,0.0,0.0,0.0,0.0,0.0,3.0,8,5,11,11/14/2024,2024-11-14,08:30:00
11/14/2024 06:00:00 PM,7.0,5,5,6,10,3,4,3,2,1,4,FOLLOWING TOO CLOSELY,2,2,0.0,0.0,0.0,0.0,0.0,2.0,18,5,11,11/14/2024,2024-11-14,18:00:00
11/14/2024 11:01:00 AM,5.0,4,2,3,6,3,1,1,2,0,4,UNABLE TO DETERMINE,2,2,0.0,0.0,0.0,0.0,0.0,2.0,11,5,11,11/14/2024,2024-11-14,11:01:00
11/14/2024 04:44:00 PM,7.0,4,5,5,5,3,4,1,3,1,4,FAILING TO REDUCE SPEED TO AVOID CRASH,2,4,1.0,0.0,0.0,1.0,0.0,5.0,16,5,11,11/14/2024,2024-11-14,16:44:00
11/14/2024 03:04:00 PM,7.0,4,2,6,5,3,3,3,2,1,4,UNABLE TO DETERMINE,2,2,0.0,0.0,0.0,0.0,0.0,3.0,15,5,11,11/14/2024,2024-11-14,15:04:00
11/14/2024 05:30:00 PM,3.0,5,5,6,7,3,4,3,2,1,4,FAILING TO REDUCE SPEED TO AVOID CRASH,2,2,0.0,0.0,0.0,0.0,0.0,2.0,17,5,11,11/14/2024,2024-11-14,17:30:00