crash_date,traffic_control_device,weather_condition,lighting_condition,first_crash_type,trafficway_type,alignment,roadway_surface_cond,road_defect,crash_type,intersection_related_i,damage,prim_contributory_cause,num_units,most_severe_injury,injuries_total,injuries_fatal,injuries_incapacitating,injuries_non_incapacitating,injuries_reported_not_evident,injuries_no_indication,crash_hour,crash_day_of_week,crash_month,parsed_datetime,date,time
12/01/2024 06:20:00 PM,1.0,3,2,3,6,3,1,1,2,1,2,UNABLE TO DETERMINE,2,2,0.0,0.0,0.0,0.0,0.0,2.0,18,1,12,12/01/2024,2024-12-01,18:20:00
11/21/2024 10:00:00 AM,7.0,6,2,5,7,3,4,3,2,1,4,UNABLE TO DETERMINE,2,2,0.0,0.0,0.0,0.0,0.0,2.0,10,5,11,11/21/2024,2024-11-21,10:00:00
12/01/2024 04:40:00 PM,5.0,3,5,6,6,3,3,3,3,1,4,FAILING TO YIELD RIGHT-OF-WAY,2,4,1.0,0.0,0.0,1.0,0.0,5.0,16,1,12,12/01/2024,2024-12-01,16:40:00
12/01/2024 01:20:00 PM,5.0,3,2,6,6,3,3,3,2,1,4,UNABLE TO DETERMINE,2,2,0.0,0.0,0.0,0.0,0.0,2.0,13,1,12,12/01/2024,2024-12-01,13:20:00
11/28/2024 09:41:00 AM,5.0,3,2,3,6,3,3,3,2,1,4,IMPROPER OVERTAKING/PASSING,2,2,0.0,0.0,0.0,0.0,0.0,2.0,9,5,11,11/28/2024,2024-11-28,09:41:00
11/30/2024 09:07:00 PM,7.0,3,5,6,5,3,3,3,2,1,4,IMPROPER TURNING/NO SIGNAL,2,2,0.0,0.0,0.0,0.0,0.0,3.0,21,7,11,11/30/2024,2024-11-30,21:07:00
12/01/2024 02:45:00 PM,5.0,3,2,3,5,3,1,1,2,1,4,UNABLE TO DETERMINE,2,2,0.0,0.0,0.0,0.0,0.0,2.0,14,1,12,12/01/2024,2024-12-01,14:45:00
11/30/2024 05:02:00 PM,5.0,3,4,13,4,3,3,3,3,1,3,FAILING TO YIELD RIGHT-OF-WAY,2,4,1.0,0.0,0.0,1.0,0.0,1.0,17,7,11,11/30/2024,2024-11-30,17:02:00
12/01/2024 02:20:00 PM,5.0,3,2,4,4,3,3,3,2,1,4,UNABLE TO DETERMINE,2,2,0.0,0.0,0.0,0.0,0.0,5.0,14,1,12,12/01/2024,2024-12-01,14:20:00
11/29/2024 12:45:00 PM,7.0,3,2,5,6,3,3,3,2,1,4,FAILING TO YIELD RIGHT-OF-WAY,2,2,0.0,0.0,0.0,0.0,0.0,3.0,12,6,11,11/29/2024,2024-11-29,12:45:00
11/30/2024 06:30:00 PM,1.0,3,2,11,1,3,1,1,2,1,4,UNABLE TO DETERMINE,2,2,0.0,0.0,0.0,0.0,0.0,1.0,18,7,11,11/30/2024,2024-11-30,18:30:00
11/30/2024 03:00:00 AM,7.0,3,6,5,4,3,3,3,2,1,4,DISREGARDING STOP SIGN,2,2,0.0,0.0,0.0,0.0,0.0,3.0,3,7,11,11/30/2024,2024-11-30,03:00:00
11/29/2024 06:46:00 PM,5.0,3,5,5,5,3,3,3,3,1,4,UNABLE TO DETERMINE,2,2,0.0,0.0,0.0,0.0,0.0,2.0,18,6,11,11/29/2024,2024-11-29,18:46:00
12/01/2024 03:24:00 AM,5.0,3,5,4,5,3,3,3,3,1,4,CELL PHONE USE OTHER THAN TEXTING,2,2,0.0,0.0,0.0,0.0,0.0,6.0,3,1,12,12/01/2024,2024-12-01,03:24:00
12/01/2024 09:45:00 PM,5.0,3,5,6,5,3,3,3,2,1,3,IMPROPER TURNING/NO SIGNAL,2,2,0.0,0.0,0.0,0.0,0.0,5.0,21,1,12,12/01/2024,2024-12-01,21:45:00
11/18/2024 05:40:00 PM,5.0,5,5,6,6,3,4,3,2,1,4,IMPROPER OVERTAKING/PASSING,2,2,0.0,0.0,0.0,0.0,0.0,2.0,17,2,11,11/18/2024,2024-11-18,17:40:00
11/17/2024 02:30:00 AM,7.0,3,5,5,5,3,1,1,3,1,4,DISREGARDING STOP SIGN,2,4,1.0,0.0,0.0,1.0,0.0,1.0,2,1,11,11/17/2024,2024-11-17,02:30:00
11/18/2024 10:30:00 PM,5.0,5,5,13,6,3,4,3,3,1,2,FAILING TO YIELD RIGHT-OF-WAY,2,4,1.0,0.0,0.0,1.0,0.0,1.0,22,2,11,11/18/2024,2024-11-18,22:30:00
11/17/2024 06:15:00 AM,5.0,3,5,5,6,3,3,3,3,1,4,UNDER THE INFLUENCE OF ALCOHOL/DRUGS (USE WHEN ARREST IS EFFECTED),2,2,0.0,0.0,0.0,0.0,0.0,4.0,6,1,11,11/17/2024,2024-11-17,06:15:00
11/17/2024 03:04:00 PM,5.0,3,2,13,3,3,3,3,3,0,2,DISREGARDING TRAFFIC SIGNALS,2,4,1.0,0.0,0.0,1.0,0.0,1.0,15,1,11,11/17/2024,2024-11-17,15:04:00
11/18/2024 07:33:00 PM,2.0,5,6,4,5,3,4,1,3,1,4,UNABLE TO DETERMINE,2,3,2.0,0.0,0.0,0.0,2.0,2.0,19,2,11,11/18/2024,2024-11-18,19:33:00
11/18/2024 04:00:00 PM,1.0,5,6,3,5,3,3,3,2,1,3,UNABLE TO DETERMINE,2,2,0.0,0.0,0.0,0.0,0.0,2.0,16,2,11,11/18/2024,2024-11-18,16:00:00
11/18/2024 04:05:00 PM,5.0,5,5,6,7,3,4,3,2,1,2,UNABLE TO DETERMINE,2,2,0.0,0.0,0.0,0.0,0.0,2.0,16,2,11,11/18/2024,2024-11-18,16:05:00
11/17/2024 07:20:00 PM,5.0,3,5,6,5,3,3,3,2,1,4,UNABLE TO DETERMINE,2,2,0.0,0.0,0.0,0.0,0.0,2.0,19,1,11,11/17/2024,2024-11-17,19:20:00
11/18/2024 04:50:00 PM,7.0,5,4,13,7,3,4,1,3,1,4,FAILING TO YIELD RIGHT-OF-WAY,2,4,1.0,0.0,0.0,1.0,0.0,2.0,16,2,11,11/18/2024,2024-11-18,16:50:00
11/18/2024 05:30:00 PM,5.0,5,2,6,5,3,4,3,2,1,3,UNABLE TO DETERMINE,2,2,0.0,0.0,0.0,0.0,0.0,2.0,17,2,11,11/18/2024,2024-11-18,17:30:00
11/17/2024 01:00:00 PM,3.0,3,2,4,3,3,3,3,2,0,4,UNABLE TO DETERMINE,2,2,0.0,0.0,0.0,0.0,0.0,2.0,13,1,11,11/17/2024,2024-11-17,13:00:00
11/17/2024 09:55:00 PM,7.0,3,5,5,14,3,3,3,3,1,4,DISREGARDING STOP SIGN,2,5,2.0,0.0,1.0,0.0,1.0,1.0,21,1,11,11/17/2024,2024-11-17,21:55:00
11/23/2024 03:45:00 PM,3.0,3,2,6,6,3,3,3,2,1,4,FOLLOWING TOO CLOSELY,2,2,0.0,0.0,0.0,0.0,0.0,2.0,15,7,11,11/23/2024,2024-11-23,15:45:00
11/18/2024 06:29:00 PM,7.0,5,5,6,5,3,4,3,2,1,4,DISREGARDING STOP SIGN,2,2,0.0,0.0,0.0,0.0,0.0,2.0,18,2,11,11/18/2024,2024-11-18,18:29:00
11/18/2024 06:07:00 PM,5.0,5,5,6,14,3,4,3,3,1,3,FAILING TO YIELD RIGHT-OF-WAY,2,3,1.0,0.0,0.0,0.0,1.0,1.0,18,2,11,11/18/2024,2024-11-18,18:07:00
11/18/2024 04:19:00 PM,5.0,5,2,6,6,3,4,3,2,1,4,FAILING TO YIELD RIGHT-OF-WAY,2,2,0.0,0.0,0.0,0.0,0.0,3.0,16,2,11,11/18/2024,2024-11-18,16:19:00
11/18/2024 06:10:00 AM,5.0,3,3,5,10,3,3,3,2,1,4,DRIVING ON WRONG SIDE/WRONG WAY,2,2,0.0,0.0,0.0,0.0,0.0,4.0,6,2,11,11/18/2024,2024-11-18,06:10:00
11/18/2024 06:18:00 AM,5.0,9,5,5,5,3,4,3,3,1,4,DISREGARDING TRAFFIC SIGNALS,2,3,1.0,0.0,0.0,0.0,1.0,1.0,6,2,11,11/18/2024,2024-11-18,06:18:00
11/18/2024 04:49:00 PM,3.0,3,5,6,5,3,1,1,3,1,4,UNABLE TO DETERMINE,2,2,0.0,0.0,0.0,0.0,0.0,2.0,16,2,11,11/18/2024,2024-11-18,16:49:00
11/17/2024 01:25:00 PM,3.0,3,2,5,6,3,3,3,2,1,4,UNABLE TO DETERMINE,2,2,0.0,0.0,0.0,0.0,0.0,2.0,13,1,11,11/17/2024,2024-11-17,13:25:00
11/18/2024 11:30:00 AM,7.0,5,2,5,6,3,4,3,3,1,4,FAILING TO REDUCE SPEED TO AVOID CRASH,2,4,1.0,0.0,0.0,1.0,0.0,2.0,11,2,11,11/18/2024,2024-11-18,11:30:00
11/17/2024 09:20:00 PM,7.0,3,5,4,4,3,4,3,2,1,3,FOLLOWING TOO CLOSELY,2,2,0.0,0.0,0.0,0.0,0.0,3.0,21,1,11,11/17/2024,2024-11-17,21:20:00
11/18/2024 10:00:00 AM,5.0,5,2,4,4,3,4,3,3,1,4,FOLLOWING TOO CLOSELY,2,4,1.0,0.0,0.0,1.0,0.0,1.0,10,2,11,11/18/2024,2024-11-18,10:00:00
11/17/2024 06:00:00 AM,5.0,4,5,6,6,3,3,3,2,1,4,"OPERATING VEHICLE IN ERRATIC, RECKLESS, CARELESS, NEGLIGENT OR AGGRESSIVE MANNER",2,2,0.0,0.0,0.0,0.0,0.0,2.0,6,1,11,11/17/2024,2024-11-17,06:00:00
11/18/2024 04:59:00 PM,5.0,5,4,5,6,3,4,3,3,1,4,UNABLE TO DETERMINE,2,2,0.0,0.0,0.0,0.0,0.0,2.0,16,2,11,11/18/2024,2024-11-18,16:59:00
11/18/2024 11:00:00 PM,5.0,3,5,3,6,3,4,3,2,1,4,FAILING TO YIELD RIGHT-OF-WAY,2,2,0.0,0.0,0.0,0.0,0.0,3.0,23,2,11,11/18/2024,2024-11-18,23:00:00
11/17/2024 10:15:00 PM,5.0,4,5,4,6,3,4,3,2,1,4,UNABLE TO DETERMINE,2,2,0.0,0.0,0.0,0.0,0.0,2.0,22,1,11,11/17/2024,2024-11-17,22:15:00
11/18/2024 03:47:00 PM,1.0,3,2,5,6,3,1,1,2,1,2,UNABLE TO DETERMINE,2,2,0.0,0.0,0.0,0.0,0.0,3.0,15,2,11,11/18/2024,2024-11-18,15:47:00
11/18/2024 06:15:00 PM,5.0,5,5,6,4,3,4,1,2,1,4,FAILING TO YIELD RIGHT-OF-WAY,2,2,0.0,0.0,0.0,0.0,0.0,2.0,18,2,11,11/18/2024,2024-11-18,18:15:00
11/18/2024 03:20:00 PM,5.0,3,2,6,6,3,1,1,2,1,4,UNABLE TO DETERMINE,2,2,0.0,0.0,0.0,0.0,0.0,2.0,15,2,11,11/18/2024,2024-11-18,15:20:00
11/18/2024 08:03:00 AM,5.0,4,2,6,5,3,3,3,2,1,4,IMPROPER TURNING/NO SIGNAL,2,2,0.0,0.0,0.0,0.0,0.0,2.0,8,2,11,11/18/2024,2024-11-18,08:03:00
11/17/2024 11:22:00 PM,5.0,3,5,6,5,3,3,3,2,1,4,FAILING TO REDUCE SPEED TO AVOID CRASH,2,2,0.0,0.0,0.0,0.0,0.0,3.0,23,1,11,11/17/2024,2024-11-17,23:22:00
11/17/2024 02:30:00 AM,5.0,3,5,5,5,3,3,3,3,1,4,DISREGARDING TRAFFIC SIGNALS,2,2,0.0,0.0,0.0,0.0,0.0,4.0,2,1,11,11/17/2024,2024-11-17,02:30:00
11/18/2024 06:30:00 AM,5.0,5,6,3,5,3,1,1,2,1,4,UNABLE TO DETERMINE,2,2,0.0,0.0,0.0,0.0,0.0,2.0,6,2,11,11/18/2024,2024-11-18,06:30:00
11/18/2024 03:18:00 PM,7.0,5,3,6,6,3,4,3,2,1,4,UNABLE TO DETERMINE,2,2,0.0,0.0,0.0,0.0,0.0,3.0,15,2,11,11/18/2024,2024-11-18,15:18:00
11/18/2024 11:57:00 AM,5.0,5,2,5,6,3,4,3,3,1,4,NOT APPLICABLE,2,5,1.0,0.0,1.0,0.0,0.0,3.0,11,2,11,11/18/2024,2024-11-18,11:57:00
11/17/2024 09:15:00 PM,5.0,3,5,6,13,3,3,3,3,1,4,DISREGARDING TRAFFIC SIGNALS,2,3,1.0,0.0,0.0,0.0,1.0,3.0,21,1,11,11/17/2024,2024-11-17,21:15:00
11/18/2024 05:30:00 PM,5.0,5,6,6,5,3,4,3,2,1,4,UNABLE TO DETERMINE,2,2,0.0,0.0,0.0,0.0,0.0,2.0,17,2,11,11/18/2024,2024-11-18,17:30:00
11/17/2024 12:15:00 PM,5.0,3,2,4,4,3,3,1,2,1,3,UNABLE TO DETERMINE,2,2,0.0,0.0,0.0,0.0,0.0,2.0,12,1,11,11/17/2024,2024-11-17,12:15:00
11/17/2024 03:20:00 AM,1.0,3,5,5,6,3,3,1,2,1,4,UNABLE TO DETERMINE,2,2,0.0,0.0,0.0,0.0,0.0,2.0,3,1,11,11/17/2024,2024-11-17,03:20:00
11/17/2024 12:05:00 PM,5.0,3,2,4,4,3,3,3,3,1,4,EQUIPMENT - VEHICLE CONDITION,2,4,2.0,0.0,0.0,1.0,1.0,0.0,12,1,11,11/17/2024,2024-11-17,12:05:00
11/18/2024 09:39:00 PM,5.0,5,5,6,5,3,4,3,3,1,4,FAILING TO YIELD RIGHT-OF-WAY,2,4,2.0,0.0,0.0,2.0,0.0,0.0,21,2,11,11/18/2024,2024-11-18,21:39:00
11/18/2024 04:10:00 PM,1.0,5,3,5,1,3,4,1,2,1,4,UNABLE TO DETERMINE,2,2,0.0,0.0,0.0,0.0,0.0,2.0,16,2,11,11/18/2024,2024-11-18,16:10:00
11/17/2024 04:15:00 PM,5.0,3,4,6,6,3,3,3,2,1,4,FAILING TO YIELD RIGHT-OF-WAY,2,2,0.0,0.0,0.0,0.0,0.0,2.0,16,1,11,11/17/2024,2024-11-17,16:15:00
11/17/2024 02:47:00 PM,5.0,3,2,6,6,3,3,3,3,1,4,NOT APPLICABLE,2,3,2.0,0.0,0.0,0.0,2.0,1.0,14,1,11,11/17/2024,2024-11-17,14:47:00
11/17/2024 11:30:00 AM,7.0,3,2,6,7,3,3,3,3,1,4,UNABLE TO DETERMINE,2,2,0.0,0.0,0.0,0.0,0.0,2.0,11,1,11,11/17/2024,2024-11-17,11:30:00
11/18/2024 07:30:00 PM,1.0,3,2,5,5,3,1,1,2,1,4,NOT APPLICABLE,2,2,0.0,0.0,0.0,0.0,0.0,2.0,19,2,11,11/18/2024,2024-11-18,19:30:00
11/18/2024 02:38:00 PM,7.0,5,2,5,5,3,4,1,3,0,4,DISREGARDING STOP SIGN,2,2,0.0,0.0,0.0,0.0,0.0,4.0,14,2,11,11/18/2024,2024-11-18,14:38:00
11/18/2024 09:50:00 PM,7.0,5,5,5,5,3,4,3,3,1,4,UNABLE TO DETERMINE,2,3,1.0,0.0,0.0,0.0,1.0,1.0,21,2,11,11/18/2024,2024-11-18,21:50:00
11/18/2024 05:15:00 PM,7.0,5,5,6,7,3,4,1,2,1,4,UNABLE TO DETERMINE,2,2,0.0,0.0,0.0,0.0,0.0,2.0,17,2,11,11/18/2024,2024-11-18,17:15:00
11/18/2024 12:20:00 PM,5.0,5,2,4,4,3,4,3,2,1,3,UNABLE TO DETERMINE,2,2,0.0,0.0,0.0,0.0,0.0,2.0,12,2,11,11/18/2024,2024-11-18,12:20:00
11/18/2024 06:04:00 PM,7.0,5,5,5,5,3,4,3,3,1,4,WEATHER,2,2,0.0,0.0,0.0,0.0,0.0,2.0,18,2,11,11/18/2024,2024-11-18,18:04:00
11/18/2024 08:15:00 AM,3.0,5,2,4,6,3,4,3,2,1,4,FAILING TO REDUCE SPEED TO AVOID CRASH,2,2,0.0,0.0,0.0,0.0,0.0,2.0,8,2,11,11/18/2024,2024-11-18,08:15:00
11/18/2024 08:00:00 AM,5.0,3,2,4,5,3,3,3,2,1,4,FOLLOWING TOO CLOSELY,2,2,0.0,0.0,0.0,0.0,0.0,2.0,8,2,11,11/18/2024,2024-11-18,08:00:00
11/18/2024 05:52:00 PM,5.0,5,5,8,6,3,4,3,2,1,4,IMPROPER BACKING,2,2,0.0,0.0,0.0,0.0,0.0,2.0,17,2,11,11/18/2024,2024-11-18,17:52:00
11/18/2024 08:45:00 PM,5.0,5,5,3,5,3,4,3,2,1,4,DISREGARDING ROAD MARKINGS,2,2,0.0,0.0,0.0,0.0,0.0,2.0,20,2,11,11/18/2024,2024-11-18,20:45:00
11/17/2024 03:18:00 PM,7.0,3,2,13,7,3,3,1,3,0,2,UNABLE TO DETERMINE,2,4,1.0,0.0,0.0,1.0,0.0,2.0,15,1,11,11/17/2024,2024-11-17,15:18:00
11/18/2024 10:20:00 AM,5.0,3,2,3,3,3,3,3,2,1,4,DRIVING SKILLS/KNOWLEDGE/EXPERIENCE,2,2,0.0,0.0,0.0,0.0,0.0,2.0,10,2,11,11/18/2024,2024-11-18,10:20:00
11/17/2024 04:52:00 PM,5.0,3,5,6,6,3,3,3,2,1,4,UNABLE TO DETERMINE,2,2,0.0,0.0,0.0,0.0,0.0,2.0,16,1,11,11/17/2024,2024-11-17,16:52:00
11/17/2024 03:27:00 PM,5.0,4,2,4,6,3,3,3,3,1,4,FOLLOWING TOO CLOSELY,2,2,0.0,0.0,0.0,0.0,0.0,2.0,15,1,11,11/17/2024,2024-11-17,15:27:00
11/18/2024 03:40:00 PM,3.0,5,2,4,6,3,4,3,2,1,4,FOLLOWING TOO CLOSELY,2,2,0.0,0.0,0.0,0.0,0.0,3.0,15,2,11,11/18/2024,2024-11-18,15:40:00
11/18/2024 05:46:00 PM,5.0,5,5,13,5,3,4,3,2,1,2,UNABLE TO DETERMINE,2,2,0.0,0.0,0.0,0.0,0.0,2.0,17,2,11,11/18/2024,2024-11-18,17:46:00
11/17/2024 04:00:00 PM,5.0,3,4,4,4,3,3,3,2,1,2,FAILING TO REDUCE SPEED TO AVOID CRASH,2,2,0.0,0.0,0.0,0.0,0.0,2.0,16,1,11,11/17/2024,2024-11-17,16:00:00
11/18/2024 01:00:00 PM,5.0,5,2,4,5,3,4,3,2,1,4,UNABLE TO DETERMINE,2,2,0.0,0.0,0.0,0.0,0.0,2.0,13,2,11,11/18/2024,2024-11-18,13:00:00
11/18/2024 04:53:00 PM,5.0,5,5,6,10,3,4,3,3,1,3,UNABLE TO DETERMINE,2,3,1.0,0.0,0.0,0.0,1.0,2.0,16,2,11,11/18/2024,2024-11-18,16:53:00
11/17/2024 09:00:00 AM,3.0,3,2,5,6,3,3,3,2,1,4,FAILING TO YIELD RIGHT-OF-WAY,2,2,0.0,0.0,0.0,0.0,0.0,3.0,9,1,11,11/17/2024,2024-11-17,09:00:00
11/18/2024 07:31:00 PM,5.0,3,5,3,4,3,3,3,2,1,4,IMPROPER OVERTAKING/PASSING,2,2,0.0,0.0,0.0,0.0,0.0,2.0,19,2,11,11/18/2024,2024-11-18,19:31:00
11/17/2024 06:15:00 PM,5.0,5,5,6,5,3,4,3,2,1,4,FAILING TO YIELD RIGHT-OF-WAY,2,2,0.0,0.0,0.0,0.0,0.0,4.0,18,1,11,11/17/2024,2024-11-17,18:15:00
11/18/2024 05:20:00 PM,1.0,3,2,5,6,3,1,1,2,1,2,UNABLE TO DETERMINE,2,2,0.0,0.0,0.0,0.0,0.0,2.0,17,2,11,11/18/2024,2024-11-18,17:20:00
11/17/2024 03:55:00 AM,5.0,3,5,4,6,3,3,3,3,1,4,FAILING TO REDUCE SPEED TO AVOID CRASH,2,2,0.0,0.0,0.0,0.0,0.0,3.0,3,1,11,11/17/2024,2024-11-17,03:55:00
11/17/2024 03:55:00 PM,5.0,3,4,6,5,3,3,3,2,1,4,UNABLE TO DETERMINE,2,2,0.0,0.0,0.0,0.0,0.0,2.0,15,1,11,11/17/2024,2024-11-17,15:55:00
11/18/2024 07:27:00 AM,7.0,4,2,5,5,3,4,3,3,1,4,FAILING TO YIELD RIGHT-OF-WAY,2,3,2.0,0.0,0.0,0.0,2.0,0.0,7,2,11,11/18/2024,2024-11-18,07:27:00
11/18/2024 04:15:00 PM,7.0,5,2,13,6,3,4,3,3,1,2,FAILING TO YIELD RIGHT-OF-WAY,2,4,1.0,0.0,0.0,1.0,0.0,1.0,16,2,11,11/18/2024,2024-11-18,16:15:00
11/17/2024 07:00:00 PM,7.0,3,5,4,6,3,3,3,2,1,4,FOLLOWING TOO CLOSELY,2,2,0.0,0.0,0.0,0.0,0.0,2.0,19,1,11,11/17/2024,2024-11-17,19:00:00
11/17/2024 01:30:00 PM,5.0,3,2,6,6,3,3,3,3,1,4,FAILING TO YIELD RIGHT-OF-WAY,2,4,2.0,0.0,0.0,2.0,0.0,1.0,13,1,11,11/17/2024,2024-11-17,13:30:00
11/18/2024 01:42:00 AM,5.0,3,5,4,6,3,3,3,2,1,4,UNABLE TO DETERMINE,2,2,0.0,0.0,0.0,0.0,0.0,2.0,1,2,11,11/18/2024,2024-11-18,01:42:00
11/17/2024 10:38:00 PM,7.0,3,5,5,5,3,1,1,3,1,4,FAILING TO YIELD RIGHT-OF-WAY,2,5,1.0,0.0,1.0,0.0,0.0,1.0,22,1,11,11/17/2024,2024-11-17,22:38:00
11/18/2024 11:20:00 AM,3.0,5,2,5,5,3,4,3,2,1,3,"VISION OBSCURED (SIGNS, TREE LIMBS, BUILDINGS, ETC.)",2,2,0.0,0.0,0.0,0.0,0.0,2.0,11,2,11,11/18/2024,2024-11-18,11:20:00
11/18/2024 04:30:00 PM,3.0,5,5,9,6,3,4,3,3,1,4,UNABLE TO DETERMINE,2,2,0.0,0.0,0.0,0.0,0.0,2.0,16,2,11,11/18/2024,2024-11-18,16:30:00
11/18/2024 06:40:00 PM,5.0,5,5,5,5,3,4,1,3,1,4,DISREGARDING TRAFFIC SIGNALS,2,3,1.0,0.0,0.0,0.0,1.0,1.0,18,2,11,11/18/2024,2024-11-18,18:40:00
11/18/2024 04:45:00 PM,7.0,5,4,5,2,3,4,3,3,1,4,FAILING TO REDUCE SPEED TO AVOID CRASH,2,2,0.0,0.0,0.0,0.0,0.0,3.0,16,2,11,11/18/2024,2024-11-18,16:45:00
12/02/2024 07:00:00 PM,7.0,3,5,5,5,3,3,3,2,1,4,DISREGARDING STOP SIGN,2,2,0.0,0.0,0.0,0.0,0.0,2.0,19,2,12,12/02/2024,2024-12-02,19:00:00
12/03/2024 12:24:00 AM,5.0,3,5,5,5,4,3,3,3,1,4,DISREGARDING TRAFFIC SIGNALS,2,2,0.0,0.0,0.0,0.0,0.0,2.0,0,3,12,12/03/2024,2024-12-03,00:24:00
12/02/2024 11:44:00 AM,3.0,3,2,11,10,3,3,3,2,1,4,DRIVING SKILLS/KNOWLEDGE/EXPERIENCE,2,2,0.0,0.0,0.0,0.0,0.0,1.0,11,2,12,12/02/2024,2024-12-02,11:44:00
12/03/2024 09:25:00 AM,3.0,3,2,3,3,3,3,3,2,1,3,IMPROPER OVERTAKING/PASSING,2,2,0.0,0.0,0.0,0.0,0.0,2.0,9,3,12,12/03/2024,2024-12-03,09:25:00
12/02/2024 08:07:00 AM,7.0,3,2,5,5,3,3,3,3,1,4,FAILING TO YIELD RIGHT-OF-WAY,2,2,0.0,0.0,0.0,0.0,0.0,2.0,8,2,12,12/02/2024,2024-12-02,08:07:00
12/03/2024 11:01:00 AM,5.0,3,2,6,10,3,3,1,2,1,4,IMPROPER TURNING/NO SIGNAL,2,2,0.0,0.0,0.0,0.0,0.0,2.0,11,3,12,12/03/2024,2024-12-03,11:01:00
12/02/2024 10:55:00 PM,3.0,3,6,6,5,3,3,3,2,1,4,UNABLE TO DETERMINE,2,2,0.0,0.0,0.0,0.0,0.0,2.0,22,2,12,12/02/2024,2024-12-02,22:55:00
11/28/2024 01:04:00 AM,5.0,4,5,6,7,6,3,7,2,1,4,DRIVING SKILLS/KNOWLEDGE/EXPERIENCE,2,2,0.0,0.0,0.0,0.0,0.0,3.0,1,5,11,11/28/2024,2024-11-28,01:04:00
12/02/2024 10:00:00 PM,5.0,3,5,3,3,3,3,4,3,1,4,IMPROPER TURNING/NO SIGNAL,2,4,2.0,0.0,0.0,2.0,0.0,0.0,22,2,12,12/02/2024,2024-12-02,22:00:00
12/02/2024 05:23:00 PM,5.0,3,5,6,5,3,3,3,3,1,4,FAILING TO YIELD RIGHT-OF-WAY,2,2,0.0,0.0,0.0,0.0,0.0,2.0,17,2,12,12/02/2024,2024-12-02,17:23:00
12/03/2024 01:45:00 PM,5.0,3,2,4,4,3,3,3,2,1,4,FOLLOWING TOO CLOSELY,2,2,0.0,0.0,0.0,0.0,0.0,2.0,13,3,12,12/03/2024,2024-12-03,13:45:00
12/03/2024 05:20:00 PM,5.0,3,5,5,6,3,3,3,3,1,4,FAILING TO YIELD RIGHT-OF-WAY,2,3,1.0,0.0,0.0,0.0,1.0,1.0,17,3,12,12/03/2024,2024-12-03,17:20:00
12/03/2024 08:05:00 AM,3.0,3,2,6,5,3,3,1,2,1,4,NOT APPLICABLE,2,2,0.0,0.0,0.0,0.0,0.0,2.0,8,3,12,12/03/2024,2024-12-03,08:05:00
12/03/2024 06:15:00 PM,5.0,3,5,3,6,3,3,2,2,1,3,IMPROPER OVERTAKING/PASSING,2,2,0.0,0.0,0.0,0.0,0.0,3.0,18,3,12,12/03/2024,2024-12-03,18:15:00
12/03/2024 08:20:00 AM,5.0,3,2,13,5,3,3,3,3,1,2,UNABLE TO DETERMINE,2,4,1.0,0.0,0.0,1.0,0.0,1.0,8,3,12,12/03/2024,2024-12-03,08:20:00
12/02/2024 03:47:00 PM,5.0,3,2,6,5,3,3,1,2,1,4,UNABLE TO DETERMINE,2,2,0.0,0.0,0.0,0.0,0.0,2.0,15,2,12,12/02/2024,2024-12-02,15:47:00
12/03/2024 07:05:00 AM,7.0,3,2,7,5,3,3,3,3,1,4,FAILING TO YIELD RIGHT-OF-WAY,2,2,0.0,0.0,0.0,0.0,0.0,3.0,7,3,12,12/03/2024,2024-12-03,07:05:00
12/03/2024 07:22:00 PM,7.0,3,5,6,5,3,3,3,3,1,4,IMPROPER TURNING/NO SIGNAL,2,2,0.0,0.0,0.0,0.0,0.0,3.0,19,3,12,12/03/2024,2024-12-03,19:22:00
11/29/2024 09:56:00 PM,5.0,3,6,5,7,3,3,3,3,1,3,UNABLE TO DETERMINE,2,2,0.0,0.0,0.0,0.0,0.0,3.0,21,6,11,11/29/2024,2024-11-29,21:56:00
12/03/2024 10:23:00 AM,7.0,3,2,5,5,3,3,3,3,1,4,UNABLE TO DETERMINE,2,2,0.0,0.0,0.0,0.0,0.0,2.0,10,3,12,12/03/2024,2024-12-03,10:23:00
12/03/2024 04:10:00 PM,5.0,3,2,14,14,3,3,3,3,1,4,FAILING TO YIELD RIGHT-OF-WAY,2,4,1.0,0.0,0.0,1.0,0.0,3.0,16,3,12,12/03/2024,2024-12-03,16:10:00
11/27/2024 08:00:00 PM,5.0,3,5,5,5,3,3,3,2,1,4,UNABLE TO DETERMINE,2,2,0.0,0.0,0.0,0.0,0.0,2.0,20,4,11,11/27/2024,2024-11-27,20:00:00
12/03/2024 02:48:00 PM,3.0,3,2,6,4,3,3,3,3,1,4,IMPROPER TURNING/NO SIGNAL,2,3,1.0,0.0,0.0,0.0,1.0,2.0,14,3,12,12/03/2024,2024-12-03,14:48:00
12/03/2024 07:00:00 AM,7.0,3,2,6,5,3,3,3,3,1,4,UNABLE TO DETERMINE,2,2,0.0,0.0,0.0,0.0,0.0,2.0,7,3,12,12/03/2024,2024-12-03,07:00:00
12/02/2024 12:03:00 PM,5.0,3,2,6,5,3,3,3,3,1,4,FAILING TO REDUCE SPEED TO AVOID CRASH,2,2,0.0,0.0,0.0,0.0,0.0,2.0,12,2,12,12/02/2024,2024-12-02,12:03:00