crash_date,traffic_control_device,weather_condition,lighting_condition,first_crash_type,trafficway_type,alignment,roadway_surface_cond,road_defect,crash_type,intersection_related_i,damage,prim_contributory_cause,num_units,most_severe_injury,injuries_total,injuries_fatal,injuries_incapacitating,injuries_non_incapacitating,injuries_reported_not_evident,injuries_no_indication,crash_hour,crash_day_of_week,crash_month,parsed_datetime,date,time
11/23/2024 08:00:00 PM,5.0,3,4,3,6,3,3,3,2,1,3,IMPROPER LANE USAGE,2,2,0.0,0.0,0.0,0.0,0.0,2.0,20,7,11,11/23/2024,2024-11-23,20:00:00
11/23/2024 09:10:00 AM,5.0,3,2,3,4,6,3,3,2,1,4,UNABLE TO DETERMINE,2,2,0.0,0.0,0.0,0.0,0.0,2.0,9,7,11,11/23/2024,2024-11-23,09:10:00
11/23/2024 06:00:00 PM,5.0,3,2,3,14,3,1,1,2,1,4,UNABLE TO DETERMINE,2,2,0.0,0.0,0.0,0.0,0.0,4.0,18,7,11,11/23/2024,2024-11-23,18:00:00
11/23/2024 06:33:00 PM,5.0,3,2,5,1,3,1,1,2,1,4,UNABLE TO DETERMINE,2,2,0.0,0.0,0.0,0.0,0.0,6.0,18,7,11,11/23/2024,2024-11-23,18:33:00
11/23/2024 01:27:00 PM,7.0,3,2,4,6,3,3,3,2,1,4,UNABLE TO DETERMINE,2,2,0.0,0.0,0.0,0.0,0.0,2.0,13,7,11,11/23/2024,2024-11-23,13:27:00
11/23/2024 06:33:00 PM,6.0,3,5,4,6,3,3,3,2,1,4,FOLLOWING TOO CLOSELY,2,2,0.0,0.0,0.0,0.0,0.0,3.0,18,7,11,11/23/2024,2024-11-23,18:33:00
11/23/2024 09:45:00 AM,7.0,3,2,6,7,3,3,3,3,1,4,IMPROPER TURNING/NO SIGNAL,2,2,0.0,0.0,0.0,0.0,0.0,4.0,9,7,11,11/23/2024,2024-11-23,09:45:00
11/23/2024 08:17:00 PM,5.0,3,4,3,6,3,3,3,2,1,3,IMPROPER LANE USAGE,2,2,0.0,0.0,0.0,0.0,0.0,4.0,20,7,11,11/23/2024,2024-11-23,20:17:00
11/23/2024 03:10:00 PM,1.0,4,2,4,5,3,1,1,2,1,4,UNABLE TO DETERMINE,2,2,0.0,0.0,0.0,0.0,0.0,2.0,15,7,11,11/23/2024,2024-11-23,15:10:00
12/08/2024 03:30:00 AM,5.0,3,3,7,7,3,3,3,3,1,4,UNABLE TO DETERMINE,2,4,2.0,0.0,0.0,2.0,0.0,0.0,3,1,12,12/08/2024,2024-12-08,03:30:00
12/08/2024 10:45:00 AM,5.0,3,2,4,7,3,1,1,2,1,2,UNABLE TO DETERMINE,2,2,0.0,0.0,0.0,0.0,0.0,2.0,10,1,12,12/08/2024,2024-12-08,10:45:00
12/08/2024 01:00:00 PM,7.0,3,2,13,6,3,3,1,3,1,2,DISREGARDING STOP SIGN,2,4,1.0,0.0,0.0,1.0,0.0,1.0,13,1,12,12/08/2024,2024-12-08,13:00:00
12/06/2024 08:00:00 AM,7.0,3,2,5,6,3,6,3,2,1,4,FAILING TO YIELD RIGHT-OF-WAY,2,2,0.0,0.0,0.0,0.0,0.0,2.0,8,6,12,12/06/2024,2024-12-06,08:00:00
11/27/2024 04:15:00 PM,5.0,3,2,6,7,3,3,3,2,1,4,UNABLE TO DETERMINE,2,2,0.0,0.0,0.0,0.0,0.0,2.0,16,4,11,11/27/2024,2024-11-27,16:15:00
12/07/2024 05:10:00 PM,6.0,3,6,4,5,3,3,1,3,1,4,FAILING TO REDUCE SPEED TO AVOID CRASH,2,2,0.0,0.0,0.0,0.0,0.0,2.0,17,7,12,12/07/2024,2024-12-07,17:10:00
12/08/2024 06:30:00 AM,9.0,3,2,4,5,3,3,3,2,1,4,FOLLOWING TOO CLOSELY,2,2,0.0,0.0,0.0,0.0,0.0,3.0,6,1,12,12/08/2024,2024-12-08,06:30:00
12/05/2024 06:45:00 PM,5.0,3,4,8,4,3,3,3,2,1,4,IMPROPER BACKING,2,2,0.0,0.0,0.0,0.0,0.0,2.0,18,5,12,12/05/2024,2024-12-05,18:45:00
12/08/2024 04:47:00 AM,7.0,3,5,11,3,3,3,3,3,1,4,UNDER THE INFLUENCE OF ALCOHOL/DRUGS (USE WHEN ARREST IS EFFECTED),2,3,1.0,0.0,0.0,0.0,1.0,0.0,4,1,12,12/08/2024,2024-12-08,04:47:00
12/03/2024 01:15:00 PM,5.0,3,2,6,6,3,1,1,2,1,3,IMPROPER LANE USAGE,2,2,0.0,0.0,0.0,0.0,0.0,2.0,13,3,12,12/03/2024,2024-12-03,13:15:00
12/08/2024 05:29:00 PM,1.0,3,2,6,5,3,3,3,2,0,3,FOLLOWING TOO CLOSELY,2,2,0.0,0.0,0.0,0.0,0.0,2.0,17,1,12,12/08/2024,2024-12-08,17:29:00
12/08/2024 06:14:00 PM,5.0,3,5,4,5,3,3,3,3,1,4,FOLLOWING TOO CLOSELY,2,2,0.0,0.0,0.0,0.0,0.0,3.0,18,1,12,12/08/2024,2024-12-08,18:14:00
12/08/2024 03:27:00 PM,5.0,3,4,6,5,3,3,3,3,1,4,DISREGARDING TRAFFIC SIGNALS,2,2,0.0,0.0,0.0,0.0,0.0,2.0,15,1,12,12/08/2024,2024-12-08,15:27:00
12/06/2024 10:00:00 PM,5.0,3,2,11,5,3,1,1,2,1,3,UNABLE TO DETERMINE,2,2,0.0,0.0,0.0,0.0,0.0,1.0,22,6,12,12/06/2024,2024-12-06,22:00:00
12/06/2024 12:10:00 PM,5.0,3,2,4,4,3,3,3,2,1,4,UNABLE TO DETERMINE,2,2,0.0,0.0,0.0,0.0,0.0,2.0,12,6,12,12/06/2024,2024-12-06,12:10:00
12/05/2024 06:53:00 PM,7.0,3,5,4,4,3,3,3,2,1,4,UNABLE TO DETERMINE,2,2,0.0,0.0,0.0,0.0,0.0,2.0,18,5,12,12/05/2024,2024-12-05,18:53:00
12/06/2024 10:15:00 PM,5.0,3,2,4,6,3,3,3,2,1,4,NOT APPLICABLE,2,2,0.0,0.0,0.0,0.0,0.0,2.0,22,6,12,12/06/2024,2024-12-06,22:15:00
12/08/2024 03:25:00 PM,5.0,3,2,4,5,3,1,1,3,1,4,UNABLE TO DETERMINE,2,2,0.0,0.0,0.0,0.0,0.0,2.0,15,1,12,12/08/2024,2024-12-08,15:25:00
12/08/2024 08:20:00 PM,5.0,3,5,6,7,3,3,3,2,1,4,UNABLE TO DETERMINE,2,2,0.0,0.0,0.0,0.0,0.0,6.0,20,1,12,12/08/2024,2024-12-08,20:20:00
12/08/2024 10:00:00 AM,7.0,3,2,5,6,3,3,1,2,1,4,UNABLE TO DETERMINE,2,2,0.0,0.0,0.0,0.0,0.0,2.0,10,1,12,12/08/2024,2024-12-08,10:00:00
11/24/2024 01:14:00 PM,7.0,3,2,5,5,3,3,3,3,1,4,FAILING TO YIELD RIGHT-OF-WAY,2,4,1.0,0.0,0.0,1.0,0.0,2.0,13,1,11,11/24/2024,2024-11-24,13:14:00
11/24/2024 03:30:00 PM,5.0,3,2,3,4,3,3,3,2,1,4,IMPROPER OVERTAKING/PASSING,2,2,0.0,0.0,0.0,0.0,0.0,2.0,15,1,11,11/24/2024,2024-11-24,15:30:00
11/24/2024 06:07:00 PM,3.0,3,5,5,5,3,3,3,3,1,4,FAILING TO YIELD RIGHT-OF-WAY,2,2,0.0,0.0,0.0,0.0,0.0,3.0,18,1,11,11/24/2024,2024-11-24,18:07:00
11/24/2024 12:35:00 PM,5.0,3,2,5,5,3,3,3,3,1,4,DRIVING ON WRONG SIDE/WRONG WAY,2,2,0.0,0.0,0.0,0.0,0.0,3.0,12,1,11,11/24/2024,2024-11-24,12:35:00
11/24/2024 12:53:00 AM,7.0,3,5,6,6,3,3,3,2,1,4,FAILING TO YIELD RIGHT-OF-WAY,2,2,0.0,0.0,0.0,0.0,0.0,2.0,0,1,11,11/24/2024,2024-11-24,00:53:00
11/24/2024 07:41:00 PM,7.0,3,4,5,4,3,3,3,3,1,4,FAILING TO REDUCE SPEED TO AVOID CRASH,2,3,1.0,0.0,0.0,0.0,1.0,1.0,19,1,11,11/24/2024,2024-11-24,19:41:00
12/09/2024 08:22:00 PM,7.0,3,5,5,5,3,3,3,3,1,4,FAILING TO YIELD RIGHT-OF-WAY,2,2,0.0,0.0,0.0,0.0,0.0,3.0,20,2,12,12/09/2024,2024-12-09,20:22:00
12/06/2024 05:30:00 PM,1.0,3,2,5,5,3,1,1,2,1,2,UNABLE TO DETERMINE,2,2,0.0,0.0,0.0,0.0,0.0,2.0,17,6,12,12/06/2024,2024-12-06,17:30:00
12/04/2024 06:17:00 PM,7.0,3,6,5,4,3,3,3,3,1,4,DRIVING SKILLS/KNOWLEDGE/EXPERIENCE,2,4,2.0,0.0,0.0,2.0,0.0,1.0,18,4,12,12/04/2024,2024-12-04,18:17:00
12/08/2024 01:00:00 PM,3.0,3,2,5,6,3,3,3,2,1,4,FAILING TO YIELD RIGHT-OF-WAY,2,2,0.0,0.0,0.0,0.0,0.0,2.0,13,1,12,12/08/2024,2024-12-08,13:00:00
12/09/2024 04:30:00 PM,5.0,3,5,6,1,3,3,3,2,1,4,"VISION OBSCURED (SIGNS, TREE LIMBS, BUILDINGS, ETC.)",2,2,0.0,0.0,0.0,0.0,0.0,2.0,16,2,12,12/09/2024,2024-12-09,16:30:00
12/06/2024 09:58:00 AM,5.0,3,2,5,5,3,3,3,3,1,4,DISREGARDING TRAFFIC SIGNALS,2,2,0.0,0.0,0.0,0.0,0.0,3.0,9,6,12,12/06/2024,2024-12-06,09:58:00
12/09/2024 04:42:00 PM,5.0,3,5,4,5,3,3,1,2,1,2,FOLLOWING TOO CLOSELY,2,2,0.0,0.0,0.0,0.0,0.0,2.0,16,2,12,12/09/2024,2024-12-09,16:42:00
12/09/2024 01:05:00 PM,7.0,3,2,5,5,3,3,3,3,1,4,FAILING TO YIELD RIGHT-OF-WAY,2,3,1.0,0.0,0.0,0.0,1.0,2.0,13,2,12,12/09/2024,2024-12-09,13:05:00
12/09/2024 03:24:00 PM,3.0,3,4,4,7,3,3,1,3,1,4,FOLLOWING TOO CLOSELY,2,3,1.0,0.0,0.0,0.0,1.0,2.0,15,2,12,12/09/2024,2024-12-09,15:24:00
12/06/2024 02:35:00 PM,5.0,3,2,6,6,3,1,1,2,1,4,IMPROPER OVERTAKING/PASSING,2,2,0.0,0.0,0.0,0.0,0.0,2.0,14,6,12,12/06/2024,2024-12-06,14:35:00
12/05/2024 03:47:00 PM,3.0,3,2,11,5,3,3,1,2,1,4,IMPROPER TURNING/NO SIGNAL,2,2,0.0,0.0,0.0,0.0,0.0,1.0,15,5,12,12/05/2024,2024-12-05,15:47:00
12/04/2024 04:40:00 PM,7.0,3,5,3,6,3,3,3,2,1,2,IMPROPER OVERTAKING/PASSING,2,2,0.0,0.0,0.0,0.0,0.0,2.0,16,4,12,12/04/2024,2024-12-04,16:40:00
12/09/2024 04:02:00 PM,5.0,3,4,6,12,3,3,3,3,1,4,FAILING TO YIELD RIGHT-OF-WAY,2,4,1.0,0.0,0.0,1.0,0.0,1.0,16,2,12,12/09/2024,2024-12-09,16:02:00
12/09/2024 09:45:00 AM,3.0,3,2,5,4,3,3,1,2,1,4,FAILING TO YIELD RIGHT-OF-WAY,2,2,0.0,0.0,0.0,0.0,0.0,2.0,9,2,12,12/09/2024,2024-12-09,09:45:00
12/03/2024 04:08:00 PM,5.0,3,2,4,4,3,3,3,2,1,4,FOLLOWING TOO CLOSELY,2,2,0.0,0.0,0.0,0.0,0.0,2.0,16,3,12,12/03/2024,2024-12-03,16:08:00
12/06/2024 04:33:00 PM,7.0,3,5,5,5,3,3,3,2,1,4,UNABLE TO DETERMINE,2,2,0.0,0.0,0.0,0.0,0.0,2.0,16,6,12,12/06/2024,2024-12-06,16:33:00
11/29/2024 04:20:00 PM,3.0,3,2,4,4,3,3,3,2,1,4,UNABLE TO DETERMINE,2,2,0.0,0.0,0.0,0.0,0.0,2.0,16,6,11,11/29/2024,2024-11-29,16:20:00
12/09/2024 07:48:00 AM,5.0,5,2,4,5,3,4,3,2,1,4,UNABLE TO DETERMINE,2,2,0.0,0.0,0.0,0.0,0.0,3.0,7,2,12,12/09/2024,2024-12-09,07:48:00
11/25/2024 06:30:00 AM,5.0,3,2,3,6,3,3,1,2,1,3,UNABLE TO DETERMINE,2,2,0.0,0.0,0.0,0.0,0.0,2.0,6,2,11,11/25/2024,2024-11-25,06:30:00
11/25/2024 09:45:00 AM,7.0,3,2,4,5,3,3,1,3,1,4,FAILING TO REDUCE SPEED TO AVOID CRASH,2,4,1.0,0.0,0.0,1.0,0.0,3.0,9,2,11,11/25/2024,2024-11-25,09:45:00
11/25/2024 09:40:00 PM,5.0,3,6,8,6,3,3,3,2,1,2,FOLLOWING TOO CLOSELY,2,2,0.0,0.0,0.0,0.0,0.0,3.0,21,2,11,11/25/2024,2024-11-25,21:40:00
11/25/2024 07:30:00 AM,3.0,4,2,6,5,3,3,3,2,1,4,UNABLE TO DETERMINE,2,2,0.0,0.0,0.0,0.0,0.0,2.0,7,2,11,11/25/2024,2024-11-25,07:30:00
11/25/2024 05:00:00 PM,7.0,3,5,14,13,3,3,3,3,1,2,FAILING TO YIELD RIGHT-OF-WAY,2,4,1.0,0.0,0.0,1.0,0.0,1.0,17,2,11,11/25/2024,2024-11-25,17:00:00
11/25/2024 04:50:00 PM,5.0,3,5,3,4,3,3,3,2,1,4,IMPROPER OVERTAKING/PASSING,2,2,0.0,0.0,0.0,0.0,0.0,2.0,16,2,11,11/25/2024,2024-11-25,16:50:00
11/25/2024 05:52:00 PM,7.0,3,5,5,7,3,3,3,3,1,4,FAILING TO YIELD RIGHT-OF-WAY,2,2,0.0,0.0,0.0,0.0,0.0,5.0,17,2,11,11/25/2024,2024-11-25,17:52:00
11/25/2024 05:00:00 PM,3.0,3,5,6,4,3,3,3,2,1,4,IMPROPER TURNING/NO SIGNAL,2,2,0.0,0.0,0.0,0.0,0.0,2.0,17,2,11,11/25/2024,2024-11-25,17:00:00
11/25/2024 06:20:00 PM,7.0,3,6,5,6,3,3,3,2,1,4,UNABLE TO DETERMINE,2,2,0.0,0.0,0.0,0.0,0.0,2.0,18,2,11,11/25/2024,2024-11-25,18:20:00
11/25/2024 11:55:00 AM,7.0,3,2,5,7,3,3,3,2,1,4,FAILING TO YIELD RIGHT-OF-WAY,2,2,0.0,0.0,0.0,0.0,0.0,3.0,11,2,11,11/25/2024,2024-11-25,11:55:00
12/06/2024 02:05:00 PM,5.0,3,2,6,5,3,3,3,3,1,4,FAILING TO YIELD RIGHT-OF-WAY,2,3,1.0,0.0,0.0,0.0,1.0,1.0,14,6,12,12/06/2024,2024-12-06,14:05:00
11/25/2024 11:54:00 AM,1.0,3,2,4,5,3,1,1,2,1,4,CELL PHONE USE OTHER THAN TEXTING,2,2,0.0,0.0,0.0,0.0,0.0,2.0,11,2,11,11/25/2024,2024-11-25,11:54:00
11/25/2024 10:50:00 AM,5.0,4,2,6,5,3,3,3,2,1,3,FOLLOWING TOO CLOSELY,2,2,0.0,0.0,0.0,0.0,0.0,2.0,10,2,11,11/25/2024,2024-11-25,10:50:00
11/25/2024 05:35:00 PM,7.0,3,5,14,5,3,3,3,3,1,4,FAILING TO REDUCE SPEED TO AVOID CRASH,2,5,1.0,0.0,1.0,0.0,0.0,1.0,17,2,11,11/25/2024,2024-11-25,17:35:00
11/25/2024 05:25:00 PM,5.0,4,5,4,5,3,3,3,2,1,4,FOLLOWING TOO CLOSELY,2,2,0.0,0.0,0.0,0.0,0.0,3.0,17,2,11,11/25/2024,2024-11-25,17:25:00
11/25/2024 01:50:00 PM,3.0,3,2,11,10,3,3,3,3,0,4,UNABLE TO DETERMINE,2,4,2.0,0.0,0.0,2.0,0.0,0.0,13,2,11,11/25/2024,2024-11-25,13:50:00
11/25/2024 04:20:00 PM,5.0,3,5,3,4,3,3,3,3,1,4,IMPROPER OVERTAKING/PASSING,2,3,1.0,0.0,0.0,0.0,1.0,2.0,16,2,11,11/25/2024,2024-11-25,16:20:00
11/25/2024 07:02:00 PM,1.0,3,6,4,5,3,1,1,3,1,4,UNABLE TO DETERMINE,2,4,1.0,0.0,0.0,1.0,0.0,1.0,19,2,11,11/25/2024,2024-11-25,19:02:00
11/25/2024 08:40:00 AM,3.0,3,2,6,5,3,3,3,3,1,4,FAILING TO YIELD RIGHT-OF-WAY,2,2,0.0,0.0,0.0,0.0,0.0,2.0,8,2,11,11/25/2024,2024-11-25,08:40:00
11/25/2024 02:40:00 PM,5.0,3,2,5,6,3,3,3,2,1,4,IMPROPER TURNING/NO SIGNAL,2,2,0.0,0.0,0.0,0.0,0.0,2.0,14,2,11,11/25/2024,2024-11-25,14:40:00
11/25/2024 07:40:00 AM,7.0,3,2,5,7,3,3,3,3,1,4,DISREGARDING STOP SIGN,2,4,1.0,0.0,0.0,1.0,0.0,1.0,7,2,11,11/25/2024,2024-11-25,07:40:00
11/25/2024 04:07:00 PM,5.0,3,4,6,5,3,3,3,2,1,3,IMPROPER TURNING/NO SIGNAL,2,2,0.0,0.0,0.0,0.0,0.0,2.0,16,2,11,11/25/2024,2024-11-25,16:07:00
11/25/2024 08:34:00 PM,7.0,3,5,6,7,3,3,3,3,1,4,FAILING TO YIELD RIGHT-OF-WAY,2,3,1.0,0.0,0.0,0.0,1.0,2.0,20,2,11,11/25/2024,2024-11-25,20:34:00
11/25/2024 06:55:00 PM,5.0,3,5,4,10,3,3,3,2,1,4,UNABLE TO DETERMINE,2,2,0.0,0.0,0.0,0.0,0.0,2.0,18,2,11,11/25/2024,2024-11-25,18:55:00
11/25/2024 04:24:00 PM,7.0,3,4,5,6,3,3,3,3,1,4,FAILING TO YIELD RIGHT-OF-WAY,2,2,0.0,0.0,0.0,0.0,0.0,3.0,16,2,11,11/25/2024,2024-11-25,16:24:00
11/25/2024 05:24:00 PM,5.0,3,5,6,12,3,3,3,3,1,4,FAILING TO YIELD RIGHT-OF-WAY,2,3,2.0,0.0,0.0,0.0,2.0,0.0,17,2,11,11/25/2024,2024-11-25,17:24:00
11/25/2024 10:16:00 PM,5.0,3,5,5,4,3,1,1,3,1,4,UNABLE TO DETERMINE,2,4,1.0,0.0,0.0,1.0,0.0,1.0,22,2,11,11/25/2024,2024-11-25,22:16:00
11/25/2024 06:30:00 PM,5.0,3,5,5,5,3,3,3,3,1,4,FAILING TO YIELD RIGHT-OF-WAY,2,3,1.0,0.0,0.0,0.0,1.0,1.0,18,2,11,11/25/2024,2024-11-25,18:30:00
11/25/2024 08:00:00 AM,5.0,3,2,3,6,3,3,1,2,1,3,UNABLE TO DETERMINE,2,2,0.0,0.0,0.0,0.0,0.0,2.0,8,2,11,11/25/2024,2024-11-25,08:00:00
11/25/2024 06:44:00 PM,5.0,4,5,13,6,3,3,3,3,1,4,FAILING TO YIELD RIGHT-OF-WAY,2,4,1.0,0.0,0.0,1.0,0.0,1.0,18,2,11,11/25/2024,2024-11-25,18:44:00
11/25/2024 02:40:00 PM,5.0,3,2,6,7,3,3,3,2,1,4,DISREGARDING TRAFFIC SIGNALS,2,2,0.0,0.0,0.0,0.0,0.0,2.0,14,2,11,11/25/2024,2024-11-25,14:40:00
11/25/2024 11:33:00 AM,7.0,4,2,6,5,3,4,3,3,1,4,FAILING TO YIELD RIGHT-OF-WAY,2,2,0.0,0.0,0.0,0.0,0.0,3.0,11,2,11,11/25/2024,2024-11-25,11:33:00
11/25/2024 04:20:00 PM,3.0,3,5,6,5,3,3,7,2,1,4,NOT APPLICABLE,2,2,0.0,0.0,0.0,0.0,0.0,3.0,16,2,11,11/25/2024,2024-11-25,16:20:00
11/25/2024 10:43:00 AM,5.0,4,2,4,5,3,3,3,2,1,4,UNABLE TO DETERMINE,2,2,0.0,0.0,0.0,0.0,0.0,2.0,10,2,11,11/25/2024,2024-11-25,10:43:00
11/25/2024 09:38:00 AM,5.0,4,2,3,6,3,3,3,2,1,4,UNABLE TO DETERMINE,2,2,0.0,0.0,0.0,0.0,0.0,4.0,9,2,11,11/25/2024,2024-11-25,09:38:00
11/25/2024 01:50:00 PM,5.0,4,2,6,5,3,3,3,2,1,4,FAILING TO YIELD RIGHT-OF-WAY,2,2,0.0,0.0,0.0,0.0,0.0,2.0,13,2,11,11/25/2024,2024-11-25,13:50:00
11/25/2024 07:11:00 PM,7.0,4,5,5,5,3,4,3,3,1,4,DISREGARDING STOP SIGN,2,3,1.0,0.0,0.0,0.0,1.0,1.0,19,2,11,11/25/2024,2024-11-25,19:11:00
11/25/2024 11:52:00 AM,5.0,3,2,6,10,3,3,3,3,1,3,IMPROPER OVERTAKING/PASSING,2,2,0.0,0.0,0.0,0.0,0.0,2.0,11,2,11,11/25/2024,2024-11-25,11:52:00
11/25/2024 06:27:00 PM,5.0,4,5,6,5,3,3,1,2,1,3,IMPROPER OVERTAKING/PASSING,2,2,0.0,0.0,0.0,0.0,0.0,2.0,18,2,11,11/25/2024,2024-11-25,18:27:00
12/10/2024 04:35:00 PM,5.0,3,2,4,5,3,1,1,3,1,4,UNABLE TO DETERMINE,2,3,1.0,0.0,0.0,0.0,1.0,1.0,16,3,12,12/10/2024,2024-12-10,16:35:00
12/10/2024 07:25:00 PM,7.0,5,5,5,5,3,3,3,3,1,4,FAILING TO YIELD RIGHT-OF-WAY,2,2,0.0,0.0,0.0,0.0,0.0,2.0,19,3,12,12/10/2024,2024-12-10,19:25:00
12/10/2024 04:30:00 PM,5.0,3,5,4,4,3,3,3,3,1,4,FAILING TO REDUCE SPEED TO AVOID CRASH,2,4,1.0,0.0,0.0,1.0,0.0,1.0,16,3,12,12/10/2024,2024-12-10,16:30:00
12/10/2024 04:15:00 PM,5.0,3,2,14,5,3,3,3,2,1,2,FAILING TO REDUCE SPEED TO AVOID CRASH,2,2,0.0,0.0,0.0,0.0,0.0,2.0,16,3,12,12/10/2024,2024-12-10,16:15:00
12/04/2024 09:58:00 AM,5.0,3,2,4,6,3,3,3,3,1,4,PHYSICAL CONDITION OF DRIVER,2,3,1.0,0.0,0.0,0.0,1.0,1.0,9,4,12,12/04/2024,2024-12-04,09:58:00
12/10/2024 07:00:00 PM,7.0,3,5,5,6,3,3,3,2,1,4,FAILING TO YIELD RIGHT-OF-WAY,2,2,0.0,0.0,0.0,0.0,0.0,4.0,19,3,12,12/10/2024,2024-12-10,19:00:00
12/10/2024 08:00:00 AM,7.0,3,2,6,5,3,3,3,2,1,4,FAILING TO YIELD RIGHT-OF-WAY,2,2,0.0,0.0,0.0,0.0,0.0,3.0,8,3,12,12/10/2024,2024-12-10,08:00:00
12/05/2024 08:20:00 PM,5.0,3,2,6,5,3,1,1,2,1,3,UNABLE TO DETERMINE,2,2,0.0,0.0,0.0,0.0,0.0,3.0,20,5,12,12/05/2024,2024-12-05,20:20:00
12/08/2024 10:20:00 AM,5.0,3,2,4,7,3,3,3,3,1,4,UNABLE TO DETERMINE,2,2,0.0,0.0,0.0,0.0,0.0,3.0,10,1,12,12/08/2024,2024-12-08,10:20:00
12/09/2024 07:20:00 PM,7.0,3,5,6,5,3,1,1,2,1,4,IMPROPER OVERTAKING/PASSING,2,2,0.0,0.0,0.0,0.0,0.0,2.0,19,2,12,12/09/2024,2024-12-09,19:20:00
12/06/2024 10:15:00 PM,7.0,3,5,5,7,3,3,3,2,1,4,FAILING TO YIELD RIGHT-OF-WAY,2,2,0.0,0.0,0.0,0.0,0.0,2.0,22,6,12,12/06/2024,2024-12-06,22:15:00
12/10/2024 05:26:00 AM,5.0,3,2,4,7,3,1,1,2,1,3,UNABLE TO DETERMINE,2,2,0.0,0.0,0.0,0.0,0.0,2.0,5,3,12,12/10/2024,2024-12-10,05:26:00
12/07/2024 12:42:00 PM,5.0,3,2,6,5,3,3,1,2,1,3,IMPROPER LANE USAGE,2,2,0.0,0.0,0.0,0.0,0.0,2.0,12,7,12,12/07/2024,2024-12-07,12:42:00
12/10/2024 02:00:00 PM,5.0,3,2,6,6,3,3,3,2,1,4,IMPROPER TURNING/NO SIGNAL,2,2,0.0,0.0,0.0,0.0,0.0,2.0,14,3,12,12/10/2024,2024-12-10,14:00:00
11/26/2024 06:58:00 AM,7.0,3,2,13,6,3,1,1,3,1,2,UNABLE TO DETERMINE,2,4,1.0,0.0,0.0,1.0,0.0,1.0,6,3,11,11/26/2024,2024-11-26,06:58:00
11/26/2024 04:23:00 PM,5.0,3,5,4,7,3,3,3,3,1,4,FOLLOWING TOO CLOSELY,2,2,0.0,0.0,0.0,0.0,0.0,2.0,16,3,11,11/26/2024,2024-11-26,16:23:00
11/26/2024 03:05:00 PM,5.0,3,2,3,5,3,3,3,2,1,3,FAILING TO YIELD RIGHT-OF-WAY,2,2,0.0,0.0,0.0,0.0,0.0,2.0,15,3,11,11/26/2024,2024-11-26,15:05:00
11/26/2024 11:50:00 AM,5.0,3,2,3,13,3,3,3,2,1,4,IMPROPER OVERTAKING/PASSING,2,2,0.0,0.0,0.0,0.0,0.0,2.0,11,3,11,11/26/2024,2024-11-26,11:50:00
11/26/2024 06:00:00 PM,5.0,3,5,6,5,3,3,3,2,1,4,IMPROPER TURNING/NO SIGNAL,2,2,0.0,0.0,0.0,0.0,0.0,2.0,18,3,11,11/26/2024,2024-11-26,18:00:00
11/26/2024 02:10:00 PM,3.0,3,2,3,6,3,3,3,2,1,4,UNABLE TO DETERMINE,2,2,0.0,0.0,0.0,0.0,0.0,2.0,14,3,11,11/26/2024,2024-11-26,14:10:00
11/26/2024 08:25:00 AM,7.0,3,2,5,1,3,3,3,2,1,4,DISTRACTION - FROM OUTSIDE VEHICLE,2,2,0.0,0.0,0.0,0.0,0.0,3.0,8,3,11,11/26/2024,2024-11-26,08:25:00
11/26/2024 11:10:00 PM,7.0,3,6,5,5,3,3,3,3,1,4,UNABLE TO DETERMINE,2,3,1.0,0.0,0.0,0.0,1.0,2.0,23,3,11,11/26/2024,2024-11-26,23:10:00
11/26/2024 04:45:00 AM,5.0,3,2,5,5,3,3,3,3,1,4,UNABLE TO DETERMINE,2,2,0.0,0.0,0.0,0.0,0.0,2.0,4,3,11,11/26/2024,2024-11-26,04:45:00
11/26/2024 05:33:00 PM,5.0,3,5,3,10,6,3,2,2,1,4,IMPROPER OVERTAKING/PASSING,2,2,0.0,0.0,0.0,0.0,0.0,2.0,17,3,11,11/26/2024,2024-11-26,17:33:00
11/26/2024 05:48:00 PM,5.0,3,6,6,6,3,3,3,2,1,4,UNABLE TO DETERMINE,2,2,0.0,0.0,0.0,0.0,0.0,2.0,17,3,11,11/26/2024,2024-11-26,17:48:00
11/26/2024 08:20:00 PM,5.0,4,5,4,4,3,3,3,3,1,3,FAILING TO REDUCE SPEED TO AVOID CRASH,2,3,1.0,0.0,0.0,0.0,1.0,1.0,20,3,11,11/26/2024,2024-11-26,20:20:00
11/26/2024 10:00:00 AM,7.0,3,2,6,3,3,3,3,3,1,4,PHYSICAL CONDITION OF DRIVER,2,3,1.0,0.0,0.0,0.0,1.0,1.0,10,3,11,11/26/2024,2024-11-26,10:00:00
11/26/2024 03:30:00 PM,5.0,3,2,6,6,3,3,3,3,1,4,UNABLE TO DETERMINE,2,2,0.0,0.0,0.0,0.0,0.0,2.0,15,3,11,11/26/2024,2024-11-26,15:30:00
11/26/2024 06:20:00 PM,5.0,3,2,6,5,3,3,1,2,1,3,FAILING TO YIELD RIGHT-OF-WAY,2,2,0.0,0.0,0.0,0.0,0.0,2.0,18,3,11,11/26/2024,2024-11-26,18:20:00