crash_date,traffic_control_device,weather_condition,lighting_condition,first_crash_type,trafficway_type,alignment,roadway_surface_cond,road_defect,crash_type,intersection_related_i,damage,prim_contributory_cause,num_units,most_severe_injury,injuries_total,injuries_fatal,injuries_incapacitating,injuries_non_incapacitating,injuries_reported_not_evident,injuries_no_indication,crash_hour,crash_day_of_week,crash_month,parsed_datetime,date,time
12/12/2024 07:20:00 AM,5.0,3,2,7,4,3,3,3,2,1,4,IMPROPER BACKING,2,2,0.0,0.0,0.0,0.0,0.0,2.0,7,5,12,12/12/2024,2024-12-12,07:20:00
12/12/2024 11:54:00 AM,5.0,3,2,13,5,3,3,1,3,1,2,IMPROPER TURNING/NO SIGNAL,2,4,1.0,0.0,0.0,1.0,0.0,1.0,11,5,12,12/12/2024,2024-12-12,11:54:00
12/15/2024 03:05:00 PM,5.0,5,2,5,5,3,4,1,2,1,4,DISREGARDING TRAFFIC SIGNALS,2,2,0.0,0.0,0.0,0.0,0.0,2.0,15,1,12,12/15/2024,2024-12-15,15:05:00
12/14/2024 12:10:00 PM,7.0,3,2,6,5,3,1,1,2,1,4,IMPROPER TURNING/NO SIGNAL,2,2,0.0,0.0,0.0,0.0,0.0,2.0,12,7,12,12/14/2024,2024-12-14,12:10:00
12/13/2024 10:30:00 AM,7.0,3,2,5,6,3,3,3,2,1,4,FAILING TO YIELD RIGHT-OF-WAY,2,2,0.0,0.0,0.0,0.0,0.0,2.0,10,6,12,12/13/2024,2024-12-13,10:30:00
12/19/2024 08:40:00 AM,5.0,3,2,3,4,3,3,3,2,1,3,UNABLE TO DETERMINE,2,2,0.0,0.0,0.0,0.0,0.0,2.0,8,5,12,12/19/2024,2024-12-19,08:40:00
12/15/2024 07:05:00 PM,5.0,3,5,4,4,3,1,1,2,1,3,FOLLOWING TOO CLOSELY,2,2,0.0,0.0,0.0,0.0,0.0,2.0,19,1,12,12/15/2024,2024-12-15,19:05:00
12/10/2024 01:45:00 PM,5.0,3,2,5,4,3,3,3,3,1,4,DISREGARDING TRAFFIC SIGNALS,2,2,0.0,0.0,0.0,0.0,0.0,2.0,13,3,12,12/10/2024,2024-12-10,13:45:00
12/17/2024 07:53:00 PM,5.0,3,6,5,5,3,3,3,3,1,4,FAILING TO YIELD RIGHT-OF-WAY,2,2,0.0,0.0,0.0,0.0,0.0,2.0,19,3,12,12/17/2024,2024-12-17,19:53:00
12/19/2024 07:00:00 AM,5.0,3,2,3,6,3,3,3,2,1,4,FAILING TO YIELD RIGHT-OF-WAY,2,2,0.0,0.0,0.0,0.0,0.0,2.0,7,5,12,12/19/2024,2024-12-19,07:00:00
12/14/2024 12:34:00 PM,5.0,3,2,5,5,3,3,3,2,1,4,UNABLE TO DETERMINE,2,2,0.0,0.0,0.0,0.0,0.0,2.0,12,7,12,12/14/2024,2024-12-14,12:34:00
12/09/2024 11:58:00 AM,5.0,3,2,4,4,3,1,1,2,0,3,FOLLOWING TOO CLOSELY,2,2,0.0,0.0,0.0,0.0,0.0,2.0,11,2,12,12/09/2024,2024-12-09,11:58:00
12/19/2024 05:35:00 PM,7.0,8,6,5,10,3,4,5,2,1,2,IMPROPER LANE USAGE,2,2,0.0,0.0,0.0,0.0,0.0,2.0,17,5,12,12/19/2024,2024-12-19,17:35:00
12/17/2024 04:55:00 PM,3.0,3,2,3,13,3,3,3,2,1,4,IMPROPER OVERTAKING/PASSING,2,2,0.0,0.0,0.0,0.0,0.0,3.0,16,3,12,12/17/2024,2024-12-17,16:55:00
12/19/2024 03:32:00 PM,7.0,3,2,5,6,3,3,3,3,1,4,FAILING TO YIELD RIGHT-OF-WAY,2,3,1.0,0.0,0.0,0.0,1.0,1.0,15,5,12,12/19/2024,2024-12-19,15:32:00
12/17/2024 06:49:00 AM,5.0,3,2,6,7,3,3,3,3,1,4,IMPROPER TURNING/NO SIGNAL,2,2,0.0,0.0,0.0,0.0,0.0,2.0,6,3,12,12/17/2024,2024-12-17,06:49:00
12/11/2024 06:51:00 AM,5.0,3,3,6,14,3,3,1,3,1,3,FAILING TO YIELD RIGHT-OF-WAY,2,4,1.0,0.0,0.0,1.0,0.0,2.0,6,4,12,12/11/2024,2024-12-11,06:51:00
12/10/2024 07:48:00 PM,7.0,3,5,5,5,3,3,3,2,1,4,DISREGARDING STOP SIGN,2,2,0.0,0.0,0.0,0.0,0.0,4.0,19,3,12,12/10/2024,2024-12-10,19:48:00
12/13/2024 09:30:00 AM,7.0,3,2,5,6,3,3,3,2,1,4,DISREGARDING STOP SIGN,2,2,0.0,0.0,0.0,0.0,0.0,2.0,9,6,12,12/13/2024,2024-12-13,09:30:00
12/15/2024 10:40:00 PM,3.0,5,5,11,6,3,4,3,3,0,4,IMPROPER LANE USAGE,2,2,0.0,0.0,0.0,0.0,0.0,1.0,22,1,12,12/15/2024,2024-12-15,22:40:00
12/16/2024 01:00:00 AM,5.0,9,5,6,5,3,3,3,2,1,4,FAILING TO YIELD RIGHT-OF-WAY,2,2,0.0,0.0,0.0,0.0,0.0,2.0,1,2,12,12/16/2024,2024-12-16,01:00:00
12/16/2024 03:08:00 PM,5.0,3,2,6,5,3,1,1,2,1,4,UNABLE TO DETERMINE,2,2,0.0,0.0,0.0,0.0,0.0,3.0,15,2,12,12/16/2024,2024-12-16,15:08:00
12/15/2024 05:40:00 AM,5.0,5,5,6,6,3,4,3,2,1,4,UNABLE TO DETERMINE,2,2,0.0,0.0,0.0,0.0,0.0,2.0,5,1,12,12/15/2024,2024-12-15,05:40:00
12/17/2024 06:44:00 PM,5.0,3,5,6,6,3,1,1,3,1,4,UNABLE TO DETERMINE,2,2,0.0,0.0,0.0,0.0,0.0,2.0,18,3,12,12/17/2024,2024-12-17,18:44:00
12/16/2024 04:50:00 PM,3.0,3,5,13,4,3,3,1,3,0,4,DRIVING SKILLS/KNOWLEDGE/EXPERIENCE,2,3,1.0,0.0,0.0,0.0,1.0,1.0,16,2,12,12/16/2024,2024-12-16,16:50:00
12/16/2024 08:10:00 AM,7.0,5,2,5,1,3,4,3,2,1,4,DISREGARDING STOP SIGN,2,2,0.0,0.0,0.0,0.0,0.0,2.0,8,2,12,12/16/2024,2024-12-16,08:10:00
12/11/2024 09:15:00 AM,3.0,3,2,10,4,6,3,3,2,1,4,DRIVING ON WRONG SIDE/WRONG WAY,2,2,0.0,0.0,0.0,0.0,0.0,3.0,9,4,12,12/11/2024,2024-12-11,09:15:00
12/11/2024 06:57:00 AM,5.0,3,2,4,14,3,1,1,2,1,2,UNABLE TO DETERMINE,2,2,0.0,0.0,0.0,0.0,0.0,2.0,6,4,12,12/11/2024,2024-12-11,06:57:00
12/08/2024 08:30:00 PM,5.0,3,5,3,6,3,1,1,2,1,4,FAILING TO YIELD RIGHT-OF-WAY,2,2,0.0,0.0,0.0,0.0,0.0,2.0,20,1,12,12/08/2024,2024-12-08,20:30:00
12/19/2024 05:45:00 PM,3.0,6,6,6,6,3,4,3,3,1,4,FAILING TO YIELD RIGHT-OF-WAY,2,4,1.0,0.0,0.0,1.0,0.0,2.0,17,5,12,12/19/2024,2024-12-19,17:45:00
12/18/2024 03:31:00 PM,5.0,3,2,14,9,3,3,3,2,1,3,UNABLE TO DETERMINE,2,2,0.0,0.0,0.0,0.0,0.0,2.0,15,4,12,12/18/2024,2024-12-18,15:31:00
12/14/2024 09:00:00 PM,7.0,5,6,6,5,3,4,1,2,1,4,FAILING TO YIELD RIGHT-OF-WAY,2,2,0.0,0.0,0.0,0.0,0.0,2.0,21,7,12,12/14/2024,2024-12-14,21:00:00
12/18/2024 09:20:00 AM,7.0,3,2,5,6,3,3,3,2,1,4,FAILING TO YIELD RIGHT-OF-WAY,2,2,0.0,0.0,0.0,0.0,0.0,2.0,9,4,12,12/18/2024,2024-12-18,09:20:00
12/07/2024 10:05:00 PM,5.0,3,5,14,5,3,3,1,3,1,4,FAILING TO YIELD RIGHT-OF-WAY,2,4,1.0,0.0,0.0,1.0,0.0,1.0,22,7,12,12/07/2024,2024-12-07,22:05:00
12/13/2024 04:45:00 PM,5.0,3,2,3,6,3,3,3,2,1,3,IMPROPER LANE USAGE,2,2,0.0,0.0,0.0,0.0,0.0,2.0,16,6,12,12/13/2024,2024-12-13,16:45:00
12/17/2024 11:59:00 PM,5.0,3,5,8,5,3,3,3,2,1,2,UNABLE TO DETERMINE,2,2,0.0,0.0,0.0,0.0,0.0,4.0,23,3,12,12/17/2024,2024-12-17,23:59:00
12/17/2024 06:19:00 PM,5.0,3,6,4,12,3,3,1,2,1,4,FOLLOWING TOO CLOSELY,2,2,0.0,0.0,0.0,0.0,0.0,3.0,18,3,12,12/17/2024,2024-12-17,18:19:00
12/19/2024 03:10:00 PM,7.0,4,2,11,5,3,3,1,2,1,4,FAILING TO REDUCE SPEED TO AVOID CRASH,2,2,0.0,0.0,0.0,0.0,0.0,1.0,15,5,12,12/19/2024,2024-12-19,15:10:00
12/13/2024 08:57:00 PM,3.0,3,5,6,5,3,3,3,2,1,4,UNABLE TO DETERMINE,2,2,0.0,0.0,0.0,0.0,0.0,3.0,20,6,12,12/13/2024,2024-12-13,20:57:00
12/15/2024 03:10:00 AM,5.0,5,5,4,5,3,4,7,2,1,2,DRIVING SKILLS/KNOWLEDGE/EXPERIENCE,2,2,0.0,0.0,0.0,0.0,0.0,4.0,3,1,12,12/15/2024,2024-12-15,03:10:00
12/14/2024 06:18:00 PM,5.0,5,5,13,5,3,4,3,3,1,4,UNABLE TO DETERMINE,2,3,1.0,0.0,0.0,0.0,1.0,1.0,18,7,12,12/14/2024,2024-12-14,18:18:00
12/07/2024 05:10:00 PM,5.0,3,5,6,5,3,3,3,2,1,3,FOLLOWING TOO CLOSELY,2,2,0.0,0.0,0.0,0.0,0.0,2.0,17,7,12,12/07/2024,2024-12-07,17:10:00
12/13/2024 09:57:00 PM,5.0,3,5,3,4,3,3,3,3,1,4,IMPROPER OVERTAKING/PASSING,2,2,0.0,0.0,0.0,0.0,0.0,3.0,21,6,12,12/13/2024,2024-12-13,21:57:00
12/07/2024 05:15:00 PM,5.0,3,6,6,5,3,1,1,2,1,4,FAILING TO YIELD RIGHT-OF-WAY,2,2,0.0,0.0,0.0,0.0,0.0,2.0,17,7,12,12/07/2024,2024-12-07,17:15:00
12/11/2024 09:23:00 PM,5.0,3,5,6,4,3,3,3,2,1,4,IMPROPER TURNING/NO SIGNAL,2,2,0.0,0.0,0.0,0.0,0.0,2.0,21,4,12,12/11/2024,2024-12-11,21:23:00
12/17/2024 07:04:00 AM,5.0,3,2,3,4,3,3,3,2,1,4,UNABLE TO DETERMINE,2,2,0.0,0.0,0.0,0.0,0.0,4.0,7,3,12,12/17/2024,2024-12-17,07:04:00
12/13/2024 07:11:00 AM,5.0,3,2,3,6,3,3,3,2,1,4,UNABLE TO DETERMINE,2,2,0.0,0.0,0.0,0.0,0.0,2.0,7,6,12,12/13/2024,2024-12-13,07:11:00
12/18/2024 09:55:00 AM,7.0,3,2,6,7,4,3,3,2,1,3,FAILING TO YIELD RIGHT-OF-WAY,2,2,0.0,0.0,0.0,0.0,0.0,2.0,9,4,12,12/18/2024,2024-12-18,09:55:00
12/12/2024 07:41:00 PM,5.0,3,5,13,5,3,3,3,3,1,4,FAILING TO YIELD RIGHT-OF-WAY,2,5,1.0,0.0,1.0,0.0,0.0,1.0,19,5,12,12/12/2024,2024-12-12,19:41:00
12/19/2024 12:45:00 AM,7.0,3,5,5,5,3,3,3,3,1,4,DISREGARDING STOP SIGN,2,4,2.0,0.0,0.0,1.0,1.0,1.0,0,5,12,12/19/2024,2024-12-19,00:45:00
12/14/2024 06:30:00 AM,5.0,3,5,4,6,3,3,1,2,1,3,UNABLE TO DETERMINE,2,2,0.0,0.0,0.0,0.0,0.0,2.0,6,7,12,12/14/2024,2024-12-14,06:30:00
12/13/2024 10:00:00 AM,5.0,3,2,6,5,3,3,3,3,1,4,UNABLE TO DETERMINE,2,2,0.0,0.0,0.0,0.0,0.0,2.0,10,6,12,12/13/2024,2024-12-13,10:00:00
12/09/2024 08:45:00 AM,5.0,3,2,4,5,3,3,7,2,1,3,FAILING TO REDUCE SPEED TO AVOID CRASH,2,2,0.0,0.0,0.0,0.0,0.0,2.0,8,2,12,12/09/2024,2024-12-09,08:45:00
12/07/2024 11:43:00 AM,5.0,3,2,4,6,3,3,3,2,1,4,UNABLE TO DETERMINE,2,2,0.0,0.0,0.0,0.0,0.0,2.0,11,7,12,12/07/2024,2024-12-07,11:43:00
12/19/2024 09:30:00 AM,7.0,4,2,6,5,3,3,3,3,1,4,FAILING TO YIELD RIGHT-OF-WAY,2,2,0.0,0.0,0.0,0.0,0.0,2.0,9,5,12,12/19/2024,2024-12-19,09:30:00
12/07/2024 11:40:00 AM,5.0,3,2,3,4,3,3,7,2,1,4,FAILING TO YIELD RIGHT-OF-WAY,2,2,0.0,0.0,0.0,0.0,0.0,2.0,11,7,12,12/07/2024,2024-12-07,11:40:00
12/17/2024 09:14:00 AM,5.0,3,2,6,3,3,3,3,3,1,4,FAILING TO YIELD RIGHT-OF-WAY,2,2,0.0,0.0,0.0,0.0,0.0,2.0,9,3,12,12/17/2024,2024-12-17,09:14:00
12/11/2024 09:18:00 PM,5.0,3,5,5,5,3,3,3,3,1,4,DISREGARDING TRAFFIC SIGNALS,2,3,1.0,0.0,0.0,0.0,1.0,2.0,21,4,12,12/11/2024,2024-12-11,21:18:00
12/08/2024 02:30:00 PM,5.0,3,2,5,6,3,3,3,3,1,4,UNABLE TO DETERMINE,2,2,0.0,0.0,0.0,0.0,0.0,2.0,14,1,12,12/08/2024,2024-12-08,14:30:00
12/07/2024 03:15:00 AM,5.0,3,5,5,5,3,3,1,3,1,4,DISREGARDING TRAFFIC SIGNALS,2,2,0.0,0.0,0.0,0.0,0.0,2.0,3,7,12,12/07/2024,2024-12-07,03:15:00
12/15/2024 06:10:00 AM,5.0,5,5,6,5,3,4,3,2,1,3,FAILING TO REDUCE SPEED TO AVOID CRASH,2,2,0.0,0.0,0.0,0.0,0.0,3.0,6,1,12,12/15/2024,2024-12-15,06:10:00
12/09/2024 12:10:00 PM,5.0,3,2,6,5,3,3,3,3,1,4,FAILING TO YIELD RIGHT-OF-WAY,2,5,2.0,0.0,1.0,0.0,1.0,0.0,12,2,12,12/09/2024,2024-12-09,12:10:00
12/15/2024 12:54:00 AM,5.0,5,5,6,5,3,4,3,3,1,4,FAILING TO YIELD RIGHT-OF-WAY,2,5,2.0,0.0,1.0,0.0,1.0,2.0,0,1,12,12/15/2024,2024-12-15,00:54:00
12/08/2024 07:43:00 AM,5.0,3,2,9,5,3,3,1,2,1,3,UNABLE TO DETERMINE,2,2,0.0,0.0,0.0,0.0,0.0,6.0,7,1,12,12/08/2024,2024-12-08,07:43:00
12/07/2024 07:07:00 PM,5.0,3,3,6,13,3,3,3,3,1,4,FAILING TO YIELD RIGHT-OF-WAY,2,2,0.0,0.0,0.0,0.0,0.0,2.0,19,7,12,12/07/2024,2024-12-07,19:07:00
12/09/2024 08:00:00 AM,5.0,3,2,6,5,3,1,1,2,1,4,IMPROPER TURNING/NO SIGNAL,2,2,0.0,0.0,0.0,0.0,0.0,2.0,8,2,12,12/09/2024,2024-12-09,08:00:00
12/15/2024 03:36:00 AM,5.0,5,5,6,6,3,4,3,3,1,4,IMPROPER TURNING/NO SIGNAL,2,4,1.0,0.0,0.0,1.0,0.0,4.0,3,1,12,12/15/2024,2024-12-15,03:36:00
12/17/2024 08:16:00 AM,7.0,3,2,6,5,3,3,3,2,1,4,UNABLE TO DETERMINE,2,2,0.0,0.0,0.0,0.0,0.0,2.0,8,3,12,12/17/2024,2024-12-17,08:16:00
12/14/2024 05:20:00 PM,7.0,3,2,4,6,3,1,1,2,1,4,UNABLE TO DETERMINE,2,2,0.0,0.0,0.0,0.0,0.0,2.0,17,7,12,12/14/2024,2024-12-14,17:20:00
12/15/2024 04:46:00 PM,5.0,5,5,3,6,3,4,3,2,1,4,IMPROPER LANE USAGE,2,2,0.0,0.0,0.0,0.0,0.0,2.0,16,1,12,12/15/2024,2024-12-15,16:46:00
12/19/2024 02:05:00 PM,7.0,3,2,4,5,3,1,1,2,1,3,UNABLE TO DETERMINE,2,2,0.0,0.0,0.0,0.0,0.0,2.0,14,5,12,12/19/2024,2024-12-19,14:05:00
12/14/2024 02:55:00 PM,5.0,3,2,4,4,3,3,3,2,1,4,UNABLE TO DETERMINE,2,2,0.0,0.0,0.0,0.0,0.0,2.0,14,7,12,12/14/2024,2024-12-14,14:55:00
12/18/2024 10:51:00 AM,5.0,3,2,6,6,3,1,1,3,1,4,FAILING TO YIELD RIGHT-OF-WAY,2,2,0.0,0.0,0.0,0.0,0.0,2.0,10,4,12,12/18/2024,2024-12-18,10:51:00
12/19/2024 07:55:00 AM,5.0,4,2,4,5,3,3,3,2,1,2,FOLLOWING TOO CLOSELY,2,2,0.0,0.0,0.0,0.0,0.0,2.0,7,5,12,12/19/2024,2024-12-19,07:55:00
12/17/2024 09:33:00 PM,5.0,3,4,3,6,3,3,3,2,1,3,IMPROPER LANE USAGE,2,2,0.0,0.0,0.0,0.0,0.0,2.0,21,3,12,12/17/2024,2024-12-17,21:33:00
12/13/2024 06:30:00 AM,7.0,3,2,6,6,3,3,3,2,1,4,IMPROPER TURNING/NO SIGNAL,2,2,0.0,0.0,0.0,0.0,0.0,2.0,6,6,12,12/13/2024,2024-12-13,06:30:00
12/12/2024 05:39:00 PM,3.0,3,5,6,5,3,3,3,3,1,4,IMPROPER OVERTAKING/PASSING,2,2,0.0,0.0,0.0,0.0,0.0,2.0,17,5,12,12/12/2024,2024-12-12,17:39:00
12/12/2024 04:34:00 PM,5.0,3,2,5,5,3,3,3,3,1,4,DISREGARDING TRAFFIC SIGNALS,2,4,1.0,0.0,0.0,1.0,0.0,2.0,16,5,12,12/12/2024,2024-12-12,16:34:00
12/08/2024 05:00:00 PM,5.0,3,5,4,6,3,3,3,2,1,4,FOLLOWING TOO CLOSELY,2,2,0.0,0.0,0.0,0.0,0.0,2.0,17,1,12,12/08/2024,2024-12-08,17:00:00
12/15/2024 02:30:00 PM,7.0,4,2,5,7,3,4,3,2,1,4,DISREGARDING STOP SIGN,2,2,0.0,0.0,0.0,0.0,0.0,2.0,14,1,12,12/15/2024,2024-12-15,14:30:00
12/18/2024 11:00:00 PM,5.0,3,6,6,5,3,3,1,3,1,4,FAILING TO YIELD RIGHT-OF-WAY,2,3,1.0,0.0,0.0,0.0,1.0,1.0,23,4,12,12/18/2024,2024-12-18,23:00:00
12/09/2024 02:03:00 PM,5.0,3,2,5,5,3,3,1,3,1,4,UNABLE TO DETERMINE,2,3,1.0,0.0,0.0,0.0,1.0,1.0,14,2,12,12/09/2024,2024-12-09,14:03:00
12/15/2024 05:41:00 AM,5.0,5,5,5,5,3,4,3,3,1,4,DISREGARDING TRAFFIC SIGNALS,2,3,1.0,0.0,0.0,0.0,1.0,4.0,5,1,12,12/15/2024,2024-12-15,05:41:00
12/10/2024 06:51:00 AM,7.0,3,2,5,5,3,3,3,3,1,4,DISREGARDING STOP SIGN,2,3,1.0,0.0,0.0,0.0,1.0,3.0,6,3,12,12/10/2024,2024-12-10,06:51:00
12/15/2024 12:40:00 PM,5.0,3,2,4,4,3,4,3,3,1,4,DISTRACTION - FROM INSIDE VEHICLE,2,2,0.0,0.0,0.0,0.0,0.0,4.0,12,1,12,12/15/2024,2024-12-15,12:40:00
12/12/2024 08:44:00 AM,5.0,3,2,3,6,3,1,1,2,1,4,IMPROPER OVERTAKING/PASSING,2,2,0.0,0.0,0.0,0.0,0.0,2.0,8,5,12,12/12/2024,2024-12-12,08:44:00
12/09/2024 03:40:00 PM,3.0,3,2,3,4,3,3,3,2,1,4,UNABLE TO DETERMINE,2,2,0.0,0.0,0.0,0.0,0.0,4.0,15,2,12,12/09/2024,2024-12-09,15:40:00
12/12/2024 09:00:00 AM,5.0,3,2,6,6,3,3,3,2,1,3,FOLLOWING TOO CLOSELY,2,2,0.0,0.0,0.0,0.0,0.0,2.0,9,5,12,12/12/2024,2024-12-12,09:00:00
12/19/2024 11:08:00 AM,7.0,3,2,5,5,3,3,1,3,1,4,FAILING TO YIELD RIGHT-OF-WAY,2,4,2.0,0.0,0.0,1.0,1.0,1.0,11,5,12,12/19/2024,2024-12-19,11:08:00
12/15/2024 10:05:00 PM,1.0,3,6,9,5,3,3,3,3,1,4,FAILING TO YIELD RIGHT-OF-WAY,2,3,2.0,0.0,0.0,0.0,2.0,1.0,22,1,12,12/15/2024,2024-12-15,22:05:00
12/18/2024 12:40:00 PM,3.0,3,2,11,6,3,3,3,2,1,4,FOLLOWING TOO CLOSELY,2,2,0.0,0.0,0.0,0.0,0.0,1.0,12,4,12,12/18/2024,2024-12-18,12:40:00
12/09/2024 08:05:00 AM,7.0,3,2,13,10,3,4,3,3,1,2,FAILING TO YIELD RIGHT-OF-WAY,2,5,1.0,0.0,1.0,0.0,0.0,1.0,8,2,12,12/09/2024,2024-12-09,08:05:00
12/13/2024 05:30:00 PM,5.0,3,5,6,5,3,3,1,2,1,4,FAILING TO REDUCE SPEED TO AVOID CRASH,2,2,0.0,0.0,0.0,0.0,0.0,2.0,17,6,12,12/13/2024,2024-12-13,17:30:00
12/09/2024 10:10:00 AM,5.0,3,2,3,6,3,3,3,2,1,2,NOT APPLICABLE,2,2,0.0,0.0,0.0,0.0,0.0,2.0,10,2,12,12/09/2024,2024-12-09,10:10:00
12/07/2024 07:15:00 PM,5.0,3,5,6,6,3,3,3,3,1,4,NOT APPLICABLE,2,2,0.0,0.0,0.0,0.0,0.0,5.0,19,7,12,12/07/2024,2024-12-07,19:15:00
12/19/2024 07:27:00 AM,7.0,4,2,5,5,3,3,3,3,1,3,"VISION OBSCURED (SIGNS, TREE LIMBS, BUILDINGS, ETC.)",2,4,1.0,0.0,0.0,1.0,0.0,2.0,7,5,12,12/19/2024,2024-12-19,07:27:00
12/18/2024 05:44:00 AM,5.0,3,5,5,5,3,3,1,3,1,4,DISREGARDING TRAFFIC SIGNALS,2,2,0.0,0.0,0.0,0.0,0.0,2.0,5,4,12,12/18/2024,2024-12-18,05:44:00
12/17/2024 03:19:00 PM,5.0,3,4,5,14,3,3,1,2,1,3,IMPROPER OVERTAKING/PASSING,2,2,0.0,0.0,0.0,0.0,0.0,6.0,15,3,12,12/17/2024,2024-12-17,15:19:00
12/16/2024 03:52:00 PM,5.0,3,2,3,5,3,3,1,2,1,4,FAILING TO YIELD RIGHT-OF-WAY,2,2,0.0,0.0,0.0,0.0,0.0,6.0,15,2,12,12/16/2024,2024-12-16,15:52:00
12/11/2024 06:04:00 PM,7.0,3,5,6,6,3,3,3,2,1,4,FAILING TO YIELD RIGHT-OF-WAY,2,2,0.0,0.0,0.0,0.0,0.0,2.0,18,4,12,12/11/2024,2024-12-11,18:04:00
12/09/2024 02:30:00 PM,7.0,3,2,6,6,3,3,3,2,1,4,FAILING TO YIELD RIGHT-OF-WAY,2,2,0.0,0.0,0.0,0.0,0.0,2.0,14,2,12,12/09/2024,2024-12-09,14:30:00
12/19/2024 08:21:00 PM,7.0,6,5,5,6,3,4,3,3,1,4,FAILING TO YIELD RIGHT-OF-WAY,2,4,1.0,0.0,0.0,1.0,0.0,2.0,20,5,12,12/19/2024,2024-12-19,20:21:00
12/09/2024 08:50:00 AM,5.0,3,2,13,6,3,3,3,2,1,2,UNABLE TO DETERMINE,2,2,0.0,0.0,0.0,0.0,0.0,2.0,8,2,12,12/09/2024,2024-12-09,08:50:00
12/17/2024 07:00:00 AM,5.0,3,2,4,4,3,4,3,2,1,4,FOLLOWING TOO CLOSELY,2,2,0.0,0.0,0.0,0.0,0.0,2.0,7,3,12,12/17/2024,2024-12-17,07:00:00
12/16/2024 10:32:00 AM,5.0,5,2,6,5,3,4,3,2,1,4,IMPROPER TURNING/NO SIGNAL,2,2,0.0,0.0,0.0,0.0,0.0,2.0,10,2,12,12/16/2024,2024-12-16,10:32:00
12/10/2024 04:57:00 PM,3.0,3,5,4,5,3,3,3,2,1,4,NOT APPLICABLE,2,2,0.0,0.0,0.0,0.0,0.0,2.0,16,3,12,12/10/2024,2024-12-10,16:57:00
12/11/2024 08:54:00 PM,5.0,3,6,14,5,3,3,3,3,1,2,UNABLE TO DETERMINE,2,3,1.0,0.0,0.0,0.0,1.0,1.0,20,4,12,12/11/2024,2024-12-11,20:54:00
12/09/2024 06:44:00 PM,7.0,3,5,5,5,3,3,3,3,1,4,DISREGARDING STOP SIGN,2,2,0.0,0.0,0.0,0.0,0.0,2.0,18,2,12,12/09/2024,2024-12-09,18:44:00
12/19/2024 08:00:00 PM,7.0,6,5,13,10,3,5,1,3,1,4,UNABLE TO DETERMINE,2,5,1.0,0.0,1.0,0.0,0.0,1.0,20,5,12,12/19/2024,2024-12-19,20:00:00
12/15/2024 01:09:00 PM,5.0,5,2,6,5,3,4,3,3,1,4,UNABLE TO DETERMINE,2,3,1.0,0.0,0.0,0.0,1.0,1.0,13,1,12,12/15/2024,2024-12-15,13:09:00
12/17/2024 02:30:00 PM,5.0,3,2,4,5,3,1,1,2,1,4,FOLLOWING TOO CLOSELY,2,2,0.0,0.0,0.0,0.0,0.0,2.0,14,3,12,12/17/2024,2024-12-17,14:30:00
12/18/2024 02:30:00 PM,5.0,3,2,6,6,3,3,3,2,1,4,DRIVING SKILLS/KNOWLEDGE/EXPERIENCE,2,2,0.0,0.0,0.0,0.0,0.0,2.0,14,4,12,12/18/2024,2024-12-18,14:30:00
12/16/2024 02:27:00 PM,5.0,3,2,4,6,3,1,1,2,1,4,UNABLE TO DETERMINE,2,2,0.0,0.0,0.0,0.0,0.0,4.0,14,2,12,12/16/2024,2024-12-16,14:27:00
12/14/2024 04:00:00 AM,5.0,3,5,5,3,3,1,1,3,1,4,UNABLE TO DETERMINE,2,2,0.0,0.0,0.0,0.0,0.0,2.0,4,7,12,12/14/2024,2024-12-14,04:00:00
12/10/2024 12:40:00 PM,5.0,3,2,6,6,3,3,3,3,1,4,UNABLE TO DETERMINE,2,2,0.0,0.0,0.0,0.0,0.0,3.0,12,3,12,12/10/2024,2024-12-10,12:40:00
12/17/2024 04:56:00 PM,5.0,3,5,8,5,3,3,3,2,1,2,IMPROPER BACKING,2,2,0.0,0.0,0.0,0.0,0.0,2.0,16,3,12,12/17/2024,2024-12-17,16:56:00
12/18/2024 05:51:00 AM,3.0,3,3,6,7,3,3,3,3,1,4,IMPROPER OVERTAKING/PASSING,2,3,2.0,0.0,0.0,0.0,2.0,0.0,5,4,12,12/18/2024,2024-12-18,05:51:00
12/18/2024 05:40:00 PM,7.0,3,6,5,6,3,3,3,3,1,4,FAILING TO YIELD RIGHT-OF-WAY,2,2,0.0,0.0,0.0,0.0,0.0,2.0,17,4,12,12/18/2024,2024-12-18,17:40:00
12/17/2024 09:17:00 AM,7.0,3,2,5,6,3,3,3,3,1,4,FAILING TO YIELD RIGHT-OF-WAY,2,2,0.0,0.0,0.0,0.0,0.0,3.0,9,3,12,12/17/2024,2024-12-17,09:17:00
12/17/2024 04:08:00 PM,7.0,3,5,5,5,3,3,3,2,1,4,UNABLE TO DETERMINE,2,2,0.0,0.0,0.0,0.0,0.0,2.0,16,3,12,12/17/2024,2024-12-17,16:08:00
12/13/2024 06:39:00 PM,7.0,3,5,6,6,3,3,3,3,1,4,FAILING TO YIELD RIGHT-OF-WAY,2,2,0.0,0.0,0.0,0.0,0.0,2.0,18,6,12,12/13/2024,2024-12-13,18:39:00