crash_date,traffic_control_device,weather_condition,lighting_condition,first_crash_type,trafficway_type,alignment,roadway_surface_cond,road_defect,crash_type,intersection_related_i,damage,prim_contributory_cause,num_units,most_severe_injury,injuries_total,injuries_fatal,injuries_incapacitating,injuries_non_incapacitating,injuries_reported_not_evident,injuries_no_indication,crash_hour,crash_day_of_week,crash_month,parsed_datetime,date,time
12/14/2024 10:30:00 PM,9.0,5,5,5,4,3,4,3,2,1,4,FAILING TO YIELD RIGHT-OF-WAY,2,2,0.0,0.0,0.0,0.0,0.0,2.0,22,7,12,12/14/2024,2024-12-14,22:30:00
12/08/2024 04:00:00 PM,7.0,3,2,5,4,3,3,3,2,1,4,UNABLE TO DETERMINE,2,2,0.0,0.0,0.0,0.0,0.0,2.0,16,1,12,12/08/2024,2024-12-08,16:00:00
12/19/2024 05:30:00 PM,5.0,3,5,6,5,3,5,1,2,1,4,IMPROPER TURNING/NO SIGNAL,2,2,0.0,0.0,0.0,0.0,0.0,2.0,17,5,12,12/19/2024,2024-12-19,17:30:00
12/12/2024 07:30:00 AM,5.0,3,2,5,5,3,3,3,2,1,4,UNABLE TO DETERMINE,2,2,0.0,0.0,0.0,0.0,0.0,2.0,7,5,12,12/12/2024,2024-12-12,07:30:00
12/12/2024 07:02:00 PM,3.0,3,5,5,12,3,3,3,3,1,4,FAILING TO YIELD RIGHT-OF-WAY,2,4,1.0,0.0,0.0,1.0,0.0,2.0,19,5,12,12/12/2024,2024-12-12,19:02:00
12/14/2024 06:10:00 PM,5.0,3,2,10,4,3,1,1,2,1,3,IMPROPER LANE USAGE,2,2,0.0,0.0,0.0,0.0,0.0,2.0,18,7,12,12/14/2024,2024-12-14,18:10:00
12/17/2024 05:10:00 PM,5.0,3,5,5,6,3,3,3,2,1,4,FAILING TO YIELD RIGHT-OF-WAY,2,2,0.0,0.0,0.0,0.0,0.0,4.0,17,3,12,12/17/2024,2024-12-17,17:10:00
12/09/2024 10:25:00 AM,5.0,3,2,5,12,3,3,1,3,1,4,DISREGARDING TRAFFIC SIGNALS,2,2,0.0,0.0,0.0,0.0,0.0,3.0,10,2,12,12/09/2024,2024-12-09,10:25:00
12/09/2024 05:30:00 PM,5.0,3,2,3,4,3,3,3,2,1,4,NOT APPLICABLE,2,2,0.0,0.0,0.0,0.0,0.0,2.0,17,2,12,12/09/2024,2024-12-09,17:30:00
12/15/2024 04:55:00 PM,7.0,3,6,5,5,3,4,3,3,1,4,FAILING TO YIELD RIGHT-OF-WAY,2,2,0.0,0.0,0.0,0.0,0.0,2.0,16,1,12,12/15/2024,2024-12-15,16:55:00
12/18/2024 10:05:00 AM,3.0,3,2,3,6,3,3,3,3,1,3,FAILING TO YIELD RIGHT-OF-WAY,2,2,0.0,0.0,0.0,0.0,0.0,2.0,10,4,12,12/18/2024,2024-12-18,10:05:00
12/14/2024 11:28:00 AM,7.0,3,2,6,6,3,3,3,2,1,4,IMPROPER TURNING/NO SIGNAL,2,2,0.0,0.0,0.0,0.0,0.0,2.0,11,7,12,12/14/2024,2024-12-14,11:28:00
12/11/2024 06:54:00 PM,5.0,3,5,5,5,3,3,3,3,1,4,DISREGARDING OTHER TRAFFIC SIGNS,2,2,0.0,0.0,0.0,0.0,0.0,4.0,18,4,12,12/11/2024,2024-12-11,18:54:00
12/18/2024 10:55:00 AM,5.0,3,2,5,5,3,3,3,3,1,4,FAILING TO REDUCE SPEED TO AVOID CRASH,2,2,0.0,0.0,0.0,0.0,0.0,2.0,10,4,12,12/18/2024,2024-12-18,10:55:00
12/16/2024 09:05:00 PM,5.0,3,5,6,4,3,1,1,3,1,4,DISREGARDING TRAFFIC SIGNALS,2,2,0.0,0.0,0.0,0.0,0.0,2.0,21,2,12,12/16/2024,2024-12-16,21:05:00
12/08/2024 01:45:00 PM,5.0,3,2,6,7,3,3,3,2,1,4,IMPROPER TURNING/NO SIGNAL,2,2,0.0,0.0,0.0,0.0,0.0,3.0,13,1,12,12/08/2024,2024-12-08,13:45:00
12/11/2024 04:45:00 PM,5.0,3,4,6,5,3,1,1,2,1,4,FAILING TO REDUCE SPEED TO AVOID CRASH,2,2,0.0,0.0,0.0,0.0,0.0,2.0,16,4,12,12/11/2024,2024-12-11,16:45:00
12/17/2024 05:20:00 PM,5.0,3,5,4,5,3,3,3,2,1,4,NOT APPLICABLE,2,2,0.0,0.0,0.0,0.0,0.0,3.0,17,3,12,12/17/2024,2024-12-17,17:20:00
12/08/2024 05:47:00 PM,7.0,3,4,5,5,3,3,3,2,1,4,UNABLE TO DETERMINE,2,2,0.0,0.0,0.0,0.0,0.0,3.0,17,1,12,12/08/2024,2024-12-08,17:47:00
12/15/2024 01:30:00 PM,3.0,3,2,6,5,3,1,1,2,1,4,IMPROPER OVERTAKING/PASSING,2,2,0.0,0.0,0.0,0.0,0.0,2.0,13,1,12,12/15/2024,2024-12-15,13:30:00
12/13/2024 07:20:00 AM,7.0,3,2,4,9,3,3,3,2,1,4,FOLLOWING TOO CLOSELY,2,2,0.0,0.0,0.0,0.0,0.0,2.0,7,6,12,12/13/2024,2024-12-13,07:20:00
12/11/2024 07:34:00 PM,5.0,3,5,5,5,3,3,3,3,1,4,DRIVING SKILLS/KNOWLEDGE/EXPERIENCE,2,4,2.0,0.0,0.0,2.0,0.0,2.0,19,4,12,12/11/2024,2024-12-11,19:34:00
12/10/2024 03:35:00 PM,5.0,3,2,6,4,3,1,1,2,1,4,UNABLE TO DETERMINE,2,2,0.0,0.0,0.0,0.0,0.0,2.0,15,3,12,12/10/2024,2024-12-10,15:35:00
12/18/2024 08:15:00 AM,5.0,3,2,3,10,3,3,3,2,0,4,FOLLOWING TOO CLOSELY,2,2,0.0,0.0,0.0,0.0,0.0,2.0,8,4,12,12/18/2024,2024-12-18,08:15:00
12/16/2024 07:05:00 PM,7.0,3,5,5,5,3,3,3,3,1,4,FAILING TO YIELD RIGHT-OF-WAY,2,5,1.0,0.0,1.0,0.0,0.0,1.0,19,2,12,12/16/2024,2024-12-16,19:05:00
12/17/2024 10:56:00 PM,5.0,3,5,5,5,4,3,1,3,1,4,DISREGARDING TRAFFIC SIGNALS,2,4,2.0,0.0,0.0,2.0,0.0,1.0,22,3,12,12/17/2024,2024-12-17,22:56:00
12/12/2024 09:50:00 AM,5.0,3,2,4,6,3,3,3,3,1,4,UNABLE TO DETERMINE,2,2,0.0,0.0,0.0,0.0,0.0,3.0,9,5,12,12/12/2024,2024-12-12,09:50:00
12/15/2024 10:20:00 AM,7.0,5,2,5,5,3,4,3,2,1,4,EQUIPMENT - VEHICLE CONDITION,2,2,0.0,0.0,0.0,0.0,0.0,4.0,10,1,12,12/15/2024,2024-12-15,10:20:00
12/17/2024 09:45:00 AM,5.0,3,2,6,6,3,3,3,2,1,4,UNABLE TO DETERMINE,2,2,0.0,0.0,0.0,0.0,0.0,2.0,9,3,12,12/17/2024,2024-12-17,09:45:00
12/17/2024 11:44:00 AM,5.0,3,2,13,5,3,3,3,3,1,3,FAILING TO YIELD RIGHT-OF-WAY,2,4,1.0,0.0,0.0,1.0,0.0,1.0,11,3,12,12/17/2024,2024-12-17,11:44:00
12/12/2024 12:54:00 PM,5.0,4,2,6,6,3,3,3,3,1,4,FAILING TO YIELD RIGHT-OF-WAY,2,4,1.0,0.0,0.0,1.0,0.0,1.0,12,5,12,12/12/2024,2024-12-12,12:54:00
12/12/2024 11:00:00 PM,5.0,3,5,5,6,3,3,1,2,1,4,UNABLE TO DETERMINE,2,2,0.0,0.0,0.0,0.0,0.0,2.0,23,5,12,12/12/2024,2024-12-12,23:00:00
12/12/2024 06:00:00 PM,7.0,3,5,11,10,3,1,3,3,1,4,UNABLE TO DETERMINE,2,2,0.0,0.0,0.0,0.0,0.0,1.0,18,5,12,12/12/2024,2024-12-12,18:00:00
12/14/2024 01:00:00 PM,5.0,3,2,5,5,3,3,3,2,1,4,DISREGARDING TRAFFIC SIGNALS,2,2,0.0,0.0,0.0,0.0,0.0,2.0,13,7,12,12/14/2024,2024-12-14,13:00:00
12/16/2024 12:43:00 AM,5.0,3,5,5,5,3,4,1,2,1,4,FAILING TO YIELD RIGHT-OF-WAY,2,2,0.0,0.0,0.0,0.0,0.0,3.0,0,2,12,12/16/2024,2024-12-16,00:43:00
12/11/2024 04:35:00 PM,5.0,3,2,3,6,3,3,3,2,1,4,IMPROPER LANE USAGE,2,2,0.0,0.0,0.0,0.0,0.0,2.0,16,4,12,12/11/2024,2024-12-11,16:35:00
12/13/2024 07:10:00 PM,3.0,3,5,5,4,3,3,3,2,1,4,IMPROPER TURNING/NO SIGNAL,2,2,0.0,0.0,0.0,0.0,0.0,2.0,19,6,12,12/13/2024,2024-12-13,19:10:00
12/18/2024 12:30:00 PM,3.0,3,2,3,6,3,3,1,3,0,3,UNABLE TO DETERMINE,2,4,1.0,0.0,0.0,1.0,0.0,1.0,12,4,12,12/18/2024,2024-12-18,12:30:00
12/15/2024 06:12:00 PM,3.0,3,5,5,6,3,3,3,3,0,4,FAILING TO REDUCE SPEED TO AVOID CRASH,2,4,1.0,0.0,0.0,1.0,0.0,1.0,18,1,12,12/15/2024,2024-12-15,18:12:00
12/18/2024 06:40:00 AM,7.0,3,2,5,17,3,3,3,2,0,3,DRIVING SKILLS/KNOWLEDGE/EXPERIENCE,2,2,0.0,0.0,0.0,0.0,0.0,2.0,6,4,12,12/18/2024,2024-12-18,06:40:00
12/19/2024 05:30:00 PM,5.0,3,6,3,5,3,1,1,2,1,4,IMPROPER LANE USAGE,2,2,0.0,0.0,0.0,0.0,0.0,2.0,17,5,12,12/19/2024,2024-12-19,17:30:00
12/16/2024 11:07:00 AM,7.0,5,2,14,6,3,4,3,3,1,3,FAILING TO YIELD RIGHT-OF-WAY,2,4,1.0,0.0,0.0,1.0,0.0,1.0,11,2,12,12/16/2024,2024-12-16,11:07:00
12/19/2024 09:25:00 PM,5.0,5,5,6,7,3,4,1,2,1,3,UNABLE TO DETERMINE,2,2,0.0,0.0,0.0,0.0,0.0,2.0,21,5,12,12/19/2024,2024-12-19,21:25:00
12/11/2024 11:20:00 AM,7.0,3,2,5,5,3,3,3,3,1,4,FAILING TO YIELD RIGHT-OF-WAY,2,4,1.0,0.0,0.0,1.0,0.0,2.0,11,4,12,12/11/2024,2024-12-11,11:20:00
12/09/2024 02:35:00 PM,5.0,3,2,4,5,3,3,3,3,1,4,UNABLE TO DETERMINE,2,3,1.0,0.0,0.0,0.0,1.0,1.0,14,2,12,12/09/2024,2024-12-09,14:35:00
12/13/2024 01:50:00 PM,5.0,3,2,6,5,3,3,3,2,1,3,FAILING TO YIELD RIGHT-OF-WAY,2,2,0.0,0.0,0.0,0.0,0.0,2.0,13,6,12,12/13/2024,2024-12-13,13:50:00
12/17/2024 05:15:00 PM,3.0,3,5,6,6,3,3,3,3,1,4,FAILING TO YIELD RIGHT-OF-WAY,2,2,0.0,0.0,0.0,0.0,0.0,2.0,17,3,12,12/17/2024,2024-12-17,17:15:00
12/10/2024 07:58:00 AM,7.0,3,2,6,7,3,3,3,3,1,4,FAILING TO YIELD RIGHT-OF-WAY,2,4,1.0,0.0,0.0,1.0,0.0,1.0,7,3,12,12/10/2024,2024-12-10,07:58:00
12/12/2024 06:30:00 PM,3.0,3,5,6,6,3,3,3,2,1,4,UNABLE TO DETERMINE,2,2,0.0,0.0,0.0,0.0,0.0,2.0,18,5,12,12/12/2024,2024-12-12,18:30:00
12/19/2024 01:54:00 PM,7.0,4,2,6,5,4,3,3,3,1,4,FAILING TO YIELD RIGHT-OF-WAY,2,2,0.0,0.0,0.0,0.0,0.0,2.0,13,5,12,12/19/2024,2024-12-19,13:54:00
12/17/2024 02:00:00 PM,7.0,3,2,5,5,3,3,1,2,1,3,FAILING TO YIELD RIGHT-OF-WAY,2,2,0.0,0.0,0.0,0.0,0.0,2.0,14,3,12,12/17/2024,2024-12-17,14:00:00
12/11/2024 03:10:00 PM,7.0,3,2,4,6,3,3,3,2,1,4,UNABLE TO DETERMINE,2,2,0.0,0.0,0.0,0.0,0.0,2.0,15,4,12,12/11/2024,2024-12-11,15:10:00
12/07/2024 09:15:00 PM,5.0,3,6,13,5,3,3,3,3,0,4,FAILING TO YIELD RIGHT-OF-WAY,2,4,1.0,0.0,0.0,1.0,0.0,1.0,21,7,12,12/07/2024,2024-12-07,21:15:00
12/09/2024 11:00:00 PM,3.0,3,5,6,6,3,1,1,3,1,4,FAILING TO YIELD RIGHT-OF-WAY,2,3,1.0,0.0,0.0,0.0,1.0,1.0,23,2,12,12/09/2024,2024-12-09,23:00:00
12/08/2024 03:10:00 AM,5.0,3,5,5,5,3,3,3,3,1,4,FAILING TO YIELD RIGHT-OF-WAY,2,2,0.0,0.0,0.0,0.0,0.0,2.0,3,1,12,12/08/2024,2024-12-08,03:10:00
12/13/2024 10:15:00 AM,3.0,3,2,5,6,3,3,3,2,1,2,UNABLE TO DETERMINE,2,2,0.0,0.0,0.0,0.0,0.0,2.0,10,6,12,12/13/2024,2024-12-13,10:15:00
12/19/2024 03:20:00 PM,1.0,3,2,6,5,3,1,1,2,1,4,UNABLE TO DETERMINE,2,2,0.0,0.0,0.0,0.0,0.0,2.0,15,5,12,12/19/2024,2024-12-19,15:20:00
12/16/2024 02:46:00 PM,5.0,4,2,3,6,3,3,3,2,1,4,IMPROPER OVERTAKING/PASSING,2,2,0.0,0.0,0.0,0.0,0.0,2.0,14,2,12,12/16/2024,2024-12-16,14:46:00
12/13/2024 09:30:00 PM,5.0,3,5,3,5,3,3,1,2,1,2,UNABLE TO DETERMINE,2,2,0.0,0.0,0.0,0.0,0.0,2.0,21,6,12,12/13/2024,2024-12-13,21:30:00
12/10/2024 08:45:00 AM,7.0,3,2,13,5,3,1,1,3,1,4,FAILING TO REDUCE SPEED TO AVOID CRASH,2,4,2.0,0.0,0.0,2.0,0.0,0.0,8,3,12,12/10/2024,2024-12-10,08:45:00
12/18/2024 11:48:00 AM,5.0,3,2,6,7,3,3,3,2,1,3,IMPROPER BACKING,2,2,0.0,0.0,0.0,0.0,0.0,2.0,11,4,12,12/18/2024,2024-12-18,11:48:00
12/12/2024 04:42:00 PM,5.0,3,5,3,6,3,3,3,2,1,3,IMPROPER OVERTAKING/PASSING,2,2,0.0,0.0,0.0,0.0,0.0,9.0,16,5,12,12/12/2024,2024-12-12,16:42:00
12/16/2024 09:00:00 AM,5.0,3,2,6,3,3,3,1,2,1,4,UNABLE TO DETERMINE,2,2,0.0,0.0,0.0,0.0,0.0,2.0,9,2,12,12/16/2024,2024-12-16,09:00:00
12/11/2024 08:00:00 AM,5.0,3,2,3,6,3,3,2,2,1,3,FAILING TO YIELD RIGHT-OF-WAY,2,2,0.0,0.0,0.0,0.0,0.0,2.0,8,4,12,12/11/2024,2024-12-11,08:00:00
12/19/2024 12:27:00 PM,5.0,3,2,6,7,3,3,3,3,1,4,IMPROPER TURNING/NO SIGNAL,2,2,0.0,0.0,0.0,0.0,0.0,2.0,12,5,12,12/19/2024,2024-12-19,12:27:00
12/12/2024 06:30:00 AM,5.0,4,2,6,3,3,3,3,2,1,4,UNABLE TO DETERMINE,2,2,0.0,0.0,0.0,0.0,0.0,2.0,6,5,12,12/12/2024,2024-12-12,06:30:00
12/13/2024 06:15:00 PM,7.0,3,5,5,6,3,1,1,2,1,4,FAILING TO YIELD RIGHT-OF-WAY,2,2,0.0,0.0,0.0,0.0,0.0,2.0,18,6,12,12/13/2024,2024-12-13,18:15:00
12/17/2024 08:20:00 AM,7.0,3,2,5,4,3,3,3,3,1,4,UNABLE TO DETERMINE,2,2,0.0,0.0,0.0,0.0,0.0,5.0,8,3,12,12/17/2024,2024-12-17,08:20:00
12/15/2024 11:50:00 PM,7.0,3,5,6,5,3,3,3,2,1,4,IMPROPER TURNING/NO SIGNAL,2,2,0.0,0.0,0.0,0.0,0.0,3.0,23,1,12,12/15/2024,2024-12-15,23:50:00
12/18/2024 05:35:00 PM,7.0,3,6,5,5,3,3,3,3,1,4,FAILING TO YIELD RIGHT-OF-WAY,2,4,1.0,0.0,0.0,1.0,0.0,2.0,17,4,12,12/18/2024,2024-12-18,17:35:00
12/12/2024 03:45:00 PM,7.0,3,2,5,6,3,1,1,2,1,4,FAILING TO YIELD RIGHT-OF-WAY,2,2,0.0,0.0,0.0,0.0,0.0,4.0,15,5,12,12/12/2024,2024-12-12,15:45:00
12/14/2024 05:30:00 AM,5.0,3,5,6,5,3,3,3,2,1,2,IMPROPER TURNING/NO SIGNAL,2,2,0.0,0.0,0.0,0.0,0.0,2.0,5,7,12,12/14/2024,2024-12-14,05:30:00
12/07/2024 01:40:00 AM,5.0,3,5,4,6,3,3,3,2,0,3,FOLLOWING TOO CLOSELY,2,2,0.0,0.0,0.0,0.0,0.0,3.0,1,7,12,12/07/2024,2024-12-07,01:40:00
12/18/2024 05:50:00 PM,5.0,3,2,3,6,3,3,3,2,1,4,IMPROPER LANE USAGE,2,2,0.0,0.0,0.0,0.0,0.0,2.0,17,4,12,12/18/2024,2024-12-18,17:50:00
12/13/2024 08:50:00 PM,7.0,3,5,8,7,3,3,3,2,1,4,IMPROPER BACKING,2,2,0.0,0.0,0.0,0.0,0.0,3.0,20,6,12,12/13/2024,2024-12-13,20:50:00
12/13/2024 12:50:00 PM,7.0,3,2,5,5,3,3,3,3,1,4,FAILING TO YIELD RIGHT-OF-WAY,2,4,1.0,0.0,0.0,1.0,0.0,1.0,12,6,12,12/13/2024,2024-12-13,12:50:00
12/07/2024 07:19:00 PM,5.0,3,5,6,3,3,3,3,2,1,4,DISREGARDING TRAFFIC SIGNALS,2,2,0.0,0.0,0.0,0.0,0.0,2.0,19,7,12,12/07/2024,2024-12-07,19:19:00
12/11/2024 09:57:00 PM,5.0,3,5,9,6,3,3,3,3,1,4,UNABLE TO DETERMINE,2,4,1.0,0.0,0.0,1.0,0.0,2.0,21,4,12,12/11/2024,2024-12-11,21:57:00
12/07/2024 09:36:00 AM,5.0,3,2,6,5,3,3,3,2,1,3,DISREGARDING TRAFFIC SIGNALS,2,2,0.0,0.0,0.0,0.0,0.0,2.0,9,7,12,12/07/2024,2024-12-07,09:36:00
12/14/2024 01:50:00 AM,7.0,3,2,13,5,3,1,1,2,1,4,UNABLE TO DETERMINE,2,2,0.0,0.0,0.0,0.0,0.0,2.0,1,7,12,12/14/2024,2024-12-14,01:50:00
12/16/2024 04:37:00 PM,7.0,3,5,5,5,3,3,3,3,1,4,FAILING TO YIELD RIGHT-OF-WAY,2,2,0.0,0.0,0.0,0.0,0.0,2.0,16,2,12,12/16/2024,2024-12-16,16:37:00
12/17/2024 10:50:00 AM,5.0,3,2,6,5,3,1,1,2,1,4,IMPROPER TURNING/NO SIGNAL,2,2,0.0,0.0,0.0,0.0,0.0,2.0,10,3,12,12/17/2024,2024-12-17,10:50:00
12/12/2024 11:00:00 AM,5.0,3,2,6,4,3,3,3,3,1,4,FAILING TO YIELD RIGHT-OF-WAY,2,2,0.0,0.0,0.0,0.0,0.0,3.0,11,5,12,12/12/2024,2024-12-12,11:00:00
12/17/2024 07:25:00 AM,7.0,3,2,5,6,3,3,3,3,1,4,UNABLE TO DETERMINE,2,4,2.0,0.0,0.0,2.0,0.0,2.0,7,3,12,12/17/2024,2024-12-17,07:25:00
12/09/2024 12:00:00 PM,7.0,3,2,6,5,3,1,1,2,1,4,FAILING TO YIELD RIGHT-OF-WAY,2,2,0.0,0.0,0.0,0.0,0.0,2.0,12,2,12,12/09/2024,2024-12-09,12:00:00
12/07/2024 02:50:00 PM,5.0,3,2,6,5,3,3,3,3,1,4,IMPROPER TURNING/NO SIGNAL,2,4,1.0,0.0,0.0,1.0,0.0,4.0,14,7,12,12/07/2024,2024-12-07,14:50:00
12/16/2024 08:41:00 AM,7.0,3,2,6,6,3,4,3,3,1,4,NOT APPLICABLE,2,2,0.0,0.0,0.0,0.0,0.0,2.0,8,2,12,12/16/2024,2024-12-16,08:41:00
12/18/2024 12:08:00 PM,5.0,3,2,4,6,3,3,3,3,1,4,FAILING TO YIELD RIGHT-OF-WAY,2,4,1.0,0.0,0.0,1.0,0.0,1.0,12,4,12,12/18/2024,2024-12-18,12:08:00
12/11/2024 09:00:00 AM,3.0,3,2,14,2,3,3,3,3,1,2,FAILING TO YIELD RIGHT-OF-WAY,2,5,1.0,0.0,1.0,0.0,0.0,1.0,9,4,12,12/11/2024,2024-12-11,09:00:00
12/12/2024 12:25:00 PM,5.0,3,2,4,4,3,3,3,2,1,4,FOLLOWING TOO CLOSELY,2,2,0.0,0.0,0.0,0.0,0.0,2.0,12,5,12,12/12/2024,2024-12-12,12:25:00
12/10/2024 10:00:00 AM,5.0,3,2,4,6,3,2,3,2,1,2,FOLLOWING TOO CLOSELY,2,2,0.0,0.0,0.0,0.0,0.0,2.0,10,3,12,12/10/2024,2024-12-10,10:00:00
12/10/2024 05:30:00 PM,3.0,3,3,6,6,3,3,3,2,1,3,UNABLE TO DETERMINE,2,2,0.0,0.0,0.0,0.0,0.0,3.0,17,3,12,12/10/2024,2024-12-10,17:30:00
12/12/2024 05:18:00 PM,7.0,3,5,5,5,3,3,3,3,1,4,UNABLE TO DETERMINE,2,2,0.0,0.0,0.0,0.0,0.0,2.0,17,5,12,12/12/2024,2024-12-12,17:18:00
12/15/2024 05:39:00 PM,5.0,3,5,5,5,3,1,1,3,1,4,DISREGARDING TRAFFIC SIGNALS,2,2,0.0,0.0,0.0,0.0,0.0,2.0,17,1,12,12/15/2024,2024-12-15,17:39:00
12/12/2024 04:51:00 PM,7.0,3,2,6,5,3,3,1,2,1,4,UNABLE TO DETERMINE,2,2,0.0,0.0,0.0,0.0,0.0,2.0,16,5,12,12/12/2024,2024-12-12,16:51:00
12/11/2024 01:00:00 PM,5.0,3,2,4,5,3,3,3,2,1,3,UNABLE TO DETERMINE,2,2,0.0,0.0,0.0,0.0,0.0,2.0,13,4,12,12/11/2024,2024-12-11,13:00:00
12/17/2024 10:25:00 PM,5.0,3,5,4,4,3,3,1,2,1,4,UNABLE TO DETERMINE,2,2,0.0,0.0,0.0,0.0,0.0,2.0,22,3,12,12/17/2024,2024-12-17,22:25:00
12/18/2024 06:57:00 AM,7.0,3,3,5,5,3,4,1,2,1,4,FAILING TO YIELD RIGHT-OF-WAY,2,2,0.0,0.0,0.0,0.0,0.0,2.0,6,4,12,12/18/2024,2024-12-18,06:57:00
12/09/2024 06:30:00 PM,7.0,3,5,5,3,3,3,1,2,1,4,UNABLE TO DETERMINE,2,2,0.0,0.0,0.0,0.0,0.0,2.0,18,2,12,12/09/2024,2024-12-09,18:30:00
12/07/2024 09:00:00 PM,5.0,3,2,3,5,3,1,1,2,1,3,UNABLE TO DETERMINE,2,2,0.0,0.0,0.0,0.0,0.0,3.0,21,7,12,12/07/2024,2024-12-07,21:00:00
12/10/2024 11:28:00 AM,5.0,3,2,6,6,3,3,3,2,1,4,IMPROPER OVERTAKING/PASSING,2,2,0.0,0.0,0.0,0.0,0.0,2.0,11,3,12,12/10/2024,2024-12-10,11:28:00
12/07/2024 02:30:00 AM,5.0,3,5,4,1,3,3,3,2,1,4,UNABLE TO DETERMINE,2,2,0.0,0.0,0.0,0.0,0.0,2.0,2,7,12,12/07/2024,2024-12-07,02:30:00
12/12/2024 08:01:00 PM,3.0,3,5,6,6,3,3,3,3,1,4,FAILING TO YIELD RIGHT-OF-WAY,2,3,1.0,0.0,0.0,0.0,1.0,1.0,20,5,12,12/12/2024,2024-12-12,20:01:00
12/16/2024 02:45:00 AM,5.0,3,5,4,6,3,4,3,3,1,4,DISREGARDING TRAFFIC SIGNALS,2,4,2.0,0.0,0.0,2.0,0.0,0.0,2,2,12,12/16/2024,2024-12-16,02:45:00
12/16/2024 12:47:00 PM,7.0,5,2,5,4,3,4,3,3,1,4,"VISION OBSCURED (SIGNS, TREE LIMBS, BUILDINGS, ETC.)",2,2,0.0,0.0,0.0,0.0,0.0,2.0,12,2,12,12/16/2024,2024-12-16,12:47:00
12/14/2024 09:51:00 PM,7.0,5,6,10,6,3,4,3,3,1,4,NOT APPLICABLE,2,2,0.0,0.0,0.0,0.0,0.0,3.0,21,7,12,12/14/2024,2024-12-14,21:51:00
12/15/2024 02:02:00 AM,3.0,5,6,5,7,3,4,3,3,1,4,UNABLE TO DETERMINE,2,3,1.0,0.0,0.0,0.0,1.0,1.0,2,1,12,12/15/2024,2024-12-15,02:02:00
12/09/2024 10:23:00 AM,5.0,3,2,4,6,3,3,3,2,1,3,FOLLOWING TOO CLOSELY,2,2,0.0,0.0,0.0,0.0,0.0,2.0,10,2,12,12/09/2024,2024-12-09,10:23:00
12/15/2024 11:28:00 PM,5.0,4,5,5,5,3,4,5,3,1,4,UNABLE TO DETERMINE,2,4,2.0,0.0,0.0,2.0,0.0,2.0,23,1,12,12/15/2024,2024-12-15,23:28:00
12/09/2024 05:56:00 PM,5.0,3,5,3,5,3,3,1,2,1,4,UNABLE TO DETERMINE,2,2,0.0,0.0,0.0,0.0,0.0,2.0,17,2,12,12/09/2024,2024-12-09,17:56:00
12/13/2024 07:45:00 PM,5.0,3,5,6,5,3,3,3,3,1,4,IMPROPER OVERTAKING/PASSING,2,4,1.0,0.0,0.0,1.0,0.0,1.0,19,6,12,12/13/2024,2024-12-13,19:45:00
12/14/2024 01:10:00 AM,7.0,3,5,5,5,3,3,3,2,1,4,FAILING TO YIELD RIGHT-OF-WAY,2,2,0.0,0.0,0.0,0.0,0.0,3.0,1,7,12,12/14/2024,2024-12-14,01:10:00
12/14/2024 07:00:00 PM,7.0,5,5,6,5,3,4,1,2,1,4,IMPROPER TURNING/NO SIGNAL,2,2,0.0,0.0,0.0,0.0,0.0,3.0,19,7,12,12/14/2024,2024-12-14,19:00:00
12/19/2024 07:23:00 AM,5.0,3,2,6,4,3,1,1,2,1,3,UNABLE TO DETERMINE,2,2,0.0,0.0,0.0,0.0,0.0,2.0,7,5,12,12/19/2024,2024-12-19,07:23:00
12/08/2024 07:49:00 PM,5.0,3,5,3,5,3,3,3,3,1,4,IMPROPER OVERTAKING/PASSING,2,2,0.0,0.0,0.0,0.0,0.0,4.0,19,1,12,12/08/2024,2024-12-08,19:49:00
12/12/2024 05:55:00 PM,3.0,3,5,6,4,3,3,1,2,0,4,FAILING TO YIELD RIGHT-OF-WAY,2,2,0.0,0.0,0.0,0.0,0.0,2.0,17,5,12,12/12/2024,2024-12-12,17:55:00
12/07/2024 12:20:00 PM,5.0,3,2,4,4,3,3,3,3,1,3,UNABLE TO DETERMINE,2,3,2.0,0.0,0.0,0.0,2.0,1.0,12,7,12,12/07/2024,2024-12-07,12:20:00
12/15/2024 02:00:00 PM,3.0,3,2,11,10,3,1,1,2,1,3,UNABLE TO DETERMINE,2,2,0.0,0.0,0.0,0.0,0.0,1.0,14,1,12,12/15/2024,2024-12-15,14:00:00
12/17/2024 12:43:00 PM,3.0,3,2,6,7,3,3,3,3,1,4,FOLLOWING TOO CLOSELY,2,2,0.0,0.0,0.0,0.0,0.0,2.0,12,3,12,12/17/2024,2024-12-17,12:43:00
12/12/2024 08:00:00 AM,5.0,4,2,6,14,3,3,1,3,1,4,UNABLE TO DETERMINE,2,4,2.0,0.0,0.0,1.0,1.0,2.0,8,5,12,12/12/2024,2024-12-12,08:00:00
12/11/2024 02:40:00 PM,3.0,3,2,6,6,3,3,3,2,1,4,DISREGARDING TRAFFIC SIGNALS,2,2,0.0,0.0,0.0,0.0,0.0,2.0,14,4,12,12/11/2024,2024-12-11,14:40:00
12/10/2024 10:40:00 AM,7.0,3,2,5,6,3,1,1,2,1,3,UNABLE TO DETERMINE,2,2,0.0,0.0,0.0,0.0,0.0,2.0,10,3,12,12/10/2024,2024-12-10,10:40:00