crash_date,traffic_control_device,weather_condition,lighting_condition,first_crash_type,trafficway_type,alignment,roadway_surface_cond,road_defect,crash_type,intersection_related_i,damage,prim_contributory_cause,num_units,most_severe_injury,injuries_total,injuries_fatal,injuries_incapacitating,injuries_non_incapacitating,injuries_reported_not_evident,injuries_no_indication,crash_hour,crash_day_of_week,crash_month,parsed_datetime,date,time
12/09/2024 08:35:00 PM,1.0,3,2,3,5,3,1,1,2,1,4,UNABLE TO DETERMINE,2,2,0.0,0.0,0.0,0.0,0.0,2.0,20,2,12,12/09/2024,2024-12-09,20:35:00
12/07/2024 01:30:00 AM,5.0,3,5,6,4,3,3,3,3,1,3,DISREGARDING TRAFFIC SIGNALS,2,2,0.0,0.0,0.0,0.0,0.0,2.0,1,7,12,12/07/2024,2024-12-07,01:30:00
12/13/2024 05:22:00 PM,5.0,3,6,6,5,3,3,1,3,1,4,DRIVING SKILLS/KNOWLEDGE/EXPERIENCE,2,4,1.0,0.0,0.0,1.0,0.0,3.0,17,6,12,12/13/2024,2024-12-13,17:22:00
12/19/2024 02:00:00 PM,5.0,3,2,11,6,3,3,3,2,1,4,NOT APPLICABLE,2,2,0.0,0.0,0.0,0.0,0.0,1.0,14,5,12,12/19/2024,2024-12-19,14:00:00
12/09/2024 08:30:00 AM,5.0,3,2,5,5,3,1,1,2,1,4,FAILING TO YIELD RIGHT-OF-WAY,2,2,0.0,0.0,0.0,0.0,0.0,3.0,8,2,12,12/09/2024,2024-12-09,08:30:00
12/11/2024 04:30:00 PM,3.0,3,3,6,6,3,3,3,2,0,2,FOLLOWING TOO CLOSELY,2,2,0.0,0.0,0.0,0.0,0.0,2.0,16,4,12,12/11/2024,2024-12-11,16:30:00
12/13/2024 03:24:00 AM,5.0,3,6,13,5,3,3,3,3,0,4,UNABLE TO DETERMINE,2,4,1.0,0.0,0.0,1.0,0.0,1.0,3,6,12,12/13/2024,2024-12-13,03:24:00
12/11/2024 05:30:00 PM,5.0,3,5,6,4,3,3,3,2,1,4,FAILING TO YIELD RIGHT-OF-WAY,2,2,0.0,0.0,0.0,0.0,0.0,2.0,17,4,12,12/11/2024,2024-12-11,17:30:00
12/13/2024 02:03:00 PM,5.0,4,2,3,4,3,3,3,2,1,4,IMPROPER OVERTAKING/PASSING,2,2,0.0,0.0,0.0,0.0,0.0,2.0,14,6,12,12/13/2024,2024-12-13,14:03:00
12/17/2024 09:50:00 PM,5.0,3,5,6,4,3,3,3,3,1,4,FAILING TO REDUCE SPEED TO AVOID CRASH,2,2,0.0,0.0,0.0,0.0,0.0,3.0,21,3,12,12/17/2024,2024-12-17,21:50:00
12/08/2024 01:00:00 PM,7.0,3,2,5,6,3,3,3,2,1,4,FAILING TO YIELD RIGHT-OF-WAY,2,2,0.0,0.0,0.0,0.0,0.0,2.0,13,1,12,12/08/2024,2024-12-08,13:00:00
12/10/2024 08:52:00 AM,7.0,3,2,6,7,3,3,3,2,1,3,FAILING TO YIELD RIGHT-OF-WAY,2,2,0.0,0.0,0.0,0.0,0.0,2.0,8,3,12,12/10/2024,2024-12-10,08:52:00
12/10/2024 04:00:00 PM,5.0,3,4,6,5,3,3,3,2,1,3,IMPROPER TURNING/NO SIGNAL,2,2,0.0,0.0,0.0,0.0,0.0,2.0,16,3,12,12/10/2024,2024-12-10,16:00:00
12/11/2024 04:55:00 PM,1.0,3,4,6,5,3,3,3,2,1,4,IMPROPER TURNING/NO SIGNAL,2,2,0.0,0.0,0.0,0.0,0.0,2.0,16,4,12,12/11/2024,2024-12-11,16:55:00
12/16/2024 01:59:00 AM,7.0,5,5,4,5,3,4,3,3,1,4,FAILING TO REDUCE SPEED TO AVOID CRASH,2,2,0.0,0.0,0.0,0.0,0.0,3.0,1,2,12,12/16/2024,2024-12-16,01:59:00
12/11/2024 03:30:00 PM,1.0,3,2,4,6,3,1,1,2,1,4,UNABLE TO DETERMINE,2,2,0.0,0.0,0.0,0.0,0.0,2.0,15,4,12,12/11/2024,2024-12-11,15:30:00
12/13/2024 01:28:00 PM,7.0,3,2,6,1,3,3,1,2,1,4,IMPROPER TURNING/NO SIGNAL,2,2,0.0,0.0,0.0,0.0,0.0,2.0,13,6,12,12/13/2024,2024-12-13,13:28:00
12/09/2024 08:15:00 AM,7.0,3,2,5,6,3,3,3,3,1,4,"VISION OBSCURED (SIGNS, TREE LIMBS, BUILDINGS, ETC.)",2,2,0.0,0.0,0.0,0.0,0.0,2.0,8,2,12,12/09/2024,2024-12-09,08:15:00
12/17/2024 11:00:00 PM,7.0,3,5,6,5,3,3,3,2,1,4,IMPROPER TURNING/NO SIGNAL,2,2,0.0,0.0,0.0,0.0,0.0,2.0,23,3,12,12/17/2024,2024-12-17,23:00:00
12/18/2024 05:28:00 PM,7.0,3,5,5,5,3,3,3,2,1,3,FAILING TO YIELD RIGHT-OF-WAY,2,2,0.0,0.0,0.0,0.0,0.0,2.0,17,4,12,12/18/2024,2024-12-18,17:28:00
12/14/2024 07:57:00 PM,5.0,5,5,9,6,3,4,3,3,1,4,UNABLE TO DETERMINE,2,3,1.0,0.0,0.0,0.0,1.0,1.0,19,7,12,12/14/2024,2024-12-14,19:57:00
12/18/2024 04:40:00 PM,7.0,3,4,5,5,3,3,3,2,1,2,DRIVING SKILLS/KNOWLEDGE/EXPERIENCE,2,2,0.0,0.0,0.0,0.0,0.0,2.0,16,4,12,12/18/2024,2024-12-18,16:40:00
12/14/2024 12:00:00 PM,1.0,3,2,11,15,3,1,1,2,1,4,UNABLE TO DETERMINE,2,2,0.0,0.0,0.0,0.0,0.0,1.0,12,7,12,12/14/2024,2024-12-14,12:00:00
12/07/2024 06:45:00 PM,1.0,3,2,13,5,3,3,1,3,1,4,UNABLE TO DETERMINE,2,4,1.0,0.0,0.0,1.0,0.0,1.0,18,7,12,12/07/2024,2024-12-07,18:45:00
12/15/2024 02:00:00 PM,5.0,3,2,6,5,3,3,3,3,1,4,UNABLE TO DETERMINE,2,3,1.0,0.0,0.0,0.0,1.0,3.0,14,1,12,12/15/2024,2024-12-15,14:00:00
12/18/2024 07:30:00 AM,7.0,3,2,5,5,3,3,1,2,1,4,UNABLE TO DETERMINE,2,2,0.0,0.0,0.0,0.0,0.0,2.0,7,4,12,12/18/2024,2024-12-18,07:30:00
12/15/2024 05:15:00 PM,7.0,3,5,5,5,3,3,3,2,1,4,FAILING TO YIELD RIGHT-OF-WAY,2,2,0.0,0.0,0.0,0.0,0.0,3.0,17,1,12,12/15/2024,2024-12-15,17:15:00
12/19/2024 04:40:00 PM,5.0,3,5,6,5,3,3,3,2,1,4,FAILING TO YIELD RIGHT-OF-WAY,2,2,0.0,0.0,0.0,0.0,0.0,6.0,16,5,12,12/19/2024,2024-12-19,16:40:00
12/19/2024 04:30:00 PM,5.0,3,5,4,6,3,3,3,2,1,4,NOT APPLICABLE,2,2,0.0,0.0,0.0,0.0,0.0,2.0,16,5,12,12/19/2024,2024-12-19,16:30:00
12/19/2024 11:50:00 AM,5.0,4,2,6,7,3,3,1,3,1,4,DISREGARDING TRAFFIC SIGNALS,2,2,0.0,0.0,0.0,0.0,0.0,4.0,11,5,12,12/19/2024,2024-12-19,11:50:00
12/09/2024 01:30:00 PM,5.0,3,2,6,5,3,3,3,3,1,4,UNABLE TO DETERMINE,2,4,2.0,0.0,0.0,2.0,0.0,0.0,13,2,12,12/09/2024,2024-12-09,13:30:00
12/12/2024 07:33:00 PM,5.0,4,5,6,5,3,3,3,3,1,4,IMPROPER TURNING/NO SIGNAL,2,2,0.0,0.0,0.0,0.0,0.0,2.0,19,5,12,12/12/2024,2024-12-12,19:33:00
12/07/2024 10:40:00 AM,7.0,3,2,5,5,3,3,3,2,1,3,UNABLE TO DETERMINE,2,2,0.0,0.0,0.0,0.0,0.0,2.0,10,7,12,12/07/2024,2024-12-07,10:40:00
12/17/2024 12:30:00 PM,5.0,3,2,6,10,3,1,1,2,1,4,UNABLE TO DETERMINE,2,2,0.0,0.0,0.0,0.0,0.0,2.0,12,3,12,12/17/2024,2024-12-17,12:30:00
12/16/2024 03:30:00 PM,5.0,3,2,4,5,3,1,1,3,1,3,UNABLE TO DETERMINE,2,3,1.0,0.0,0.0,0.0,1.0,2.0,15,2,12,12/16/2024,2024-12-16,15:30:00
12/19/2024 12:42:00 PM,7.0,3,2,6,7,3,3,1,3,1,4,FAILING TO YIELD RIGHT-OF-WAY,2,4,2.0,0.0,0.0,2.0,0.0,0.0,12,5,12,12/19/2024,2024-12-19,12:42:00
12/09/2024 07:48:00 AM,7.0,3,2,5,6,3,1,1,2,1,4,UNABLE TO DETERMINE,2,2,0.0,0.0,0.0,0.0,0.0,4.0,7,2,12,12/09/2024,2024-12-09,07:48:00
12/18/2024 11:30:00 AM,5.0,3,2,6,5,3,3,1,2,1,3,UNABLE TO DETERMINE,2,2,0.0,0.0,0.0,0.0,0.0,2.0,11,4,12,12/18/2024,2024-12-18,11:30:00
12/15/2024 11:21:00 PM,7.0,3,5,6,5,3,3,3,3,1,4,FAILING TO YIELD RIGHT-OF-WAY,2,2,0.0,0.0,0.0,0.0,0.0,2.0,23,1,12,12/15/2024,2024-12-15,23:21:00
12/11/2024 05:00:00 PM,5.0,3,5,4,5,3,3,3,2,1,3,FAILING TO REDUCE SPEED TO AVOID CRASH,2,2,0.0,0.0,0.0,0.0,0.0,2.0,17,4,12,12/11/2024,2024-12-11,17:00:00
12/15/2024 12:30:00 PM,5.0,4,2,6,6,3,4,1,2,1,4,FAILING TO YIELD RIGHT-OF-WAY,2,2,0.0,0.0,0.0,0.0,0.0,3.0,12,1,12,12/15/2024,2024-12-15,12:30:00
12/09/2024 11:49:00 AM,5.0,3,2,13,5,3,3,1,3,1,2,FAILING TO YIELD RIGHT-OF-WAY,2,3,1.0,0.0,0.0,0.0,1.0,1.0,11,2,12,12/09/2024,2024-12-09,11:49:00
12/07/2024 04:15:00 AM,5.0,3,5,4,6,3,3,3,2,1,4,FAILING TO REDUCE SPEED TO AVOID CRASH,2,2,0.0,0.0,0.0,0.0,0.0,2.0,4,7,12,12/07/2024,2024-12-07,04:15:00
12/08/2024 07:44:00 AM,5.0,3,2,5,5,3,3,3,3,1,4,DISREGARDING TRAFFIC SIGNALS,2,4,2.0,0.0,0.0,2.0,0.0,5.0,7,1,12,12/08/2024,2024-12-08,07:44:00
12/15/2024 06:30:00 AM,5.0,5,6,5,5,3,4,1,3,1,4,DISREGARDING TRAFFIC SIGNALS,2,4,1.0,0.0,0.0,1.0,0.0,1.0,6,1,12,12/15/2024,2024-12-15,06:30:00
12/14/2024 05:03:00 PM,5.0,5,5,6,6,3,4,3,3,1,4,DISREGARDING TRAFFIC SIGNALS,2,3,1.0,0.0,0.0,0.0,1.0,2.0,17,7,12,12/14/2024,2024-12-14,17:03:00
12/17/2024 06:25:00 PM,5.0,3,2,6,5,3,3,3,2,1,4,UNABLE TO DETERMINE,2,2,0.0,0.0,0.0,0.0,0.0,2.0,18,3,12,12/17/2024,2024-12-17,18:25:00
12/14/2024 08:10:00 PM,5.0,5,5,13,4,3,4,1,3,1,2,NOT APPLICABLE,2,4,1.0,0.0,0.0,1.0,0.0,1.0,20,7,12,12/14/2024,2024-12-14,20:10:00
12/11/2024 07:15:00 AM,1.0,3,2,6,7,3,1,1,2,1,4,NOT APPLICABLE,2,2,0.0,0.0,0.0,0.0,0.0,2.0,7,4,12,12/11/2024,2024-12-11,07:15:00
12/12/2024 02:51:00 PM,3.0,3,2,6,5,3,3,3,3,1,4,FAILING TO YIELD RIGHT-OF-WAY,2,2,0.0,0.0,0.0,0.0,0.0,3.0,14,5,12,12/12/2024,2024-12-12,14:51:00
12/15/2024 05:30:00 PM,1.0,3,3,6,7,3,3,1,2,1,3,IMPROPER TURNING/NO SIGNAL,2,2,0.0,0.0,0.0,0.0,0.0,2.0,17,1,12,12/15/2024,2024-12-15,17:30:00
12/11/2024 01:02:00 AM,5.0,3,5,4,5,3,3,1,2,1,4,DISTRACTION - FROM INSIDE VEHICLE,2,2,0.0,0.0,0.0,0.0,0.0,2.0,1,4,12,12/11/2024,2024-12-11,01:02:00
12/16/2024 05:25:00 PM,3.0,3,5,6,7,3,3,3,2,1,4,FAILING TO YIELD RIGHT-OF-WAY,2,2,0.0,0.0,0.0,0.0,0.0,2.0,17,2,12,12/16/2024,2024-12-16,17:25:00
12/08/2024 02:00:00 AM,5.0,3,5,3,4,3,3,1,3,0,4,UNABLE TO DETERMINE,2,2,0.0,0.0,0.0,0.0,0.0,2.0,2,1,12,12/08/2024,2024-12-08,02:00:00
12/13/2024 07:32:00 AM,3.0,3,2,4,6,3,3,3,3,1,4,UNABLE TO DETERMINE,2,2,0.0,0.0,0.0,0.0,0.0,4.0,7,6,12,12/13/2024,2024-12-13,07:32:00
12/11/2024 02:38:00 PM,7.0,3,2,5,5,3,3,3,2,1,4,NOT APPLICABLE,2,2,0.0,0.0,0.0,0.0,0.0,2.0,14,4,12,12/11/2024,2024-12-11,14:38:00
12/10/2024 12:55:00 PM,5.0,3,2,6,5,4,3,3,2,1,4,UNABLE TO DETERMINE,2,2,0.0,0.0,0.0,0.0,0.0,3.0,12,3,12,12/10/2024,2024-12-10,12:55:00
12/19/2024 05:29:00 PM,5.0,6,5,6,7,3,5,3,2,1,4,FAILING TO YIELD RIGHT-OF-WAY,2,2,0.0,0.0,0.0,0.0,0.0,3.0,17,5,12,12/19/2024,2024-12-19,17:29:00
12/14/2024 09:05:00 PM,5.0,3,5,3,5,3,1,1,2,1,3,IMPROPER OVERTAKING/PASSING,2,2,0.0,0.0,0.0,0.0,0.0,2.0,21,7,12,12/14/2024,2024-12-14,21:05:00
12/10/2024 05:55:00 PM,7.0,3,5,5,5,3,3,3,3,1,4,DISREGARDING STOP SIGN,2,2,0.0,0.0,0.0,0.0,0.0,2.0,17,3,12,12/10/2024,2024-12-10,17:55:00
12/11/2024 03:15:00 AM,5.0,3,5,6,5,3,3,3,2,1,4,UNABLE TO DETERMINE,2,2,0.0,0.0,0.0,0.0,0.0,2.0,3,4,12,12/11/2024,2024-12-11,03:15:00
12/17/2024 09:50:00 AM,5.0,3,2,6,6,3,1,1,3,1,4,DISREGARDING TRAFFIC SIGNALS,2,3,2.0,0.0,0.0,0.0,2.0,0.0,9,3,12,12/17/2024,2024-12-17,09:50:00
12/19/2024 02:42:00 PM,5.0,3,2,3,6,3,1,1,2,0,4,IMPROPER LANE USAGE,2,2,0.0,0.0,0.0,0.0,0.0,2.0,14,5,12,12/19/2024,2024-12-19,14:42:00
12/11/2024 11:18:00 PM,5.0,3,5,4,2,3,3,3,2,1,4,FOLLOWING TOO CLOSELY,2,2,0.0,0.0,0.0,0.0,0.0,2.0,23,4,12,12/11/2024,2024-12-11,23:18:00
12/11/2024 04:50:00 PM,5.0,3,2,6,2,3,1,1,2,1,4,IMPROPER LANE USAGE,2,2,0.0,0.0,0.0,0.0,0.0,2.0,16,4,12,12/11/2024,2024-12-11,16:50:00
12/08/2024 03:33:00 PM,5.0,3,2,3,4,3,3,3,2,1,4,FAILING TO REDUCE SPEED TO AVOID CRASH,2,2,0.0,0.0,0.0,0.0,0.0,3.0,15,1,12,12/08/2024,2024-12-08,15:33:00
12/18/2024 10:45:00 AM,5.0,3,2,6,10,3,3,3,2,1,4,IMPROPER TURNING/NO SIGNAL,2,2,0.0,0.0,0.0,0.0,0.0,3.0,10,4,12,12/18/2024,2024-12-18,10:45:00
12/16/2024 01:05:00 AM,3.0,3,5,9,6,3,4,1,3,0,4,DRIVING ON WRONG SIDE/WRONG WAY,2,2,0.0,0.0,0.0,0.0,0.0,2.0,1,2,12,12/16/2024,2024-12-16,01:05:00
12/17/2024 11:29:00 PM,5.0,3,5,13,5,3,3,3,3,1,2,IMPROPER OVERTAKING/PASSING,2,3,1.0,0.0,0.0,0.0,1.0,1.0,23,3,12,12/17/2024,2024-12-17,23:29:00
12/09/2024 05:25:00 PM,3.0,3,5,5,5,3,3,3,3,1,4,FAILING TO YIELD RIGHT-OF-WAY,2,2,0.0,0.0,0.0,0.0,0.0,2.0,17,2,12,12/09/2024,2024-12-09,17:25:00
12/08/2024 12:18:00 PM,5.0,3,2,4,5,3,3,3,3,1,2,FAILING TO REDUCE SPEED TO AVOID CRASH,2,3,1.0,0.0,0.0,0.0,1.0,1.0,12,1,12,12/08/2024,2024-12-08,12:18:00
12/09/2024 04:20:00 PM,5.0,3,2,3,1,3,3,3,2,1,4,UNABLE TO DETERMINE,2,2,0.0,0.0,0.0,0.0,0.0,2.0,16,2,12,12/09/2024,2024-12-09,16:20:00
12/14/2024 03:30:00 AM,7.0,3,5,11,7,3,3,3,2,1,4,FAILING TO REDUCE SPEED TO AVOID CRASH,2,2,0.0,0.0,0.0,0.0,0.0,1.0,3,7,12,12/14/2024,2024-12-14,03:30:00
12/10/2024 03:13:00 PM,7.0,3,4,5,6,3,3,3,3,1,4,NOT APPLICABLE,2,3,1.0,0.0,0.0,0.0,1.0,2.0,15,3,12,12/10/2024,2024-12-10,15:13:00
12/18/2024 06:27:00 PM,5.0,3,5,6,5,3,3,3,3,1,4,DISREGARDING TRAFFIC SIGNALS,2,2,0.0,0.0,0.0,0.0,0.0,3.0,18,4,12,12/18/2024,2024-12-18,18:27:00
12/09/2024 05:30:00 AM,5.0,5,5,6,6,3,4,3,3,1,4,DISREGARDING TRAFFIC SIGNALS,2,4,1.0,0.0,0.0,1.0,0.0,1.0,5,2,12,12/09/2024,2024-12-09,05:30:00
12/14/2024 12:20:00 AM,5.0,3,5,4,5,3,3,3,2,1,2,FOLLOWING TOO CLOSELY,2,2,0.0,0.0,0.0,0.0,0.0,3.0,0,7,12,12/14/2024,2024-12-14,00:20:00
12/13/2024 06:28:00 AM,7.0,3,2,5,4,3,1,1,2,1,4,UNABLE TO DETERMINE,2,2,0.0,0.0,0.0,0.0,0.0,2.0,6,6,12,12/13/2024,2024-12-13,06:28:00
12/10/2024 08:26:00 AM,5.0,3,2,6,6,3,3,3,2,1,4,FAILING TO YIELD RIGHT-OF-WAY,2,2,0.0,0.0,0.0,0.0,0.0,4.0,8,3,12,12/10/2024,2024-12-10,08:26:00
12/07/2024 01:00:00 AM,7.0,3,6,5,10,3,1,1,2,1,4,FAILING TO YIELD RIGHT-OF-WAY,2,2,0.0,0.0,0.0,0.0,0.0,2.0,1,7,12,12/07/2024,2024-12-07,01:00:00
12/16/2024 05:00:00 PM,5.0,4,3,3,14,3,3,1,2,1,4,IMPROPER OVERTAKING/PASSING,2,2,0.0,0.0,0.0,0.0,0.0,2.0,17,2,12,12/16/2024,2024-12-16,17:00:00
12/14/2024 09:41:00 PM,5.0,5,5,6,4,3,4,3,2,1,4,FAILING TO YIELD RIGHT-OF-WAY,2,2,0.0,0.0,0.0,0.0,0.0,2.0,21,7,12,12/14/2024,2024-12-14,21:41:00
12/18/2024 10:30:00 AM,5.0,3,2,6,1,3,3,1,3,1,3,IMPROPER LANE USAGE,2,3,1.0,0.0,0.0,0.0,1.0,1.0,10,4,12,12/18/2024,2024-12-18,10:30:00
12/11/2024 07:00:00 PM,5.0,3,5,3,4,3,3,3,2,1,4,IMPROPER OVERTAKING/PASSING,2,2,0.0,0.0,0.0,0.0,0.0,2.0,19,4,12,12/11/2024,2024-12-11,19:00:00
12/14/2024 10:24:00 PM,5.0,5,5,3,5,3,4,1,2,1,4,IMPROPER TURNING/NO SIGNAL,2,2,0.0,0.0,0.0,0.0,0.0,2.0,22,7,12,12/14/2024,2024-12-14,22:24:00
12/14/2024 11:15:00 AM,7.0,3,2,5,6,3,3,3,3,1,4,FAILING TO YIELD RIGHT-OF-WAY,2,2,0.0,0.0,0.0,0.0,0.0,6.0,11,7,12,12/14/2024,2024-12-14,11:15:00
12/14/2024 10:30:00 PM,7.0,5,5,5,5,3,4,3,2,1,4,DISREGARDING STOP SIGN,2,2,0.0,0.0,0.0,0.0,0.0,2.0,22,7,12,12/14/2024,2024-12-14,22:30:00
12/16/2024 07:30:00 AM,5.0,5,2,6,6,3,4,3,2,1,3,UNABLE TO DETERMINE,2,2,0.0,0.0,0.0,0.0,0.0,2.0,7,2,12,12/16/2024,2024-12-16,07:30:00
12/09/2024 10:20:00 AM,5.0,3,2,10,7,3,3,3,2,1,4,UNABLE TO DETERMINE,2,2,0.0,0.0,0.0,0.0,0.0,2.0,10,2,12,12/09/2024,2024-12-09,10:20:00
12/14/2024 08:20:00 PM,5.0,5,5,8,4,3,4,1,2,1,3,UNABLE TO DETERMINE,2,2,0.0,0.0,0.0,0.0,0.0,2.0,20,7,12,12/14/2024,2024-12-14,20:20:00
12/14/2024 11:45:00 PM,3.0,5,5,5,10,3,4,1,3,0,4,FAILING TO YIELD RIGHT-OF-WAY,2,4,1.0,0.0,0.0,1.0,0.0,1.0,23,7,12,12/14/2024,2024-12-14,23:45:00
12/08/2024 04:35:00 PM,5.0,3,5,6,10,3,3,3,2,1,4,IMPROPER OVERTAKING/PASSING,2,2,0.0,0.0,0.0,0.0,0.0,2.0,16,1,12,12/08/2024,2024-12-08,16:35:00
12/13/2024 10:10:00 AM,3.0,3,2,3,10,3,3,3,3,1,3,IMPROPER LANE USAGE,2,3,1.0,0.0,0.0,0.0,1.0,1.0,10,6,12,12/13/2024,2024-12-13,10:10:00
12/14/2024 07:10:00 PM,5.0,5,5,6,5,3,4,3,3,1,4,FAILING TO YIELD RIGHT-OF-WAY,2,4,1.0,0.0,0.0,1.0,0.0,1.0,19,7,12,12/14/2024,2024-12-14,19:10:00
12/11/2024 03:40:00 PM,7.0,3,2,5,6,3,3,3,2,1,4,FAILING TO YIELD RIGHT-OF-WAY,2,2,0.0,0.0,0.0,0.0,0.0,2.0,15,4,12,12/11/2024,2024-12-11,15:40:00
12/09/2024 06:31:00 PM,5.0,3,5,5,5,3,3,3,3,1,4,FAILING TO REDUCE SPEED TO AVOID CRASH,2,4,2.0,0.0,0.0,2.0,0.0,0.0,18,2,12,12/09/2024,2024-12-09,18:31:00
12/12/2024 10:20:00 AM,3.0,3,2,6,6,3,3,1,2,1,4,FOLLOWING TOO CLOSELY,2,2,0.0,0.0,0.0,0.0,0.0,2.0,10,5,12,12/12/2024,2024-12-12,10:20:00
12/18/2024 08:10:00 AM,3.0,3,2,3,6,3,3,3,2,1,3,UNABLE TO DETERMINE,2,2,0.0,0.0,0.0,0.0,0.0,2.0,8,4,12,12/18/2024,2024-12-18,08:10:00
12/08/2024 08:38:00 AM,3.0,3,2,6,5,3,3,3,3,1,4,FAILING TO YIELD RIGHT-OF-WAY,2,2,0.0,0.0,0.0,0.0,0.0,3.0,8,1,12,12/08/2024,2024-12-08,08:38:00
12/20/2024 12:00:00 AM,7.0,3,2,5,11,3,1,1,2,1,3,UNABLE TO DETERMINE,2,2,0.0,0.0,0.0,0.0,0.0,2.0,0,6,12,12/20/2024,2024-12-20,00:00:00
12/14/2024 05:55:00 PM,3.0,5,5,5,6,3,4,3,3,1,4,UNABLE TO DETERMINE,2,2,0.0,0.0,0.0,0.0,0.0,2.0,17,7,12,12/14/2024,2024-12-14,17:55:00
12/17/2024 06:50:00 PM,5.0,3,5,6,6,3,3,3,2,1,3,UNABLE TO DETERMINE,2,2,0.0,0.0,0.0,0.0,0.0,2.0,18,3,12,12/17/2024,2024-12-17,18:50:00
12/12/2024 10:34:00 AM,5.0,3,2,4,5,3,3,3,3,1,4,FAILING TO REDUCE SPEED TO AVOID CRASH,2,3,1.0,0.0,0.0,0.0,1.0,2.0,10,5,12,12/12/2024,2024-12-12,10:34:00
12/10/2024 07:55:00 AM,7.0,3,2,5,5,3,3,3,2,1,4,UNABLE TO DETERMINE,2,2,0.0,0.0,0.0,0.0,0.0,2.0,7,3,12,12/10/2024,2024-12-10,07:55:00
12/16/2024 05:55:00 PM,7.0,3,6,5,5,3,3,3,3,1,4,FAILING TO YIELD RIGHT-OF-WAY,2,3,1.0,0.0,0.0,0.0,1.0,1.0,17,2,12,12/16/2024,2024-12-16,17:55:00
12/16/2024 07:50:00 AM,3.0,3,2,3,6,3,1,1,2,1,4,IMPROPER OVERTAKING/PASSING,2,2,0.0,0.0,0.0,0.0,0.0,2.0,7,2,12,12/16/2024,2024-12-16,07:50:00
12/13/2024 08:55:00 AM,5.0,3,2,6,6,3,3,3,2,1,4,IMPROPER TURNING/NO SIGNAL,2,2,0.0,0.0,0.0,0.0,0.0,3.0,8,6,12,12/13/2024,2024-12-13,08:55:00
12/18/2024 06:55:00 AM,5.0,3,2,5,7,3,3,3,3,1,4,UNABLE TO DETERMINE,2,3,1.0,0.0,0.0,0.0,1.0,2.0,6,4,12,12/18/2024,2024-12-18,06:55:00
12/10/2024 07:45:00 AM,5.0,3,2,3,5,3,3,1,3,1,4,IMPROPER OVERTAKING/PASSING,2,3,2.0,0.0,0.0,0.0,2.0,1.0,7,3,12,12/10/2024,2024-12-10,07:45:00
12/10/2024 02:30:00 PM,5.0,3,2,13,6,3,3,3,3,1,4,FAILING TO REDUCE SPEED TO AVOID CRASH,2,4,1.0,0.0,0.0,1.0,0.0,1.0,14,3,12,12/10/2024,2024-12-10,14:30:00
12/18/2024 06:00:00 PM,7.0,3,5,2,5,3,3,3,3,1,4,UNABLE TO DETERMINE,2,4,1.0,0.0,0.0,1.0,0.0,2.0,18,4,12,12/18/2024,2024-12-18,18:00:00
12/15/2024 04:38:00 PM,7.0,3,4,4,4,3,3,1,2,1,3,FOLLOWING TOO CLOSELY,2,2,0.0,0.0,0.0,0.0,0.0,3.0,16,1,12,12/15/2024,2024-12-15,16:38:00
12/15/2024 04:40:00 AM,5.0,5,5,4,5,3,4,3,3,1,4,FOLLOWING TOO CLOSELY,2,4,1.0,0.0,0.0,1.0,0.0,1.0,4,1,12,12/15/2024,2024-12-15,04:40:00
12/09/2024 10:33:00 PM,5.0,3,5,5,3,3,3,3,3,1,4,DISREGARDING TRAFFIC SIGNALS,2,4,2.0,0.0,0.0,2.0,0.0,2.0,22,2,12,12/09/2024,2024-12-09,22:33:00
12/14/2024 05:30:00 PM,5.0,5,6,4,5,3,4,1,2,1,4,FOLLOWING TOO CLOSELY,2,2,0.0,0.0,0.0,0.0,0.0,3.0,17,7,12,12/14/2024,2024-12-14,17:30:00
12/07/2024 05:21:00 PM,5.0,3,2,4,5,3,1,1,2,1,3,IMPROPER OVERTAKING/PASSING,2,2,0.0,0.0,0.0,0.0,0.0,2.0,17,7,12,12/07/2024,2024-12-07,17:21:00
12/08/2024 09:46:00 PM,5.0,3,4,5,5,3,3,3,3,1,3,DISREGARDING OTHER TRAFFIC SIGNS,2,3,2.0,0.0,0.0,0.0,2.0,1.0,21,1,12,12/08/2024,2024-12-08,21:46:00
12/10/2024 11:35:00 PM,7.0,3,5,5,5,3,3,3,2,1,4,FAILING TO YIELD RIGHT-OF-WAY,2,2,0.0,0.0,0.0,0.0,0.0,3.0,23,3,12,12/10/2024,2024-12-10,23:35:00
12/12/2024 02:43:00 PM,5.0,4,2,4,10,3,3,3,2,1,3,DISTRACTION - FROM INSIDE VEHICLE,2,2,0.0,0.0,0.0,0.0,0.0,4.0,14,5,12,12/12/2024,2024-12-12,14:43:00
12/14/2024 09:42:00 PM,1.0,5,4,5,6,3,4,1,2,1,3,UNABLE TO DETERMINE,2,2,0.0,0.0,0.0,0.0,0.0,2.0,21,7,12,12/14/2024,2024-12-14,21:42:00
12/15/2024 05:00:00 AM,5.0,5,4,3,5,3,4,1,2,1,4,PHYSICAL CONDITION OF DRIVER,2,2,0.0,0.0,0.0,0.0,0.0,2.0,5,1,12,12/15/2024,2024-12-15,05:00:00