crash_date,traffic_control_device,weather_condition,lighting_condition,first_crash_type,trafficway_type,alignment,roadway_surface_cond,road_defect,crash_type,intersection_related_i,damage,prim_contributory_cause,num_units,most_severe_injury,injuries_total,injuries_fatal,injuries_incapacitating,injuries_non_incapacitating,injuries_reported_not_evident,injuries_no_indication,crash_hour,crash_day_of_week,crash_month,parsed_datetime,date,time
12/21/2024 10:18:00 PM,7.0,3,5,6,6,3,3,3,3,1,4,UNABLE TO DETERMINE,2,4,1.0,0.0,0.0,1.0,0.0,1.0,22,7,12,12/21/2024,2024-12-21,22:18:00
12/24/2024 04:10:00 PM,5.0,3,5,4,5,3,3,1,2,1,4,UNABLE TO DETERMINE,2,2,0.0,0.0,0.0,0.0,0.0,2.0,16,3,12,12/24/2024,2024-12-24,16:10:00
12/27/2024 03:05:00 AM,5.0,3,5,3,3,3,4,3,2,1,4,UNABLE TO DETERMINE,2,2,0.0,0.0,0.0,0.0,0.0,4.0,3,6,12,12/27/2024,2024-12-27,03:05:00
12/31/2024 01:24:00 PM,3.0,5,2,4,5,3,1,1,2,1,4,NOT APPLICABLE,2,2,0.0,0.0,0.0,0.0,0.0,2.0,13,3,12,12/31/2024,2024-12-31,13:24:00
12/29/2024 03:45:00 PM,5.0,5,2,6,5,3,4,1,2,1,4,DRIVING SKILLS/KNOWLEDGE/EXPERIENCE,2,2,0.0,0.0,0.0,0.0,0.0,2.0,15,1,12,12/29/2024,2024-12-29,15:45:00
12/31/2024 03:25:00 PM,5.0,5,2,6,6,3,4,3,2,1,2,FAILING TO YIELD RIGHT-OF-WAY,2,2,0.0,0.0,0.0,0.0,0.0,2.0,15,3,12,12/31/2024,2024-12-31,15:25:00
12/24/2024 11:28:00 AM,3.0,3,2,5,6,3,3,3,3,1,4,NOT APPLICABLE,2,4,1.0,0.0,0.0,1.0,0.0,1.0,11,3,12,12/24/2024,2024-12-24,11:28:00
12/28/2024 06:00:00 PM,7.0,3,6,4,6,3,1,1,2,1,4,UNABLE TO DETERMINE,2,2,0.0,0.0,0.0,0.0,0.0,4.0,18,7,12,12/28/2024,2024-12-28,18:00:00
12/25/2024 12:20:00 PM,3.0,3,2,7,6,4,1,1,2,1,2,FAILING TO YIELD RIGHT-OF-WAY,2,2,0.0,0.0,0.0,0.0,0.0,2.0,12,4,12,12/25/2024,2024-12-25,12:20:00
12/30/2024 11:51:00 AM,7.0,3,2,5,5,3,3,3,3,1,4,DRIVING SKILLS/KNOWLEDGE/EXPERIENCE,2,2,0.0,0.0,0.0,0.0,0.0,2.0,11,2,12,12/30/2024,2024-12-30,11:51:00
12/24/2024 02:00:00 PM,5.0,3,2,4,5,3,3,1,2,1,4,FAILING TO YIELD RIGHT-OF-WAY,2,2,0.0,0.0,0.0,0.0,0.0,4.0,14,3,12,12/24/2024,2024-12-24,14:00:00
12/24/2024 08:00:00 AM,7.0,3,2,6,1,3,3,3,2,1,4,FAILING TO YIELD RIGHT-OF-WAY,2,2,0.0,0.0,0.0,0.0,0.0,2.0,8,3,12,12/24/2024,2024-12-24,08:00:00
12/27/2024 02:00:00 AM,5.0,3,5,5,5,3,4,3,2,1,4,DISREGARDING TRAFFIC SIGNALS,2,2,0.0,0.0,0.0,0.0,0.0,2.0,2,6,12,12/27/2024,2024-12-27,02:00:00
12/31/2024 05:12:00 PM,5.0,5,5,13,5,3,4,1,3,1,4,UNABLE TO DETERMINE,2,3,1.0,0.0,0.0,0.0,1.0,3.0,17,3,12,12/31/2024,2024-12-31,17:12:00
12/25/2024 04:13:00 PM,3.0,3,2,6,6,3,3,3,2,1,3,FAILING TO YIELD RIGHT-OF-WAY,2,2,0.0,0.0,0.0,0.0,0.0,2.0,16,4,12,12/25/2024,2024-12-25,16:13:00
12/26/2024 04:30:00 PM,5.0,3,5,5,6,3,3,1,3,1,4,DISREGARDING TRAFFIC SIGNALS,2,2,0.0,0.0,0.0,0.0,0.0,4.0,16,5,12,12/26/2024,2024-12-26,16:30:00
12/27/2024 05:50:00 PM,5.0,5,5,6,4,3,4,3,3,1,4,WEATHER,2,3,1.0,0.0,0.0,0.0,1.0,1.0,17,6,12,12/27/2024,2024-12-27,17:50:00
12/27/2024 05:10:00 PM,5.0,5,5,6,7,3,4,3,2,1,4,"VISION OBSCURED (SIGNS, TREE LIMBS, BUILDINGS, ETC.)",2,2,0.0,0.0,0.0,0.0,0.0,4.0,17,6,12,12/27/2024,2024-12-27,17:10:00
12/31/2024 11:47:00 PM,5.0,3,5,6,12,3,3,3,3,1,4,FAILING TO YIELD RIGHT-OF-WAY,2,2,0.0,0.0,0.0,0.0,0.0,3.0,23,3,12,12/31/2024,2024-12-31,23:47:00
12/28/2024 06:23:00 PM,5.0,3,4,6,6,4,3,1,2,1,2,FAILING TO YIELD RIGHT-OF-WAY,2,2,0.0,0.0,0.0,0.0,0.0,2.0,18,7,12,12/28/2024,2024-12-28,18:23:00
12/20/2024 08:08:00 PM,1.0,3,2,6,5,3,1,1,2,1,3,IMPROPER TURNING/NO SIGNAL,2,2,0.0,0.0,0.0,0.0,0.0,3.0,20,6,12,12/20/2024,2024-12-20,20:08:00
12/27/2024 11:50:00 AM,5.0,5,2,4,4,3,4,3,2,1,3,UNABLE TO DETERMINE,2,2,0.0,0.0,0.0,0.0,0.0,2.0,11,6,12,12/27/2024,2024-12-27,11:50:00
12/28/2024 10:38:00 PM,5.0,3,5,6,5,3,3,3,3,1,4,UNDER THE INFLUENCE OF ALCOHOL/DRUGS (USE WHEN ARREST IS EFFECTED),2,4,1.0,0.0,0.0,1.0,0.0,1.0,22,7,12,12/28/2024,2024-12-28,22:38:00
12/30/2024 05:05:00 PM,3.0,3,2,3,6,3,3,3,2,0,4,IMPROPER OVERTAKING/PASSING,2,2,0.0,0.0,0.0,0.0,0.0,5.0,17,2,12,12/30/2024,2024-12-30,17:05:00
12/24/2024 04:45:00 PM,7.0,3,5,5,6,3,3,3,3,1,4,FAILING TO YIELD RIGHT-OF-WAY,2,2,0.0,0.0,0.0,0.0,0.0,2.0,16,3,12,12/24/2024,2024-12-24,16:45:00
12/27/2024 12:00:00 PM,7.0,5,2,6,7,3,4,3,2,1,4,FAILING TO YIELD RIGHT-OF-WAY,2,2,0.0,0.0,0.0,0.0,0.0,2.0,12,6,12,12/27/2024,2024-12-27,12:00:00
12/28/2024 08:34:00 AM,3.0,3,2,6,5,3,3,3,3,1,4,FAILING TO YIELD RIGHT-OF-WAY,2,4,1.0,0.0,0.0,1.0,0.0,1.0,8,7,12,12/28/2024,2024-12-28,08:34:00
12/28/2024 06:20:00 PM,5.0,4,5,5,5,6,1,1,3,1,4,FAILING TO YIELD RIGHT-OF-WAY,2,4,1.0,0.0,0.0,1.0,0.0,2.0,18,7,12,12/28/2024,2024-12-28,18:20:00
12/30/2024 04:45:00 PM,7.0,3,3,6,5,3,3,3,2,1,4,IMPROPER TURNING/NO SIGNAL,2,2,0.0,0.0,0.0,0.0,0.0,2.0,16,2,12,12/30/2024,2024-12-30,16:45:00
12/29/2024 05:30:00 PM,5.0,5,5,6,7,3,4,1,2,1,3,IMPROPER TURNING/NO SIGNAL,2,2,0.0,0.0,0.0,0.0,0.0,2.0,17,1,12,12/29/2024,2024-12-29,17:30:00
12/30/2024 01:35:00 PM,5.0,3,2,6,5,3,3,3,3,1,4,UNABLE TO DETERMINE,2,2,0.0,0.0,0.0,0.0,0.0,2.0,13,2,12,12/30/2024,2024-12-30,13:35:00
12/30/2024 01:37:00 PM,5.0,3,2,5,6,3,3,1,2,1,4,DRIVING SKILLS/KNOWLEDGE/EXPERIENCE,2,2,0.0,0.0,0.0,0.0,0.0,2.0,13,2,12,12/30/2024,2024-12-30,13:37:00
12/28/2024 08:26:00 PM,3.0,3,4,10,6,3,3,3,2,1,3,IMPROPER LANE USAGE,2,2,0.0,0.0,0.0,0.0,0.0,3.0,20,7,12,12/28/2024,2024-12-28,20:26:00
12/31/2024 04:04:00 PM,5.0,5,4,6,5,3,4,3,2,1,4,IMPROPER TURNING/NO SIGNAL,2,2,0.0,0.0,0.0,0.0,0.0,2.0,16,3,12,12/31/2024,2024-12-31,16:04:00
11/21/2024 11:20:00 AM,5.0,6,2,4,5,3,5,3,2,1,4,DRIVING SKILLS/KNOWLEDGE/EXPERIENCE,2,2,0.0,0.0,0.0,0.0,0.0,2.0,11,5,11,11/21/2024,2024-11-21,11:20:00
12/26/2024 01:14:00 PM,7.0,3,2,4,7,3,3,3,2,1,4,FAILING TO YIELD RIGHT-OF-WAY,2,2,0.0,0.0,0.0,0.0,0.0,2.0,13,5,12,12/26/2024,2024-12-26,13:14:00
12/27/2024 08:27:00 PM,3.0,5,5,13,6,3,4,1,3,1,3,NOT APPLICABLE,2,3,2.0,0.0,0.0,0.0,2.0,0.0,20,6,12,12/27/2024,2024-12-27,20:27:00
12/31/2024 03:45:00 PM,5.0,3,2,6,2,3,1,1,2,0,4,DRIVING SKILLS/KNOWLEDGE/EXPERIENCE,2,2,0.0,0.0,0.0,0.0,0.0,2.0,15,3,12,12/31/2024,2024-12-31,15:45:00
12/31/2024 11:18:00 PM,7.0,3,5,5,5,3,3,3,3,1,4,FAILING TO YIELD RIGHT-OF-WAY,2,2,0.0,0.0,0.0,0.0,0.0,2.0,23,3,12,12/31/2024,2024-12-31,23:18:00
12/23/2024 03:50:00 PM,5.0,3,2,5,5,3,3,3,3,1,4,UNABLE TO DETERMINE,2,2,0.0,0.0,0.0,0.0,0.0,2.0,15,2,12,12/23/2024,2024-12-23,15:50:00
12/25/2024 12:06:00 AM,3.0,3,5,5,7,3,3,3,2,1,4,FAILING TO YIELD RIGHT-OF-WAY,2,2,0.0,0.0,0.0,0.0,0.0,2.0,0,4,12,12/25/2024,2024-12-25,00:06:00
12/26/2024 08:45:00 PM,5.0,5,5,6,1,6,4,1,2,1,4,UNABLE TO DETERMINE,2,2,0.0,0.0,0.0,0.0,0.0,2.0,20,5,12,12/26/2024,2024-12-26,20:45:00
12/25/2024 01:57:00 AM,5.0,3,6,6,5,3,1,1,3,1,4,UNDER THE INFLUENCE OF ALCOHOL/DRUGS (USE WHEN ARREST IS EFFECTED),2,3,2.0,0.0,0.0,0.0,2.0,1.0,1,4,12,12/25/2024,2024-12-25,01:57:00
12/28/2024 06:30:00 PM,5.0,3,5,13,4,3,3,6,2,1,2,IMPROPER OVERTAKING/PASSING,2,2,0.0,0.0,0.0,0.0,0.0,2.0,18,7,12,12/28/2024,2024-12-28,18:30:00
12/24/2024 02:44:00 AM,5.0,3,5,5,6,3,3,3,3,1,4,FAILING TO YIELD RIGHT-OF-WAY,2,3,1.0,0.0,0.0,0.0,1.0,2.0,2,3,12,12/24/2024,2024-12-24,02:44:00
12/26/2024 11:44:00 AM,5.0,3,2,3,5,3,3,3,2,1,3,FAILING TO YIELD RIGHT-OF-WAY,2,2,0.0,0.0,0.0,0.0,0.0,2.0,11,5,12,12/26/2024,2024-12-26,11:44:00
12/27/2024 12:30:00 PM,5.0,5,3,3,1,3,4,3,2,1,2,WEATHER,2,2,0.0,0.0,0.0,0.0,0.0,2.0,12,6,12,12/27/2024,2024-12-27,12:30:00
12/28/2024 07:20:00 PM,7.0,3,2,6,5,3,1,1,2,1,3,UNABLE TO DETERMINE,2,2,0.0,0.0,0.0,0.0,0.0,2.0,19,7,12,12/28/2024,2024-12-28,19:20:00
12/29/2024 03:00:00 AM,5.0,5,5,5,6,3,4,3,3,1,4,DISREGARDING TRAFFIC SIGNALS,2,2,0.0,0.0,0.0,0.0,0.0,2.0,3,1,12,12/29/2024,2024-12-29,03:00:00
12/30/2024 07:28:00 PM,7.0,3,5,5,5,3,3,3,3,1,4,FAILING TO YIELD RIGHT-OF-WAY,2,2,0.0,0.0,0.0,0.0,0.0,2.0,19,2,12,12/30/2024,2024-12-30,19:28:00
12/19/2024 06:12:00 PM,3.0,6,5,3,6,3,4,3,2,0,3,IMPROPER OVERTAKING/PASSING,2,2,0.0,0.0,0.0,0.0,0.0,2.0,18,5,12,12/19/2024,2024-12-19,18:12:00
12/25/2024 12:00:00 PM,5.0,3,2,4,5,3,3,3,3,1,4,EQUIPMENT - VEHICLE CONDITION,2,2,0.0,0.0,0.0,0.0,0.0,2.0,12,4,12,12/25/2024,2024-12-25,12:00:00
12/23/2024 09:05:00 PM,5.0,3,5,6,4,3,3,3,2,1,4,FAILING TO YIELD RIGHT-OF-WAY,2,2,0.0,0.0,0.0,0.0,0.0,3.0,21,2,12,12/23/2024,2024-12-23,21:05:00
12/27/2024 03:50:00 PM,3.0,5,2,4,7,3,4,1,3,1,4,FAILING TO YIELD RIGHT-OF-WAY,2,2,0.0,0.0,0.0,0.0,0.0,2.0,15,6,12,12/27/2024,2024-12-27,15:50:00
12/30/2024 04:57:00 PM,7.0,3,2,14,5,3,3,3,3,1,2,DISREGARDING TRAFFIC SIGNALS,2,4,1.0,0.0,0.0,1.0,0.0,1.0,16,2,12,12/30/2024,2024-12-30,16:57:00
12/15/2024 04:49:00 PM,5.0,3,5,6,5,3,4,3,2,1,2,IMPROPER TURNING/NO SIGNAL,2,2,0.0,0.0,0.0,0.0,0.0,5.0,16,1,12,12/15/2024,2024-12-15,16:49:00
12/22/2024 02:38:00 AM,5.0,3,5,3,10,3,3,1,2,1,4,FAILING TO YIELD RIGHT-OF-WAY,2,2,0.0,0.0,0.0,0.0,0.0,2.0,2,1,12,12/22/2024,2024-12-22,02:38:00
12/28/2024 03:15:00 PM,5.0,3,2,6,5,3,1,1,2,1,4,FAILING TO YIELD RIGHT-OF-WAY,2,2,0.0,0.0,0.0,0.0,0.0,2.0,15,7,12,12/28/2024,2024-12-28,15:15:00
12/31/2024 08:00:00 AM,1.0,3,2,3,3,3,4,1,2,0,3,UNABLE TO DETERMINE,2,2,0.0,0.0,0.0,0.0,0.0,2.0,8,3,12,12/31/2024,2024-12-31,08:00:00
12/24/2024 03:30:00 PM,7.0,3,2,4,5,3,3,1,2,1,2,UNABLE TO DETERMINE,2,2,0.0,0.0,0.0,0.0,0.0,3.0,15,3,12,12/24/2024,2024-12-24,15:30:00
12/26/2024 04:23:00 PM,5.0,3,5,6,5,3,3,3,2,1,3,IMPROPER TURNING/NO SIGNAL,2,2,0.0,0.0,0.0,0.0,0.0,2.0,16,5,12,12/26/2024,2024-12-26,16:23:00
12/27/2024 11:08:00 PM,1.0,5,5,6,6,3,4,3,3,1,4,FAILING TO YIELD RIGHT-OF-WAY,2,2,0.0,0.0,0.0,0.0,0.0,2.0,23,6,12,12/27/2024,2024-12-27,23:08:00
12/28/2024 05:23:00 AM,5.0,3,2,4,6,3,3,3,2,1,3,FOLLOWING TOO CLOSELY,2,2,0.0,0.0,0.0,0.0,0.0,3.0,5,7,12,12/28/2024,2024-12-28,05:23:00
12/31/2024 06:31:00 PM,7.0,5,5,5,6,3,4,3,3,1,4,UNABLE TO DETERMINE,2,3,1.0,0.0,0.0,0.0,1.0,1.0,18,3,12,12/31/2024,2024-12-31,18:31:00
12/23/2024 07:40:00 AM,5.0,3,2,5,5,3,3,1,2,1,4,DISREGARDING TRAFFIC SIGNALS,2,2,0.0,0.0,0.0,0.0,0.0,2.0,7,2,12,12/23/2024,2024-12-23,07:40:00
12/27/2024 07:21:00 PM,5.0,5,5,5,5,3,4,3,2,1,3,FAILING TO YIELD RIGHT-OF-WAY,2,2,0.0,0.0,0.0,0.0,0.0,4.0,19,6,12,12/27/2024,2024-12-27,19:21:00
12/22/2024 10:45:00 AM,5.0,3,2,6,5,3,3,1,2,1,3,IMPROPER TURNING/NO SIGNAL,2,2,0.0,0.0,0.0,0.0,0.0,2.0,10,1,12,12/22/2024,2024-12-22,10:45:00
12/31/2024 08:00:00 PM,7.0,3,5,5,6,4,3,3,2,1,3,FAILING TO YIELD RIGHT-OF-WAY,2,2,0.0,0.0,0.0,0.0,0.0,2.0,20,3,12,12/31/2024,2024-12-31,20:00:00
12/27/2024 12:06:00 PM,3.0,5,2,6,6,3,4,3,2,1,4,FOLLOWING TOO CLOSELY,2,2,0.0,0.0,0.0,0.0,0.0,4.0,12,6,12,12/27/2024,2024-12-27,12:06:00
12/31/2024 03:30:00 PM,5.0,4,5,5,7,3,4,3,2,1,4,DISREGARDING TRAFFIC SIGNALS,2,2,0.0,0.0,0.0,0.0,0.0,3.0,15,3,12,12/31/2024,2024-12-31,15:30:00
12/29/2024 11:15:00 AM,5.0,5,2,13,4,3,4,3,3,1,2,UNABLE TO DETERMINE,2,4,1.0,0.0,0.0,1.0,0.0,1.0,11,1,12,12/29/2024,2024-12-29,11:15:00
12/29/2024 12:59:00 PM,5.0,5,2,5,6,3,4,1,3,1,4,WEATHER,2,2,0.0,0.0,0.0,0.0,0.0,2.0,12,1,12,12/29/2024,2024-12-29,12:59:00
12/31/2024 07:10:00 AM,5.0,5,5,5,5,3,4,3,2,1,3,WEATHER,2,2,0.0,0.0,0.0,0.0,0.0,2.0,7,3,12,12/31/2024,2024-12-31,07:10:00
12/26/2024 06:07:00 PM,7.0,5,5,5,2,3,4,1,3,1,4,UNABLE TO DETERMINE,2,3,1.0,0.0,0.0,0.0,1.0,3.0,18,5,12,12/26/2024,2024-12-26,18:07:00
12/25/2024 12:25:00 PM,5.0,3,2,4,18,3,3,3,2,0,4,UNABLE TO DETERMINE,2,2,0.0,0.0,0.0,0.0,0.0,3.0,12,4,12,12/25/2024,2024-12-25,12:25:00
12/30/2024 07:20:00 PM,5.0,3,5,4,5,3,3,3,2,1,4,FAILING TO REDUCE SPEED TO AVOID CRASH,2,2,0.0,0.0,0.0,0.0,0.0,3.0,19,2,12,12/30/2024,2024-12-30,19:20:00
12/31/2024 06:55:00 PM,7.0,3,5,6,10,3,3,3,2,1,3,UNABLE TO DETERMINE,2,2,0.0,0.0,0.0,0.0,0.0,2.0,18,3,12,12/31/2024,2024-12-31,18:55:00
12/24/2024 08:42:00 PM,5.0,3,5,3,6,3,3,3,3,1,3,IMPROPER OVERTAKING/PASSING,2,2,0.0,0.0,0.0,0.0,0.0,4.0,20,3,12,12/24/2024,2024-12-24,20:42:00
12/28/2024 04:00:00 PM,5.0,3,2,6,5,3,3,3,3,1,4,UNABLE TO DETERMINE,2,3,1.0,0.0,0.0,0.0,1.0,2.0,16,7,12,12/28/2024,2024-12-28,16:00:00
12/23/2024 09:42:00 AM,7.0,4,2,5,5,3,3,3,3,1,4,DISREGARDING OTHER TRAFFIC SIGNS,2,2,0.0,0.0,0.0,0.0,0.0,2.0,9,2,12,12/23/2024,2024-12-23,09:42:00
12/30/2024 11:00:00 AM,5.0,3,2,5,6,3,3,1,2,1,3,UNABLE TO DETERMINE,2,2,0.0,0.0,0.0,0.0,0.0,2.0,11,2,12,12/30/2024,2024-12-30,11:00:00
12/28/2024 10:15:00 PM,5.0,3,5,6,7,3,1,3,2,1,2,DISREGARDING TRAFFIC SIGNALS,2,2,0.0,0.0,0.0,0.0,0.0,3.0,22,7,12,12/28/2024,2024-12-28,22:15:00
12/24/2024 12:17:00 PM,7.0,3,2,5,5,3,3,1,3,1,4,FAILING TO YIELD RIGHT-OF-WAY,2,4,2.0,0.0,0.0,1.0,1.0,0.0,12,3,12,12/24/2024,2024-12-24,12:17:00
12/27/2024 08:00:00 PM,5.0,3,5,4,7,3,4,3,2,1,4,IMPROPER BACKING,2,2,0.0,0.0,0.0,0.0,0.0,5.0,20,6,12,12/27/2024,2024-12-27,20:00:00
12/28/2024 02:10:00 PM,3.0,3,2,6,7,3,3,3,3,1,4,UNABLE TO DETERMINE,2,4,1.0,0.0,0.0,1.0,0.0,1.0,14,7,12,12/28/2024,2024-12-28,14:10:00
12/28/2024 07:00:00 PM,5.0,3,4,3,6,3,4,1,2,0,3,IMPROPER LANE USAGE,2,2,0.0,0.0,0.0,0.0,0.0,2.0,19,7,12,12/28/2024,2024-12-28,19:00:00
12/31/2024 02:39:00 PM,7.0,5,2,6,7,3,4,3,3,1,4,IMPROPER TURNING/NO SIGNAL,2,3,1.0,0.0,0.0,0.0,1.0,1.0,14,3,12,12/31/2024,2024-12-31,14:39:00
12/31/2024 06:43:00 AM,5.0,5,3,6,6,3,4,3,2,1,3,FAILING TO YIELD RIGHT-OF-WAY,2,2,0.0,0.0,0.0,0.0,0.0,2.0,6,3,12,12/31/2024,2024-12-31,06:43:00
12/25/2024 06:15:00 PM,3.0,5,5,6,6,3,4,3,3,0,4,UNABLE TO DETERMINE,2,4,2.0,0.0,0.0,2.0,0.0,1.0,18,4,12,12/25/2024,2024-12-25,18:15:00
12/27/2024 04:29:00 PM,7.0,5,5,5,6,3,4,1,3,1,4,FAILING TO YIELD RIGHT-OF-WAY,2,2,0.0,0.0,0.0,0.0,0.0,2.0,16,6,12,12/27/2024,2024-12-27,16:29:00
12/23/2024 07:08:00 AM,1.0,3,2,6,6,3,3,1,2,1,4,IMPROPER TURNING/NO SIGNAL,2,2,0.0,0.0,0.0,0.0,0.0,2.0,7,2,12,12/23/2024,2024-12-23,07:08:00
12/24/2024 08:04:00 PM,7.0,3,5,5,6,3,3,3,2,1,4,FAILING TO REDUCE SPEED TO AVOID CRASH,2,2,0.0,0.0,0.0,0.0,0.0,6.0,20,3,12,12/24/2024,2024-12-24,20:04:00
12/26/2024 05:50:00 PM,7.0,3,5,5,4,3,3,3,2,1,4,FAILING TO YIELD RIGHT-OF-WAY,2,2,0.0,0.0,0.0,0.0,0.0,2.0,17,5,12,12/26/2024,2024-12-26,17:50:00
12/27/2024 06:07:00 PM,5.0,5,5,5,5,3,4,3,3,1,4,DISREGARDING TRAFFIC SIGNALS,2,4,1.0,0.0,0.0,1.0,0.0,3.0,18,6,12,12/27/2024,2024-12-27,18:07:00
12/26/2024 01:27:00 PM,5.0,4,2,6,6,3,4,3,3,1,4,FAILING TO YIELD RIGHT-OF-WAY,2,4,1.0,0.0,0.0,1.0,0.0,1.0,13,5,12,12/26/2024,2024-12-26,13:27:00
12/21/2024 03:58:00 PM,7.0,3,2,5,6,3,1,1,2,1,3,FAILING TO YIELD RIGHT-OF-WAY,2,2,0.0,0.0,0.0,0.0,0.0,2.0,15,7,12,12/21/2024,2024-12-21,15:58:00
12/30/2024 07:30:00 PM,5.0,3,5,6,6,3,3,1,2,0,4,UNABLE TO DETERMINE,2,2,0.0,0.0,0.0,0.0,0.0,3.0,19,2,12,12/30/2024,2024-12-30,19:30:00
12/23/2024 09:40:00 PM,3.0,3,5,6,6,3,1,1,2,0,4,IMPROPER LANE USAGE,2,2,0.0,0.0,0.0,0.0,0.0,4.0,21,2,12,12/23/2024,2024-12-23,21:40:00
12/24/2024 10:01:00 AM,5.0,3,2,3,6,3,1,1,3,1,3,UNABLE TO DETERMINE,2,2,0.0,0.0,0.0,0.0,0.0,2.0,10,3,12,12/24/2024,2024-12-24,10:01:00
12/23/2024 07:51:00 PM,5.0,3,2,6,6,3,3,1,2,1,4,NOT APPLICABLE,2,2,0.0,0.0,0.0,0.0,0.0,3.0,19,2,12,12/23/2024,2024-12-23,19:51:00
12/29/2024 05:05:00 AM,5.0,5,5,5,5,3,4,3,3,1,4,DISREGARDING TRAFFIC SIGNALS,2,3,2.0,0.0,0.0,0.0,2.0,4.0,5,1,12,12/29/2024,2024-12-29,05:05:00
12/31/2024 06:55:00 PM,7.0,2,5,5,5,3,4,3,3,1,4,FAILING TO YIELD RIGHT-OF-WAY,2,3,1.0,0.0,0.0,0.0,1.0,2.0,18,3,12,12/31/2024,2024-12-31,18:55:00
12/25/2024 11:06:00 PM,5.0,5,6,4,4,3,4,1,2,1,4,UNABLE TO DETERMINE,2,2,0.0,0.0,0.0,0.0,0.0,3.0,23,4,12,12/25/2024,2024-12-25,23:06:00
12/27/2024 09:04:00 AM,5.0,3,2,8,6,3,4,3,3,1,4,FAILING TO REDUCE SPEED TO AVOID CRASH,2,4,1.0,0.0,0.0,1.0,0.0,1.0,9,6,12,12/27/2024,2024-12-27,09:04:00
12/25/2024 10:01:00 PM,5.0,5,5,6,5,3,4,3,3,1,4,FAILING TO YIELD RIGHT-OF-WAY,2,2,0.0,0.0,0.0,0.0,0.0,3.0,22,4,12,12/25/2024,2024-12-25,22:01:00
12/29/2024 03:41:00 PM,7.0,5,4,13,6,3,4,3,3,1,2,"VISION OBSCURED (SIGNS, TREE LIMBS, BUILDINGS, ETC.)",2,5,1.0,0.0,1.0,0.0,0.0,1.0,15,1,12,12/29/2024,2024-12-29,15:41:00
12/24/2024 05:22:00 PM,5.0,3,5,4,6,3,3,3,2,1,4,FAILING TO YIELD RIGHT-OF-WAY,2,2,0.0,0.0,0.0,0.0,0.0,2.0,17,3,12,12/24/2024,2024-12-24,17:22:00
12/24/2024 06:45:00 PM,7.0,3,6,6,5,3,3,3,2,1,4,IMPROPER TURNING/NO SIGNAL,2,2,0.0,0.0,0.0,0.0,0.0,2.0,18,3,12,12/24/2024,2024-12-24,18:45:00
12/24/2024 10:30:00 AM,5.0,3,2,6,6,3,3,3,3,1,4,UNABLE TO DETERMINE,2,2,0.0,0.0,0.0,0.0,0.0,2.0,10,3,12,12/24/2024,2024-12-24,10:30:00
12/27/2024 03:23:00 AM,7.0,5,5,6,6,3,4,1,2,1,4,WEATHER,2,2,0.0,0.0,0.0,0.0,0.0,7.0,3,6,12,12/27/2024,2024-12-27,03:23:00
12/23/2024 05:42:00 PM,5.0,3,3,6,5,3,3,3,2,1,2,UNABLE TO DETERMINE,2,2,0.0,0.0,0.0,0.0,0.0,3.0,17,2,12,12/23/2024,2024-12-23,17:42:00
12/26/2024 10:14:00 AM,5.0,4,2,6,6,3,4,3,3,1,4,IMPROPER TURNING/NO SIGNAL,2,2,0.0,0.0,0.0,0.0,0.0,2.0,10,5,12,12/26/2024,2024-12-26,10:14:00
12/27/2024 11:52:00 AM,6.0,5,2,13,5,3,4,3,3,1,4,FAILING TO YIELD RIGHT-OF-WAY,2,4,1.0,0.0,0.0,1.0,0.0,1.0,11,6,12,12/27/2024,2024-12-27,11:52:00
12/27/2024 03:42:00 PM,5.0,5,4,6,5,3,4,1,3,1,4,FAILING TO YIELD RIGHT-OF-WAY,2,3,2.0,0.0,0.0,0.0,2.0,2.0,15,6,12,12/27/2024,2024-12-27,15:42:00
12/26/2024 08:40:00 AM,7.0,3,2,5,5,3,1,1,2,1,3,DISREGARDING STOP SIGN,2,2,0.0,0.0,0.0,0.0,0.0,2.0,8,5,12,12/26/2024,2024-12-26,08:40:00
12/30/2024 02:22:00 PM,7.0,3,2,13,3,3,3,3,2,1,4,DISREGARDING STOP SIGN,2,2,0.0,0.0,0.0,0.0,0.0,2.0,14,2,12,12/30/2024,2024-12-30,14:22:00
12/31/2024 11:20:00 AM,3.0,5,2,6,6,3,4,3,3,1,3,FAILING TO YIELD RIGHT-OF-WAY,2,3,1.0,0.0,0.0,0.0,1.0,1.0,11,3,12,12/31/2024,2024-12-31,11:20:00
12/31/2024 01:13:00 PM,7.0,5,2,5,5,3,4,3,2,1,4,UNABLE TO DETERMINE,2,2,0.0,0.0,0.0,0.0,0.0,3.0,13,3,12,12/31/2024,2024-12-31,13:13:00
12/12/2024 07:50:00 AM,5.0,3,2,3,5,3,3,3,2,1,4,IMPROPER OVERTAKING/PASSING,2,2,0.0,0.0,0.0,0.0,0.0,2.0,7,5,12,12/12/2024,2024-12-12,07:50:00
12/19/2024 06:35:00 AM,5.0,3,2,5,4,3,3,3,3,1,4,DISREGARDING TRAFFIC SIGNALS,2,4,1.0,0.0,0.0,1.0,0.0,1.0,6,5,12,12/19/2024,2024-12-19,06:35:00