crash_date,traffic_control_device,weather_condition,lighting_condition,first_crash_type,trafficway_type,alignment,roadway_surface_cond,road_defect,crash_type,intersection_related_i,damage,prim_contributory_cause,num_units,most_severe_injury,injuries_total,injuries_fatal,injuries_incapacitating,injuries_non_incapacitating,injuries_reported_not_evident,injuries_no_indication,crash_hour,crash_day_of_week,crash_month,parsed_datetime,date,time
12/27/2024 04:20:00 PM,5.0,5,5,6,5,3,4,1,2,1,4,NOT APPLICABLE,2,2,0.0,0.0,0.0,0.0,0.0,3.0,16,6,12,12/27/2024,2024-12-27,16:20:00
12/31/2024 05:50:00 AM,7.0,5,5,5,4,3,4,3,2,1,4,UNABLE TO DETERMINE,2,2,0.0,0.0,0.0,0.0,0.0,2.0,5,3,12,12/31/2024,2024-12-31,05:50:00
12/31/2024 08:30:00 AM,3.0,5,2,5,1,3,4,3,2,1,4,UNABLE TO DETERMINE,2,2,0.0,0.0,0.0,0.0,0.0,2.0,8,3,12,12/31/2024,2024-12-31,08:30:00
12/18/2024 06:27:00 AM,5.0,3,2,6,5,3,1,1,2,0,4,IMPROPER LANE USAGE,2,2,0.0,0.0,0.0,0.0,0.0,2.0,6,4,12,12/18/2024,2024-12-18,06:27:00
12/24/2024 03:30:00 PM,5.0,2,2,4,6,3,1,1,2,0,4,UNABLE TO DETERMINE,2,2,0.0,0.0,0.0,0.0,0.0,2.0,15,3,12,12/24/2024,2024-12-24,15:30:00
12/26/2024 01:17:00 PM,5.0,3,2,9,4,3,4,3,3,1,4,UNABLE TO DETERMINE,2,2,0.0,0.0,0.0,0.0,0.0,2.0,13,5,12,12/26/2024,2024-12-26,13:17:00
12/29/2024 09:14:00 PM,7.0,3,5,4,6,3,3,3,2,1,4,FOLLOWING TOO CLOSELY,2,2,0.0,0.0,0.0,0.0,0.0,4.0,21,1,12,12/29/2024,2024-12-29,21:14:00
12/27/2024 09:25:00 PM,5.0,3,5,7,7,3,3,3,2,1,3,UNABLE TO DETERMINE,2,2,0.0,0.0,0.0,0.0,0.0,2.0,21,6,12,12/27/2024,2024-12-27,21:25:00
12/31/2024 06:25:00 AM,7.0,5,5,14,5,3,4,1,3,1,2,FAILING TO YIELD RIGHT-OF-WAY,2,4,1.0,0.0,0.0,1.0,0.0,1.0,6,3,12,12/31/2024,2024-12-31,06:25:00
12/31/2024 10:20:00 PM,5.0,3,5,4,6,3,3,3,3,1,4,FAILING TO REDUCE SPEED TO AVOID CRASH,2,2,0.0,0.0,0.0,0.0,0.0,2.0,22,3,12,12/31/2024,2024-12-31,22:20:00
12/26/2024 03:00:00 AM,5.0,3,5,5,5,3,1,3,2,1,4,DISREGARDING TRAFFIC SIGNALS,2,2,0.0,0.0,0.0,0.0,0.0,2.0,3,5,12,12/26/2024,2024-12-26,03:00:00
12/28/2024 02:00:00 AM,5.0,5,5,4,18,3,4,3,3,0,4,FOLLOWING TOO CLOSELY,2,2,0.0,0.0,0.0,0.0,0.0,5.0,2,7,12,12/28/2024,2024-12-28,02:00:00
12/31/2024 08:34:00 AM,5.0,5,2,5,6,3,4,3,3,1,3,DISREGARDING TRAFFIC SIGNALS,2,3,1.0,0.0,0.0,0.0,1.0,1.0,8,3,12,12/31/2024,2024-12-31,08:34:00
12/20/2024 09:44:00 PM,3.0,3,5,3,4,3,3,3,3,1,4,UNABLE TO DETERMINE,2,2,0.0,0.0,0.0,0.0,0.0,2.0,21,6,12,12/20/2024,2024-12-20,21:44:00
12/25/2024 06:18:00 PM,3.0,3,4,7,6,3,3,1,2,1,3,IMPROPER LANE USAGE,2,2,0.0,0.0,0.0,0.0,0.0,4.0,18,4,12,12/25/2024,2024-12-25,18:18:00
12/27/2024 07:15:00 PM,5.0,5,5,13,5,3,4,3,3,1,2,FAILING TO YIELD RIGHT-OF-WAY,2,4,1.0,0.0,0.0,1.0,0.0,1.0,19,6,12,12/27/2024,2024-12-27,19:15:00
12/27/2024 05:21:00 PM,5.0,5,5,6,5,3,4,3,3,1,4,UNABLE TO DETERMINE,2,2,0.0,0.0,0.0,0.0,0.0,2.0,17,6,12,12/27/2024,2024-12-27,17:21:00
12/22/2024 01:15:00 PM,3.0,3,2,9,16,3,1,1,2,1,4,UNABLE TO DETERMINE,2,2,0.0,0.0,0.0,0.0,0.0,2.0,13,1,12,12/22/2024,2024-12-22,13:15:00
12/30/2024 11:55:00 AM,5.0,3,2,3,6,3,3,1,2,1,2,UNABLE TO DETERMINE,2,2,0.0,0.0,0.0,0.0,0.0,3.0,11,2,12,12/30/2024,2024-12-30,11:55:00
12/30/2024 12:46:00 PM,3.0,3,2,6,4,3,3,3,2,1,4,IMPROPER TURNING/NO SIGNAL,2,2,0.0,0.0,0.0,0.0,0.0,3.0,12,2,12,12/30/2024,2024-12-30,12:46:00
12/15/2024 01:32:00 PM,7.0,3,2,5,5,3,1,1,3,1,4,UNABLE TO DETERMINE,2,4,1.0,0.0,0.0,1.0,0.0,1.0,13,1,12,12/15/2024,2024-12-15,13:32:00
12/22/2024 04:28:00 PM,7.0,3,5,5,5,3,3,3,3,1,4,FAILING TO YIELD RIGHT-OF-WAY,2,4,1.0,0.0,0.0,1.0,0.0,1.0,16,1,12,12/22/2024,2024-12-22,16:28:00
12/26/2024 06:51:00 PM,5.0,3,5,6,2,3,4,3,2,1,4,IMPROPER OVERTAKING/PASSING,2,2,0.0,0.0,0.0,0.0,0.0,4.0,18,5,12,12/26/2024,2024-12-26,18:51:00
12/28/2024 04:20:00 PM,5.0,3,2,3,6,3,3,3,2,1,4,FAILING TO YIELD RIGHT-OF-WAY,2,2,0.0,0.0,0.0,0.0,0.0,2.0,16,7,12,12/28/2024,2024-12-28,16:20:00
12/28/2024 05:06:00 AM,5.0,4,3,5,5,3,4,1,3,1,3,DISREGARDING TRAFFIC SIGNALS,2,4,1.0,0.0,0.0,1.0,0.0,1.0,5,7,12,12/28/2024,2024-12-28,05:06:00
12/22/2024 10:23:00 AM,5.0,3,2,5,5,3,3,3,3,1,4,DISREGARDING TRAFFIC SIGNALS,2,2,0.0,0.0,0.0,0.0,0.0,3.0,10,1,12,12/22/2024,2024-12-22,10:23:00
12/25/2024 11:45:00 PM,1.0,3,2,5,5,3,1,1,2,1,4,UNABLE TO DETERMINE,2,2,0.0,0.0,0.0,0.0,0.0,2.0,23,4,12,12/25/2024,2024-12-25,23:45:00
12/26/2024 08:15:00 PM,5.0,5,5,6,4,3,4,1,2,1,4,IMPROPER TURNING/NO SIGNAL,2,2,0.0,0.0,0.0,0.0,0.0,2.0,20,5,12,12/26/2024,2024-12-26,20:15:00
12/25/2024 10:36:00 AM,5.0,3,2,5,5,3,1,1,3,1,4,DISREGARDING TRAFFIC SIGNALS,2,2,0.0,0.0,0.0,0.0,0.0,3.0,10,4,12,12/25/2024,2024-12-25,10:36:00
12/26/2024 09:10:00 PM,7.0,5,5,4,6,3,4,1,2,1,4,IMPROPER BACKING,2,2,0.0,0.0,0.0,0.0,0.0,2.0,21,5,12,12/26/2024,2024-12-26,21:10:00
10/31/2024 12:30:00 AM,5.0,3,5,6,5,3,3,3,2,1,4,UNABLE TO DETERMINE,2,2,0.0,0.0,0.0,0.0,0.0,2.0,0,5,10,10/31/2024,2024-10-31,00:30:00
12/30/2024 11:54:00 AM,3.0,3,2,3,17,3,3,3,2,1,4,UNABLE TO DETERMINE,2,2,0.0,0.0,0.0,0.0,0.0,2.0,11,2,12,12/30/2024,2024-12-30,11:54:00
12/25/2024 11:00:00 AM,3.0,3,2,6,5,3,3,3,2,1,4,UNABLE TO DETERMINE,2,2,0.0,0.0,0.0,0.0,0.0,2.0,11,4,12,12/25/2024,2024-12-25,11:00:00
12/23/2024 09:45:00 AM,7.0,3,2,5,6,3,3,3,2,1,4,FAILING TO YIELD RIGHT-OF-WAY,2,2,0.0,0.0,0.0,0.0,0.0,2.0,9,2,12,12/23/2024,2024-12-23,09:45:00
12/27/2024 02:00:00 PM,5.0,5,2,4,4,3,4,1,2,1,4,FOLLOWING TOO CLOSELY,2,2,0.0,0.0,0.0,0.0,0.0,2.0,14,6,12,12/27/2024,2024-12-27,14:00:00
12/26/2024 02:55:00 PM,5.0,3,2,6,2,3,3,3,3,1,4,IMPROPER TURNING/NO SIGNAL,2,2,0.0,0.0,0.0,0.0,0.0,2.0,14,5,12,12/26/2024,2024-12-26,14:55:00
12/24/2024 10:55:00 AM,7.0,3,2,3,10,3,3,3,3,1,4,IMPROPER OVERTAKING/PASSING,2,4,1.0,0.0,0.0,1.0,0.0,2.0,10,3,12,12/24/2024,2024-12-24,10:55:00
12/29/2024 01:30:00 PM,7.0,5,2,5,6,3,4,3,2,1,4,FAILING TO YIELD RIGHT-OF-WAY,2,2,0.0,0.0,0.0,0.0,0.0,2.0,13,1,12,12/29/2024,2024-12-29,13:30:00
12/21/2024 10:23:00 PM,5.0,3,5,9,6,3,3,3,2,1,4,DRIVING ON WRONG SIDE/WRONG WAY,2,2,0.0,0.0,0.0,0.0,0.0,2.0,22,7,12,12/21/2024,2024-12-21,22:23:00
12/25/2024 09:20:00 PM,3.0,5,6,6,5,3,4,3,2,1,4,UNABLE TO DETERMINE,2,2,0.0,0.0,0.0,0.0,0.0,2.0,21,4,12,12/25/2024,2024-12-25,21:20:00
12/25/2024 06:15:00 PM,5.0,3,6,6,5,3,3,1,3,1,4,FAILING TO YIELD RIGHT-OF-WAY,2,4,2.0,0.0,0.0,2.0,0.0,1.0,18,4,12,12/25/2024,2024-12-25,18:15:00
12/30/2024 10:24:00 PM,5.0,3,5,6,5,3,1,1,3,1,4,DISREGARDING TRAFFIC SIGNALS,2,3,1.0,0.0,0.0,0.0,1.0,3.0,22,2,12,12/30/2024,2024-12-30,22:24:00
12/26/2024 09:00:00 PM,5.0,5,5,4,6,3,4,3,3,1,4,FOLLOWING TOO CLOSELY,2,3,1.0,0.0,0.0,0.0,1.0,1.0,21,5,12,12/26/2024,2024-12-26,21:00:00
12/27/2024 08:00:00 PM,5.0,5,5,4,5,3,4,1,2,1,4,UNABLE TO DETERMINE,2,2,0.0,0.0,0.0,0.0,0.0,2.0,20,6,12,12/27/2024,2024-12-27,20:00:00
12/29/2024 07:00:00 AM,5.0,5,5,3,5,3,4,3,3,1,4,NOT APPLICABLE,2,2,0.0,0.0,0.0,0.0,0.0,3.0,7,1,12,12/29/2024,2024-12-29,07:00:00
12/28/2024 09:28:00 AM,5.0,3,2,5,5,3,3,3,3,1,4,UNABLE TO DETERMINE,2,4,2.0,0.0,0.0,1.0,1.0,0.0,9,7,12,12/28/2024,2024-12-28,09:28:00
12/23/2024 12:09:00 PM,5.0,3,2,13,5,3,3,3,3,1,2,UNABLE TO DETERMINE,2,4,1.0,0.0,0.0,1.0,0.0,3.0,12,2,12,12/23/2024,2024-12-23,12:09:00
12/27/2024 10:08:00 PM,6.0,5,5,13,5,3,4,1,3,1,2,WEATHER,2,4,1.0,0.0,0.0,1.0,0.0,1.0,22,6,12,12/27/2024,2024-12-27,22:08:00
12/30/2024 09:20:00 PM,5.0,3,5,6,5,3,1,1,2,1,4,FAILING TO YIELD RIGHT-OF-WAY,2,2,0.0,0.0,0.0,0.0,0.0,6.0,21,2,12,12/30/2024,2024-12-30,21:20:00
12/31/2024 02:30:00 PM,3.0,5,2,6,7,3,4,3,3,1,4,FAILING TO REDUCE SPEED TO AVOID CRASH,2,2,0.0,0.0,0.0,0.0,0.0,2.0,14,3,12,12/31/2024,2024-12-31,14:30:00
12/31/2024 08:10:00 PM,7.0,3,5,5,5,3,4,1,3,1,4,FAILING TO YIELD RIGHT-OF-WAY,2,2,0.0,0.0,0.0,0.0,0.0,2.0,20,3,12,12/31/2024,2024-12-31,20:10:00
12/03/2024 06:00:00 PM,7.0,3,6,6,4,3,3,3,2,1,4,FAILING TO YIELD RIGHT-OF-WAY,2,2,0.0,0.0,0.0,0.0,0.0,2.0,18,3,12,12/03/2024,2024-12-03,18:00:00
12/23/2024 08:46:00 AM,5.0,3,2,4,5,3,3,3,3,1,3,FOLLOWING TOO CLOSELY,2,2,0.0,0.0,0.0,0.0,0.0,2.0,8,2,12,12/23/2024,2024-12-23,08:46:00
12/31/2024 11:17:00 AM,5.0,3,5,5,5,3,3,3,3,1,4,DISREGARDING TRAFFIC SIGNALS,2,5,1.0,0.0,1.0,0.0,0.0,1.0,11,3,12,12/31/2024,2024-12-31,11:17:00
12/24/2024 11:25:00 PM,3.0,3,5,5,10,3,3,3,2,1,3,FAILING TO YIELD RIGHT-OF-WAY,2,2,0.0,0.0,0.0,0.0,0.0,2.0,23,3,12,12/24/2024,2024-12-24,23:25:00
12/31/2024 09:00:00 PM,3.0,3,2,11,6,3,1,1,2,0,4,UNABLE TO DETERMINE,2,2,0.0,0.0,0.0,0.0,0.0,1.0,21,3,12,12/31/2024,2024-12-31,21:00:00
12/22/2024 06:35:00 PM,5.0,3,2,5,5,3,1,1,2,1,4,UNABLE TO DETERMINE,2,2,0.0,0.0,0.0,0.0,0.0,2.0,18,1,12,12/22/2024,2024-12-22,18:35:00
12/30/2024 06:06:00 AM,5.0,3,4,6,5,3,3,3,3,1,4,UNABLE TO DETERMINE,2,2,0.0,0.0,0.0,0.0,0.0,2.0,6,2,12,12/30/2024,2024-12-30,06:06:00
12/27/2024 05:50:00 PM,5.0,3,5,3,6,3,3,3,3,1,4,IMPROPER OVERTAKING/PASSING,2,3,1.0,0.0,0.0,0.0,1.0,1.0,17,6,12,12/27/2024,2024-12-27,17:50:00
12/29/2024 10:11:00 AM,7.0,5,3,7,7,3,4,3,3,1,4,FAILING TO YIELD RIGHT-OF-WAY,2,3,1.0,0.0,0.0,0.0,1.0,1.0,10,1,12,12/29/2024,2024-12-29,10:11:00
12/27/2024 08:15:00 AM,5.0,5,2,6,5,3,4,1,2,1,4,DISREGARDING TRAFFIC SIGNALS,2,2,0.0,0.0,0.0,0.0,0.0,2.0,8,6,12,12/27/2024,2024-12-27,08:15:00
12/30/2024 05:45:00 PM,5.0,3,5,6,3,3,3,3,2,1,3,IMPROPER OVERTAKING/PASSING,2,2,0.0,0.0,0.0,0.0,0.0,4.0,17,2,12,12/30/2024,2024-12-30,17:45:00
12/07/2024 12:30:00 PM,5.0,3,2,6,6,3,1,3,2,1,4,IMPROPER TURNING/NO SIGNAL,2,2,0.0,0.0,0.0,0.0,0.0,2.0,12,7,12,12/07/2024,2024-12-07,12:30:00
12/23/2024 05:00:00 PM,3.0,3,5,13,7,3,3,3,3,1,2,FAILING TO YIELD RIGHT-OF-WAY,2,4,1.0,0.0,0.0,1.0,0.0,1.0,17,2,12,12/23/2024,2024-12-23,17:00:00
12/26/2024 05:53:00 PM,3.0,3,5,5,7,3,3,3,3,1,4,FAILING TO YIELD RIGHT-OF-WAY,2,2,0.0,0.0,0.0,0.0,0.0,2.0,17,5,12,12/26/2024,2024-12-26,17:53:00
12/27/2024 04:20:00 PM,5.0,5,5,5,5,3,4,3,3,1,4,DISREGARDING TRAFFIC SIGNALS,2,3,1.0,0.0,0.0,0.0,1.0,1.0,16,6,12,12/27/2024,2024-12-27,16:20:00
12/24/2024 05:20:00 PM,7.0,3,4,4,10,3,1,1,2,1,4,FOLLOWING TOO CLOSELY,2,2,0.0,0.0,0.0,0.0,0.0,3.0,17,3,12,12/24/2024,2024-12-24,17:20:00
12/30/2024 01:40:00 PM,5.0,3,2,6,6,3,3,1,2,1,3,DRIVING SKILLS/KNOWLEDGE/EXPERIENCE,2,2,0.0,0.0,0.0,0.0,0.0,2.0,13,2,12,12/30/2024,2024-12-30,13:40:00
12/23/2024 12:15:00 AM,5.0,3,5,4,5,3,3,3,2,0,2,UNABLE TO DETERMINE,2,2,0.0,0.0,0.0,0.0,0.0,4.0,0,2,12,12/23/2024,2024-12-23,00:15:00
12/26/2024 06:05:00 PM,7.0,5,5,5,6,3,4,3,3,1,4,WEATHER,2,2,0.0,0.0,0.0,0.0,0.0,2.0,18,5,12,12/26/2024,2024-12-26,18:05:00
12/27/2024 04:14:00 PM,5.0,5,5,3,9,3,4,1,2,1,3,UNABLE TO DETERMINE,2,2,0.0,0.0,0.0,0.0,0.0,2.0,16,6,12,12/27/2024,2024-12-27,16:14:00
12/28/2024 04:07:00 PM,5.0,3,2,9,5,3,3,3,3,1,4,DRIVING SKILLS/KNOWLEDGE/EXPERIENCE,2,2,0.0,0.0,0.0,0.0,0.0,2.0,16,7,12,12/28/2024,2024-12-28,16:07:00
12/30/2024 07:25:00 AM,5.0,3,2,6,5,3,3,3,2,1,4,IMPROPER TURNING/NO SIGNAL,2,2,0.0,0.0,0.0,0.0,0.0,2.0,7,2,12,12/30/2024,2024-12-30,07:25:00
12/17/2024 04:45:00 PM,1.0,3,2,5,1,3,1,1,2,1,4,UNABLE TO DETERMINE,2,2,0.0,0.0,0.0,0.0,0.0,4.0,16,3,12,12/17/2024,2024-12-17,16:45:00
12/27/2024 10:00:00 PM,5.0,5,5,6,6,3,4,3,2,1,4,IMPROPER TURNING/NO SIGNAL,2,2,0.0,0.0,0.0,0.0,0.0,5.0,22,6,12,12/27/2024,2024-12-27,22:00:00
12/29/2024 01:50:00 PM,7.0,5,2,5,4,3,4,3,2,1,4,FAILING TO REDUCE SPEED TO AVOID CRASH,2,2,0.0,0.0,0.0,0.0,0.0,2.0,13,1,12,12/29/2024,2024-12-29,13:50:00
12/25/2024 12:55:00 PM,5.0,4,6,10,6,3,4,3,2,1,4,FAILING TO YIELD RIGHT-OF-WAY,2,2,0.0,0.0,0.0,0.0,0.0,2.0,12,4,12,12/25/2024,2024-12-25,12:55:00
12/23/2024 09:42:00 PM,5.0,3,5,10,6,3,3,3,3,0,4,IMPROPER LANE USAGE,2,2,0.0,0.0,0.0,0.0,0.0,2.0,21,2,12,12/23/2024,2024-12-23,21:42:00
12/26/2024 09:08:00 AM,5.0,9,2,6,5,3,4,1,2,1,3,IMPROPER TURNING/NO SIGNAL,2,2,0.0,0.0,0.0,0.0,0.0,2.0,9,5,12,12/26/2024,2024-12-26,09:08:00
12/30/2024 09:39:00 PM,7.0,3,5,5,5,3,3,3,3,1,4,DISREGARDING STOP SIGN,2,2,0.0,0.0,0.0,0.0,0.0,6.0,21,2,12,12/30/2024,2024-12-30,21:39:00
12/25/2024 04:30:00 PM,5.0,3,5,5,6,3,1,1,3,1,4,UNABLE TO DETERMINE,2,4,1.0,0.0,0.0,1.0,0.0,2.0,16,4,12,12/25/2024,2024-12-25,16:30:00
12/22/2024 02:30:00 AM,5.0,3,5,5,5,3,3,1,3,1,4,UNABLE TO DETERMINE,2,2,0.0,0.0,0.0,0.0,0.0,4.0,2,1,12,12/22/2024,2024-12-22,02:30:00
12/24/2024 08:18:00 PM,7.0,3,6,5,5,3,3,3,2,1,4,FAILING TO YIELD RIGHT-OF-WAY,2,2,0.0,0.0,0.0,0.0,0.0,2.0,20,3,12,12/24/2024,2024-12-24,20:18:00
12/29/2024 05:00:00 PM,5.0,5,5,6,6,3,4,3,3,0,4,IMPROPER LANE USAGE,2,2,0.0,0.0,0.0,0.0,0.0,2.0,17,1,12,12/29/2024,2024-12-29,17:00:00
12/29/2024 01:16:00 PM,5.0,5,2,5,5,3,4,1,2,1,3,FAILING TO YIELD RIGHT-OF-WAY,2,2,0.0,0.0,0.0,0.0,0.0,3.0,13,1,12,12/29/2024,2024-12-29,13:16:00
12/30/2024 06:00:00 PM,5.0,3,5,6,5,3,3,3,3,1,4,FAILING TO YIELD RIGHT-OF-WAY,2,2,0.0,0.0,0.0,0.0,0.0,3.0,18,2,12,12/30/2024,2024-12-30,18:00:00
12/31/2024 08:00:00 PM,7.0,3,5,5,7,3,3,3,3,1,4,DISREGARDING STOP SIGN,2,2,0.0,0.0,0.0,0.0,0.0,2.0,20,3,12,12/31/2024,2024-12-31,20:00:00
12/27/2024 02:00:00 PM,3.0,5,2,6,6,3,4,1,3,1,4,UNABLE TO DETERMINE,2,4,1.0,0.0,0.0,1.0,0.0,2.0,14,6,12,12/27/2024,2024-12-27,14:00:00
12/23/2024 09:01:00 AM,7.0,3,2,11,6,3,3,3,3,1,4,PHYSICAL CONDITION OF DRIVER,2,2,0.0,0.0,0.0,0.0,0.0,1.0,9,2,12,12/23/2024,2024-12-23,09:01:00
12/25/2024 10:15:00 PM,5.0,5,5,4,10,3,4,3,2,1,4,UNABLE TO DETERMINE,2,2,0.0,0.0,0.0,0.0,0.0,2.0,22,4,12,12/25/2024,2024-12-25,22:15:00
12/28/2024 07:45:00 PM,7.0,3,5,4,5,3,3,1,2,1,3,UNABLE TO DETERMINE,2,2,0.0,0.0,0.0,0.0,0.0,2.0,19,7,12,12/28/2024,2024-12-28,19:45:00
12/24/2024 05:30:00 AM,7.0,3,5,4,5,3,3,3,2,1,3,UNABLE TO DETERMINE,2,2,0.0,0.0,0.0,0.0,0.0,2.0,5,3,12,12/24/2024,2024-12-24,05:30:00
12/26/2024 02:05:00 PM,7.0,3,2,6,7,3,1,1,2,1,4,IMPROPER LANE USAGE,2,2,0.0,0.0,0.0,0.0,0.0,2.0,14,5,12,12/26/2024,2024-12-26,14:05:00
12/15/2024 03:46:00 PM,7.0,3,2,4,6,3,3,3,2,1,4,FOLLOWING TOO CLOSELY,2,2,0.0,0.0,0.0,0.0,0.0,2.0,15,1,12,12/15/2024,2024-12-15,15:46:00
12/26/2024 03:40:00 PM,5.0,3,2,4,5,3,1,3,2,1,4,UNABLE TO DETERMINE,2,2,0.0,0.0,0.0,0.0,0.0,2.0,15,5,12,12/26/2024,2024-12-26,15:40:00
12/29/2024 03:40:00 PM,5.0,5,2,13,4,3,4,3,3,1,2,UNABLE TO DETERMINE,2,4,1.0,0.0,0.0,1.0,0.0,1.0,15,1,12,12/29/2024,2024-12-29,15:40:00
12/30/2024 05:45:00 PM,7.0,4,5,5,4,3,3,3,2,1,4,DISREGARDING STOP SIGN,2,2,0.0,0.0,0.0,0.0,0.0,2.0,17,2,12,12/30/2024,2024-12-30,17:45:00
12/22/2024 02:00:00 PM,5.0,3,2,6,5,3,3,3,3,1,4,IMPROPER LANE USAGE,2,2,0.0,0.0,0.0,0.0,0.0,2.0,14,1,12,12/22/2024,2024-12-22,14:00:00
12/28/2024 02:10:00 PM,5.0,3,2,3,5,3,3,1,2,1,3,UNABLE TO DETERMINE,2,2,0.0,0.0,0.0,0.0,0.0,2.0,14,7,12,12/28/2024,2024-12-28,14:10:00
12/28/2024 06:20:00 PM,7.0,3,6,6,6,3,3,3,3,1,4,FAILING TO YIELD RIGHT-OF-WAY,2,4,2.0,0.0,0.0,2.0,0.0,4.0,18,7,12,12/28/2024,2024-12-28,18:20:00
12/28/2024 12:00:00 PM,5.0,3,2,4,4,3,3,1,2,1,4,NOT APPLICABLE,2,2,0.0,0.0,0.0,0.0,0.0,3.0,12,7,12,12/28/2024,2024-12-28,12:00:00
12/27/2024 08:31:00 PM,5.0,5,5,5,5,3,4,1,3,1,4,FAILING TO YIELD RIGHT-OF-WAY,2,4,2.0,0.0,0.0,1.0,1.0,2.0,20,6,12,12/27/2024,2024-12-27,20:31:00
12/29/2024 01:30:00 PM,5.0,5,2,13,4,3,4,1,3,0,3,UNABLE TO DETERMINE,2,4,1.0,0.0,0.0,1.0,0.0,1.0,13,1,12,12/29/2024,2024-12-29,13:30:00
12/28/2024 11:10:00 PM,1.0,3,6,6,5,3,3,3,2,1,4,IMPROPER TURNING/NO SIGNAL,2,2,0.0,0.0,0.0,0.0,0.0,9.0,23,7,12,12/28/2024,2024-12-28,23:10:00
12/30/2024 07:06:00 PM,5.0,3,5,13,5,3,3,1,3,1,2,FAILING TO YIELD RIGHT-OF-WAY,2,4,1.0,0.0,0.0,1.0,0.0,1.0,19,2,12,12/30/2024,2024-12-30,19:06:00
12/31/2024 09:30:00 AM,5.0,5,2,6,5,3,4,3,3,1,4,WEATHER,2,2,0.0,0.0,0.0,0.0,0.0,2.0,9,3,12,12/31/2024,2024-12-31,09:30:00
12/27/2024 05:28:00 PM,5.0,5,5,5,4,3,4,3,3,1,4,DISREGARDING TRAFFIC SIGNALS,2,2,0.0,0.0,0.0,0.0,0.0,4.0,17,6,12,12/27/2024,2024-12-27,17:28:00
12/14/2024 10:10:00 PM,5.0,5,5,6,5,3,4,3,2,1,4,FOLLOWING TOO CLOSELY,2,2,0.0,0.0,0.0,0.0,0.0,2.0,22,7,12,12/14/2024,2024-12-14,22:10:00
12/28/2024 05:43:00 PM,5.0,3,5,13,7,3,3,3,3,1,4,FAILING TO YIELD RIGHT-OF-WAY,2,5,1.0,0.0,1.0,0.0,0.0,1.0,17,7,12,12/28/2024,2024-12-28,17:43:00
12/29/2024 04:36:00 AM,7.0,5,5,4,1,3,4,1,3,1,4,FAILING TO REDUCE SPEED TO AVOID CRASH,2,4,1.0,0.0,0.0,1.0,0.0,2.0,4,1,12,12/29/2024,2024-12-29,04:36:00
12/19/2024 06:45:00 PM,3.0,6,5,6,7,3,4,3,3,1,3,FAILING TO YIELD RIGHT-OF-WAY,2,2,0.0,0.0,0.0,0.0,0.0,8.0,18,5,12,12/19/2024,2024-12-19,18:45:00
12/23/2024 01:00:00 PM,5.0,3,2,6,5,3,3,3,2,1,4,FAILING TO YIELD RIGHT-OF-WAY,2,2,0.0,0.0,0.0,0.0,0.0,2.0,13,2,12,12/23/2024,2024-12-23,13:00:00
12/27/2024 09:48:00 PM,3.0,5,5,6,6,3,4,3,2,1,4,FAILING TO YIELD RIGHT-OF-WAY,2,2,0.0,0.0,0.0,0.0,0.0,2.0,21,6,12,12/27/2024,2024-12-27,21:48:00
12/23/2024 09:40:00 AM,3.0,3,2,6,6,3,3,3,2,1,3,IMPROPER OVERTAKING/PASSING,2,2,0.0,0.0,0.0,0.0,0.0,2.0,9,2,12,12/23/2024,2024-12-23,09:40:00
12/25/2024 09:15:00 PM,5.0,4,4,5,5,3,3,3,3,1,4,DISREGARDING TRAFFIC SIGNALS,2,2,0.0,0.0,0.0,0.0,0.0,3.0,21,4,12,12/25/2024,2024-12-25,21:15:00
12/26/2024 09:00:00 PM,5.0,5,5,14,6,3,4,3,2,1,2,DISREGARDING TRAFFIC SIGNALS,2,2,0.0,0.0,0.0,0.0,0.0,2.0,21,5,12,12/26/2024,2024-12-26,21:00:00
12/31/2024 03:13:00 PM,3.0,5,2,6,6,3,4,3,2,1,4,FAILING TO YIELD RIGHT-OF-WAY,2,2,0.0,0.0,0.0,0.0,0.0,2.0,15,3,12,12/31/2024,2024-12-31,15:13:00
12/31/2024 08:41:00 PM,5.0,3,6,13,6,3,4,3,3,1,4,UNABLE TO DETERMINE,2,4,1.0,0.0,0.0,1.0,0.0,1.0,20,3,12,12/31/2024,2024-12-31,20:41:00
12/26/2024 08:45:00 PM,1.0,5,5,6,1,3,4,1,2,1,4,UNABLE TO DETERMINE,2,2,0.0,0.0,0.0,0.0,0.0,2.0,20,5,12,12/26/2024,2024-12-26,20:45:00
12/27/2024 05:15:00 PM,5.0,5,6,6,5,3,4,3,2,1,4,IMPROPER LANE USAGE,2,2,0.0,0.0,0.0,0.0,0.0,4.0,17,6,12,12/27/2024,2024-12-27,17:15:00
12/30/2024 06:30:00 PM,5.0,3,5,9,4,3,3,3,2,1,3,UNABLE TO DETERMINE,2,2,0.0,0.0,0.0,0.0,0.0,2.0,18,2,12,12/30/2024,2024-12-30,18:30:00
12/22/2024 03:00:00 AM,7.0,3,5,5,5,3,3,1,3,1,4,UNABLE TO DETERMINE,2,2,0.0,0.0,0.0,0.0,0.0,4.0,3,1,12,12/22/2024,2024-12-22,03:00:00