crash_date,traffic_control_device,weather_condition,lighting_condition,first_crash_type,trafficway_type,alignment,roadway_surface_cond,road_defect,crash_type,intersection_related_i,damage,prim_contributory_cause,num_units,most_severe_injury,injuries_total,injuries_fatal,injuries_incapacitating,injuries_non_incapacitating,injuries_reported_not_evident,injuries_no_indication,crash_hour,crash_day_of_week,crash_month,parsed_datetime,date,time
12/24/2024 10:50:00 PM,7.0,3,6,6,5,3,1,1,3,1,4,UNABLE TO DETERMINE,2,2,0.0,0.0,0.0,0.0,0.0,2.0,22,3,12,12/24/2024,2024-12-24,22:50:00
12/26/2024 05:44:00 PM,7.0,3,2,5,5,3,1,1,2,1,3,UNABLE TO DETERMINE,2,2,0.0,0.0,0.0,0.0,0.0,2.0,17,5,12,12/26/2024,2024-12-26,17:44:00
12/26/2024 10:00:00 PM,17.0,5,5,13,4,3,4,3,3,1,4,DISREGARDING OTHER TRAFFIC SIGNS,2,3,1.0,0.0,0.0,0.0,1.0,1.0,22,5,12,12/26/2024,2024-12-26,22:00:00
12/27/2024 02:55:00 PM,5.0,3,2,4,6,3,3,3,2,1,4,FOLLOWING TOO CLOSELY,2,2,0.0,0.0,0.0,0.0,0.0,2.0,14,6,12,12/27/2024,2024-12-27,14:55:00
12/31/2024 05:10:00 PM,5.0,5,5,6,4,3,4,1,2,1,4,UNABLE TO DETERMINE,2,2,0.0,0.0,0.0,0.0,0.0,2.0,17,3,12,12/31/2024,2024-12-31,17:10:00
12/27/2024 09:35:00 PM,3.0,8,5,13,5,3,4,3,3,1,4,FAILING TO YIELD RIGHT-OF-WAY,2,4,1.0,0.0,0.0,1.0,0.0,1.0,21,6,12,12/27/2024,2024-12-27,21:35:00
12/24/2024 08:35:00 AM,5.0,3,2,6,5,3,3,3,2,1,4,UNABLE TO DETERMINE,2,2,0.0,0.0,0.0,0.0,0.0,2.0,8,3,12,12/24/2024,2024-12-24,08:35:00
12/24/2024 08:15:00 AM,5.0,3,2,6,5,6,3,1,3,1,3,IMPROPER OVERTAKING/PASSING,2,2,0.0,0.0,0.0,0.0,0.0,3.0,8,3,12,12/24/2024,2024-12-24,08:15:00
12/28/2024 05:11:00 PM,5.0,3,5,6,5,3,3,3,3,1,4,IMPROPER TURNING/NO SIGNAL,2,4,1.0,0.0,0.0,1.0,0.0,3.0,17,7,12,12/28/2024,2024-12-28,17:11:00
12/27/2024 07:45:00 PM,3.0,5,5,13,6,3,4,3,3,1,4,UNABLE TO DETERMINE,2,5,1.0,0.0,1.0,0.0,0.0,1.0,19,6,12,12/27/2024,2024-12-27,19:45:00
12/20/2024 10:28:00 PM,7.0,3,5,5,7,3,3,3,2,1,4,DISREGARDING STOP SIGN,2,2,0.0,0.0,0.0,0.0,0.0,2.0,22,6,12,12/20/2024,2024-12-20,22:28:00
12/20/2024 10:00:00 AM,3.0,3,2,5,7,3,3,3,2,1,4,NOT APPLICABLE,2,2,0.0,0.0,0.0,0.0,0.0,2.0,10,6,12,12/20/2024,2024-12-20,10:00:00
12/20/2024 05:30:00 PM,3.0,3,6,11,10,3,3,3,2,0,4,IMPROPER LANE USAGE,2,2,0.0,0.0,0.0,0.0,0.0,1.0,17,6,12,12/20/2024,2024-12-20,17:30:00
12/20/2024 09:25:00 PM,5.0,3,5,6,6,3,3,3,3,1,4,FAILING TO YIELD RIGHT-OF-WAY,2,2,0.0,0.0,0.0,0.0,0.0,4.0,21,6,12,12/20/2024,2024-12-20,21:25:00
12/20/2024 05:09:00 PM,5.0,3,5,6,5,3,3,3,2,1,4,IMPROPER TURNING/NO SIGNAL,2,2,0.0,0.0,0.0,0.0,0.0,3.0,17,6,12,12/20/2024,2024-12-20,17:09:00
12/20/2024 06:16:00 PM,5.0,3,6,4,4,3,1,1,2,1,4,UNABLE TO DETERMINE,2,2,0.0,0.0,0.0,0.0,0.0,3.0,18,6,12,12/20/2024,2024-12-20,18:16:00
12/20/2024 12:00:00 PM,7.0,3,2,5,4,3,4,3,3,1,4,FAILING TO YIELD RIGHT-OF-WAY,2,2,0.0,0.0,0.0,0.0,0.0,2.0,12,6,12,12/20/2024,2024-12-20,12:00:00
12/20/2024 06:39:00 AM,5.0,3,3,15,5,3,3,3,2,1,4,IMPROPER OVERTAKING/PASSING,2,2,0.0,0.0,0.0,0.0,0.0,2.0,6,6,12,12/20/2024,2024-12-20,06:39:00
12/20/2024 01:50:00 PM,7.0,3,2,5,4,3,4,3,3,1,4,FAILING TO YIELD RIGHT-OF-WAY,2,4,1.0,0.0,0.0,1.0,0.0,1.0,13,6,12,12/20/2024,2024-12-20,13:50:00
12/20/2024 09:00:00 PM,5.0,3,4,3,6,3,3,1,2,1,3,IMPROPER LANE USAGE,2,2,0.0,0.0,0.0,0.0,0.0,2.0,21,6,12,12/20/2024,2024-12-20,21:00:00
12/20/2024 02:30:00 PM,5.0,6,2,4,6,3,4,2,2,1,4,FAILING TO YIELD RIGHT-OF-WAY,2,2,0.0,0.0,0.0,0.0,0.0,2.0,14,6,12,12/20/2024,2024-12-20,14:30:00
12/20/2024 08:00:00 AM,3.0,6,2,6,7,3,5,3,3,1,4,FAILING TO YIELD RIGHT-OF-WAY,2,2,0.0,0.0,0.0,0.0,0.0,2.0,8,6,12,12/20/2024,2024-12-20,08:00:00
12/20/2024 05:45:00 PM,5.0,6,5,6,5,3,4,1,2,1,4,FAILING TO YIELD RIGHT-OF-WAY,2,2,0.0,0.0,0.0,0.0,0.0,2.0,17,6,12,12/20/2024,2024-12-20,17:45:00
12/20/2024 12:00:00 PM,3.0,3,2,6,16,3,5,1,3,1,4,FAILING TO YIELD RIGHT-OF-WAY,2,2,0.0,0.0,0.0,0.0,0.0,2.0,12,6,12,12/20/2024,2024-12-20,12:00:00
12/20/2024 03:25:00 PM,5.0,4,2,5,5,3,3,3,2,1,3,FAILING TO YIELD RIGHT-OF-WAY,2,2,0.0,0.0,0.0,0.0,0.0,2.0,15,6,12,12/20/2024,2024-12-20,15:25:00
12/20/2024 12:50:00 PM,5.0,3,2,3,6,3,3,3,2,1,2,FOLLOWING TOO CLOSELY,2,2,0.0,0.0,0.0,0.0,0.0,2.0,12,6,12,12/20/2024,2024-12-20,12:50:00
12/20/2024 10:50:00 PM,5.0,3,4,6,3,3,3,3,2,1,4,IMPROPER TURNING/NO SIGNAL,2,2,0.0,0.0,0.0,0.0,0.0,2.0,22,6,12,12/20/2024,2024-12-20,22:50:00
12/20/2024 05:30:00 PM,3.0,3,5,5,7,3,3,3,3,1,3,FAILING TO YIELD RIGHT-OF-WAY,2,2,0.0,0.0,0.0,0.0,0.0,5.0,17,6,12,12/20/2024,2024-12-20,17:30:00
12/20/2024 02:05:00 PM,7.0,3,2,5,5,3,4,1,3,1,4,FAILING TO YIELD RIGHT-OF-WAY,2,2,0.0,0.0,0.0,0.0,0.0,4.0,14,6,12,12/20/2024,2024-12-20,14:05:00
12/30/2024 05:10:00 PM,7.0,3,5,5,5,3,1,1,3,1,4,NOT APPLICABLE,2,4,1.0,0.0,0.0,1.0,0.0,2.0,17,2,12,12/30/2024,2024-12-30,17:10:00
12/20/2024 10:55:00 AM,7.0,3,2,5,5,3,4,3,3,1,4,FAILING TO YIELD RIGHT-OF-WAY,2,2,0.0,0.0,0.0,0.0,0.0,2.0,10,6,12,12/20/2024,2024-12-20,10:55:00
12/20/2024 11:59:00 PM,7.0,3,6,6,5,3,3,3,3,1,4,TURNING RIGHT ON RED,2,3,2.0,0.0,0.0,0.0,2.0,0.0,23,6,12,12/20/2024,2024-12-20,23:59:00
12/20/2024 01:10:00 AM,5.0,6,5,5,5,3,4,3,3,1,4,DISREGARDING TRAFFIC SIGNALS,2,2,0.0,0.0,0.0,0.0,0.0,2.0,1,6,12,12/20/2024,2024-12-20,01:10:00
12/20/2024 12:20:00 PM,3.0,3,2,3,10,3,1,1,2,0,4,DRIVING SKILLS/KNOWLEDGE/EXPERIENCE,2,2,0.0,0.0,0.0,0.0,0.0,2.0,12,6,12,12/20/2024,2024-12-20,12:20:00
12/20/2024 03:45:00 PM,5.0,3,2,3,4,3,3,3,2,1,4,IMPROPER OVERTAKING/PASSING,2,2,0.0,0.0,0.0,0.0,0.0,2.0,15,6,12,12/20/2024,2024-12-20,15:45:00
12/20/2024 03:02:00 PM,5.0,3,2,6,2,3,3,1,2,1,4,FAILING TO YIELD RIGHT-OF-WAY,2,2,0.0,0.0,0.0,0.0,0.0,2.0,15,6,12,12/20/2024,2024-12-20,15:02:00
12/20/2024 01:24:00 PM,5.0,4,2,4,3,3,3,1,2,1,3,UNABLE TO DETERMINE,2,2,0.0,0.0,0.0,0.0,0.0,3.0,13,6,12,12/20/2024,2024-12-20,13:24:00
12/20/2024 08:10:00 AM,3.0,8,2,8,13,5,4,3,2,1,4,IMPROPER OVERTAKING/PASSING,2,2,0.0,0.0,0.0,0.0,0.0,2.0,8,6,12,12/20/2024,2024-12-20,08:10:00
12/20/2024 04:55:00 PM,5.0,3,6,13,7,3,1,1,3,1,4,UNABLE TO DETERMINE,2,4,1.0,0.0,0.0,1.0,0.0,3.0,16,6,12,12/20/2024,2024-12-20,16:55:00
12/20/2024 09:45:00 AM,3.0,3,2,6,6,3,3,3,3,1,4,FAILING TO YIELD RIGHT-OF-WAY,2,2,0.0,0.0,0.0,0.0,0.0,3.0,9,6,12,12/20/2024,2024-12-20,09:45:00
12/20/2024 09:20:00 PM,5.0,4,5,3,5,3,3,1,2,1,4,IMPROPER OVERTAKING/PASSING,2,2,0.0,0.0,0.0,0.0,0.0,3.0,21,6,12,12/20/2024,2024-12-20,21:20:00
12/20/2024 05:45:00 AM,5.0,6,5,4,5,3,4,3,2,1,4,FOLLOWING TOO CLOSELY,2,2,0.0,0.0,0.0,0.0,0.0,2.0,5,6,12,12/20/2024,2024-12-20,05:45:00
12/20/2024 01:45:00 AM,5.0,6,5,5,13,3,4,3,3,1,4,DISREGARDING OTHER TRAFFIC SIGNS,2,4,2.0,0.0,0.0,2.0,0.0,1.0,1,6,12,12/20/2024,2024-12-20,01:45:00
12/20/2024 07:20:00 PM,5.0,3,5,13,5,3,3,3,2,1,2,UNABLE TO DETERMINE,2,2,0.0,0.0,0.0,0.0,0.0,2.0,19,6,12,12/20/2024,2024-12-20,19:20:00
12/20/2024 10:05:00 AM,5.0,3,5,8,5,3,3,3,2,0,2,IMPROPER BACKING,2,2,0.0,0.0,0.0,0.0,0.0,2.0,10,6,12,12/20/2024,2024-12-20,10:05:00
12/20/2024 01:11:00 PM,7.0,6,2,5,5,3,4,3,3,1,3,FAILING TO YIELD RIGHT-OF-WAY,2,2,0.0,0.0,0.0,0.0,0.0,3.0,13,6,12,12/20/2024,2024-12-20,13:11:00
12/20/2024 05:31:00 PM,5.0,3,5,3,6,3,3,3,2,1,4,FAILING TO REDUCE SPEED TO AVOID CRASH,2,2,0.0,0.0,0.0,0.0,0.0,2.0,17,6,12,12/20/2024,2024-12-20,17:31:00
12/20/2024 07:45:00 PM,5.0,3,5,6,6,3,3,3,2,1,4,DISREGARDING TRAFFIC SIGNALS,2,2,0.0,0.0,0.0,0.0,0.0,2.0,19,6,12,12/20/2024,2024-12-20,19:45:00
12/20/2024 08:32:00 AM,5.0,5,2,5,5,3,4,3,3,1,4,EQUIPMENT - VEHICLE CONDITION,2,2,0.0,0.0,0.0,0.0,0.0,3.0,8,6,12,12/20/2024,2024-12-20,08:32:00
12/20/2024 10:48:00 AM,5.0,3,2,6,5,3,4,3,3,1,4,FAILING TO REDUCE SPEED TO AVOID CRASH,2,4,1.0,0.0,0.0,1.0,0.0,1.0,10,6,12,12/20/2024,2024-12-20,10:48:00
12/20/2024 11:33:00 PM,5.0,3,5,3,4,3,3,3,2,1,4,UNABLE TO DETERMINE,2,2,0.0,0.0,0.0,0.0,0.0,2.0,23,6,12,12/20/2024,2024-12-20,23:33:00
12/20/2024 11:05:00 AM,5.0,6,3,6,6,3,4,3,2,1,4,IMPROPER TURNING/NO SIGNAL,2,2,0.0,0.0,0.0,0.0,0.0,3.0,11,6,12,12/20/2024,2024-12-20,11:05:00
12/20/2024 11:15:00 AM,3.0,6,2,5,5,3,4,3,3,1,4,UNABLE TO DETERMINE,2,4,1.0,0.0,0.0,1.0,0.0,1.0,11,6,12,12/20/2024,2024-12-20,11:15:00
12/20/2024 04:11:00 PM,7.0,3,2,6,4,3,3,3,2,1,4,UNABLE TO DETERMINE,2,2,0.0,0.0,0.0,0.0,0.0,2.0,16,6,12,12/20/2024,2024-12-20,16:11:00
12/20/2024 05:48:00 PM,7.0,3,5,4,4,3,3,3,3,1,3,IMPROPER TURNING/NO SIGNAL,2,3,1.0,0.0,0.0,0.0,1.0,2.0,17,6,12,12/20/2024,2024-12-20,17:48:00
12/20/2024 06:25:00 AM,3.0,3,2,11,7,3,4,3,2,1,4,DRIVING SKILLS/KNOWLEDGE/EXPERIENCE,2,2,0.0,0.0,0.0,0.0,0.0,1.0,6,6,12,12/20/2024,2024-12-20,06:25:00
12/26/2024 08:29:00 AM,3.0,5,2,5,5,3,4,1,2,1,4,NOT APPLICABLE,2,2,0.0,0.0,0.0,0.0,0.0,2.0,8,5,12,12/26/2024,2024-12-26,08:29:00
12/22/2024 03:57:00 PM,4.0,3,2,6,3,3,3,3,2,1,4,FAILING TO YIELD RIGHT-OF-WAY,2,2,0.0,0.0,0.0,0.0,0.0,4.0,15,1,12,12/22/2024,2024-12-22,15:57:00
12/31/2024 08:15:00 AM,5.0,5,2,13,5,3,4,3,2,1,2,"VISION OBSCURED (SIGNS, TREE LIMBS, BUILDINGS, ETC.)",2,2,0.0,0.0,0.0,0.0,0.0,2.0,8,3,12,12/31/2024,2024-12-31,08:15:00
12/29/2024 01:15:00 PM,7.0,5,2,5,10,3,4,3,3,1,4,DISREGARDING STOP SIGN,2,3,1.0,0.0,0.0,0.0,1.0,3.0,13,1,12,12/29/2024,2024-12-29,13:15:00
12/31/2024 06:30:00 PM,5.0,3,5,4,4,3,3,3,2,1,4,UNABLE TO DETERMINE,2,2,0.0,0.0,0.0,0.0,0.0,2.0,18,3,12,12/31/2024,2024-12-31,18:30:00
12/10/2024 05:31:00 PM,5.0,3,6,6,6,3,3,3,3,1,4,UNABLE TO DETERMINE,2,4,1.0,0.0,0.0,1.0,0.0,1.0,17,3,12,12/10/2024,2024-12-10,17:31:00
12/21/2024 07:22:00 PM,5.0,3,5,3,10,3,3,3,2,1,4,FAILING TO YIELD RIGHT-OF-WAY,2,2,0.0,0.0,0.0,0.0,0.0,3.0,19,7,12,12/21/2024,2024-12-21,19:22:00
12/21/2024 06:54:00 PM,7.0,3,5,5,5,3,3,3,2,1,4,FAILING TO REDUCE SPEED TO AVOID CRASH,2,2,0.0,0.0,0.0,0.0,0.0,2.0,18,7,12,12/21/2024,2024-12-21,18:54:00
12/21/2024 07:26:00 PM,5.0,3,5,4,6,3,3,3,2,1,4,FOLLOWING TOO CLOSELY,2,2,0.0,0.0,0.0,0.0,0.0,2.0,19,7,12,12/21/2024,2024-12-21,19:26:00
12/21/2024 08:30:00 PM,7.0,4,5,6,6,3,3,3,2,1,4,IMPROPER TURNING/NO SIGNAL,2,2,0.0,0.0,0.0,0.0,0.0,3.0,20,7,12,12/21/2024,2024-12-21,20:30:00
12/21/2024 11:35:00 PM,5.0,3,5,7,13,3,3,3,2,1,4,IMPROPER BACKING,2,2,0.0,0.0,0.0,0.0,0.0,2.0,23,7,12,12/21/2024,2024-12-21,23:35:00
12/21/2024 10:20:00 PM,7.0,3,5,6,4,3,3,3,3,1,4,FAILING TO YIELD RIGHT-OF-WAY,2,4,1.0,0.0,0.0,1.0,0.0,5.0,22,7,12,12/21/2024,2024-12-21,22:20:00
12/21/2024 01:45:00 PM,5.0,3,2,6,5,3,1,1,2,1,4,UNABLE TO DETERMINE,2,2,0.0,0.0,0.0,0.0,0.0,6.0,13,7,12,12/21/2024,2024-12-21,13:45:00
12/21/2024 11:25:00 PM,7.0,3,5,4,6,3,1,1,2,1,4,CELL PHONE USE OTHER THAN TEXTING,2,2,0.0,0.0,0.0,0.0,0.0,2.0,23,7,12,12/21/2024,2024-12-21,23:25:00
12/21/2024 04:29:00 AM,7.0,3,5,6,6,3,3,3,3,1,4,UNABLE TO DETERMINE,2,4,2.0,0.0,0.0,1.0,1.0,0.0,4,7,12,12/21/2024,2024-12-21,04:29:00
12/21/2024 04:45:00 PM,7.0,3,2,5,6,3,1,1,3,1,3,UNABLE TO DETERMINE,2,3,1.0,0.0,0.0,0.0,1.0,2.0,16,7,12,12/21/2024,2024-12-21,16:45:00
12/21/2024 01:40:00 PM,5.0,3,2,6,13,3,1,1,2,1,3,IMPROPER TURNING/NO SIGNAL,2,2,0.0,0.0,0.0,0.0,0.0,3.0,13,7,12,12/21/2024,2024-12-21,13:40:00
12/21/2024 01:35:00 PM,5.0,3,2,5,6,4,1,1,2,1,4,DISREGARDING TRAFFIC SIGNALS,2,2,0.0,0.0,0.0,0.0,0.0,2.0,13,7,12,12/21/2024,2024-12-21,13:35:00
12/21/2024 11:18:00 AM,7.0,3,2,4,6,3,3,1,2,1,4,FAILING TO REDUCE SPEED TO AVOID CRASH,2,2,0.0,0.0,0.0,0.0,0.0,3.0,11,7,12,12/21/2024,2024-12-21,11:18:00
12/21/2024 04:55:00 PM,7.0,3,5,5,7,3,3,3,2,1,3,DISREGARDING STOP SIGN,2,2,0.0,0.0,0.0,0.0,0.0,2.0,16,7,12,12/21/2024,2024-12-21,16:55:00
12/21/2024 05:27:00 PM,7.0,3,5,5,5,3,3,3,2,1,4,UNABLE TO DETERMINE,2,2,0.0,0.0,0.0,0.0,0.0,3.0,17,7,12,12/21/2024,2024-12-21,17:27:00
12/21/2024 12:49:00 AM,5.0,3,5,5,5,3,3,3,3,1,4,DISREGARDING TRAFFIC SIGNALS,2,4,2.0,0.0,0.0,2.0,0.0,2.0,0,7,12,12/21/2024,2024-12-21,00:49:00
12/21/2024 09:55:00 AM,5.0,3,2,4,7,3,3,3,2,1,3,NOT APPLICABLE,2,2,0.0,0.0,0.0,0.0,0.0,2.0,9,7,12,12/21/2024,2024-12-21,09:55:00
12/21/2024 12:06:00 PM,5.0,3,2,6,10,3,3,3,2,1,4,IMPROPER OVERTAKING/PASSING,2,2,0.0,0.0,0.0,0.0,0.0,2.0,12,7,12,12/21/2024,2024-12-21,12:06:00
12/21/2024 08:43:00 PM,5.0,3,5,5,5,3,3,3,2,1,4,DISREGARDING TRAFFIC SIGNALS,2,2,0.0,0.0,0.0,0.0,0.0,2.0,20,7,12,12/21/2024,2024-12-21,20:43:00
12/21/2024 08:05:00 PM,3.0,3,4,3,6,3,3,3,2,1,3,IMPROPER LANE USAGE,2,2,0.0,0.0,0.0,0.0,0.0,2.0,20,7,12,12/21/2024,2024-12-21,20:05:00
12/21/2024 10:20:00 AM,5.0,3,2,8,6,3,3,3,2,1,3,UNABLE TO DETERMINE,2,2,0.0,0.0,0.0,0.0,0.0,2.0,10,7,12,12/21/2024,2024-12-21,10:20:00
12/21/2024 06:44:00 AM,7.0,3,5,11,10,3,3,3,2,0,4,UNABLE TO DETERMINE,2,2,0.0,0.0,0.0,0.0,0.0,1.0,6,7,12,12/21/2024,2024-12-21,06:44:00
12/21/2024 11:00:00 AM,1.0,3,2,6,6,3,1,1,2,1,4,IMPROPER TURNING/NO SIGNAL,2,2,0.0,0.0,0.0,0.0,0.0,2.0,11,7,12,12/21/2024,2024-12-21,11:00:00
12/21/2024 02:33:00 PM,3.0,3,2,6,5,3,3,3,3,1,4,FAILING TO YIELD RIGHT-OF-WAY,2,4,1.0,0.0,0.0,1.0,0.0,2.0,14,7,12,12/21/2024,2024-12-21,14:33:00
12/21/2024 05:40:00 PM,5.0,3,2,3,5,3,1,1,2,1,4,IMPROPER OVERTAKING/PASSING,2,2,0.0,0.0,0.0,0.0,0.0,2.0,17,7,12,12/21/2024,2024-12-21,17:40:00
12/21/2024 12:15:00 PM,5.0,3,2,4,6,3,3,3,2,1,3,NOT APPLICABLE,2,2,0.0,0.0,0.0,0.0,0.0,2.0,12,7,12,12/21/2024,2024-12-21,12:15:00
12/21/2024 11:00:00 PM,7.0,3,5,5,6,3,3,3,3,1,4,DISREGARDING STOP SIGN,2,2,0.0,0.0,0.0,0.0,0.0,5.0,23,7,12,12/21/2024,2024-12-21,23:00:00
12/21/2024 12:15:00 AM,5.0,3,5,13,5,3,1,1,3,1,3,UNABLE TO DETERMINE,2,4,1.0,0.0,0.0,1.0,0.0,1.0,0,7,12,12/21/2024,2024-12-21,00:15:00
12/21/2024 10:30:00 AM,3.0,3,2,5,5,3,3,3,2,1,4,FAILING TO YIELD RIGHT-OF-WAY,2,2,0.0,0.0,0.0,0.0,0.0,2.0,10,7,12,12/21/2024,2024-12-21,10:30:00
12/21/2024 11:30:00 PM,5.0,3,5,6,5,3,3,3,3,1,4,FAILING TO YIELD RIGHT-OF-WAY,2,2,0.0,0.0,0.0,0.0,0.0,2.0,23,7,12,12/21/2024,2024-12-21,23:30:00
12/21/2024 04:15:00 PM,5.0,3,2,3,6,3,3,1,2,0,4,IMPROPER OVERTAKING/PASSING,2,2,0.0,0.0,0.0,0.0,0.0,2.0,16,7,12,12/21/2024,2024-12-21,16:15:00
12/21/2024 07:09:00 PM,5.0,3,6,5,5,3,3,3,3,1,4,FAILING TO YIELD RIGHT-OF-WAY,2,3,2.0,0.0,0.0,0.0,2.0,2.0,19,7,12,12/21/2024,2024-12-21,19:09:00
12/21/2024 09:45:00 PM,7.0,3,5,4,4,3,3,3,2,1,3,UNABLE TO DETERMINE,2,2,0.0,0.0,0.0,0.0,0.0,2.0,21,7,12,12/21/2024,2024-12-21,21:45:00
12/21/2024 05:06:00 PM,5.0,3,2,6,5,3,3,3,2,1,4,FAILING TO YIELD RIGHT-OF-WAY,2,2,0.0,0.0,0.0,0.0,0.0,3.0,17,7,12,12/21/2024,2024-12-21,17:06:00
12/21/2024 05:00:00 PM,5.0,3,5,5,6,3,3,3,3,1,4,DISREGARDING TRAFFIC SIGNALS,2,2,0.0,0.0,0.0,0.0,0.0,2.0,17,7,12,12/21/2024,2024-12-21,17:00:00
12/21/2024 08:25:00 AM,5.0,3,2,5,10,3,3,3,3,1,4,UNABLE TO DETERMINE,2,4,1.0,0.0,0.0,1.0,0.0,1.0,8,7,12,12/21/2024,2024-12-21,08:25:00
12/21/2024 02:00:00 PM,3.0,3,2,6,5,3,3,3,3,1,4,IMPROPER LANE USAGE,2,2,0.0,0.0,0.0,0.0,0.0,3.0,14,7,12,12/21/2024,2024-12-21,14:00:00
12/21/2024 11:00:00 PM,3.0,3,6,3,4,3,1,3,2,1,4,IMPROPER LANE USAGE,2,2,0.0,0.0,0.0,0.0,0.0,3.0,23,7,12,12/21/2024,2024-12-21,23:00:00
12/21/2024 09:50:00 PM,7.0,3,5,5,5,3,3,3,3,1,4,DISREGARDING STOP SIGN,2,4,2.0,0.0,0.0,1.0,1.0,1.0,21,7,12,12/21/2024,2024-12-21,21:50:00
12/21/2024 09:25:00 PM,3.0,3,5,6,9,3,3,3,2,1,4,IMPROPER TURNING/NO SIGNAL,2,2,0.0,0.0,0.0,0.0,0.0,6.0,21,7,12,12/21/2024,2024-12-21,21:25:00
12/21/2024 10:30:00 PM,3.0,3,5,3,5,3,3,3,2,1,4,IMPROPER OVERTAKING/PASSING,2,2,0.0,0.0,0.0,0.0,0.0,2.0,22,7,12,12/21/2024,2024-12-21,22:30:00
12/21/2024 12:20:00 PM,5.0,3,2,6,7,3,3,1,2,1,4,DRIVING SKILLS/KNOWLEDGE/EXPERIENCE,2,2,0.0,0.0,0.0,0.0,0.0,6.0,12,7,12,12/21/2024,2024-12-21,12:20:00
12/21/2024 07:30:00 PM,5.0,3,5,5,6,3,3,3,3,1,4,FAILING TO YIELD RIGHT-OF-WAY,2,4,2.0,0.0,0.0,2.0,0.0,1.0,19,7,12,12/21/2024,2024-12-21,19:30:00
12/21/2024 06:38:00 AM,5.0,3,5,5,5,3,3,3,3,1,4,DISREGARDING TRAFFIC SIGNALS,2,4,1.0,0.0,0.0,1.0,0.0,1.0,6,7,12,12/21/2024,2024-12-21,06:38:00
12/21/2024 04:30:00 AM,7.0,3,5,5,5,3,3,1,3,1,4,DISREGARDING STOP SIGN,2,3,1.0,0.0,0.0,0.0,1.0,1.0,4,7,12,12/21/2024,2024-12-21,04:30:00
12/21/2024 07:30:00 PM,5.0,3,5,3,6,3,3,3,2,1,4,IMPROPER OVERTAKING/PASSING,2,2,0.0,0.0,0.0,0.0,0.0,2.0,19,7,12,12/21/2024,2024-12-21,19:30:00
12/21/2024 03:16:00 PM,5.0,3,2,6,9,3,3,3,3,1,4,UNABLE TO DETERMINE,2,3,1.0,0.0,0.0,0.0,1.0,2.0,15,7,12,12/21/2024,2024-12-21,15:16:00
12/21/2024 01:40:00 PM,5.0,3,2,5,5,3,3,3,2,1,4,DISREGARDING TRAFFIC SIGNALS,2,2,0.0,0.0,0.0,0.0,0.0,2.0,13,7,12,12/21/2024,2024-12-21,13:40:00
12/21/2024 03:30:00 PM,5.0,3,2,4,5,3,3,3,3,1,3,FAILING TO REDUCE SPEED TO AVOID CRASH,2,3,1.0,0.0,0.0,0.0,1.0,2.0,15,7,12,12/21/2024,2024-12-21,15:30:00
12/31/2024 10:36:00 PM,7.0,3,5,11,5,3,3,3,2,1,4,UNABLE TO DETERMINE,2,2,0.0,0.0,0.0,0.0,0.0,1.0,22,3,12,12/31/2024,2024-12-31,22:36:00
12/28/2024 02:40:00 PM,5.0,3,2,3,5,3,3,3,2,1,4,IMPROPER TURNING/NO SIGNAL,2,2,0.0,0.0,0.0,0.0,0.0,2.0,14,7,12,12/28/2024,2024-12-28,14:40:00
12/31/2024 12:30:00 AM,7.0,5,5,5,6,3,4,3,3,1,4,FAILING TO YIELD RIGHT-OF-WAY,2,5,1.0,0.0,1.0,0.0,0.0,1.0,0,3,12,12/31/2024,2024-12-31,00:30:00
12/22/2024 02:35:00 PM,3.0,3,2,6,4,3,3,3,2,1,4,IMPROPER TURNING/NO SIGNAL,2,2,0.0,0.0,0.0,0.0,0.0,2.0,14,1,12,12/22/2024,2024-12-22,14:35:00
12/22/2024 04:43:00 PM,5.0,3,5,6,5,3,3,1,3,1,4,FAILING TO YIELD RIGHT-OF-WAY,2,3,2.0,0.0,0.0,0.0,2.0,1.0,16,1,12,12/22/2024,2024-12-22,16:43:00
12/22/2024 01:45:00 AM,7.0,3,5,6,6,3,3,3,2,1,4,FAILING TO YIELD RIGHT-OF-WAY,2,2,0.0,0.0,0.0,0.0,0.0,2.0,1,1,12,12/22/2024,2024-12-22,01:45:00
12/22/2024 02:00:00 PM,5.0,3,2,4,5,3,2,1,2,1,4,FOLLOWING TOO CLOSELY,2,2,0.0,0.0,0.0,0.0,0.0,2.0,14,1,12,12/22/2024,2024-12-22,14:00:00
12/22/2024 08:02:00 PM,5.0,3,5,6,5,3,3,3,3,1,4,FAILING TO YIELD RIGHT-OF-WAY,2,2,0.0,0.0,0.0,0.0,0.0,2.0,20,1,12,12/22/2024,2024-12-22,20:02:00
12/22/2024 08:15:00 AM,7.0,3,2,11,5,3,3,3,2,1,3,UNABLE TO DETERMINE,2,2,0.0,0.0,0.0,0.0,0.0,1.0,8,1,12,12/22/2024,2024-12-22,08:15:00
12/22/2024 07:55:00 PM,5.0,3,5,9,4,3,3,1,3,1,4,HAD BEEN DRINKING (USE WHEN ARREST IS NOT MADE),2,3,2.0,0.0,0.0,0.0,2.0,1.0,19,1,12,12/22/2024,2024-12-22,19:55:00