crash_date,traffic_control_device,weather_condition,lighting_condition,first_crash_type,trafficway_type,alignment,roadway_surface_cond,road_defect,crash_type,intersection_related_i,damage,prim_contributory_cause,num_units,most_severe_injury,injuries_total,injuries_fatal,injuries_incapacitating,injuries_non_incapacitating,injuries_reported_not_evident,injuries_no_indication,crash_hour,crash_day_of_week,crash_month,parsed_datetime,date,time
12/22/2024 02:49:00 AM,5.0,3,5,5,4,3,1,3,3,1,3,FAILING TO YIELD RIGHT-OF-WAY,2,4,1.0,0.0,0.0,1.0,0.0,1.0,2,1,12,12/22/2024,2024-12-22,02:49:00
12/22/2024 08:00:00 PM,5.0,3,2,3,4,3,1,1,2,1,4,FAILING TO YIELD RIGHT-OF-WAY,2,2,0.0,0.0,0.0,0.0,0.0,2.0,20,1,12,12/22/2024,2024-12-22,20:00:00
12/22/2024 12:30:00 PM,5.0,3,2,6,3,3,3,3,2,1,4,FOLLOWING TOO CLOSELY,2,2,0.0,0.0,0.0,0.0,0.0,3.0,12,1,12,12/22/2024,2024-12-22,12:30:00
12/22/2024 07:15:00 PM,5.0,3,5,6,4,3,1,3,2,1,4,UNABLE TO DETERMINE,2,2,0.0,0.0,0.0,0.0,0.0,3.0,19,1,12,12/22/2024,2024-12-22,19:15:00
12/22/2024 02:30:00 PM,5.0,3,2,4,5,3,3,3,2,1,3,FOLLOWING TOO CLOSELY,2,2,0.0,0.0,0.0,0.0,0.0,2.0,14,1,12,12/22/2024,2024-12-22,14:30:00
12/22/2024 04:20:00 AM,5.0,3,5,4,5,3,3,3,3,1,4,UNABLE TO DETERMINE,2,3,2.0,0.0,0.0,0.0,2.0,5.0,4,1,12,12/22/2024,2024-12-22,04:20:00
12/22/2024 05:50:00 PM,7.0,3,6,5,2,3,1,1,2,1,4,UNABLE TO DETERMINE,2,2,0.0,0.0,0.0,0.0,0.0,3.0,17,1,12,12/22/2024,2024-12-22,17:50:00
12/22/2024 11:00:00 PM,5.0,3,5,6,14,3,3,3,2,1,4,IMPROPER TURNING/NO SIGNAL,2,2,0.0,0.0,0.0,0.0,0.0,2.0,23,1,12,12/22/2024,2024-12-22,23:00:00
12/22/2024 10:00:00 AM,7.0,3,2,5,6,3,3,3,3,1,4,UNABLE TO DETERMINE,2,2,0.0,0.0,0.0,0.0,0.0,2.0,10,1,12,12/22/2024,2024-12-22,10:00:00
12/22/2024 01:50:00 PM,5.0,3,2,4,6,3,3,1,2,1,3,UNABLE TO DETERMINE,2,2,0.0,0.0,0.0,0.0,0.0,3.0,13,1,12,12/22/2024,2024-12-22,13:50:00
12/22/2024 11:39:00 AM,5.0,4,2,6,5,3,3,3,3,1,4,FAILING TO YIELD RIGHT-OF-WAY,2,4,1.0,0.0,0.0,1.0,0.0,4.0,11,1,12,12/22/2024,2024-12-22,11:39:00
12/22/2024 10:00:00 PM,5.0,3,5,5,5,3,3,3,3,1,4,FAILING TO YIELD RIGHT-OF-WAY,2,4,1.0,0.0,0.0,1.0,0.0,2.0,22,1,12,12/22/2024,2024-12-22,22:00:00
12/22/2024 06:30:00 PM,3.0,3,6,5,6,3,3,3,2,1,4,UNABLE TO DETERMINE,2,2,0.0,0.0,0.0,0.0,0.0,5.0,18,1,12,12/22/2024,2024-12-22,18:30:00
12/22/2024 10:20:00 AM,5.0,3,2,4,7,3,3,3,2,1,4,UNABLE TO DETERMINE,2,2,0.0,0.0,0.0,0.0,0.0,3.0,10,1,12,12/22/2024,2024-12-22,10:20:00
12/22/2024 06:44:00 PM,3.0,3,4,3,3,3,3,3,2,0,4,FAILING TO YIELD RIGHT-OF-WAY,2,2,0.0,0.0,0.0,0.0,0.0,2.0,18,1,12,12/22/2024,2024-12-22,18:44:00
12/27/2024 09:00:00 AM,7.0,3,2,5,10,3,3,3,2,1,4,FAILING TO YIELD RIGHT-OF-WAY,2,2,0.0,0.0,0.0,0.0,0.0,2.0,9,6,12,12/27/2024,2024-12-27,09:00:00
12/22/2024 01:45:00 PM,5.0,3,2,5,6,3,3,3,3,1,4,UNABLE TO DETERMINE,2,3,1.0,0.0,0.0,0.0,1.0,2.0,13,1,12,12/22/2024,2024-12-22,13:45:00
12/27/2024 07:45:00 PM,5.0,5,6,6,4,3,4,3,2,1,4,IMPROPER TURNING/NO SIGNAL,2,2,0.0,0.0,0.0,0.0,0.0,3.0,19,6,12,12/27/2024,2024-12-27,19:45:00
12/23/2024 08:50:00 PM,3.0,3,6,4,5,3,3,3,3,1,4,EQUIPMENT - VEHICLE CONDITION,2,2,0.0,0.0,0.0,0.0,0.0,2.0,20,2,12,12/23/2024,2024-12-23,20:50:00
12/23/2024 08:50:00 AM,5.0,3,2,3,4,3,3,3,2,1,4,FAILING TO REDUCE SPEED TO AVOID CRASH,2,2,0.0,0.0,0.0,0.0,0.0,3.0,8,2,12,12/23/2024,2024-12-23,08:50:00
12/23/2024 09:27:00 AM,5.0,4,2,14,6,3,3,1,3,1,2,IMPROPER TURNING/NO SIGNAL,2,4,1.0,0.0,0.0,1.0,0.0,1.0,9,2,12,12/23/2024,2024-12-23,09:27:00
12/23/2024 08:00:00 AM,5.0,3,2,4,5,3,3,3,2,1,4,FOLLOWING TOO CLOSELY,2,2,0.0,0.0,0.0,0.0,0.0,2.0,8,2,12,12/23/2024,2024-12-23,08:00:00
12/23/2024 01:45:00 PM,2.0,3,2,3,6,3,3,3,2,1,3,IMPROPER TURNING/NO SIGNAL,2,2,0.0,0.0,0.0,0.0,0.0,2.0,13,2,12,12/23/2024,2024-12-23,13:45:00
12/23/2024 05:59:00 PM,5.0,3,5,6,6,3,3,3,2,1,4,FOLLOWING TOO CLOSELY,2,2,0.0,0.0,0.0,0.0,0.0,2.0,17,2,12,12/23/2024,2024-12-23,17:59:00
12/23/2024 12:05:00 AM,3.0,3,5,11,10,3,3,3,3,1,3,FAILING TO REDUCE SPEED TO AVOID CRASH,2,2,0.0,0.0,0.0,0.0,0.0,3.0,0,2,12,12/23/2024,2024-12-23,00:05:00
12/23/2024 01:05:00 AM,5.0,3,5,4,6,3,3,3,2,1,3,FAILING TO REDUCE SPEED TO AVOID CRASH,2,2,0.0,0.0,0.0,0.0,0.0,2.0,1,2,12,12/23/2024,2024-12-23,01:05:00
12/23/2024 09:30:00 PM,7.0,3,6,5,7,3,3,3,3,1,4,FAILING TO YIELD RIGHT-OF-WAY,2,5,2.0,0.0,1.0,0.0,1.0,0.0,21,2,12,12/23/2024,2024-12-23,21:30:00
12/23/2024 09:00:00 PM,7.0,3,5,5,5,4,3,3,2,1,4,FAILING TO YIELD RIGHT-OF-WAY,2,2,0.0,0.0,0.0,0.0,0.0,5.0,21,2,12,12/23/2024,2024-12-23,21:00:00
12/23/2024 06:04:00 PM,7.0,3,5,5,5,3,3,3,2,1,3,DISREGARDING STOP SIGN,2,2,0.0,0.0,0.0,0.0,0.0,3.0,18,2,12,12/23/2024,2024-12-23,18:04:00
12/23/2024 09:35:00 PM,5.0,3,5,4,5,3,3,3,2,1,4,UNABLE TO DETERMINE,2,2,0.0,0.0,0.0,0.0,0.0,2.0,21,2,12,12/23/2024,2024-12-23,21:35:00
12/23/2024 07:40:00 AM,7.0,3,2,6,5,3,3,3,2,1,4,FAILING TO YIELD RIGHT-OF-WAY,2,2,0.0,0.0,0.0,0.0,0.0,2.0,7,2,12,12/23/2024,2024-12-23,07:40:00
12/23/2024 12:15:00 PM,5.0,3,2,6,7,3,3,3,2,1,4,IMPROPER OVERTAKING/PASSING,2,2,0.0,0.0,0.0,0.0,0.0,2.0,12,2,12,12/23/2024,2024-12-23,12:15:00
12/23/2024 11:10:00 AM,5.0,4,2,3,6,3,3,1,2,1,4,UNABLE TO DETERMINE,2,2,0.0,0.0,0.0,0.0,0.0,2.0,11,2,12,12/23/2024,2024-12-23,11:10:00
12/29/2024 01:39:00 PM,5.0,5,2,6,5,4,4,3,2,1,4,NOT APPLICABLE,2,2,0.0,0.0,0.0,0.0,0.0,4.0,13,1,12,12/29/2024,2024-12-29,13:39:00
12/23/2024 01:25:00 PM,7.0,4,2,9,14,3,4,1,3,1,4,FAILING TO YIELD RIGHT-OF-WAY,2,3,1.0,0.0,0.0,0.0,1.0,1.0,13,2,12,12/23/2024,2024-12-23,13:25:00
12/23/2024 01:23:00 PM,7.0,3,2,6,6,3,3,3,3,1,4,IMPROPER TURNING/NO SIGNAL,2,3,2.0,0.0,0.0,0.0,2.0,2.0,13,2,12,12/23/2024,2024-12-23,13:23:00
12/23/2024 01:42:00 PM,5.0,3,2,6,5,3,3,3,2,1,4,FOLLOWING TOO CLOSELY,2,2,0.0,0.0,0.0,0.0,0.0,4.0,13,2,12,12/23/2024,2024-12-23,13:42:00
12/23/2024 10:30:00 AM,5.0,3,2,6,5,3,3,3,2,1,4,IMPROPER TURNING/NO SIGNAL,2,2,0.0,0.0,0.0,0.0,0.0,2.0,10,2,12,12/23/2024,2024-12-23,10:30:00
12/23/2024 11:55:00 PM,5.0,3,6,5,6,3,3,3,3,1,4,UNABLE TO DETERMINE,2,5,1.0,0.0,1.0,0.0,0.0,2.0,23,2,12,12/23/2024,2024-12-23,23:55:00
12/23/2024 09:59:00 AM,5.0,3,2,5,5,3,3,1,3,1,4,"OPERATING VEHICLE IN ERRATIC, RECKLESS, CARELESS, NEGLIGENT OR AGGRESSIVE MANNER",2,2,0.0,0.0,0.0,0.0,0.0,3.0,9,2,12,12/23/2024,2024-12-23,09:59:00
12/23/2024 02:42:00 PM,1.0,3,2,6,6,3,3,1,3,1,4,UNABLE TO DETERMINE,2,2,0.0,0.0,0.0,0.0,0.0,3.0,14,2,12,12/23/2024,2024-12-23,14:42:00
12/23/2024 05:30:00 PM,7.0,3,5,5,6,3,3,3,3,1,4,FAILING TO YIELD RIGHT-OF-WAY,2,2,0.0,0.0,0.0,0.0,0.0,2.0,17,2,12,12/23/2024,2024-12-23,17:30:00
12/23/2024 07:45:00 AM,5.0,3,2,5,5,3,3,3,3,1,4,UNABLE TO DETERMINE,2,2,0.0,0.0,0.0,0.0,0.0,5.0,7,2,12,12/23/2024,2024-12-23,07:45:00
12/23/2024 01:00:00 PM,5.0,3,2,4,6,3,3,1,3,1,4,PHYSICAL CONDITION OF DRIVER,2,2,0.0,0.0,0.0,0.0,0.0,2.0,13,2,12,12/23/2024,2024-12-23,13:00:00
12/23/2024 07:21:00 AM,5.0,3,2,6,7,3,3,1,2,1,4,IMPROPER TURNING/NO SIGNAL,2,2,0.0,0.0,0.0,0.0,0.0,3.0,7,2,12,12/23/2024,2024-12-23,07:21:00
12/23/2024 07:54:00 AM,5.0,3,2,6,5,3,3,3,2,1,4,UNABLE TO DETERMINE,2,2,0.0,0.0,0.0,0.0,0.0,3.0,7,2,12,12/23/2024,2024-12-23,07:54:00
12/23/2024 04:38:00 PM,5.0,3,5,5,6,3,3,3,2,1,4,UNABLE TO DETERMINE,2,2,0.0,0.0,0.0,0.0,0.0,2.0,16,2,12,12/23/2024,2024-12-23,16:38:00
12/23/2024 10:39:00 AM,5.0,3,2,6,1,3,3,3,3,1,4,IMPROPER TURNING/NO SIGNAL,2,2,0.0,0.0,0.0,0.0,0.0,2.0,10,2,12,12/23/2024,2024-12-23,10:39:00
12/23/2024 11:38:00 PM,5.0,3,6,5,1,3,3,3,3,1,4,FAILING TO YIELD RIGHT-OF-WAY,2,3,1.0,0.0,0.0,0.0,1.0,2.0,23,2,12,12/23/2024,2024-12-23,23:38:00
12/23/2024 10:10:00 PM,3.0,3,6,3,6,3,3,3,2,1,4,UNABLE TO DETERMINE,2,2,0.0,0.0,0.0,0.0,0.0,2.0,22,2,12,12/23/2024,2024-12-23,22:10:00
12/23/2024 06:47:00 AM,7.0,4,5,5,5,3,3,3,3,1,4,FAILING TO YIELD RIGHT-OF-WAY,2,2,0.0,0.0,0.0,0.0,0.0,2.0,6,2,12,12/23/2024,2024-12-23,06:47:00
12/23/2024 12:50:00 PM,5.0,3,2,6,5,3,3,3,2,1,3,DISTRACTION - FROM INSIDE VEHICLE,2,2,0.0,0.0,0.0,0.0,0.0,5.0,12,2,12,12/23/2024,2024-12-23,12:50:00
12/23/2024 07:04:00 PM,7.0,3,5,5,5,3,3,3,3,1,4,FAILING TO YIELD RIGHT-OF-WAY,2,2,0.0,0.0,0.0,0.0,0.0,3.0,19,2,12,12/23/2024,2024-12-23,19:04:00
12/13/2024 05:50:00 PM,3.0,3,4,6,6,3,3,3,2,1,3,UNABLE TO DETERMINE,2,2,0.0,0.0,0.0,0.0,0.0,2.0,17,6,12,12/13/2024,2024-12-13,17:50:00
12/12/2024 09:09:00 AM,1.0,3,2,4,10,3,1,1,2,1,4,UNABLE TO DETERMINE,2,2,0.0,0.0,0.0,0.0,0.0,2.0,9,5,12,12/12/2024,2024-12-12,09:09:00
12/24/2024 08:26:00 PM,7.0,3,5,11,5,3,3,3,3,1,4,DISREGARDING TRAFFIC SIGNALS,2,4,1.0,0.0,0.0,1.0,0.0,0.0,20,3,12,12/24/2024,2024-12-24,20:26:00
12/24/2024 11:00:00 AM,5.0,4,2,4,6,3,4,3,2,1,3,FOLLOWING TOO CLOSELY,2,2,0.0,0.0,0.0,0.0,0.0,2.0,11,3,12,12/24/2024,2024-12-24,11:00:00
12/24/2024 08:30:00 PM,3.0,3,5,6,4,3,3,3,3,1,4,FAILING TO YIELD RIGHT-OF-WAY,2,2,0.0,0.0,0.0,0.0,0.0,2.0,20,3,12,12/24/2024,2024-12-24,20:30:00
12/24/2024 12:03:00 AM,7.0,3,5,5,5,3,4,3,2,1,4,FAILING TO YIELD RIGHT-OF-WAY,2,2,0.0,0.0,0.0,0.0,0.0,2.0,0,3,12,12/24/2024,2024-12-24,00:03:00
12/24/2024 05:06:00 PM,5.0,3,5,6,5,3,1,3,3,1,4,FAILING TO YIELD RIGHT-OF-WAY,2,3,2.0,0.0,0.0,0.0,2.0,2.0,17,3,12,12/24/2024,2024-12-24,17:06:00
12/24/2024 03:00:00 PM,1.0,3,2,4,4,3,3,1,2,1,4,FOLLOWING TOO CLOSELY,2,2,0.0,0.0,0.0,0.0,0.0,2.0,15,3,12,12/24/2024,2024-12-24,15:00:00
12/24/2024 05:59:00 PM,5.0,3,5,6,5,3,3,1,3,1,4,UNABLE TO DETERMINE,2,3,1.0,0.0,0.0,0.0,1.0,1.0,17,3,12,12/24/2024,2024-12-24,17:59:00
12/22/2024 05:40:00 AM,3.0,3,5,5,6,3,1,1,2,1,4,UNABLE TO DETERMINE,2,2,0.0,0.0,0.0,0.0,0.0,2.0,5,1,12,12/22/2024,2024-12-22,05:40:00
12/16/2024 12:20:00 PM,5.0,3,2,5,6,3,3,3,2,1,4,DISREGARDING TRAFFIC SIGNALS,2,2,0.0,0.0,0.0,0.0,0.0,2.0,12,2,12,12/16/2024,2024-12-16,12:20:00
12/25/2024 08:23:00 PM,5.0,3,5,13,10,3,4,3,3,1,4,DISREGARDING TRAFFIC SIGNALS,2,4,1.0,0.0,0.0,1.0,0.0,1.0,20,4,12,12/25/2024,2024-12-25,20:23:00
12/25/2024 11:58:00 AM,7.0,3,2,5,7,3,1,1,2,1,4,UNABLE TO DETERMINE,2,2,0.0,0.0,0.0,0.0,0.0,3.0,11,4,12,12/25/2024,2024-12-25,11:58:00
12/25/2024 10:10:00 PM,5.0,5,5,5,6,3,4,3,3,1,4,FAILING TO YIELD RIGHT-OF-WAY,2,3,1.0,0.0,0.0,0.0,1.0,2.0,22,4,12,12/25/2024,2024-12-25,22:10:00
12/25/2024 07:22:00 PM,5.0,5,5,5,5,3,4,3,3,1,4,DISREGARDING TRAFFIC SIGNALS,2,2,0.0,0.0,0.0,0.0,0.0,3.0,19,4,12,12/25/2024,2024-12-25,19:22:00
12/29/2024 03:10:00 AM,7.0,3,5,5,13,3,4,3,3,1,4,FAILING TO YIELD RIGHT-OF-WAY,2,2,0.0,0.0,0.0,0.0,0.0,5.0,3,1,12,12/29/2024,2024-12-29,03:10:00
12/26/2024 05:30:00 PM,5.0,3,5,4,6,4,3,3,2,1,3,FAILING TO REDUCE SPEED TO AVOID CRASH,2,2,0.0,0.0,0.0,0.0,0.0,2.0,17,5,12,12/26/2024,2024-12-26,17:30:00
12/26/2024 11:55:00 AM,5.0,3,2,5,4,3,4,3,2,1,4,FAILING TO YIELD RIGHT-OF-WAY,2,2,0.0,0.0,0.0,0.0,0.0,2.0,11,5,12,12/26/2024,2024-12-26,11:55:00
12/26/2024 05:20:00 PM,5.0,3,5,4,5,3,3,3,2,1,4,FOLLOWING TOO CLOSELY,2,2,0.0,0.0,0.0,0.0,0.0,2.0,17,5,12,12/26/2024,2024-12-26,17:20:00
12/26/2024 10:45:00 AM,5.0,8,2,6,6,3,4,3,3,1,4,DISREGARDING TRAFFIC SIGNALS,2,4,1.0,0.0,0.0,1.0,0.0,2.0,10,5,12,12/26/2024,2024-12-26,10:45:00
12/26/2024 02:00:00 PM,1.0,3,2,6,7,3,4,3,2,1,3,IMPROPER TURNING/NO SIGNAL,2,2,0.0,0.0,0.0,0.0,0.0,2.0,14,5,12,12/26/2024,2024-12-26,14:00:00
12/26/2024 04:34:00 PM,7.0,5,5,5,7,3,4,3,2,1,4,FAILING TO YIELD RIGHT-OF-WAY,2,2,0.0,0.0,0.0,0.0,0.0,3.0,16,5,12,12/26/2024,2024-12-26,16:34:00
12/26/2024 12:53:00 PM,5.0,3,2,5,5,3,3,3,3,1,4,IMPROPER LANE USAGE,2,2,0.0,0.0,0.0,0.0,0.0,3.0,12,5,12,12/26/2024,2024-12-26,12:53:00
12/27/2024 01:24:00 PM,5.0,3,2,6,5,3,4,1,3,1,3,UNDER THE INFLUENCE OF ALCOHOL/DRUGS (USE WHEN ARREST IS EFFECTED),2,2,0.0,0.0,0.0,0.0,0.0,2.0,13,6,12,12/27/2024,2024-12-27,13:24:00
12/27/2024 05:00:00 PM,5.0,5,5,3,5,3,4,1,2,1,4,UNABLE TO DETERMINE,2,2,0.0,0.0,0.0,0.0,0.0,2.0,17,6,12,12/27/2024,2024-12-27,17:00:00
12/27/2024 03:09:00 PM,7.0,5,2,5,2,3,4,3,3,0,4,FAILING TO YIELD RIGHT-OF-WAY,2,2,0.0,0.0,0.0,0.0,0.0,2.0,15,6,12,12/27/2024,2024-12-27,15:09:00
12/27/2024 12:30:00 PM,5.0,3,2,3,5,3,1,1,2,1,3,UNABLE TO DETERMINE,2,2,0.0,0.0,0.0,0.0,0.0,2.0,12,6,12,12/27/2024,2024-12-27,12:30:00
12/27/2024 09:55:00 PM,5.0,5,5,6,5,3,4,3,3,1,4,UNABLE TO DETERMINE,2,3,1.0,0.0,0.0,0.0,1.0,1.0,21,6,12,12/27/2024,2024-12-27,21:55:00
12/27/2024 12:00:00 PM,5.0,5,2,6,6,3,4,3,2,1,4,FAILING TO YIELD RIGHT-OF-WAY,2,2,0.0,0.0,0.0,0.0,0.0,3.0,12,6,12,12/27/2024,2024-12-27,12:00:00
12/27/2024 06:50:00 PM,5.0,3,2,4,4,3,1,1,2,1,3,FOLLOWING TOO CLOSELY,2,2,0.0,0.0,0.0,0.0,0.0,2.0,18,6,12,12/27/2024,2024-12-27,18:50:00
12/27/2024 02:30:00 PM,5.0,5,2,11,6,3,3,3,3,1,4,UNABLE TO DETERMINE,2,2,0.0,0.0,0.0,0.0,0.0,3.0,14,6,12,12/27/2024,2024-12-27,14:30:00
12/27/2024 04:50:00 PM,5.0,5,5,4,5,3,4,3,2,1,4,UNABLE TO DETERMINE,2,2,0.0,0.0,0.0,0.0,0.0,6.0,16,6,12,12/27/2024,2024-12-27,16:50:00
12/27/2024 08:00:00 AM,5.0,3,2,6,7,3,4,3,2,1,4,UNABLE TO DETERMINE,2,2,0.0,0.0,0.0,0.0,0.0,2.0,8,6,12,12/27/2024,2024-12-27,08:00:00
12/27/2024 02:45:00 PM,7.0,5,2,5,5,4,4,3,2,1,3,FAILING TO YIELD RIGHT-OF-WAY,2,2,0.0,0.0,0.0,0.0,0.0,2.0,14,6,12,12/27/2024,2024-12-27,14:45:00
12/28/2024 11:53:00 AM,5.0,3,5,6,5,3,3,3,2,1,4,FAILING TO YIELD RIGHT-OF-WAY,2,2,0.0,0.0,0.0,0.0,0.0,2.0,11,7,12,12/28/2024,2024-12-28,11:53:00
12/28/2024 06:30:00 PM,3.0,3,5,11,6,3,3,3,2,0,4,FOLLOWING TOO CLOSELY,2,2,0.0,0.0,0.0,0.0,0.0,2.0,18,7,12,12/28/2024,2024-12-28,18:30:00
12/28/2024 05:15:00 PM,5.0,3,5,6,5,3,3,3,2,1,3,IMPROPER TURNING/NO SIGNAL,2,2,0.0,0.0,0.0,0.0,0.0,5.0,17,7,12,12/28/2024,2024-12-28,17:15:00
12/28/2024 07:10:00 PM,3.0,3,5,14,4,3,3,3,2,1,2,FAILING TO YIELD RIGHT-OF-WAY,2,2,0.0,0.0,0.0,0.0,0.0,2.0,19,7,12,12/28/2024,2024-12-28,19:10:00
12/28/2024 04:00:00 PM,5.0,3,4,3,5,3,3,3,2,1,3,IMPROPER OVERTAKING/PASSING,2,2,0.0,0.0,0.0,0.0,0.0,2.0,16,7,12,12/28/2024,2024-12-28,16:00:00
12/28/2024 03:50:00 PM,7.0,3,2,6,3,3,1,1,2,1,3,UNABLE TO DETERMINE,2,2,0.0,0.0,0.0,0.0,0.0,4.0,15,7,12,12/28/2024,2024-12-28,15:50:00
12/28/2024 02:30:00 PM,5.0,3,2,4,5,3,3,3,2,1,2,FAILING TO REDUCE SPEED TO AVOID CRASH,2,2,0.0,0.0,0.0,0.0,0.0,3.0,14,7,12,12/28/2024,2024-12-28,14:30:00
12/28/2024 08:10:00 PM,5.0,3,5,4,4,3,4,3,3,1,4,FAILING TO YIELD RIGHT-OF-WAY,2,4,1.0,0.0,0.0,1.0,0.0,1.0,20,7,12,12/28/2024,2024-12-28,20:10:00
12/28/2024 11:38:00 AM,7.0,3,2,6,6,3,3,3,2,1,2,UNABLE TO DETERMINE,2,2,0.0,0.0,0.0,0.0,0.0,4.0,11,7,12,12/28/2024,2024-12-28,11:38:00
12/28/2024 06:05:00 PM,5.0,3,5,6,5,3,3,3,3,1,4,UNABLE TO DETERMINE,2,4,1.0,0.0,0.0,1.0,0.0,2.0,18,7,12,12/28/2024,2024-12-28,18:05:00
09/05/2024 08:55:00 PM,5.0,3,5,6,5,3,3,3,3,1,4,UNABLE TO DETERMINE,2,4,1.0,0.0,0.0,1.0,0.0,2.0,20,5,9,09/05/2024,2024-09-05,20:55:00
12/27/2024 11:45:00 AM,7.0,5,2,13,1,3,4,3,3,1,4,FAILING TO YIELD RIGHT-OF-WAY,2,4,1.0,0.0,0.0,1.0,0.0,2.0,11,6,12,12/27/2024,2024-12-27,11:45:00
12/29/2024 04:05:00 PM,5.0,5,5,8,6,3,4,1,2,1,4,IMPROPER BACKING,2,2,0.0,0.0,0.0,0.0,0.0,2.0,16,1,12,12/29/2024,2024-12-29,16:05:00
12/29/2024 01:30:00 AM,7.0,5,5,5,5,3,4,3,3,1,4,UNABLE TO DETERMINE,2,2,0.0,0.0,0.0,0.0,0.0,2.0,1,1,12,12/29/2024,2024-12-29,01:30:00
11/20/2024 09:00:00 AM,5.0,3,5,6,7,3,3,1,2,1,4,UNABLE TO DETERMINE,2,2,0.0,0.0,0.0,0.0,0.0,2.0,9,4,11,11/20/2024,2024-11-20,09:00:00
12/30/2024 11:30:00 AM,5.0,3,2,13,6,3,3,3,3,1,4,UNABLE TO DETERMINE,2,4,1.0,0.0,0.0,1.0,0.0,1.0,11,2,12,12/30/2024,2024-12-30,11:30:00
12/30/2024 12:50:00 PM,5.0,3,2,6,14,3,1,1,2,1,3,FAILING TO YIELD RIGHT-OF-WAY,2,2,0.0,0.0,0.0,0.0,0.0,2.0,12,2,12,12/30/2024,2024-12-30,12:50:00
12/30/2024 05:56:00 AM,5.0,3,5,5,3,3,4,1,3,1,3,UNABLE TO DETERMINE,2,2,0.0,0.0,0.0,0.0,0.0,2.0,5,2,12,12/30/2024,2024-12-30,05:56:00
12/30/2024 01:03:00 PM,5.0,3,2,5,4,3,3,3,3,1,4,DISREGARDING TRAFFIC SIGNALS,2,3,1.0,0.0,0.0,0.0,1.0,5.0,13,2,12,12/30/2024,2024-12-30,13:03:00
12/30/2024 06:49:00 AM,5.0,3,5,13,10,3,3,3,3,0,3,UNABLE TO DETERMINE,2,4,1.0,0.0,0.0,1.0,0.0,1.0,6,2,12,12/30/2024,2024-12-30,06:49:00
12/30/2024 12:45:00 PM,1.0,3,2,3,4,3,3,3,2,0,4,IMPROPER OVERTAKING/PASSING,2,2,0.0,0.0,0.0,0.0,0.0,2.0,12,2,12,12/30/2024,2024-12-30,12:45:00
12/30/2024 09:45:00 AM,5.0,3,2,13,1,3,3,1,3,1,2,FAILING TO YIELD RIGHT-OF-WAY,2,4,1.0,0.0,0.0,1.0,0.0,1.0,9,2,12,12/30/2024,2024-12-30,09:45:00
12/27/2024 08:00:00 PM,7.0,5,5,6,6,3,4,3,3,1,4,DISREGARDING STOP SIGN,2,2,0.0,0.0,0.0,0.0,0.0,2.0,20,6,12,12/27/2024,2024-12-27,20:00:00
12/31/2024 05:19:00 PM,5.0,5,5,5,4,3,4,3,3,1,4,FAILING TO REDUCE SPEED TO AVOID CRASH,2,2,0.0,0.0,0.0,0.0,0.0,3.0,17,3,12,12/31/2024,2024-12-31,17:19:00
12/31/2024 07:00:00 PM,5.0,3,5,11,4,3,4,3,3,1,4,UNABLE TO DETERMINE,2,2,0.0,0.0,0.0,0.0,0.0,1.0,19,3,12,12/31/2024,2024-12-31,19:00:00
12/31/2024 12:20:00 PM,7.0,5,2,11,6,3,4,3,3,1,4,UNABLE TO DETERMINE,2,2,0.0,0.0,0.0,0.0,0.0,1.0,12,3,12,12/31/2024,2024-12-31,12:20:00
12/31/2024 11:35:00 AM,5.0,5,2,4,5,3,4,3,2,1,4,IMPROPER LANE USAGE,2,2,0.0,0.0,0.0,0.0,0.0,2.0,11,3,12,12/31/2024,2024-12-31,11:35:00
12/31/2024 10:35:00 AM,3.0,5,2,6,6,3,4,3,3,1,4,FAILING TO YIELD RIGHT-OF-WAY,2,2,0.0,0.0,0.0,0.0,0.0,2.0,10,3,12,12/31/2024,2024-12-31,10:35:00
12/31/2024 11:39:00 AM,5.0,5,5,4,3,3,4,1,2,1,4,DISTRACTION - FROM OUTSIDE VEHICLE,2,2,0.0,0.0,0.0,0.0,0.0,2.0,11,3,12,12/31/2024,2024-12-31,11:39:00
12/31/2024 12:55:00 PM,5.0,5,2,13,6,3,4,3,3,1,4,FAILING TO YIELD RIGHT-OF-WAY,2,5,1.0,0.0,1.0,0.0,0.0,1.0,12,3,12,12/31/2024,2024-12-31,12:55:00
12/31/2024 08:03:00 PM,5.0,5,5,5,6,3,4,1,3,1,4,EQUIPMENT - VEHICLE CONDITION,2,2,0.0,0.0,0.0,0.0,0.0,2.0,20,3,12,12/31/2024,2024-12-31,20:03:00
12/31/2024 05:00:00 PM,7.0,5,6,6,6,3,4,3,2,1,4,NOT APPLICABLE,2,2,0.0,0.0,0.0,0.0,0.0,4.0,17,3,12,12/31/2024,2024-12-31,17:00:00
12/31/2024 05:50:00 AM,5.0,5,5,6,4,3,4,3,2,1,4,UNABLE TO DETERMINE,2,2,0.0,0.0,0.0,0.0,0.0,2.0,5,3,12,12/31/2024,2024-12-31,05:50:00
12/27/2024 08:15:00 PM,7.0,5,5,5,1,3,4,1,2,1,4,UNABLE TO DETERMINE,2,2,0.0,0.0,0.0,0.0,0.0,2.0,20,6,12,12/27/2024,2024-12-27,20:15:00